sample,best_train_mse
1,100000000.0
2,100000000.0
3,0.034408164629951915
4,0.005456318843997952
5,0.005456318843997952
6,0.005323846317824616
7,0.005323846317824616
8,0.005323846317824616
9,0.005323846317824616
10,0.005323846317824616
11,0.005323846317824616
12,0.005323846317824616
13,0.005323846317824616
14,0.005323846317824616
15,0.005323846317824616
16,0.005323846317824616
17,0.005323846317824616
18,0.005323846317824616
19,0.005323846317824616
20,0.005323846317824616
21,0.005323846317824616
22,0.005323846317824616
23,0.005323846317824616
24,0.005323846317824616
25,0.005323846317824616
26,0.005323846317824616
27,0.005323846317824616
28,0.005323846317824616
29,0.005323846317824616
30,0.005323846317824616
31,0.005323846317824616
32,0.005323846317824616
33,0.005323846317824616
34,0.005323846317824616
35,0.005323846317824616
36,0.005323846317824616
37,0.005323846317824616
38,0.005323846317824616
39,0.005323846317824616
40,0.005062721327710954
41,0.005062721327710954
42,0.005062721327710954
43,0.005062721327710954
44,0.005062721327710954
45,0.005062721327710954
46,0.005062721327710954
47,0.005062721327710954
48,0.005062084851550589
49,0.005062084851550589
50,0.005062084851550589
51,0.005062084851550589
52,0.005062084851550589
53,0.005062084851550589
54,0.005062084851550589
55,0.005062084851550589
56,0.005062084851550589
57,0.005062084851550589
58,0.005062084851550589
59,0.005062084851550589
60,0.005062084851550589
61,0.005062084851550589
62,0.005062084851550589
63,0.005062084851550589
64,0.005062084851550589
65,0.005062084851550589
66,0.005062084851550589
67,0.005062084851550589
68,0.005062084851550589
69,0.005062084851550589
70,0.005062084851550589
71,0.005062084851550589
72,0.005062084851550589
73,0.005062084851550589
74,0.005062084851550589
75,0.005062084851550589
76,0.005062084851550589
77,0.005062084851550589
78,0.005062010302951001
79,0.005062010302951001
80,0.005062010302951001
81,0.005062010302951001
82,0.005062010302951001
83,0.005062010302951001
84,0.005062010302951001
85,0.005062010302951001
86,0.005062010302951001
87,0.005062010302951001
88,0.005062010302951001
89,0.005062010302951001
90,0.005062010302951001
91,0.005062010302951001
92,0.005062010302951001
93,0.005062010302951001
94,0.005062010302951001
95,0.005062010302951001
96,0.005062010302951001
97,0.005062010302951001
98,0.005062010302951001
99,0.005062010302951001
100,0.005062010302951001
101,0.005062010302951001
102,0.005062010302951001
103,0.005062010302951001
104,0.005062010302951001
105,0.005062010302951001
106,0.005062010302951001
107,0.005062010302951001
108,0.005062010302951001
109,0.005062010302951001
110,0.005062010302951001
111,0.005062010302951001
112,0.005062010302951001
113,0.005062010302951001
114,0.0050620101737131155
115,0.0050620101737131155
116,0.0050620101737131155
117,0.0050620101737131155
118,0.0050620101737131155
119,0.0050620101737131155
120,0.0050620101737131155
121,0.0050620101737131155
122,0.0050620101737131155
123,0.0050620101737131155
124,0.0050620101737131155
125,0.0050620101737131155
126,0.0050620101737131155
127,0.0050620101737131155
128,0.0050620101737131155
129,0.0050620101737131155
130,0.0050620101737131155
131,0.0050620101737131155
132,0.0050620101737131155
133,0.0050620101737131155
134,0.0050620101737131155
135,0.0050620101737131155
136,0.0050620101737131155
137,0.0050620101737131155
138,0.0050620101737131155
139,0.0050620101737131155
140,0.0050620101737131155
141,0.0050620101737131155
142,0.0050620101737131155
143,0.0050620101737131155
144,0.0050620101737131155
145,0.0050620101737131155
146,0.0050620101737131155
147,0.0050620101737131155
148,0.0050620101737131155
149,0.0050620101737131155
150,0.0050620101737131155
151,0.0050620101737131155
152,0.0050620101737131155
153,0.0050620101737131155
154,0.0050620101737131155
155,0.0050620101737131155
156,0.0050620101737131155
157,0.0050620101737131155
158,0.0050620101737131155
159,0.0050620101737131155
160,0.0050620101737131155
161,0.0050620101737131155
162,0.0050620101737131155
163,0.0050620101737131155
164,0.0050620101737131155
165,0.0050620101737131155
166,0.0050620101737131155
167,0.0050620101737131155
168,0.0050620101737131155
169,0.0050620101737131155
170,0.0050620101737131155
171,0.0050620101737131155
172,0.0050620101737131155
173,0.0050620101737131155
174,0.0050620101737131155
175,0.0050620101737131155
176,0.0050620101737131155
177,0.0050620101737131155
178,0.0050620101737131155
179,0.0050620101737131155
180,0.004613818219584707
181,0.004613818219584707
182,0.004613818219584707
183,0.004613818219584707
184,0.004613818219584707
185,0.004613818219584707
186,0.004613818219584707
187,0.004613818219584707
188,0.004613818219584707
189,0.004613818219584707
190,0.004613818219584707
191,0.004613818219584707
192,0.004613818219584707
193,0.004613818219584707
194,0.004613818219584707
195,0.004613818219584707
196,0.004613818219584707
197,0.004613818219584707
198,0.004613818219584707
199,0.004613818219584707
200,0.004613818219584707
201,0.004613818219584707
202,0.004613818219584707
203,0.004613818219584707
204,0.004613818219584707
205,0.004613818219584707
206,0.004613818219584707
207,0.004613818219584707
208,0.004613818219584707
209,0.004613818219584707
210,0.004613818219584707
211,0.004613818219584707
212,0.004613818219584707
213,0.004613818219584707
214,0.004613818219584707
215,0.004613818219584707
216,0.004613818219584707
217,0.004613818219584707
218,0.004613818219584707
219,0.004613818219584707
220,0.004613818219584707
221,0.004613818219584707
222,0.004613818219584707
223,0.004613818219584707
224,0.004613818219584707
225,0.004613818219584707
226,0.004613818219584707
227,0.004613818219584707
228,0.004613818219584707
229,0.004613818219584707
230,0.004613818219584707
231,0.004613818219584707
232,0.004613818219584707
233,0.004613818219584707
234,0.004613818219584707
235,0.004613818219584707
236,0.004613818219584707
237,0.004299988059340968
238,0.004299988059340968
239,0.004299988059340968
240,0.004299988059340968
241,0.004299988059340968
242,0.004299988059340968
243,0.004299988059340968
244,0.004299988059340968
245,0.004299988059340968
246,0.004299988059340968
247,0.004299988059340968
248,0.004299988059340968
249,0.004299988059340968
250,0.004299988059340968
251,0.004299988059340968
252,0.004299988059340968
253,0.004299988059340968
254,0.004299988059340968
255,0.004299988059340968
256,0.004299988059340968
257,0.004299988059340968
258,0.003636533648777793
259,0.003636533648777793
260,0.003636533648777793
261,0.003636533648777793
262,0.003636533648777793
263,0.003636533648777793
264,0.003636533648777793
265,0.003636533648777793
266,0.003636533648777793
267,0.003636533648777793
268,0.003636533648777793
269,0.003636533648777793
270,0.003636533648777793
271,0.003636533648777793
272,0.003636533648777793
273,0.003636533648777793
274,0.003636533648777793
275,0.003636533648777793
276,0.003636533648777793
277,0.003636533648777793
278,0.003636533648777793
279,0.003636533648777793
280,0.003636533648777793
281,0.003636533648777793
282,0.003636533648777793
283,0.003636533648777793
284,0.003636533648777793
285,0.003636533648777793
286,0.003636533648777793
287,0.003636533648777793
288,0.003636533648777793
289,0.003636533648777793
290,0.003636533648777793
291,0.003636533648777793
292,0.003636533648777793
293,0.003636533648777793
294,0.003636533648777793
295,0.003636533648777793
296,0.003636533648777793
297,0.003636533648777793
298,0.003636533648777793
299,0.003636533648777793
300,0.003636533648777793
301,0.003636533648777793
302,0.003636533648777793
303,0.003636533648777793
304,0.003636533648777793
305,0.003636533648777793
306,0.003636533648777793
307,0.003636533648777793
308,0.003636533648777793
309,0.003636533648777793
310,0.003636533648777793
311,0.003636533648777793
312,0.003636533648777793
313,0.003636533648777793
314,0.003636533648777793
315,0.003636533648777793
316,0.003636533648777793
317,0.003636533648777793
318,0.003636533648777793
319,0.003636533648777793
320,0.003636533648777793
321,0.003636533648777793
322,0.003636533648777793
323,0.003636533648777793
324,0.003636533648777793
325,0.003636533648777793
326,0.003636533648777793
327,0.003636533648777793
328,0.003636533648777793
329,0.003636533648777793
330,0.003636533648777793
331,0.003636533648777793
332,0.003636533648777793
333,0.003636533648777793
334,0.003636533648777793
335,0.003636533648777793
336,0.003636533648777793
337,0.003636533648777793
338,0.003636533648777793
339,0.003636533648777793
340,0.003636533648777793
341,0.003636533648777793
342,0.003636533648777793
343,0.003636533648777793
344,0.003636533648777793
345,0.003636533648777793
346,0.003636533648777793
347,0.003636533648777793
348,0.003636533648777793
349,0.003636533648777793
350,0.003636533648777793
351,0.003636533648777793
352,0.003636533648777793
353,0.003636533648777793
354,0.003636533648777793
355,0.003636533648777793
356,0.003636533648777793
357,0.003636533648777793
358,0.003636533648777793
359,0.003636533648777793
360,0.003636533648777793
361,0.003636533648777793
362,0.003636533648777793
363,0.003636533648777793
364,0.003636533648777793
365,0.003636533648777793
366,0.003636533648777793
367,0.003636533648777793
368,0.003636533648777793
369,0.003636533648777793
370,0.003636533648777793
371,0.003636533648777793
372,0.003636533648777793
373,0.003636533648777793
374,0.003636533648777793
375,0.003636533648777793
376,0.003636533648777793
377,0.003636533648777793
378,0.003636533648777793
379,0.003636533648777793
380,0.003636533648777793
381,0.003636533648777793
382,0.003636533648777793
383,0.003636533648777793
384,0.003636533648777793
385,0.003636533648777793
386,0.003636533648777793
387,0.003636533648777793
388,0.003636533648777793
389,0.003636533648777793
390,0.003636533648777793
391,0.003636533648777793
392,0.003636533648777793
393,0.003636533648777793
394,0.003636533648777793
395,0.003636533648777793
396,0.003636533648777793
397,0.003636533648777793
398,0.003636533648777793
399,0.003636533648777793
400,0.003636533648777793
401,0.003636533648777793
402,0.003636533648777793
403,0.003636533648777793
404,0.003636533648777793
405,0.003636533648777793
406,0.003636533648777793
407,0.003636533648777793
408,0.003636533648777793
409,0.003636533648777793
410,0.003636533648777793
411,0.003636533648777793
412,0.003636533648777793
413,0.003636533648777793
414,0.003636533648777793
415,0.003636533648777793
416,0.003636533648777793
417,0.003636533648777793
418,0.003636533648777793
419,0.003636533648777793
420,0.003636533648777793
421,0.003636533648777793
422,0.003636533648777793
423,0.003636533648777793
424,0.003636533648777793
425,0.003636533648777793
426,0.003636533648777793
427,0.003636533648777793
428,0.003636533648777793
429,0.003636533648777793
430,0.003636533648777793
431,0.003636533648777793
432,0.003636533648777793
433,0.003636533648777793
434,0.003636533648777793
435,0.003636533648777793
436,0.003636533648777793
437,0.003636533648777793
438,0.003636533648777793
439,0.003636533648777793
440,0.003636533648777793
441,0.003636533648777793
442,0.003636533648777793
443,0.003636533648777793
444,0.003636533648777793
445,0.003636533648777793
446,0.003636533648777793
447,0.003636533648777793
448,0.003636533648777793
449,0.003636533648777793
450,0.003636533648777793
451,0.003636533648777793
452,0.003636533648777793
453,0.003636533648777793
454,0.003636533648777793
455,0.003636533648777793
456,0.003636533648777793
457,0.003636533648777793
458,0.003636533648777793
459,0.003636533648777793
460,0.003636533648777793
461,0.003636533648777793
462,0.003636533648777793
463,0.003636533648777793
464,0.003636533648777793
465,0.003636533648777793
466,0.003636533648777793
467,0.003636533648777793
468,0.003636533648777793
469,0.003636533648777793
470,0.003636533648777793
471,0.003636533648777793
472,0.003636533648777793
473,0.003636533648777793
474,0.003636533648777793
475,0.003636533648777793
476,0.003636533648777793
477,0.003636533648777793
478,0.003636533648777793
479,0.003636533648777793
480,0.003636533648777793
481,0.003636533648777793
482,0.003636533648777793
483,0.003636533648777793
484,0.003636533648777793
485,0.003636533648777793
486,0.003636533648777793
487,0.003636533648777793
488,0.003636533648777793
489,0.003636533648777793
490,0.003636533648777793
491,0.003636533648777793
492,0.003636533648777793
493,0.003636533648777793
494,0.003636533648777793
495,0.003636533648777793
496,0.003636533648777793
497,0.003636533648777793
498,0.003636533648777793
499,0.003636533648777793
500,0.003636533648777793
501,0.003636533648777793
502,0.003636533648777793
503,0.003636533648777793
504,0.003636533648777793
505,0.003636533648777793
506,0.003636533648777793
507,0.003636533648777793
508,0.003636533648777793
509,0.003636533648777793
510,0.003636533648777793
511,0.003636533648777793
512,0.003636533648777793
513,0.003636533648777793
514,0.003636533648777793
515,0.003636533648777793
516,0.003636533648777793
517,0.003636533648777793
518,0.003636533648777793
519,0.003636533648777793
520,0.003636533648777793
521,0.003636533648777793
522,0.003636533648777793
523,0.003636533648777793
524,0.003636533648777793
525,0.003636533648777793
526,0.003636533648777793
527,0.003636533648777793
528,0.003636533648777793
529,0.003636533648777793
530,0.003636533648777793
531,0.003636533648777793
532,0.003636533648777793
533,0.003636533648777793
534,0.003636533648777793
535,0.003636533648777793
536,0.003636533648777793
537,0.003636533648777793
538,0.003636533648777793
539,0.003636533648777793
540,0.003636533648777793
541,0.003636533648777793
542,0.003636533648777793
543,0.003636533648777793
544,0.003636533648777793
545,0.003636533648777793
546,0.003636533648777793
547,0.003636533648777793
548,0.003636533648777793
549,0.003636533648777793
550,0.003636533648777793
551,0.003636533648777793
552,0.003636533648777793
553,0.003636533648777793
554,0.003636533648777793
555,0.003636533648777793
556,0.003636533648777793
557,0.003636533648777793
558,0.003636533648777793
559,0.003636533648777793
560,0.003636533648777793
561,0.003636533648777793
562,0.003636533648777793
563,0.003636533648777793
564,0.003636533648777793
565,0.003636533648777793
566,0.003636533648777793
567,0.003636533648777793
568,0.003636533648777793
569,0.003636533648777793
570,0.003636533648777793
571,0.003636533648777793
572,0.003636533648777793
573,0.003636533648777793
574,0.003636533648777793
575,0.003636533648777793
576,0.003636533648777793
577,0.003636533648777793
578,0.003636533648777793
579,0.003636533648777793
580,0.003636533648777793
581,0.003636533648777793
582,0.003636533648777793
583,0.003636533648777793
584,0.003636533648777793
585,0.003636533648777793
586,0.003636533648777793
587,0.003636533648777793
588,0.003636533648777793
589,0.003636533648777793
590,0.003636533648777793
591,0.003636533648777793
592,0.003636533648777793
593,0.003636533648777793
594,0.003636533648777793
595,0.003636533648777793
596,0.003636533648777793
597,0.003636533648777793
598,0.003636533648777793
599,0.003636533648777793
600,0.003636533648777793
601,0.003636533648777793
602,0.003636533648777793
603,0.003636533648777793
604,0.003636533648777793
605,0.003636533648777793
606,0.003636533648777793
607,0.003636533648777793
608,0.003636533648777793
609,0.003636533648777793
610,0.003636533648777793
611,0.003636533648777793
612,0.003636533648777793
613,0.003636533648777793
614,0.003636533648777793
615,0.003636533648777793
616,0.003636533648777793
617,0.003636533648777793
618,0.003636533648777793
619,0.003636533648777793
620,0.003636533648777793
621,0.003636533648777793
622,0.003636533648777793
623,0.003636533648777793
624,0.003636533648777793
625,0.003636533648777793
626,0.003636533648777793
627,0.003636533648777793
628,0.003636533648777793
629,0.003636533648777793
630,0.003636533648777793
631,0.003636533648777793
632,0.003636533648777793
633,0.003636533648777793
634,0.003636533648777793
635,0.003636533648777793
636,0.003636533648777793
637,0.003636533648777793
638,0.003636533648777793
639,0.003636533648777793
640,0.003636533648777793
641,0.003636533648777793
642,0.003636533648777793
643,0.003636533648777793
644,0.003636533648777793
645,0.003636533648777793
646,0.003636533648777793
647,0.003636533648777793
648,0.003636533648777793
649,0.003636533648777793
650,0.003636533648777793
651,0.003636533648777793
652,0.003636533648777793
653,0.003636533648777793
654,0.003636533648777793
655,0.003636533648777793
656,0.003636533648777793
657,0.003636533648777793
658,0.003636533648777793
659,0.003636533648777793
660,0.003636533648777793
661,0.003636533648777793
662,0.003636533648777793
663,0.003636533648777793
664,0.003636533648777793
665,0.003636533648777793
666,0.003636533648777793
667,0.003636533648777793
668,0.003636533648777793
669,0.003636533648777793
670,0.003636533648777793
671,0.003636533648777793
672,0.003636533648777793
673,0.003636533648777793
674,0.003636533648777793
675,0.003636533648777793
676,0.003636533648777793
677,0.003636533648777793
678,0.003636533648777793
679,0.003636533648777793
680,0.003636533648777793
681,0.003636533648777793
682,0.003636533648777793
683,0.003636533648777793
684,0.003636533648777793
685,0.003636533648777793
686,0.003636533648777793
687,0.003636533648777793
688,0.003636533648777793
689,0.003636533648777793
690,0.003636533648777793
691,0.003636533648777793
692,0.003636533648777793
693,0.003636533648777793
694,0.003636533648777793
695,0.003636533648777793
696,0.003636533648777793
697,0.003636533648777793
698,0.003636533648777793
699,0.003636533648777793
700,0.003636533648777793
701,0.003636533648777793
702,0.003636533648777793
703,0.003636533648777793
704,0.003636533648777793
705,0.003636533648777793
706,0.003636533648777793
707,0.003636533648777793
708,0.003636533648777793
709,0.003636533648777793
710,0.003636533648777793
711,0.003636533648777793
712,0.003636533648777793
713,0.003636533648777793
714,0.003636533648777793
715,0.003636533648777793
716,0.003636533648777793
717,0.003636533648777793
718,0.003636533648777793
719,0.003636533648777793
720,0.003636533648777793
721,0.003636533648777793
722,0.003636533648777793
723,0.003636533648777793
724,0.003636533648777793
725,0.003636533648777793
726,0.003636533648777793
727,0.003636533648777793
728,0.003636533648777793
729,0.003636533648777793
730,0.003636533648777793
731,0.003636533648777793
732,0.003636533648777793
733,0.003636533648777793
734,0.003636533648777793
735,0.003636533648777793
736,0.003636533648777793
737,0.003636533648777793
738,0.003636533648777793
739,0.003636533648777793
740,0.003636533648777793
741,0.003636533648777793
742,0.003636533648777793
743,0.003636533648777793
744,0.003636533648777793
745,0.003636533648777793
746,0.003636533648777793
747,0.003636533648777793
748,0.003636533648777793
749,0.003636533648777793
750,0.003636533648777793
751,0.003636533648777793
752,0.003636533648777793
753,0.003636533648777793
754,0.003636533648777793
755,0.003636533648777793
756,0.003636533648777793
757,0.003636533648777793
758,0.003636533648777793
759,0.003636533648777793
760,0.003636533648777793
761,0.003636533648777793
762,0.003636533648777793
763,0.003636533648777793
764,0.003636533648777793
765,0.003636533648777793
766,0.003636533648777793
767,0.003636533648777793
768,0.003636533648777793
769,0.003636533648777793
770,0.003636533648777793
771,0.003636533648777793
772,0.003636533648777793
773,0.003636533648777793
774,0.003636533648777793
775,0.003636533648777793
776,0.003636533648777793
777,0.003636533648777793
778,0.003636533648777793
779,0.003636533648777793
780,0.003636533648777793
781,0.003636533648777793
782,0.003636533648777793
783,0.003636533648777793
784,0.003636533648777793
785,0.003636533648777793
786,0.003636533648777793
787,0.003636533648777793
788,0.003636533648777793
789,0.003636533648777793
790,0.003636533648777793
791,0.003636533648777793
792,0.003636533648777793
793,0.003636533648777793
794,0.003636533648777793
795,0.003636533648777793
796,0.003636533648777793
797,0.003636533648777793
798,0.003636533648777793
799,0.003636533648777793
800,0.003636533648777793
801,0.003636533648777793
802,0.003636533648777793
803,0.003636533648777793
804,0.003636533648777793
805,0.003636533648777793
806,0.003636533648777793
807,0.003636533648777793
808,0.003636533648777793
809,0.003636533648777793
810,0.003636533648777793
811,0.003636533648777793
812,0.003636533648777793
813,0.003636533648777793
814,0.003636533648777793
815,0.003636533648777793
816,0.003636533648777793
817,0.003636533648777793
818,0.003636533648777793
819,0.003636533648777793
820,0.003636533648777793
821,0.003636533648777793
822,0.003636533648777793
823,0.003636533648777793
824,0.003636533648777793
825,0.003636533648777793
826,0.003636533648777793
827,0.003636533648777793
828,0.003636533648777793
829,0.003636533648777793
830,0.003636533648777793
831,0.003636533648777793
832,0.003636533648777793
833,0.003636533648777793
834,0.003636533648777793
835,0.003636533648777793
836,0.003636533648777793
837,0.003636533648777793
838,0.003636533648777793
839,0.003636533648777793
840,0.003636533648777793
841,0.003636533648777793
842,0.003636533648777793
843,0.003636533648777793
844,0.003636533648777793
845,0.003636533648777793
846,0.003636533648777793
847,0.003636533648777793
848,0.003636533648777793
849,0.003636533648777793
850,0.003636533648777793
851,0.003636533648777793
852,0.003636533648777793
853,0.003636533648777793
854,0.003636533648777793
855,0.003636533648777793
856,0.003636533648777793
857,0.003636533648777793
858,0.003636533648777793
859,0.003636533648777793
860,0.003636533648777793
861,0.003636533648777793
862,0.003636533648777793
863,0.003636533648777793
864,0.003636533648777793
865,0.003636533648777793
866,0.003636533648777793
867,0.003636533648777793
868,0.003636533648777793
869,0.003636533648777793
870,0.003636533648777793
871,0.003636533648777793
872,0.003636533648777793
873,0.003636533648777793
874,0.003636533648777793
875,0.003636533648777793
876,0.003636533648777793
877,0.003636533648777793
878,0.003636533648777793
879,0.003636533648777793
880,0.003636533648777793
881,0.003636533648777793
882,0.003636533648777793
883,0.003636533648777793
884,0.003636533648777793
885,0.003636533648777793
886,0.003636533648777793
887,0.003636533648777793
888,0.003636533648777793
889,0.003636533648777793
890,0.003636533648777793
891,0.003636533648777793
892,0.003636533648777793
893,0.003636533648777793
894,0.003636533648777793
895,0.003636533648777793
896,0.003636533648777793
897,0.003636533648777793
898,0.003636533648777793
899,0.003636533648777793
900,0.003636533648777793
901,0.003636533648777793
902,0.003636533648777793
903,0.003636533648777793
904,0.003636533648777793
905,0.003636533648777793
906,0.003636533648777793
907,0.003636533648777793
908,0.003636533648777793
909,0.003636533648777793
910,0.003636533648777793
911,0.003636533648777793
912,0.003636533648777793
913,0.003636533648777793
914,0.003636533648777793
915,0.003636533648777793
916,0.003636533648777793
917,0.003636533648777793
918,0.003636533648777793
919,0.003636533648777793
920,0.003636533648777793
921,0.003636533648777793
922,0.003636533648777793
923,0.003636533648777793
924,0.003636533648777793
925,0.003636533648777793
926,0.003636533648777793
927,0.003636533648777793
928,0.003636533648777793
929,0.003636533648777793
930,0.003636533648777793
931,0.003636533648777793
932,0.003636533648777793
933,0.003636533648777793
934,0.003636533648777793
935,0.003636533648777793
936,0.003636533648777793
937,0.003636533648777793
938,0.003636533648777793
939,0.003636533648777793
940,0.003636533648777793
941,0.003636533648777793
942,0.003636533648777793
943,0.003636533648777793
944,0.003636533648777793
945,0.003636533648777793
946,0.003636533648777793
947,0.003636533648777793
948,0.003636533648777793
949,0.003636533648777793
950,0.003636533648777793
951,0.003636533648777793
952,0.003636533648777793
953,0.003636533648777793
954,0.003636533648777793
955,0.003636533648777793
956,0.003636533648777793
957,0.003636533648777793
958,0.003636533648777793
959,0.003636533648777793
960,0.003636533648777793
961,0.003636533648777793
962,0.003636533648777793
963,0.003636533648777793
964,0.003636533648777793
965,0.003636533648777793
966,0.003636533648777793
967,0.003636533648777793
968,0.003636533648777793
969,0.003636533648777793
970,0.003636533648777793
971,0.003636533648777793
972,0.003636533648777793
973,0.003636533648777793
974,0.003636533648777793
975,0.003636533648777793
976,0.003636533648777793
977,0.003636533648777793
978,0.003636533648777793
979,0.003636533648777793
980,0.003636533648777793
981,0.003636533648777793
982,0.003636533648777793
983,0.003636533648777793
984,0.003636533648777793
985,0.003636533648777793
986,0.003636533648777793
987,0.003636533648777793
988,0.003636533648777793
989,0.003636533648777793
990,0.003636533648777793
991,0.003636533648777793
992,0.003636533648777793
993,0.003636533648777793
994,0.003636533648777793
995,0.003636533648777793
996,0.003636533648777793
997,0.003636533648777793
998,0.003636533648777793
999,0.003636533648777793
1000,0.003636533648777793
1001,0.003636533648777793
1002,0.003636533648777793
1003,0.003636533648777793
1004,0.003636533648777793
1005,0.003636533648777793
1006,0.003636533648777793
1007,0.003636533648777793
1008,0.003636533648777793
1009,0.003636533648777793
1010,0.003636533648777793
1011,0.003636533648777793
1012,0.003636533648777793
1013,0.003636533648777793
1014,0.003636533648777793
1015,0.003636533648777793
1016,0.003636533648777793
1017,0.003636533648777793
1018,0.003636533648777793
1019,0.003636533648777793
1020,0.003636533648777793
1021,0.003636533648777793
1022,0.003636533648777793
1023,0.003636533648777793
1024,0.003636533648777793
1025,0.003636533648777793
1026,0.003636533648777793
1027,0.003636533648777793
1028,0.003636533648777793
1029,0.003636533648777793
1030,0.003636533648777793
1031,0.003636533648777793
1032,0.003636533648777793
1033,0.003636533648777793
1034,0.003636533648777793
1035,0.003636533648777793
1036,0.003636533648777793
1037,0.003636533648777793
1038,0.003636533648777793
1039,0.003636533648777793
1040,0.003636533648777793
1041,0.003636533648777793
1042,0.003636533648777793
1043,0.003636533648777793
1044,0.003636533648777793
1045,0.003636533648777793
1046,0.003636533648777793
1047,0.003636533648777793
1048,0.003636533648777793
1049,0.003636533648777793
1050,0.003636533648777793
1051,0.003636533648777793
1052,0.003636533648777793
1053,0.003636533648777793
1054,0.003636533648777793
1055,0.003636533648777793
1056,0.003636533648777793
1057,0.003636533648777793
1058,0.003636533648777793
1059,0.003636533648777793
1060,0.003636533648777793
1061,0.003636533648777793
1062,0.003636533648777793
1063,0.003636533648777793
1064,0.003636533648777793
1065,0.003636533648777793
1066,0.003636533648777793
1067,0.003636533648777793
1068,0.003636533648777793
1069,0.003636533648777793
1070,0.003636533648777793
1071,0.003636533648777793
1072,0.003636533648777793
1073,0.003636533648777793
1074,0.003636533648777793
1075,0.003636533648777793
1076,0.003636533648777793
1077,0.003636533648777793
1078,0.003636533648777793
1079,0.003636533648777793
1080,0.003636533648777793
1081,0.003636533648777793
1082,0.003636533648777793
1083,0.003636533648777793
1084,0.003636533648777793
1085,0.003636533648777793
1086,0.003636533648777793
1087,0.003636533648777793
1088,0.003636533648777793
1089,0.003636533648777793
1090,0.003636533648777793
1091,0.003636533648777793
1092,0.003636533648777793
1093,0.003636533648777793
1094,0.003636533648777793
1095,0.003636533648777793
1096,0.003636533648777793
1097,0.003636533648777793
1098,0.003636533648777793
1099,0.003636533648777793
1100,0.003636533648777793
1101,0.003636533648777793
1102,0.003636533648777793
1103,0.003636533648777793
1104,0.003636533648777793
1105,0.003636533648777793
1106,0.003636533648777793
1107,0.003636533648777793
1108,0.003636533648777793
1109,0.003636533648777793
1110,0.003636533648777793
1111,0.003636533648777793
1112,0.003636533648777793
1113,0.003636533648777793
1114,0.003636533648777793
1115,0.003636533648777793
1116,0.003636533648777793
1117,0.003636533648777793
1118,0.003636533648777793
1119,0.003636533648777793
1120,0.003636533648777793
1121,0.003636533648777793
1122,0.003636533648777793
1123,0.003636533648777793
1124,0.003636533648777793
1125,0.003636533648777793
1126,0.003636533648777793
1127,0.003636533648777793
1128,0.003636533648777793
1129,0.003636533648777793
1130,0.003636533648777793
1131,0.003636533648777793
1132,0.003636533648777793
1133,0.003636533648777793
1134,0.003636533648777793
1135,0.003636533648777793
1136,0.003636533648777793
1137,0.003636533648777793
1138,0.003636533648777793
1139,0.003636533648777793
1140,0.003636533648777793
1141,0.003636533648777793
1142,0.003636533648777793
1143,0.003636533648777793
1144,0.003636533648777793
1145,0.003636533648777793
1146,0.003636533648777793
1147,0.003636533648777793
1148,0.003636533648777793
1149,0.003636533648777793
1150,0.003636533648777793
1151,0.003636533648777793
1152,0.003636533648777793
1153,0.003636533648777793
1154,0.003636533648777793
1155,0.003636533648777793
1156,0.003636533648777793
1157,0.003636533648777793
1158,0.003636533648777793
1159,0.003636533648777793
1160,0.003636533648777793
1161,0.003636533648777793
1162,0.003636533648777793
1163,0.003636533648777793
1164,0.003636533648777793
1165,0.003636533648777793
1166,0.003636533648777793
1167,0.003636533648777793
1168,0.003636533648777793
1169,0.003636533648777793
1170,0.003636533648777793
1171,0.003636533648777793
1172,0.003636533648777793
1173,0.003636533648777793
1174,0.003636533648777793
1175,0.003636533648777793
1176,0.003636533648777793
1177,0.003636533648777793
1178,0.003636533648777793
1179,0.003636533648777793
1180,0.003636533648777793
1181,0.003636533648777793
1182,0.003636533648777793
1183,0.003636533648777793
1184,0.003636533648777793
1185,0.003636533648777793
1186,0.003636533648777793
1187,0.003636533648777793
1188,0.003636533648777793
1189,0.003636533648777793
1190,0.003636533648777793
1191,0.003636533648777793
1192,0.003636533648777793
1193,0.003636533648777793
1194,0.003636533648777793
1195,0.003636533648777793
1196,0.003636533648777793
1197,0.003636533648777793
1198,0.003636533648777793
1199,0.003636533648777793
1200,0.003636533648777793
1201,0.003636533648777793
1202,0.003636533648777793
1203,0.003636533648777793
1204,0.003636533648777793
1205,0.003636533648777793
1206,0.003636533648777793
1207,0.003636533648777793
1208,0.003636533648777793
1209,0.003636533648777793
1210,0.003636533648777793
1211,0.003636533648777793
1212,0.003636533648777793
1213,0.003636533648777793
1214,0.003636533648777793
1215,0.003636533648777793
1216,0.003636533648777793
1217,0.003636533648777793
1218,0.003636533648777793
1219,0.003636533648777793
1220,0.003636533648777793
1221,0.003636533648777793
1222,0.003636533648777793
1223,0.003636533648777793
1224,0.003636533648777793
1225,0.003636533648777793
1226,0.003636533648777793
1227,0.003636533648777793
1228,0.003636533648777793
1229,0.003636533648777793
1230,0.003636533648777793
1231,0.003636533648777793
1232,0.003636533648777793
1233,0.003636533648777793
1234,0.003636533648777793
1235,0.003636533648777793
1236,0.003636533648777793
1237,0.003636533648777793
1238,0.003636533648777793
1239,0.003636533648777793
1240,0.003636533648777793
1241,0.003636533648777793
1242,0.003636533648777793
1243,0.003636533648777793
1244,0.003636533648777793
1245,0.003636533648777793
1246,0.003636533648777793
1247,0.003636533648777793
1248,0.003636533648777793
1249,0.003636533648777793
1250,0.003636533648777793
1251,0.003636533648777793
1252,0.003636533648777793
1253,0.003636533648777793
1254,0.003636533648777793
1255,0.003636533648777793
1256,0.003636533648777793
1257,0.003636533648777793
1258,0.003636533648777793
1259,0.003636533648777793
1260,0.003636533648777793
1261,0.003636533648777793
1262,0.003636533648777793
1263,0.003636533648777793
1264,0.003636533648777793
1265,0.003636533648777793
1266,0.003636533648777793
1267,0.003636533648777793
1268,0.003636533648777793
1269,0.003636533648777793
1270,0.003636533648777793
1271,0.003636533648777793
1272,0.003636533648777793
1273,0.003636533648777793
1274,0.003636533648777793
1275,0.003636533648777793
1276,0.003636533648777793
1277,0.003636533648777793
1278,0.003636533648777793
1279,0.003636533648777793
1280,0.003636533648777793
1281,0.003636533648777793
1282,0.003636533648777793
1283,0.003636533648777793
1284,0.003636533648777793
1285,0.003636533648777793
1286,0.003636533648777793
1287,0.003636533648777793
1288,0.003636533648777793
1289,0.003636533648777793
1290,0.003636533648777793
1291,0.003636533648777793
1292,0.003636533648777793
1293,0.003636533648777793
1294,0.003636533648777793
1295,0.003636533648777793
1296,0.003636533648777793
1297,0.003636533648777793
1298,0.003636533648777793
1299,0.003636533648777793
1300,0.003636533648777793
1301,0.003636533648777793
1302,0.003636533648777793
1303,0.003636533648777793
1304,0.003636533648777793
1305,0.003636533648777793
1306,0.003636533648777793
1307,0.003636533648777793
1308,0.003636533648777793
1309,0.003636533648777793
1310,0.003636533648777793
1311,0.003636533648777793
1312,0.003636533648777793
1313,0.003636533648777793
1314,0.003636533648777793
1315,0.003636533648777793
1316,0.003636533648777793
1317,0.003636533648777793
1318,0.003636533648777793
1319,0.003636533648777793
1320,0.003636533648777793
1321,0.003636533648777793
1322,0.003636533648777793
1323,0.003636533648777793
1324,0.003636533648777793
1325,0.003636533648777793
1326,0.003636533648777793
1327,0.003636533648777793
1328,0.003636533648777793
1329,0.003636533648777793
1330,0.003636533648777793
1331,0.003636533648777793
1332,0.003636533648777793
1333,0.003636533648777793
1334,0.003636533648777793
1335,0.003636533648777793
1336,0.003636533648777793
1337,0.003636533648777793
1338,0.003636533648777793
1339,0.003636533648777793
1340,0.003636533648777793
1341,0.003636533648777793
1342,0.003636533648777793
1343,0.003636533648777793
1344,0.003636533648777793
1345,0.003636533648777793
1346,0.003636533648777793
1347,0.003636533648777793
1348,0.003636533648777793
1349,0.003636533648777793
1350,0.003636533648777793
1351,0.003636533648777793
1352,0.003636533648777793
1353,0.003636533648777793
1354,0.003636533648777793
1355,0.003636533648777793
1356,0.003636533648777793
1357,0.003636533648777793
1358,0.003636533648777793
1359,0.003636533648777793
1360,0.003636533648777793
1361,0.003636533648777793
1362,0.003636533648777793
1363,0.003636533648777793
1364,0.003636533648777793
1365,0.003636533648777793
1366,0.003636533648777793
1367,0.003636533648777793
1368,0.003636533648777793
1369,0.003636533648777793
1370,0.003636533648777793
1371,0.003636533648777793
1372,0.003636533648777793
1373,0.003636533648777793
1374,0.003636533648777793
1375,0.003636533648777793
1376,0.003636533648777793
1377,0.003636533648777793
1378,0.003636533648777793
1379,0.003636533648777793
1380,0.003636533648777793
1381,0.003636533648777793
1382,0.003636533648777793
1383,0.003636533648777793
1384,0.003636533648777793
1385,0.003636533648777793
1386,0.003636533648777793
1387,0.003636533648777793
1388,0.003636533648777793
1389,0.003636533648777793
1390,0.003636533648777793
1391,0.003636533648777793
1392,0.003636533648777793
1393,0.003636533648777793
1394,0.003636533648777793
1395,0.003636533648777793
1396,0.003636533648777793
1397,0.003636533648777793
1398,0.003636533648777793
1399,0.003636533648777793
1400,0.003636533648777793
1401,0.003636533648777793
1402,0.003636533648777793
1403,0.003636533648777793
1404,0.003636533648777793
1405,0.003636533648777793
1406,0.003636533648777793
1407,0.003636533648777793
1408,0.003636533648777793
1409,0.003636533648777793
1410,0.003636533648777793
1411,0.003636533648777793
1412,0.003636533648777793
1413,0.003636533648777793
1414,0.003636533648777793
1415,0.003636533648777793
1416,0.003636533648777793
1417,0.003636533648777793
1418,0.003636533648777793
1419,0.003636533648777793
1420,0.003636533648777793
1421,0.003636533648777793
1422,0.003636533648777793
1423,0.003636533648777793
1424,0.003636533648777793
1425,0.003636533648777793
1426,0.003636533648777793
1427,0.003636533648777793
1428,0.003636533648777793
1429,0.003636533648777793
1430,0.003636533648777793
1431,0.003636533648777793
1432,0.003636533648777793
1433,0.003636533648777793
1434,0.003636533648777793
1435,0.003636533648777793
1436,0.003636533648777793
1437,0.003636533648777793
1438,0.003636533648777793
1439,0.003636533648777793
1440,0.003636533648777793
1441,0.003636533648777793
1442,0.003636533648777793
1443,0.003636533648777793
1444,0.003636533648777793
1445,0.003636533648777793
1446,0.003636533648777793
1447,0.003636533648777793
1448,0.003636533648777793
1449,0.003636533648777793
1450,0.003636533648777793
1451,0.003636533648777793
1452,0.003636533648777793
1453,0.003636533648777793
1454,0.003636533648777793
1455,0.003636533648777793
1456,0.003636533648777793
1457,0.003636533648777793
1458,0.003636533648777793
1459,0.003636533648777793
1460,0.003636533648777793
1461,0.003636533648777793
1462,0.003636533648777793
1463,0.003636533648777793
1464,0.003636533648777793
1465,0.003636533648777793
1466,0.003636533648777793
1467,0.003636533648777793
1468,0.003636533648777793
1469,0.003636533648777793
1470,0.003636533648777793
1471,0.003636533648777793
1472,0.003636533648777793
1473,0.003636533648777793
1474,0.003636533648777793
1475,0.003636533648777793
1476,0.003636533648777793
1477,0.003636533648777793
1478,0.003636533648777793
1479,0.003636533648777793
1480,0.003636533648777793
1481,0.003636533648777793
1482,0.003636533648777793
1483,0.003636533648777793
1484,0.003636533648777793
1485,0.003636533648777793
1486,0.003636533648777793
1487,0.003636533648777793
1488,0.003636533648777793
1489,0.003636533648777793
1490,0.003636533648777793
1491,0.003636533648777793
1492,0.003636533648777793
1493,0.003636533648777793
1494,0.003636533648777793
1495,0.003636533648777793
1496,0.003636533648777793
1497,0.003636533648777793
1498,0.003636533648777793
1499,0.003636533648777793
1500,0.003636533648777793
1501,0.003636533648777793
1502,0.003636533648777793
1503,0.003636533648777793
1504,0.003636533648777793
1505,0.003636533648777793
1506,0.003636533648777793
1507,0.003636533648777793
1508,0.003636533648777793
1509,0.003636533648777793
1510,0.003636533648777793
1511,0.003636533648777793
1512,0.003636533648777793
1513,0.003636533648777793
1514,0.003636533648777793
1515,0.003636533648777793
1516,0.003636533648777793
1517,0.003636533648777793
1518,0.003636533648777793
1519,0.003636533648777793
1520,0.003636533648777793
1521,0.003636533648777793
1522,0.003636533648777793
1523,0.003636533648777793
1524,0.003636533648777793
1525,0.003636533648777793
1526,0.003636533648777793
1527,0.003636533648777793
1528,0.003636533648777793
1529,0.003636533648777793
1530,0.003636533648777793
1531,0.003636533648777793
1532,0.003636533648777793
1533,0.003636533648777793
1534,0.003636533648777793
1535,0.003636533648777793
1536,0.003636533648777793
1537,0.003636533648777793
1538,0.003636533648777793
1539,0.003636533648777793
1540,0.003636533648777793
1541,0.003636533648777793
1542,0.003636533648777793
1543,0.003636533648777793
1544,0.003636533648777793
1545,0.003636533648777793
1546,0.003636533648777793
1547,0.003636533648777793
1548,0.003636533648777793
1549,0.003636533648777793
1550,0.003636533648777793
1551,0.003636533648777793
1552,0.003636533648777793
1553,0.003636533648777793
1554,0.003636533648777793
1555,0.003636533648777793
1556,0.003636533648777793
1557,0.003636533648777793
1558,0.003636533648777793
1559,0.003636533648777793
1560,0.003636533648777793
1561,0.003636533648777793
1562,0.003636533648777793
1563,0.003636533648777793
1564,0.003636533648777793
1565,0.003636533648777793
1566,0.003636533648777793
1567,0.003636533648777793
1568,0.003636533648777793
1569,0.003636533648777793
1570,0.003636533648777793
1571,0.003636533648777793
1572,0.003636533648777793
1573,0.003636533648777793
1574,0.003636533648777793
1575,0.003636533648777793
1576,0.003636533648777793
1577,0.003636533648777793
1578,0.003636533648777793
1579,0.003636533648777793
1580,0.003636533648777793
1581,0.003636533648777793
1582,0.003636533648777793
1583,0.003636533648777793
1584,0.003636533648777793
1585,0.003636533648777793
1586,0.003636533648777793
1587,0.003636533648777793
1588,0.003636533648777793
1589,0.003636533648777793
1590,0.003636533648777793
1591,0.003636533648777793
1592,0.003636533648777793
1593,0.003636533648777793
1594,0.003636533648777793
1595,0.003636533648777793
1596,0.003636533648777793
1597,0.003636533648777793
1598,0.003636533648777793
1599,0.003636533648777793
1600,0.003636533648777793
1601,0.003636533648777793
1602,0.003636533648777793
1603,0.003636533648777793
1604,0.003636533648777793
1605,0.003636533648777793
1606,0.003636533648777793
1607,0.003636533648777793
1608,0.003636533648777793
1609,0.003636533648777793
1610,0.003636533648777793
1611,0.003636533648777793
1612,0.003636533648777793
1613,0.003636533648777793
1614,0.003636533648777793
1615,0.003636533648777793
1616,0.003636533648777793
1617,0.003636533648777793
1618,0.003636533648777793
1619,0.003636533648777793
1620,0.003636533648777793
1621,0.003636533648777793
1622,0.003636533648777793
1623,0.003636533648777793
1624,0.003636533648777793
1625,0.003636533648777793
1626,0.003636533648777793
1627,0.003636533648777793
1628,0.003636533648777793
1629,0.003636533648777793
1630,0.003636533648777793
1631,0.003636533648777793
1632,0.003636533648777793
1633,0.003636533648777793
1634,0.003636533648777793
1635,0.003636533648777793
1636,0.003636533648777793
1637,0.003636533648777793
1638,0.003636533648777793
1639,0.003636533648777793
1640,0.003636533648777793
1641,0.003636533648777793
1642,0.003636533648777793
1643,0.003636533648777793
1644,0.003636533648777793
1645,0.003636533648777793
1646,0.003636533648777793
1647,0.003636533648777793
1648,0.003636533648777793
1649,0.003636533648777793
1650,0.003636533648777793
1651,0.003636533648777793
1652,0.003636533648777793
1653,0.003636533648777793
1654,0.003636533648777793
1655,0.003636533648777793
1656,0.003636533648777793
1657,0.003636533648777793
1658,0.003636533648777793
1659,0.003636533648777793
1660,0.003636533648777793
1661,0.003636533648777793
1662,0.003636533648777793
1663,0.003636533648777793
1664,0.003636533648777793
1665,0.003636533648777793
1666,0.003636533648777793
1667,0.003636533648777793
1668,0.003636533648777793
1669,0.003636533648777793
1670,0.003636533648777793
1671,0.003636533648777793
1672,0.003636533648777793
1673,0.003636533648777793
1674,0.003636533648777793
1675,0.003636533648777793
1676,0.003636533648777793
1677,0.003636533648777793
1678,0.003636533648777793
1679,0.003636533648777793
1680,0.003636533648777793
1681,0.003636533648777793
1682,0.003636533648777793
1683,0.003636533648777793
1684,0.003636533648777793
1685,0.003636533648777793
1686,0.003636533648777793
1687,0.003636533648777793
1688,0.003636533648777793
1689,0.003636533648777793
1690,0.003636533648777793
1691,0.003636533648777793
1692,0.003636533648777793
1693,0.003636533648777793
1694,0.003636533648777793
1695,0.003636533648777793
1696,0.003636533648777793
1697,0.003636533648777793
1698,0.003636533648777793
1699,0.003636533648777793
1700,0.003636533648777793
1701,0.003636533648777793
1702,0.003636533648777793
1703,0.003636533648777793
1704,0.003636533648777793
1705,0.003636533648777793
1706,0.003636533648777793
1707,0.003636533648777793
1708,0.003636533648777793
1709,0.003636533648777793
1710,0.003636533648777793
1711,0.003636533648777793
1712,0.003636533648777793
1713,0.003636533648777793
1714,0.003636533648777793
1715,0.003636533648777793
1716,0.003636533648777793
1717,0.003636533648777793
1718,0.003636533648777793
1719,0.003636533648777793
1720,0.003636533648777793
1721,0.003636533648777793
1722,0.003636533648777793
1723,0.003636533648777793
1724,0.003636533648777793
1725,0.003636533648777793
1726,0.003636533648777793
1727,0.003636533648777793
1728,0.003636533648777793
1729,0.003636533648777793
1730,0.003636533648777793
1731,0.003636533648777793
1732,0.003636533648777793
1733,0.003636533648777793
1734,0.003636533648777793
1735,0.003636533648777793
1736,0.003636533648777793
1737,0.003636533648777793
1738,0.003636533648777793
1739,0.003636533648777793
1740,0.003636533648777793
1741,0.003636533648777793
1742,0.003636533648777793
1743,0.003636533648777793
1744,0.003636533648777793
1745,0.003636533648777793
1746,0.003636533648777793
1747,0.003636533648777793
1748,0.003636533648777793
1749,0.003636533648777793
1750,0.003636533648777793
1751,0.003636533648777793
1752,0.003636533648777793
1753,0.003636533648777793
1754,0.003636533648777793
1755,0.003636533648777793
1756,0.003636533648777793
1757,0.003636533648777793
1758,0.003636533648777793
1759,0.003636533648777793
1760,0.003636533648777793
1761,0.003636533648777793
1762,0.003636533648777793
1763,0.003636533648777793
1764,0.003636533648777793
1765,0.003636533648777793
1766,0.003636533648777793
1767,0.003636533648777793
1768,0.003636533648777793
1769,0.003636533648777793
1770,0.003636533648777793
1771,0.003636533648777793
1772,0.003636533648777793
1773,0.003636533648777793
1774,0.003636533648777793
1775,0.003636533648777793
1776,0.003636533648777793
1777,0.003636533648777793
1778,0.003636533648777793
1779,0.003636533648777793
1780,0.003636533648777793
1781,0.003636533648777793
1782,0.003636533648777793
1783,0.003636533648777793
1784,0.003636533648777793
1785,0.003636533648777793
1786,0.003636533648777793
1787,0.003636533648777793
1788,0.003636533648777793
1789,0.003636533648777793
1790,0.003636533648777793
1791,0.003636533648777793
1792,0.003636533648777793
1793,0.003636533648777793
1794,0.003636533648777793
1795,0.003636533648777793
1796,0.003636533648777793
1797,0.003636533648777793
1798,0.003636533648777793
1799,0.003636533648777793
1800,0.003636533648777793
1801,0.003636533648777793
1802,0.003636533648777793
1803,0.003636533648777793
1804,0.003636533648777793
1805,0.003636533648777793
1806,0.003636533648777793
1807,0.003636533648777793
1808,0.003636533648777793
1809,0.003636533648777793
1810,0.003636533648777793
1811,0.003636533648777793
1812,0.003636533648777793
1813,0.003636533648777793
1814,0.003636533648777793
1815,0.003636533648777793
1816,0.003636533648777793
1817,0.003636533648777793
1818,0.003636533648777793
1819,0.003636533648777793
1820,0.003636533648777793
1821,0.003636533648777793
1822,0.003636533648777793
1823,0.003636533648777793
1824,0.003636533648777793
1825,0.003636533648777793
1826,0.003636533648777793
1827,0.003636533648777793
1828,0.003636533648777793
1829,0.003636533648777793
1830,0.003636533648777793
1831,0.003636533648777793
1832,0.003636533648777793
1833,0.003636533648777793
1834,0.003636533648777793
1835,0.003636533648777793
1836,0.003636533648777793
1837,0.003636533648777793
1838,0.003636533648777793
1839,0.003636533648777793
1840,0.003636533648777793
1841,0.003636533648777793
1842,0.003636533648777793
1843,0.003636533648777793
1844,0.003636533648777793
1845,0.003636533648777793
1846,0.003636533648777793
1847,0.003636533648777793
1848,0.003636533648777793
1849,0.003636533648777793
1850,0.003636533648777793
1851,0.003636533648777793
1852,0.003636533648777793
1853,0.003636533648777793
1854,0.003636533648777793
1855,0.003636533648777793
1856,0.003636533648777793
1857,0.003636533648777793
1858,0.003636533648777793
1859,0.003636533648777793
1860,0.003636533648777793
1861,0.003636533648777793
1862,0.003636533648777793
1863,0.003636533648777793
1864,0.003636533648777793
1865,0.003636533648777793
1866,0.003636533648777793
1867,0.003636533648777793
1868,0.003636533648777793
1869,0.003636533648777793
1870,0.003636533648777793
1871,0.003636533648777793
1872,0.003636533648777793
1873,0.003636533648777793
1874,0.003636533648777793
1875,0.003636533648777793
1876,0.003636533648777793
1877,0.003636533648777793
1878,0.003636533648777793
1879,0.003636533648777793
1880,0.003636533648777793
1881,0.003636533648777793
1882,0.003636533648777793
1883,0.003636533648777793
1884,0.003636533648777793
1885,0.003636533648777793
1886,0.003636533648777793
1887,0.003636533648777793
1888,0.003636533648777793
1889,0.003636533648777793
1890,0.003636533648777793
1891,0.003636533648777793
1892,0.003636533648777793
1893,0.003636533648777793
1894,0.003636533648777793
1895,0.003636533648777793
1896,0.003636533648777793
1897,0.003636533648777793
1898,0.003636533648777793
1899,0.003636533648777793
1900,0.003636533648777793
1901,0.003636533648777793
1902,0.003636533648777793
1903,0.003636533648777793
1904,0.003636533648777793
1905,0.003636533648777793
1906,0.003636533648777793
1907,0.003636533648777793
1908,0.003636533648777793
1909,0.003636533648777793
1910,0.003636533648777793
1911,0.003636533648777793
1912,0.003636533648777793
1913,0.003636533648777793
1914,0.003636533648777793
1915,0.003636533648777793
1916,0.003636533648777793
1917,0.003636533648777793
1918,0.003636533648777793
1919,0.003636533648777793
1920,0.003636533648777793
1921,0.003636533648777793
1922,0.003636533648777793
1923,0.003636533648777793
1924,0.003636533648777793
1925,0.003636533648777793
1926,0.003636533648777793
1927,0.003636533648777793
1928,0.003636533648777793
1929,0.003636533648777793
1930,0.003636533648777793
1931,0.003636533648777793
1932,0.003636533648777793
1933,0.003636533648777793
1934,0.003636533648777793
1935,0.003636533648777793
1936,0.003636533648777793
1937,0.003636533648777793
1938,0.003636533648777793
1939,0.003636533648777793
1940,0.003636533648777793
1941,0.003636533648777793
1942,0.003636533648777793
1943,0.003636533648777793
1944,0.003636533648777793
1945,0.003636533648777793
1946,0.003636533648777793
1947,0.003636533648777793
1948,0.003636533648777793
1949,0.003636533648777793
1950,0.003636533648777793
1951,0.003636533648777793
1952,0.003636533648777793
1953,0.003636533648777793
1954,0.003636533648777793
1955,0.003636533648777793
1956,0.003636533648777793
1957,0.003636533648777793
1958,0.003636533648777793
1959,0.003636533648777793
1960,0.003636533648777793
1961,0.003636533648777793
1962,0.003636533648777793
1963,0.003636533648777793
1964,0.003636533648777793
1965,0.003636533648777793
1966,0.003636533648777793
1967,0.003636533648777793
1968,0.003636533648777793
1969,0.003636533648777793
1970,0.003636533648777793
1971,0.003636533648777793
1972,0.003636533648777793
1973,0.003636533648777793
1974,0.003636533648777793
1975,0.003636533648777793
1976,0.003636533648777793
1977,0.003636533648777793
1978,0.003636533648777793
1979,0.003636533648777793
1980,0.003636533648777793
1981,0.003636533648777793
1982,0.003636533648777793
1983,0.003636533648777793
1984,0.003636533648777793
1985,0.003636533648777793
1986,0.003636533648777793
1987,0.003636533648777793
1988,0.003636533648777793
1989,0.003636533648777793
1990,0.003636533648777793
1991,0.003636533648777793
1992,0.003636533648777793
1993,0.003636533648777793
1994,0.003636533648777793
1995,0.003636533648777793
1996,0.003636533648777793
1997,0.003636533648777793
1998,0.003636533648777793
1999,0.003636533648777793
2000,0.003636533648777793
2001,0.003636533648777793
2002,0.003636533648777793
2003,0.003636533648777793
2004,0.003636533648777793
2005,0.003636533648777793
2006,0.003636533648777793
2007,0.003636533648777793
2008,0.003636533648777793
2009,0.003636533648777793
2010,0.003636533648777793
2011,0.003636533648777793
2012,0.003636533648777793
2013,0.003636533648777793
2014,0.003636533648777793
2015,0.003636533648777793
2016,0.003636533648777793
2017,0.003636533648777793
2018,0.003636533648777793
2019,0.003636533648777793
2020,0.003636533648777793
2021,0.003636533648777793
2022,0.003636533648777793
2023,0.003636533648777793
2024,0.003636533648777793
2025,0.003636533648777793
2026,0.003636533648777793
2027,0.003636533648777793
2028,0.003636533648777793
2029,0.003636533648777793
2030,0.003636533648777793
2031,0.003636533648777793
2032,0.003636533648777793
2033,0.003636533648777793
2034,0.003636533648777793
2035,0.003636533648777793
2036,0.003636533648777793
2037,0.003636533648777793
2038,0.003636533648777793
2039,0.003636533648777793
2040,0.003636533648777793
2041,0.003636533648777793
2042,0.003636533648777793
2043,0.003636533648777793
2044,0.003636533648777793
2045,0.003636533648777793
2046,0.003636533648777793
2047,0.003636533648777793
2048,0.003636533648777793
2049,0.003636533648777793
2050,0.003636533648777793
2051,0.003636533648777793
2052,0.003636533648777793
2053,0.003636533648777793
2054,0.003636533648777793
2055,0.003636533648777793
2056,0.003636533648777793
2057,0.003636533648777793
2058,0.003636533648777793
2059,0.003636533648777793
2060,0.003636533648777793
2061,0.003636533648777793
2062,0.003636533648777793
2063,0.003636533648777793
2064,0.003636533648777793
2065,0.003636533648777793
2066,0.003636533648777793
2067,0.003636533648777793
2068,0.003636533648777793
2069,0.003636533648777793
2070,0.003636533648777793
2071,0.003636533648777793
2072,0.003636533648777793
2073,0.003636533648777793
2074,0.003636533648777793
2075,0.003636533648777793
2076,0.003636533648777793
2077,0.003636533648777793
2078,0.003636533648777793
2079,0.003636533648777793
2080,0.003636533648777793
2081,0.003636533648777793
2082,0.003636533648777793
2083,0.003636533648777793
2084,0.003636533648777793
2085,0.003636533648777793
2086,0.003636533648777793
2087,0.003636533648777793
2088,0.003636533648777793
2089,0.003636533648777793
2090,0.003636533648777793
2091,0.003636533648777793
2092,0.003636533648777793
2093,0.003636533648777793
2094,0.003636533648777793
2095,0.003636533648777793
2096,0.003636533648777793
2097,0.003636533648777793
2098,0.003636533648777793
2099,0.003636533648777793
2100,0.003636533648777793
2101,0.003636533648777793
2102,0.003636533648777793
2103,0.003636533648777793
2104,0.003636533648777793
2105,0.003636533648777793
2106,0.003636533648777793
2107,0.003636533648777793
2108,0.003636533648777793
2109,0.003636533648777793
2110,0.003636533648777793
2111,0.003636533648777793
2112,0.003636533648777793
2113,0.003636533648777793
2114,0.003636533648777793
2115,0.003636533648777793
2116,0.003636533648777793
2117,0.003636533648777793
2118,0.003636533648777793
2119,0.003636533648777793
2120,0.003636533648777793
2121,0.003636533648777793
2122,0.003636533648777793
2123,0.003636533648777793
2124,0.003636533648777793
2125,0.003636533648777793
2126,0.003636533648777793
2127,0.003636533648777793
2128,0.003636533648777793
2129,0.003636533648777793
2130,0.003636533648777793
2131,0.003636533648777793
2132,0.003636533648777793
2133,0.003636533648777793
2134,0.003636533648777793
2135,0.003636533648777793
2136,0.003636533648777793
2137,0.003636533648777793
2138,0.003636533648777793
2139,0.003636533648777793
2140,0.003636533648777793
2141,0.003636533648777793
2142,0.003636533648777793
2143,0.003636533648777793
2144,0.003636533648777793
2145,0.003636533648777793
2146,0.003636533648777793
2147,0.003636533648777793
2148,0.003636533648777793
2149,0.003636533648777793
2150,0.003636533648777793
2151,0.003636533648777793
2152,0.003636533648777793
2153,0.003636533648777793
2154,0.003636533648777793
2155,0.003636533648777793
2156,0.003636533648777793
2157,0.003636533648777793
2158,0.003636533648777793
2159,0.003636533648777793
2160,0.003636533648777793
2161,0.003636533648777793
2162,0.003636533648777793
2163,0.003636533648777793
2164,0.003636533648777793
2165,0.003636533648777793
2166,0.003636533648777793
2167,0.003636533648777793
2168,0.003636533648777793
2169,0.003636533648777793
2170,0.003636533648777793
2171,0.003636533648777793
2172,0.003636533648777793
2173,0.003636533648777793
2174,0.003636533648777793
2175,0.003636533648777793
2176,0.003636533648777793
2177,0.003636533648777793
2178,0.003636533648777793
2179,0.003636533648777793
2180,0.003636533648777793
2181,0.003636533648777793
2182,0.003636533648777793
2183,0.003636533648777793
2184,0.003636533648777793
2185,0.003636533648777793
2186,0.003636533648777793
2187,0.003636533648777793
2188,0.003636533648777793
2189,0.003636533648777793
2190,0.003636533648777793
2191,0.003636533648777793
2192,0.003636533648777793
2193,0.003636533648777793
2194,0.003636533648777793
2195,0.003636533648777793
2196,0.003636533648777793
2197,0.003636533648777793
2198,0.003636533648777793
2199,0.003636533648777793
2200,0.003636533648777793
2201,0.003636533648777793
2202,0.003636533648777793
2203,0.003636533648777793
2204,0.003636533648777793
2205,0.003636533648777793
2206,0.003636533648777793
2207,0.003636533648777793
2208,0.003636533648777793
2209,0.003636533648777793
2210,0.003636533648777793
2211,0.003636533648777793
2212,0.003636533648777793
2213,0.003636533648777793
2214,0.003636533648777793
2215,0.003636533648777793
2216,0.003636533648777793
2217,0.003636533648777793
2218,0.003636533648777793
2219,0.003636533648777793
2220,0.003636533648777793
2221,0.003636533648777793
2222,0.003636533648777793
2223,0.003636533648777793
2224,0.003636533648777793
2225,0.003636533648777793
2226,0.003636533648777793
2227,0.003636533648777793
2228,0.003636533648777793
2229,0.003636533648777793
2230,0.003636533648777793
2231,0.003636533648777793
2232,0.003636533648777793
2233,0.003636533648777793
2234,0.003636533648777793
2235,0.003636533648777793
2236,0.003636533648777793
2237,0.003636533648777793
2238,0.003636533648777793
2239,0.003636533648777793
2240,0.003636533648777793
2241,0.003636533648777793
2242,0.003636533648777793
2243,0.003636533648777793
2244,0.003636533648777793
2245,0.003636533648777793
2246,0.003636533648777793
2247,0.003636533648777793
2248,0.003636533648777793
2249,0.003636533648777793
2250,0.003636533648777793
2251,0.003636533648777793
2252,0.003636533648777793
2253,0.003636533648777793
2254,0.003636533648777793
2255,0.003636533648777793
2256,0.003636533648777793
2257,0.003636533648777793
2258,0.003636533648777793
2259,0.003636533648777793
2260,0.003636533648777793
2261,0.003636533648777793
2262,0.003636533648777793
2263,0.003636533648777793
2264,0.003636533648777793
2265,0.003636533648777793
2266,0.003636533648777793
2267,0.003636533648777793
2268,0.003636533648777793
2269,0.003636533648777793
2270,0.003636533648777793
2271,0.003636533648777793
2272,0.003636533648777793
2273,0.003636533648777793
2274,0.003636533648777793
2275,0.003636533648777793
2276,0.003636533648777793
2277,0.003636533648777793
2278,0.003636533648777793
2279,0.003636533648777793
2280,0.003636533648777793
2281,0.003636533648777793
2282,0.003636533648777793
2283,0.003636533648777793
2284,0.003636533648777793
2285,0.003636533648777793
2286,0.003636533648777793
2287,0.003636533648777793
2288,0.003636533648777793
2289,0.003636533648777793
2290,0.003636533648777793
2291,0.003636533648777793
2292,0.003636533648777793
2293,0.003636533648777793
2294,0.003636533648777793
2295,0.003636533648777793
2296,0.003636533648777793
2297,0.003636533648777793
2298,0.003636533648777793
2299,0.003636533648777793
2300,0.003636533648777793
2301,0.003636533648777793
2302,0.003636533648777793
2303,0.003636533648777793
2304,0.003636533648777793
2305,0.003636533648777793
2306,0.003636533648777793
2307,0.003636533648777793
2308,0.003636533648777793
2309,0.003636533648777793
2310,0.003636533648777793
2311,0.003636533648777793
2312,0.003636533648777793
2313,0.003636533648777793
2314,0.003636533648777793
2315,0.003636533648777793
2316,0.003636533648777793
2317,0.003636533648777793
2318,0.003636533648777793
2319,0.003636533648777793
2320,0.003636533648777793
2321,0.003636533648777793
2322,0.003636533648777793
2323,0.003636533648777793
2324,0.003636533648777793
2325,0.003636533648777793
2326,0.003636533648777793
2327,0.003636533648777793
2328,0.003636533648777793
2329,0.003636533648777793
2330,0.003636533648777793
2331,0.003636533648777793
2332,0.003636533648777793
2333,0.003636533648777793
2334,0.003636533648777793
2335,0.003636533648777793
2336,0.003636533648777793
2337,0.003636533648777793
2338,0.003636533648777793
2339,0.003636533648777793
2340,0.003636533648777793
2341,0.003636533648777793
2342,0.003636533648777793
2343,0.003636533648777793
2344,0.003636533648777793
2345,0.003636533648777793
2346,0.003636533648777793
2347,0.003636533648777793
2348,0.003636533648777793
2349,0.003636533648777793
2350,0.003636533648777793
2351,0.003636533648777793
2352,0.003636533648777793
2353,0.003636533648777793
2354,0.003636533648777793
2355,0.003636533648777793
2356,0.003636533648777793
2357,0.003636533648777793
2358,0.003636533648777793
2359,0.003636533648777793
2360,0.003636533648777793
2361,0.003636533648777793
2362,0.003636533648777793
2363,0.003636533648777793
2364,0.003636533648777793
2365,0.003636533648777793
2366,0.003636533648777793
2367,0.003636533648777793
2368,0.003636533648777793
2369,0.003636533648777793
2370,0.003636533648777793
2371,0.003636533648777793
2372,0.003636533648777793
2373,0.003636533648777793
2374,0.003636533648777793
2375,0.003636533648777793
2376,0.003636533648777793
2377,0.003636533648777793
2378,0.003636533648777793
2379,0.003636533648777793
2380,0.003636533648777793
2381,0.003636533648777793
2382,0.003636533648777793
2383,0.003636533648777793
2384,0.003636533648777793
2385,0.003636533648777793
2386,0.003636533648777793
2387,0.003636533648777793
2388,0.003636533648777793
2389,0.003636533648777793
2390,0.003636533648777793
2391,0.003636533648777793
2392,0.003636533648777793
2393,0.003636533648777793
2394,0.003636533648777793
2395,0.003636533648777793
2396,0.003636533648777793
2397,0.003636533648777793
2398,0.003636533648777793
2399,0.003636533648777793
2400,0.003636533648777793
2401,0.003636533648777793
2402,0.003636533648777793
2403,0.003636533648777793
2404,0.003636533648777793
2405,0.003636533648777793
2406,0.003636533648777793
2407,0.003636533648777793
2408,0.003636533648777793
2409,0.003636533648777793
2410,0.003636533648777793
2411,0.003636533648777793
2412,0.003636533648777793
2413,0.003636533648777793
2414,0.003636533648777793
2415,0.003636533648777793
2416,0.003636533648777793
2417,0.003636533648777793
2418,0.003636533648777793
2419,0.003636533648777793
2420,0.003636533648777793
2421,0.003636533648777793
2422,0.003636533648777793
2423,0.003636533648777793
2424,0.003636533648777793
2425,0.003636533648777793
2426,0.003636533648777793
2427,0.003636533648777793
2428,0.003636533648777793
2429,0.003636533648777793
2430,0.003636533648777793
2431,0.003636533648777793
2432,0.003636533648777793
2433,0.003636533648777793
2434,0.003636533648777793
2435,0.003636533648777793
2436,0.003636533648777793
2437,0.003636533648777793
2438,0.003636533648777793
2439,0.003636533648777793
2440,0.003636533648777793
2441,0.003636533648777793
2442,0.003636533648777793
2443,0.003636533648777793
2444,0.003636533648777793
2445,0.003636533648777793
2446,0.003636533648777793
2447,0.003636533648777793
2448,0.003636533648777793
2449,0.003636533648777793
2450,0.003636533648777793
2451,0.003636533648777793
2452,0.003636533648777793
2453,0.003636533648777793
2454,0.003636533648777793
2455,0.003636533648777793
2456,0.003636533648777793
2457,0.003636533648777793
2458,0.003636533648777793
2459,0.003636533648777793
2460,0.003636533648777793
2461,0.003636533648777793
2462,0.003636533648777793
2463,0.003636533648777793
2464,0.003636533648777793
2465,0.003636533648777793
2466,0.003636533648777793
2467,0.003636533648777793
2468,0.003636533648777793
2469,0.003636533648777793
2470,0.003636533648777793
2471,0.003636533648777793
2472,0.003636533648777793
2473,0.003636533648777793
2474,0.003636533648777793
2475,0.003636533648777793
2476,0.003636533648777793
2477,0.003636533648777793
2478,0.003636533648777793
2479,0.003636533648777793
2480,0.003636533648777793
2481,0.003636533648777793
2482,0.003636533648777793
2483,0.003636533648777793
2484,0.003636533648777793
2485,0.003636533648777793
2486,0.003636533648777793
2487,0.003636533648777793
2488,0.003636533648777793
2489,0.003636533648777793
2490,0.003636533648777793
2491,0.003636533648777793
2492,0.003636533648777793
2493,0.003636533648777793
2494,0.003636533648777793
2495,0.003636533648777793
2496,0.003636533648777793
2497,0.003636533648777793
2498,0.003636533648777793
2499,0.003636533648777793
2500,0.003636533648777793
2501,0.003636533648777793
2502,0.003636533648777793
2503,0.003636533648777793
2504,0.003636533648777793
2505,0.003636533648777793
2506,0.003636533648777793
2507,0.003636533648777793
2508,0.003636533648777793
2509,0.003636533648777793
2510,0.003636533648777793
2511,0.003636533648777793
2512,0.003636533648777793
2513,0.003636533648777793
2514,0.003636533648777793
2515,0.003636533648777793
2516,0.003636533648777793
2517,0.003636533648777793
2518,0.003636533648777793
2519,0.003636533648777793
2520,0.003636533648777793
2521,0.003636533648777793
2522,0.003636533648777793
2523,0.003636533648777793
2524,0.003636533648777793
2525,0.003636533648777793
2526,0.003636533648777793
2527,0.003636533648777793
2528,0.003636533648777793
2529,0.003636533648777793
2530,0.003636533648777793
2531,0.003636533648777793
2532,0.003636533648777793
2533,0.003636533648777793
2534,0.003636533648777793
2535,0.003636533648777793
2536,0.003636533648777793
2537,0.003636533648777793
2538,0.003636533648777793
2539,0.003636533648777793
2540,0.003636533648777793
2541,0.003636533648777793
2542,0.003636533648777793
2543,0.003636533648777793
2544,0.003636533648777793
2545,0.003636533648777793
2546,0.003636533648777793
2547,0.003636533648777793
2548,0.003636533648777793
2549,0.003636533648777793
2550,0.003636533648777793
2551,0.003636533648777793
2552,0.003636533648777793
2553,0.003636533648777793
2554,0.003636533648777793
2555,0.003636533648777793
2556,0.003636533648777793
2557,0.003636533648777793
2558,0.003636533648777793
2559,0.003636533648777793
2560,0.003636533648777793
2561,0.003636533648777793
2562,0.003636533648777793
2563,0.003636533648777793
2564,0.003636533648777793
2565,0.003636533648777793
2566,0.003636533648777793
2567,0.003636533648777793
2568,0.003636533648777793
2569,0.003636533648777793
2570,0.003636533648777793
2571,0.003636533648777793
2572,0.003636533648777793
2573,0.003636533648777793
2574,0.003636533648777793
2575,0.003636533648777793
2576,0.003636533648777793
2577,0.003636533648777793
2578,0.003636533648777793
2579,0.003636533648777793
2580,0.003636533648777793
2581,0.003636533648777793
2582,0.003636533648777793
2583,0.003636533648777793
2584,0.003636533648777793
2585,0.003636533648777793
2586,0.003636533648777793
2587,0.003636533648777793
2588,0.003636533648777793
2589,0.003636533648777793
2590,0.003636533648777793
2591,0.003636533648777793
2592,0.003636533648777793
2593,0.003636533648777793
2594,0.003636533648777793
2595,0.003636533648777793
2596,0.003636533648777793
2597,0.003636533648777793
2598,0.003636533648777793
2599,0.003636533648777793
2600,0.003636533648777793
2601,0.003636533648777793
2602,0.003636533648777793
2603,0.003636533648777793
2604,0.003636533648777793
2605,0.003636533648777793
2606,0.003636533648777793
2607,0.003636533648777793
2608,0.003636533648777793
2609,0.003636533648777793
2610,0.003636533648777793
2611,0.003636533648777793
2612,0.003636533648777793
2613,0.003636533648777793
2614,0.003636533648777793
2615,0.003636533648777793
2616,0.003636533648777793
2617,0.003636533648777793
2618,0.003636533648777793
2619,0.003636533648777793
2620,0.003636533648777793
2621,0.003636533648777793
2622,0.003636533648777793
2623,0.003636533648777793
2624,0.003636533648777793
2625,0.003636533648777793
2626,0.003636533648777793
2627,0.003636533648777793
2628,0.003636533648777793
2629,0.003636533648777793
2630,0.003636533648777793
2631,0.003636533648777793
2632,0.003636533648777793
2633,0.003636533648777793
2634,0.003636533648777793
2635,0.003636533648777793
2636,0.003636533648777793
2637,0.003636533648777793
2638,0.003636533648777793
2639,0.003636533648777793
2640,0.003636533648777793
2641,0.003636533648777793
2642,0.003636533648777793
2643,0.003636533648777793
2644,0.003636533648777793
2645,0.003636533648777793
2646,0.003636533648777793
2647,0.003636533648777793
2648,0.003636533648777793
2649,0.003636533648777793
2650,0.003636533648777793
2651,0.003636533648777793
2652,0.003636533648777793
2653,0.003636533648777793
2654,0.003636533648777793
2655,0.003636533648777793
2656,0.003636533648777793
2657,0.003636533648777793
2658,0.003636533648777793
2659,0.003636533648777793
2660,0.003636533648777793
2661,0.003636533648777793
2662,0.003636533648777793
2663,0.003636533648777793
2664,0.003636533648777793
2665,0.003636533648777793
2666,0.003636533648777793
2667,0.003636533648777793
2668,0.003636533648777793
2669,0.003636533648777793
2670,0.003636533648777793
2671,0.003636533648777793
2672,0.003636533648777793
2673,0.003636533648777793
2674,0.003636533648777793
2675,0.003636533648777793
2676,0.003636533648777793
2677,0.003636533648777793
2678,0.003636533648777793
2679,0.003636533648777793
2680,0.003636533648777793
2681,0.003636533648777793
2682,0.003636533648777793
2683,0.003636533648777793
2684,0.003636533648777793
2685,0.003636533648777793
2686,0.003636533648777793
2687,0.003636533648777793
2688,0.003636533648777793
2689,0.003636533648777793
2690,0.003636533648777793
2691,0.003636533648777793
2692,0.003636533648777793
2693,0.003636533648777793
2694,0.003636533648777793
2695,0.003636533648777793
2696,0.003636533648777793
2697,0.003636533648777793
2698,0.003636533648777793
2699,0.003636533648777793
2700,0.003636533648777793
2701,0.003636533648777793
2702,0.003636533648777793
2703,0.003636533648777793
2704,0.003636533648777793
2705,0.003636533648777793
2706,0.003636533648777793
2707,0.003636533648777793
2708,0.003636533648777793
2709,0.003636533648777793
2710,0.003636533648777793
2711,0.003636533648777793
2712,0.003636533648777793
2713,0.003636533648777793
2714,0.003636533648777793
2715,0.003636533648777793
2716,0.003636533648777793
2717,0.003636533648777793
2718,0.003636533648777793
2719,0.003636533648777793
2720,0.003636533648777793
2721,0.003636533648777793
2722,0.003636533648777793
2723,0.003636533648777793
2724,0.003636533648777793
2725,0.003636533648777793
2726,0.00328803830775118
2727,0.00328803830775118
2728,0.00328803830775118
2729,0.00328803830775118
2730,0.00328803830775118
2731,0.00328803830775118
2732,0.00328803830775118
2733,0.00328803830775118
2734,0.00328803830775118
2735,0.00328803830775118
2736,0.00328803830775118
2737,0.00328803830775118
2738,0.00328803830775118
2739,0.00328803830775118
2740,0.00328803830775118
2741,0.00328803830775118
2742,0.00328803830775118
2743,0.00328803830775118
2744,0.00328803830775118
2745,0.00328803830775118
2746,0.00328803830775118
2747,0.00328803830775118
2748,0.00328803830775118
2749,0.00328803830775118
2750,0.00328803830775118
2751,0.00328803830775118
2752,0.00328803830775118
2753,0.00328803830775118
2754,0.00328803830775118
2755,0.00328803830775118
2756,0.00328803830775118
2757,0.00328803830775118
2758,0.00328803830775118
2759,0.00328803830775118
2760,0.00328803830775118
2761,0.00328803830775118
2762,0.00328803830775118
2763,0.00328803830775118
2764,0.00328803830775118
2765,0.00328803830775118
2766,0.00328803830775118
2767,0.00328803830775118
2768,0.00328803830775118
2769,0.00328803830775118
2770,0.00328803830775118
2771,0.00328803830775118
2772,0.00328803830775118
2773,0.00328803830775118
2774,0.00328803830775118
2775,0.00328803830775118
2776,0.00328803830775118
2777,0.00328803830775118
2778,0.00328803830775118
2779,0.00328803830775118
2780,0.00328803830775118
2781,0.00328803830775118
2782,0.00328803830775118
2783,0.00328803830775118
2784,0.00328803830775118
2785,0.00328803830775118
2786,0.00328803830775118
2787,0.00328803830775118
2788,0.00328803830775118
2789,0.00328803830775118
2790,0.00328803830775118
2791,0.00328803830775118
2792,0.00328803830775118
2793,0.00328803830775118
2794,0.00328803830775118
2795,0.00328803830775118
2796,0.00328803830775118
2797,0.00328803830775118
2798,0.00328803830775118
2799,0.00328803830775118
2800,0.00328803830775118
2801,0.00328803830775118
2802,0.00328803830775118
2803,0.00328803830775118
2804,0.00328803830775118
2805,0.00328803830775118
2806,0.00328803830775118
2807,0.00328803830775118
2808,0.00328803830775118
2809,0.00328803830775118
2810,0.00328803830775118
2811,0.00328803830775118
2812,0.00328803830775118
2813,0.00328803830775118
2814,0.00328803830775118
2815,0.00328803830775118
2816,0.00328803830775118
2817,0.00328803830775118
2818,0.00328803830775118
2819,0.00328803830775118
2820,0.00328803830775118
2821,0.00328803830775118
2822,0.00328803830775118
2823,0.00328803830775118
2824,0.00328803830775118
2825,0.00328803830775118
2826,0.00328803830775118
2827,0.00328803830775118
2828,0.00328803830775118
2829,0.00328803830775118
2830,0.00328803830775118
2831,0.00328803830775118
2832,0.00328803830775118
2833,0.00328803830775118
2834,0.00328803830775118
2835,0.00328803830775118
2836,0.00328803830775118
2837,0.00328803830775118
2838,0.00328803830775118
2839,0.00328803830775118
2840,0.00328803830775118
2841,0.00328803830775118
2842,0.00328803830775118
2843,0.00328803830775118
2844,0.00328803830775118
2845,0.00328803830775118
2846,0.00328803830775118
2847,0.00328803830775118
2848,0.00328803830775118
2849,0.00328803830775118
2850,0.00328803830775118
2851,0.00328803830775118
2852,0.00328803830775118
2853,0.00328803830775118
2854,0.00328803830775118
2855,0.00328803830775118
2856,0.00328803830775118
2857,0.00328803830775118
2858,0.00328803830775118
2859,0.00328803830775118
2860,0.00328803830775118
2861,0.00328803830775118
2862,0.00328803830775118
2863,0.00328803830775118
2864,0.00328803830775118
2865,0.00328803830775118
2866,0.00328803830775118
2867,0.00328803830775118
2868,0.00328803830775118
2869,0.00328803830775118
2870,0.00328803830775118
2871,0.00328803830775118
2872,0.00328803830775118
2873,0.00328803830775118
2874,0.00328803830775118
2875,0.00328803830775118
2876,0.00328803830775118
2877,0.00328803830775118
2878,0.00328803830775118
2879,0.00328803830775118
2880,0.00328803830775118
2881,0.00328803830775118
2882,0.00328803830775118
2883,0.00328803830775118
2884,0.00328803830775118
2885,0.00328803830775118
2886,0.00328803830775118
2887,0.00328803830775118
2888,0.00328803830775118
2889,0.00328803830775118
2890,0.00328803830775118
2891,0.00328803830775118
2892,0.00328803830775118
2893,0.00328803830775118
2894,0.00328803830775118
2895,0.00328803830775118
2896,0.00328803830775118
2897,0.00328803830775118
2898,0.00328803830775118
2899,0.00328803830775118
2900,0.00328803830775118
2901,0.00328803830775118
2902,0.00328803830775118
2903,0.00328803830775118
2904,0.00328803830775118
2905,0.00328803830775118
2906,0.00328803830775118
2907,0.00328803830775118
2908,0.00328803830775118
2909,0.00328803830775118
2910,0.00328803830775118
2911,0.00328803830775118
2912,0.00328803830775118
2913,0.00328803830775118
2914,0.00328803830775118
2915,0.00328803830775118
2916,0.00328803830775118
2917,0.00328803830775118
2918,0.00328803830775118
2919,0.00328803830775118
2920,0.00328803830775118
2921,0.00328803830775118
2922,0.00328803830775118
2923,0.00328803830775118
2924,0.00328803830775118
2925,0.00328803830775118
2926,0.00328803830775118
2927,0.00328803830775118
2928,0.00328803830775118
2929,0.00328803830775118
2930,0.00328803830775118
2931,0.00328803830775118
2932,0.00328803830775118
2933,0.00328803830775118
2934,0.00328803830775118
2935,0.00328803830775118
2936,0.00328803830775118
2937,0.00328803830775118
2938,0.00328803830775118
2939,0.00328803830775118
2940,0.00328803830775118
2941,0.00328803830775118
2942,0.00328803830775118
2943,0.00328803830775118
2944,0.00328803830775118
2945,0.00328803830775118
2946,0.00328803830775118
2947,0.00328803830775118
2948,0.00328803830775118
2949,0.00328803830775118
2950,0.00328803830775118
2951,0.00328803830775118
2952,0.00328803830775118
2953,0.00328803830775118
2954,0.00328803830775118
2955,0.00328803830775118
2956,0.00328803830775118
2957,0.00328803830775118
2958,0.00328803830775118
2959,0.00328803830775118
2960,0.00328803830775118
2961,0.00328803830775118
2962,0.00328803830775118
2963,0.00328803830775118
2964,0.00328803830775118
2965,0.00328803830775118
2966,0.00328803830775118
2967,0.00328803830775118
2968,0.00328803830775118
2969,0.00328803830775118
2970,0.00328803830775118
2971,0.00328803830775118
2972,0.00328803830775118
2973,0.00328803830775118
2974,0.00328803830775118
2975,0.00328803830775118
2976,0.00328803830775118
2977,0.00328803830775118
2978,0.00328803830775118
2979,0.00328803830775118
2980,0.00328803830775118
2981,0.00328803830775118
2982,0.00328803830775118
2983,0.00328803830775118
2984,0.00328803830775118
2985,0.00328803830775118
2986,0.00328803830775118
2987,0.00328803830775118
2988,0.00328803830775118
2989,0.00328803830775118
2990,0.00328803830775118
2991,0.00328803830775118
2992,0.00328803830775118
2993,0.00328803830775118
2994,0.00328803830775118
2995,0.00328803830775118
2996,0.00328803830775118
2997,0.00328803830775118
2998,0.00328803830775118
2999,0.00328803830775118
3000,0.00328803830775118
3001,0.00328803830775118
3002,0.00328803830775118
3003,0.00328803830775118
3004,0.00328803830775118
3005,0.00328803830775118
3006,0.00328803830775118
3007,0.00328803830775118
3008,0.00328803830775118
3009,0.00328803830775118
3010,0.00328803830775118
3011,0.00328803830775118
3012,0.00328803830775118
3013,0.00328803830775118
3014,0.00328803830775118
3015,0.00328803830775118
3016,0.00328803830775118
3017,0.00328803830775118
3018,0.00328803830775118
3019,0.00328803830775118
3020,0.00328803830775118
3021,0.00328803830775118
3022,0.00328803830775118
3023,0.00328803830775118
3024,0.00328803830775118
3025,0.00328803830775118
3026,0.00328803830775118
3027,0.00328803830775118
3028,0.00328803830775118
3029,0.00328803830775118
3030,0.00328803830775118
3031,0.00328803830775118
3032,0.00328803830775118
3033,0.00328803830775118
3034,0.00328803830775118
3035,0.00328803830775118
3036,0.00328803830775118
3037,0.00328803830775118
3038,0.00328803830775118
3039,0.00328803830775118
3040,0.00328803830775118
3041,0.00328803830775118
3042,0.00328803830775118
3043,0.00328803830775118
3044,0.00328803830775118
3045,0.00328803830775118
3046,0.00328803830775118
3047,0.00328803830775118
3048,0.00328803830775118
3049,0.00328803830775118
3050,0.00328803830775118
3051,0.00328803830775118
3052,0.00328803830775118
3053,0.00328803830775118
3054,0.00328803830775118
3055,0.00328803830775118
3056,0.00328803830775118
3057,0.00328803830775118
3058,0.00328803830775118
3059,0.00328803830775118
3060,0.00328803830775118
3061,0.00328803830775118
3062,0.00328803830775118
3063,0.00328803830775118
3064,0.00328803830775118
3065,0.00328803830775118
3066,0.00328803830775118
3067,0.00328803830775118
3068,0.00328803830775118
3069,0.00328803830775118
3070,0.00328803830775118
3071,0.00328803830775118
3072,0.00328803830775118
3073,0.00328803830775118
3074,0.00328803830775118
3075,0.00328803830775118
3076,0.00328803830775118
3077,0.00328803830775118
3078,0.00328803830775118
3079,0.00328803830775118
3080,0.00328803830775118
3081,0.00328803830775118
3082,0.00328803830775118
3083,0.00328803830775118
3084,0.00328803830775118
3085,0.00328803830775118
3086,0.00328803830775118
3087,0.00328803830775118
3088,0.00328803830775118
3089,0.00328803830775118
3090,0.00328803830775118
3091,0.00328803830775118
3092,0.00328803830775118
3093,0.00328803830775118
3094,0.00328803830775118
3095,0.00328803830775118
3096,0.00328803830775118
3097,0.00328803830775118
3098,0.00328803830775118
3099,0.00328803830775118
3100,0.00328803830775118
3101,0.00328803830775118
3102,0.00328803830775118
3103,0.00328803830775118
3104,0.00328803830775118
3105,0.00328803830775118
3106,0.00328803830775118
3107,0.00328803830775118
3108,0.00328803830775118
3109,0.00328803830775118
3110,0.00328803830775118
3111,0.00328803830775118
3112,0.00328803830775118
3113,0.00328803830775118
3114,0.00328803830775118
3115,0.00328803830775118
3116,0.00328803830775118
3117,0.00328803830775118
3118,0.00328803830775118
3119,0.00328803830775118
3120,0.00328803830775118
3121,0.00328803830775118
3122,0.00328803830775118
3123,0.00328803830775118
3124,0.00328803830775118
3125,0.00328803830775118
3126,0.00328803830775118
3127,0.00328803830775118
3128,0.00328803830775118
3129,0.00328803830775118
3130,0.00328803830775118
3131,0.00328803830775118
3132,0.00328803830775118
3133,0.00328803830775118
3134,0.00328803830775118
3135,0.00328803830775118
3136,0.00328803830775118
3137,0.00328803830775118
3138,0.00328803830775118
3139,0.00328803830775118
3140,0.00328803830775118
3141,0.00328803830775118
3142,0.00328803830775118
3143,0.00328803830775118
3144,0.00328803830775118
3145,0.00328803830775118
3146,0.00328803830775118
3147,0.00328803830775118
3148,0.00328803830775118
3149,0.00328803830775118
3150,0.00328803830775118
3151,0.00328803830775118
3152,0.00328803830775118
3153,0.00328803830775118
3154,0.00328803830775118
3155,0.00328803830775118
3156,0.00328803830775118
3157,0.00328803830775118
3158,0.00328803830775118
3159,0.00328803830775118
3160,0.00328803830775118
3161,0.00328803830775118
3162,0.00328803830775118
3163,0.00328803830775118
3164,0.00328803830775118
3165,0.00328803830775118
3166,0.00328803830775118
3167,0.00328803830775118
3168,0.00328803830775118
3169,0.00328803830775118
3170,0.00328803830775118
3171,0.00328803830775118
3172,0.00328803830775118
3173,0.00328803830775118
3174,0.00328803830775118
3175,0.00328803830775118
3176,0.00328803830775118
3177,0.00328803830775118
3178,0.00328803830775118
3179,0.00328803830775118
3180,0.00328803830775118
3181,0.00328803830775118
3182,0.00328803830775118
3183,0.00328803830775118
3184,0.00328803830775118
3185,0.00328803830775118
3186,0.00328803830775118
3187,0.00328803830775118
3188,0.00328803830775118
3189,0.00328803830775118
3190,0.00328803830775118
3191,0.00328803830775118
3192,0.00328803830775118
3193,0.00328803830775118
3194,0.00328803830775118
3195,0.00328803830775118
3196,0.00328803830775118
3197,0.00328803830775118
3198,0.00328803830775118
3199,0.00328803830775118
3200,0.00328803830775118
3201,0.00328803830775118
3202,0.00328803830775118
3203,0.00328803830775118
3204,0.00328803830775118
3205,0.00328803830775118
3206,0.00328803830775118
3207,0.00328803830775118
3208,0.00328803830775118
3209,0.00328803830775118
3210,0.00328803830775118
3211,0.00328803830775118
3212,0.00328803830775118
3213,0.00328803830775118
3214,0.00328803830775118
3215,0.00328803830775118
3216,0.00328803830775118
3217,0.00328803830775118
3218,0.00328803830775118
3219,0.00328803830775118
3220,0.00328803830775118
3221,0.00328803830775118
3222,0.00328803830775118
3223,0.00328803830775118
3224,0.00328803830775118
3225,0.00328803830775118
3226,0.00328803830775118
3227,0.00328803830775118
3228,0.00328803830775118
3229,0.00328803830775118
3230,0.00328803830775118
3231,0.00328803830775118
3232,0.00328803830775118
3233,0.00328803830775118
3234,0.00328803830775118
3235,0.00328803830775118
3236,0.00328803830775118
3237,0.00328803830775118
3238,0.00328803830775118
3239,0.00328803830775118
3240,0.00328803830775118
3241,0.00328803830775118
3242,0.00328803830775118
3243,0.00328803830775118
3244,0.00328803830775118
3245,0.00328803830775118
3246,0.00328803830775118
3247,0.00328803830775118
3248,0.00328803830775118
3249,0.00328803830775118
3250,0.00328803830775118
3251,0.00328803830775118
3252,0.00328803830775118
3253,0.00328803830775118
3254,0.00328803830775118
3255,0.00328803830775118
3256,0.00328803830775118
3257,0.00328803830775118
3258,0.00328803830775118
3259,0.00328803830775118
3260,0.00328803830775118
3261,0.00328803830775118
3262,0.00328803830775118
3263,0.00328803830775118
3264,0.00328803830775118
3265,0.00328803830775118
3266,0.00328803830775118
3267,0.00328803830775118
3268,0.00328803830775118
3269,0.00328803830775118
3270,0.00328803830775118
3271,0.00328803830775118
3272,0.00328803830775118
3273,0.00328803830775118
3274,0.00328803830775118
3275,0.00328803830775118
3276,0.00328803830775118
3277,0.00328803830775118
3278,0.00328803830775118
3279,0.00328803830775118
3280,0.00328803830775118
3281,0.00328803830775118
3282,0.00328803830775118
3283,0.00328803830775118
3284,0.00328803830775118
3285,0.00328803830775118
3286,0.00328803830775118
3287,0.00328803830775118
3288,0.00328803830775118
3289,0.00328803830775118
3290,0.00328803830775118
3291,0.00328803830775118
3292,0.00328803830775118
3293,0.00328803830775118
3294,0.00328803830775118
3295,0.00328803830775118
3296,0.00328803830775118
3297,0.00328803830775118
3298,0.00328803830775118
3299,0.00328803830775118
3300,0.00328803830775118
3301,0.00328803830775118
3302,0.00328803830775118
3303,0.00328803830775118
3304,0.00328803830775118
3305,0.00328803830775118
3306,0.00328803830775118
3307,0.00328803830775118
3308,0.00328803830775118
3309,0.00328803830775118
3310,0.00328803830775118
3311,0.00328803830775118
3312,0.00328803830775118
3313,0.00328803830775118
3314,0.00328803830775118
3315,0.00328803830775118
3316,0.00328803830775118
3317,0.00328803830775118
3318,0.00328803830775118
3319,0.00328803830775118
3320,0.00328803830775118
3321,0.00328803830775118
3322,0.00328803830775118
3323,0.00328803830775118
3324,0.00328803830775118
3325,0.00328803830775118
3326,0.00328803830775118
3327,0.00328803830775118
3328,0.00328803830775118
3329,0.00328803830775118
3330,0.00328803830775118
3331,0.00328803830775118
3332,0.00328803830775118
3333,0.00328803830775118
3334,0.00328803830775118
3335,0.00328803830775118
3336,0.00328803830775118
3337,0.00328803830775118
3338,0.00328803830775118
3339,0.00328803830775118
3340,0.00328803830775118
3341,0.00328803830775118
3342,0.00328803830775118
3343,0.00328803830775118
3344,0.00328803830775118
3345,0.00328803830775118
3346,0.00328803830775118
3347,0.00328803830775118
3348,0.00328803830775118
3349,0.00328803830775118
3350,0.00328803830775118
3351,0.00328803830775118
3352,0.00328803830775118
3353,0.00328803830775118
3354,0.00328803830775118
3355,0.00328803830775118
3356,0.00328803830775118
3357,0.00328803830775118
3358,0.00328803830775118
3359,0.00328803830775118
3360,0.00328803830775118
3361,0.00328803830775118
3362,0.00328803830775118
3363,0.00328803830775118
3364,0.00328803830775118
3365,0.00328803830775118
3366,0.00328803830775118
3367,0.00328803830775118
3368,0.00328803830775118
3369,0.00328803830775118
3370,0.00328803830775118
3371,0.00328803830775118
3372,0.00328803830775118
3373,0.00328803830775118
3374,0.00328803830775118
3375,0.00328803830775118
3376,0.00328803830775118
3377,0.00328803830775118
3378,0.00328803830775118
3379,0.00328803830775118
3380,0.00328803830775118
3381,0.00328803830775118
3382,0.00328803830775118
3383,0.00328803830775118
3384,0.00328803830775118
3385,0.00328803830775118
3386,0.00328803830775118
3387,0.00328803830775118
3388,0.00328803830775118
3389,0.00328803830775118
3390,0.00328803830775118
3391,0.00328803830775118
3392,0.00328803830775118
3393,0.00328803830775118
3394,0.00328803830775118
3395,0.00328803830775118
3396,0.00328803830775118
3397,0.00328803830775118
3398,0.00328803830775118
3399,0.00328803830775118
3400,0.00328803830775118
3401,0.00328803830775118
3402,0.00328803830775118
3403,0.00328803830775118
3404,0.00328803830775118
3405,0.00328803830775118
3406,0.00328803830775118
3407,0.00328803830775118
3408,0.00328803830775118
3409,0.00328803830775118
3410,0.00328803830775118
3411,0.00328803830775118
3412,0.00328803830775118
3413,0.00328803830775118
3414,0.00328803830775118
3415,0.00328803830775118
3416,0.00328803830775118
3417,0.00328803830775118
3418,0.00328803830775118
3419,0.00328803830775118
3420,0.00328803830775118
3421,0.00328803830775118
3422,0.00328803830775118
3423,0.00328803830775118
3424,0.00328803830775118
3425,0.00328803830775118
3426,0.00328803830775118
3427,0.00328803830775118
3428,0.00328803830775118
3429,0.00328803830775118
3430,0.00328803830775118
3431,0.00328803830775118
3432,0.00328803830775118
3433,0.00328803830775118
3434,0.00328803830775118
3435,0.00328803830775118
3436,0.00328803830775118
3437,0.00328803830775118
3438,0.00328803830775118
3439,0.00328803830775118
3440,0.00328803830775118
3441,0.00328803830775118
3442,0.00328803830775118
3443,0.00328803830775118
3444,0.00328803830775118
3445,0.00328803830775118
3446,0.00328803830775118
3447,0.00328803830775118
3448,0.00328803830775118
3449,0.00328803830775118
3450,0.00328803830775118
3451,0.00328803830775118
3452,0.00328803830775118
3453,0.00328803830775118
3454,0.00328803830775118
3455,0.00328803830775118
3456,0.00328803830775118
3457,0.00328803830775118
3458,0.00328803830775118
3459,0.00328803830775118
3460,0.00328803830775118
3461,0.00328803830775118
3462,0.00328803830775118
3463,0.00328803830775118
3464,0.00328803830775118
3465,0.00328803830775118
3466,0.00328803830775118
3467,0.00328803830775118
3468,0.00328803830775118
3469,0.00328803830775118
3470,0.00328803830775118
3471,0.00328803830775118
3472,0.00328803830775118
3473,0.00328803830775118
3474,0.00328803830775118
3475,0.00328803830775118
3476,0.00328803830775118
3477,0.00328803830775118
3478,0.00328803830775118
3479,0.00328803830775118
3480,0.00328803830775118
3481,0.00328803830775118
3482,0.00328803830775118
3483,0.00328803830775118
3484,0.00328803830775118
3485,0.00328803830775118
3486,0.00328803830775118
3487,0.00328803830775118
3488,0.00328803830775118
3489,0.00328803830775118
3490,0.00328803830775118
3491,0.00328803830775118
3492,0.00328803830775118
3493,0.00328803830775118
3494,0.00328803830775118
3495,0.00328803830775118
3496,0.00328803830775118
3497,0.00328803830775118
3498,0.00328803830775118
3499,0.00328803830775118
3500,0.00328803830775118
3501,0.00328803830775118
3502,0.00328803830775118
3503,0.00328803830775118
3504,0.00328803830775118
3505,0.00328803830775118
3506,0.00328803830775118
3507,0.00328803830775118
3508,0.00328803830775118
3509,0.00328803830775118
3510,0.00328803830775118
3511,0.00328803830775118
3512,0.00328803830775118
3513,0.00328803830775118
3514,0.00328803830775118
3515,0.00328803830775118
3516,0.00328803830775118
3517,0.00328803830775118
3518,0.00328803830775118
3519,0.00328803830775118
3520,0.00328803830775118
3521,0.00328803830775118
3522,0.00328803830775118
3523,0.00328803830775118
3524,0.00328803830775118
3525,0.00328803830775118
3526,0.00328803830775118
3527,0.00328803830775118
3528,0.00328803830775118
3529,0.00328803830775118
3530,0.00328803830775118
3531,0.00328803830775118
3532,0.00328803830775118
3533,0.00328803830775118
3534,0.00328803830775118
3535,0.00328803830775118
3536,0.00328803830775118
3537,0.00328803830775118
3538,0.00328803830775118
3539,0.00328803830775118
3540,0.00328803830775118
3541,0.00328803830775118
3542,0.00328803830775118
3543,0.00328803830775118
3544,0.00328803830775118
3545,0.00328803830775118
3546,0.00328803830775118
3547,0.00328803830775118
3548,0.00328803830775118
3549,0.00328803830775118
3550,0.00328803830775118
3551,0.00328803830775118
3552,0.00328803830775118
3553,0.00328803830775118
3554,0.00328803830775118
3555,0.00328803830775118
3556,0.00328803830775118
3557,0.00328803830775118
3558,0.00328803830775118
3559,0.00328803830775118
3560,0.00328803830775118
3561,0.00328803830775118
3562,0.00328803830775118
3563,0.00328803830775118
3564,0.00328803830775118
3565,0.00328803830775118
3566,0.00328803830775118
3567,0.00328803830775118
3568,0.00328803830775118
3569,0.00328803830775118
3570,0.00328803830775118
3571,0.00328803830775118
3572,0.00328803830775118
3573,0.00328803830775118
3574,0.00328803830775118
3575,0.00328803830775118
3576,0.00328803830775118
3577,0.00328803830775118
3578,0.00328803830775118
3579,0.00328803830775118
3580,0.00328803830775118
3581,0.00328803830775118
3582,0.00328803830775118
3583,0.00328803830775118
3584,0.00328803830775118
3585,0.00328803830775118
3586,0.00328803830775118
3587,0.00328803830775118
3588,0.00328803830775118
3589,0.00328803830775118
3590,0.00328803830775118
3591,0.00328803830775118
3592,0.00328803830775118
3593,0.00328803830775118
3594,0.00328803830775118
3595,0.00328803830775118
3596,0.00328803830775118
3597,0.00328803830775118
3598,0.00328803830775118
3599,0.00328803830775118
3600,0.00328803830775118
3601,0.00328803830775118
3602,0.00328803830775118
3603,0.00328803830775118
3604,0.00328803830775118
3605,0.00328803830775118
3606,0.00328803830775118
3607,0.00328803830775118
3608,0.00328803830775118
3609,0.00328803830775118
3610,0.00328803830775118
3611,0.00328803830775118
3612,0.00328803830775118
3613,0.00328803830775118
3614,0.00328803830775118
3615,0.00328803830775118
3616,0.00328803830775118
3617,0.00328803830775118
3618,0.00328803830775118
3619,0.00328803830775118
3620,0.00328803830775118
3621,0.00328803830775118
3622,0.00328803830775118
3623,0.00328803830775118
3624,0.00328803830775118
3625,0.00328803830775118
3626,0.00328803830775118
3627,0.00328803830775118
3628,0.00328803830775118
3629,0.00328803830775118
3630,0.00328803830775118
3631,0.00328803830775118
3632,0.00328803830775118
3633,0.00328803830775118
3634,0.00328803830775118
3635,0.00328803830775118
3636,0.00328803830775118
3637,0.00328803830775118
3638,0.00328803830775118
3639,0.00328803830775118
3640,0.00328803830775118
3641,0.00328803830775118
3642,0.00328803830775118
3643,0.00328803830775118
3644,0.00328803830775118
3645,0.00328803830775118
3646,0.00328803830775118
3647,0.00328803830775118
3648,0.00328803830775118
3649,0.00328803830775118
3650,0.00328803830775118
3651,0.00328803830775118
3652,0.00328803830775118
3653,0.00328803830775118
3654,0.00328803830775118
3655,0.00328803830775118
3656,0.00328803830775118
3657,0.00328803830775118
3658,0.00328803830775118
3659,0.00328803830775118
3660,0.00328803830775118
3661,0.00328803830775118
3662,0.00328803830775118
3663,0.00328803830775118
3664,0.00328803830775118
3665,0.00328803830775118
3666,0.00328803830775118
3667,0.00328803830775118
3668,0.00328803830775118
3669,0.00328803830775118
3670,0.00328803830775118
3671,0.00328803830775118
3672,0.00328803830775118
3673,0.00328803830775118
3674,0.00328803830775118
3675,0.00328803830775118
3676,0.00328803830775118
3677,0.00328803830775118
3678,0.00328803830775118
3679,0.00328803830775118
3680,0.00328803830775118
3681,0.00328803830775118
3682,0.00328803830775118
3683,0.00328803830775118
3684,0.00328803830775118
3685,0.00328803830775118
3686,0.00328803830775118
3687,0.00328803830775118
3688,0.00328803830775118
3689,0.00328803830775118
3690,0.00328803830775118
3691,0.00328803830775118
3692,0.00328803830775118
3693,0.00328803830775118
3694,0.00328803830775118
3695,0.00328803830775118
3696,0.00328803830775118
3697,0.00328803830775118
3698,0.00328803830775118
3699,0.00328803830775118
3700,0.00328803830775118
3701,0.00328803830775118
3702,0.00328803830775118
3703,0.00328803830775118
3704,0.00328803830775118
3705,0.00328803830775118
3706,0.00328803830775118
3707,0.00328803830775118
3708,0.00328803830775118
3709,0.00328803830775118
3710,0.00328803830775118
3711,0.00328803830775118
3712,0.00328803830775118
3713,0.00328803830775118
3714,0.00328803830775118
3715,0.00328803830775118
3716,0.00328803830775118
3717,0.00328803830775118
3718,0.00328803830775118
3719,0.00328803830775118
3720,0.00328803830775118
3721,0.00328803830775118
3722,0.00328803830775118
3723,0.00328803830775118
3724,0.00328803830775118
3725,0.00328803830775118
3726,0.00328803830775118
3727,0.00328803830775118
3728,0.00328803830775118
3729,0.00328803830775118
3730,0.00328803830775118
3731,0.00328803830775118
3732,0.00328803830775118
3733,0.00328803830775118
3734,0.00328803830775118
3735,0.00328803830775118
3736,0.00328803830775118
3737,0.00328803830775118
3738,0.00328803830775118
3739,0.00328803830775118
3740,0.00328803830775118
3741,0.00328803830775118
3742,0.00328803830775118
3743,0.00328803830775118
3744,0.00328803830775118
3745,0.00328803830775118
3746,0.00328803830775118
3747,0.00328803830775118
3748,0.00328803830775118
3749,0.00328803830775118
3750,0.00328803830775118
3751,0.00328803830775118
3752,0.00328803830775118
3753,0.00328803830775118
3754,0.00328803830775118
3755,0.00328803830775118
3756,0.00328803830775118
3757,0.00328803830775118
3758,0.00328803830775118
3759,0.00328803830775118
3760,0.00328803830775118
3761,0.00328803830775118
3762,0.00328803830775118
3763,0.00328803830775118
3764,0.00328803830775118
3765,0.00328803830775118
3766,0.00328803830775118
3767,0.00328803830775118
3768,0.00328803830775118
3769,0.00328803830775118
3770,0.00328803830775118
3771,0.00328803830775118
3772,0.00328803830775118
3773,0.00328803830775118
3774,0.00328803830775118
3775,0.00328803830775118
3776,0.00328803830775118
3777,0.00328803830775118
3778,0.00328803830775118
3779,0.00328803830775118
3780,0.00328803830775118
3781,0.00328803830775118
3782,0.00328803830775118
3783,0.00328803830775118
3784,0.00328803830775118
3785,0.00328803830775118
3786,0.00328803830775118
3787,0.00328803830775118
3788,0.00328803830775118
3789,0.00328803830775118
3790,0.00328803830775118
3791,0.00328803830775118
3792,0.00328803830775118
3793,0.00328803830775118
3794,0.00328803830775118
3795,0.00328803830775118
3796,0.00328803830775118
3797,0.00328803830775118
3798,0.00328803830775118
3799,0.00328803830775118
3800,0.00328803830775118
3801,0.00328803830775118
3802,0.00328803830775118
3803,0.00328803830775118
3804,0.00328803830775118
3805,0.00328803830775118
3806,0.00328803830775118
3807,0.00328803830775118
3808,0.00328803830775118
3809,0.00328803830775118
3810,0.00328803830775118
3811,0.00328803830775118
3812,0.00328803830775118
3813,0.00328803830775118
3814,0.00328803830775118
3815,0.00328803830775118
3816,0.00328803830775118
3817,0.00328803830775118
3818,0.00328803830775118
3819,0.00328803830775118
3820,0.00328803830775118
3821,0.00328803830775118
3822,0.00328803830775118
3823,0.00328803830775118
3824,0.00328803830775118
3825,0.00328803830775118
3826,0.00328803830775118
3827,0.00328803830775118
3828,0.00328803830775118
3829,0.00328803830775118
3830,0.00328803830775118
3831,0.00328803830775118
3832,0.00328803830775118
3833,0.00328803830775118
3834,0.00328803830775118
3835,0.00328803830775118
3836,0.00328803830775118
3837,0.00328803830775118
3838,0.00328803830775118
3839,0.00328803830775118
3840,0.00328803830775118
3841,0.00328803830775118
3842,0.00328803830775118
3843,0.00328803830775118
3844,0.00328803830775118
3845,0.00328803830775118
3846,0.00328803830775118
3847,0.00328803830775118
3848,0.00328803830775118
3849,0.00328803830775118
3850,0.00328803830775118
3851,0.00328803830775118
3852,0.00328803830775118
3853,0.00328803830775118
3854,0.00328803830775118
3855,0.00328803830775118
3856,0.00328803830775118
3857,0.00328803830775118
3858,0.00328803830775118
3859,0.00328803830775118
3860,0.00328803830775118
3861,0.00328803830775118
3862,0.00328803830775118
3863,0.00328803830775118
3864,0.00328803830775118
3865,0.00328803830775118
3866,0.00328803830775118
3867,0.00328803830775118
3868,0.00328803830775118
3869,0.00328803830775118
3870,0.00328803830775118
3871,0.00328803830775118
3872,0.00328803830775118
3873,0.00328803830775118
3874,0.00328803830775118
3875,0.00328803830775118
3876,0.00328803830775118
3877,0.00328803830775118
3878,0.00328803830775118
3879,0.00328803830775118
3880,0.00328803830775118
3881,0.00328803830775118
3882,0.00328803830775118
3883,0.00328803830775118
3884,0.00328803830775118
3885,0.00328803830775118
3886,0.00328803830775118
3887,0.00328803830775118
3888,0.00328803830775118
3889,0.00328803830775118
3890,0.00328803830775118
3891,0.00328803830775118
3892,0.00328803830775118
3893,0.00328803830775118
3894,0.00328803830775118
3895,0.00328803830775118
3896,0.00328803830775118
3897,0.00328803830775118
3898,0.00328803830775118
3899,0.00328803830775118
3900,0.00328803830775118
3901,0.00328803830775118
3902,0.00328803830775118
3903,0.00328803830775118
3904,0.00328803830775118
3905,0.00328803830775118
3906,0.00328803830775118
3907,0.00328803830775118
3908,0.00328803830775118
3909,0.00328803830775118
3910,0.00328803830775118
3911,0.00328803830775118
3912,0.00328803830775118
3913,0.00328803830775118
3914,0.00328803830775118
3915,0.00328803830775118
3916,0.00328803830775118
3917,0.00328803830775118
3918,0.00328803830775118
3919,0.00328803830775118
3920,0.00328803830775118
3921,0.00328803830775118
3922,0.00328803830775118
3923,0.00328803830775118
3924,0.00328803830775118
3925,0.00328803830775118
3926,0.00328803830775118
3927,0.00328803830775118
3928,0.00328803830775118
3929,0.00328803830775118
3930,0.00328803830775118
3931,0.00328803830775118
3932,0.00328803830775118
3933,0.00328803830775118
3934,0.00328803830775118
3935,0.00328803830775118
3936,0.00328803830775118
3937,0.00328803830775118
3938,0.00328803830775118
3939,0.00328803830775118
3940,0.00328803830775118
3941,0.00328803830775118
3942,0.00328803830775118
3943,0.00328803830775118
3944,0.00328803830775118
3945,0.00328803830775118
3946,0.00328803830775118
3947,0.00328803830775118
3948,0.00328803830775118
3949,0.00328803830775118
3950,0.00328803830775118
3951,0.00328803830775118
3952,0.00328803830775118
3953,0.00328803830775118
3954,0.00328803830775118
3955,0.00328803830775118
3956,0.00328803830775118
3957,0.00328803830775118
3958,0.00328803830775118
3959,0.00328803830775118
3960,0.00328803830775118
3961,0.00328803830775118
3962,0.00328803830775118
3963,0.00328803830775118
3964,0.00328803830775118
3965,0.00328803830775118
3966,0.00328803830775118
3967,0.00328803830775118
3968,0.00328803830775118
3969,0.00328803830775118
3970,0.00328803830775118
3971,0.00328803830775118
3972,0.00328803830775118
3973,0.00328803830775118
3974,0.00328803830775118
3975,0.00328803830775118
3976,0.00328803830775118
3977,0.00328803830775118
3978,0.00328803830775118
3979,0.00328803830775118
3980,0.00328803830775118
3981,0.00328803830775118
3982,0.00328803830775118
3983,0.00328803830775118
3984,0.00328803830775118
3985,0.00328803830775118
3986,0.00328803830775118
3987,0.00328803830775118
3988,0.00328803830775118
3989,0.00328803830775118
3990,0.00328803830775118
3991,0.00328803830775118
3992,0.00328803830775118
3993,0.00328803830775118
3994,0.00328803830775118
3995,0.00328803830775118
3996,0.00328803830775118
3997,0.00328803830775118
3998,0.00328803830775118
3999,0.00328803830775118
4000,0.00328803830775118
4001,0.00328803830775118
4002,0.00328803830775118
4003,0.00328803830775118
4004,0.00328803830775118
4005,0.00328803830775118
4006,0.00328803830775118
4007,0.00328803830775118
4008,0.00328803830775118
4009,0.00328803830775118
4010,0.00328803830775118
4011,0.00328803830775118
4012,0.00328803830775118
4013,0.00328803830775118
4014,0.00328803830775118
4015,0.00328803830775118
4016,0.00328803830775118
4017,0.00328803830775118
4018,0.00328803830775118
4019,0.00328803830775118
4020,0.00328803830775118
4021,0.00328803830775118
4022,0.00328803830775118
4023,0.00328803830775118
4024,0.00328803830775118
4025,0.00328803830775118
4026,0.00328803830775118
4027,0.00328803830775118
4028,0.00328803830775118
4029,0.00328803830775118
4030,0.00328803830775118
4031,0.00328803830775118
4032,0.00328803830775118
4033,0.00328803830775118
4034,0.00328803830775118
4035,0.00328803830775118
4036,0.00328803830775118
4037,0.00328803830775118
4038,0.00328803830775118
4039,0.00328803830775118
4040,0.00328803830775118
4041,0.00328803830775118
4042,0.00328803830775118
4043,0.00328803830775118
4044,0.00328803830775118
4045,0.00328803830775118
4046,0.00328803830775118
4047,0.00328803830775118
4048,0.00328803830775118
4049,0.00328803830775118
4050,0.00328803830775118
4051,0.00328803830775118
4052,0.00328803830775118
4053,0.00328803830775118
4054,0.00328803830775118
4055,0.00328803830775118
4056,0.00328803830775118
4057,0.00328803830775118
4058,0.00328803830775118
4059,0.00328803830775118
4060,0.00328803830775118
4061,0.00328803830775118
4062,0.00328803830775118
4063,0.00328803830775118
4064,0.00328803830775118
4065,0.00328803830775118
4066,0.00328803830775118
4067,0.00328803830775118
4068,0.00328803830775118
4069,0.00328803830775118
4070,0.00328803830775118
4071,0.00328803830775118
4072,0.00328803830775118
4073,0.00328803830775118
4074,0.00328803830775118
4075,0.00328803830775118
4076,0.00328803830775118
4077,0.00328803830775118
4078,0.00328803830775118
4079,0.00328803830775118
4080,0.00328803830775118
4081,0.00328803830775118
4082,0.00328803830775118
4083,0.00328803830775118
4084,0.00328803830775118
4085,0.00328803830775118
4086,0.00328803830775118
4087,0.00328803830775118
4088,0.00328803830775118
4089,0.00328803830775118
4090,0.00328803830775118
4091,0.00328803830775118
4092,0.00328803830775118
4093,0.00328803830775118
4094,0.00328803830775118
4095,0.00328803830775118
4096,0.00328803830775118
4097,0.00328803830775118
4098,0.00328803830775118
4099,0.00328803830775118
4100,0.00328803830775118
4101,0.00328803830775118
4102,0.00328803830775118
4103,0.00328803830775118
4104,0.00328803830775118
4105,0.00328803830775118
4106,0.00328803830775118
4107,0.00328803830775118
4108,0.00328803830775118
4109,0.00328803830775118
4110,0.00328803830775118
4111,0.00328803830775118
4112,0.00328803830775118
4113,0.00328803830775118
4114,0.00328803830775118
4115,0.00328803830775118
4116,0.00328803830775118
4117,0.00328803830775118
4118,0.00328803830775118
4119,0.00328803830775118
4120,0.00328803830775118
4121,0.00328803830775118
4122,0.00328803830775118
4123,0.00328803830775118
4124,0.00328803830775118
4125,0.00328803830775118
4126,0.00328803830775118
4127,0.00328803830775118
4128,0.00328803830775118
4129,0.00328803830775118
4130,0.00328803830775118
4131,0.00328803830775118
4132,0.00328803830775118
4133,0.00328803830775118
4134,0.00328803830775118
4135,0.00328803830775118
4136,0.00328803830775118
4137,0.00328803830775118
4138,0.00328803830775118
4139,0.00328803830775118
4140,0.00328803830775118
4141,0.00328803830775118
4142,0.00328803830775118
4143,0.00328803830775118
4144,0.00328803830775118
4145,0.00328803830775118
4146,0.00328803830775118
4147,0.00328803830775118
4148,0.00328803830775118
4149,0.00328803830775118
4150,0.00328803830775118
4151,0.00328803830775118
4152,0.00328803830775118
4153,0.00328803830775118
4154,0.00328803830775118
4155,0.00328803830775118
4156,0.00328803830775118
4157,0.00328803830775118
4158,0.00328803830775118
4159,0.00328803830775118
4160,0.00328803830775118
4161,0.00328803830775118
4162,0.00328803830775118
4163,0.00328803830775118
4164,0.00328803830775118
4165,0.00328803830775118
4166,0.00328803830775118
4167,0.00328803830775118
4168,0.00328803830775118
4169,0.00328803830775118
4170,0.00328803830775118
4171,0.00328803830775118
4172,0.00328803830775118
4173,0.00328803830775118
4174,0.00328803830775118
4175,0.00328803830775118
4176,0.00328803830775118
4177,0.00328803830775118
4178,0.00328803830775118
4179,0.00328803830775118
4180,0.00328803830775118
4181,0.00328803830775118
4182,0.00328803830775118
4183,0.00328803830775118
4184,0.00328803830775118
4185,0.00328803830775118
4186,0.00328803830775118
4187,0.00328803830775118
4188,0.00328803830775118
4189,0.00328803830775118
4190,0.00328803830775118
4191,0.00328803830775118
4192,0.00328803830775118
4193,0.00328803830775118
4194,0.00328803830775118
4195,0.00328803830775118
4196,0.00328803830775118
4197,0.00328803830775118
4198,0.00328803830775118
4199,0.00328803830775118
4200,0.00328803830775118
4201,0.00328803830775118
4202,0.00328803830775118
4203,0.00328803830775118
4204,0.00328803830775118
4205,0.00328803830775118
4206,0.00328803830775118
4207,0.00328803830775118
4208,0.00328803830775118
4209,0.00328803830775118
4210,0.00328803830775118
4211,0.00328803830775118
4212,0.00328803830775118
4213,0.00328803830775118
4214,0.00328803830775118
4215,0.00328803830775118
4216,0.00328803830775118
4217,0.00328803830775118
4218,0.00328803830775118
4219,0.00328803830775118
4220,0.00328803830775118
4221,0.00328803830775118
4222,0.00328803830775118
4223,0.00328803830775118
4224,0.00328803830775118
4225,0.00328803830775118
4226,0.00328803830775118
4227,0.00328803830775118
4228,0.00328803830775118
4229,0.00328803830775118
4230,0.00328803830775118
4231,0.00328803830775118
4232,0.00328803830775118
4233,0.00328803830775118
4234,0.00328803830775118
4235,0.00328803830775118
4236,0.00328803830775118
4237,0.00328803830775118
4238,0.00328803830775118
4239,0.00328803830775118
4240,0.00328803830775118
4241,0.00328803830775118
4242,0.00328803830775118
4243,0.00328803830775118
4244,0.00328803830775118
4245,0.00328803830775118
4246,0.00328803830775118
4247,0.00328803830775118
4248,0.00328803830775118
4249,0.00328803830775118
4250,0.00328803830775118
4251,0.00328803830775118
4252,0.00328803830775118
4253,0.00328803830775118
4254,0.00328803830775118
4255,0.00328803830775118
4256,0.00328803830775118
4257,0.00328803830775118
4258,0.00328803830775118
4259,0.00328803830775118
4260,0.00328803830775118
4261,0.00328803830775118
4262,0.00328803830775118
4263,0.00328803830775118
4264,0.00328803830775118
4265,0.00328803830775118
4266,0.00328803830775118
4267,0.00328803830775118
4268,0.00328803830775118
4269,0.00328803830775118
4270,0.00328803830775118
4271,0.00328803830775118
4272,0.00328803830775118
4273,0.00328803830775118
4274,0.00328803830775118
4275,0.00328803830775118
4276,0.00328803830775118
4277,0.00328803830775118
4278,0.00328803830775118
4279,0.00328803830775118
4280,0.00328803830775118
4281,0.00328803830775118
4282,0.00328803830775118
4283,0.00328803830775118
4284,0.00328803830775118
4285,0.00328803830775118
4286,0.00328803830775118
4287,0.00328803830775118
4288,0.00328803830775118
4289,0.00328803830775118
4290,0.00328803830775118
4291,0.00328803830775118
4292,0.00328803830775118
4293,0.00328803830775118
4294,0.00328803830775118
4295,0.00328803830775118
4296,0.00328803830775118
4297,0.00328803830775118
4298,0.00328803830775118
4299,0.00328803830775118
4300,0.00328803830775118
4301,0.00328803830775118
4302,0.00328803830775118
4303,0.00328803830775118
4304,0.00328803830775118
4305,0.00328803830775118
4306,0.00328803830775118
4307,0.00328803830775118
4308,0.00328803830775118
4309,0.00328803830775118
4310,0.00328803830775118
4311,0.00328803830775118
4312,0.00328803830775118
4313,0.00328803830775118
4314,0.00328803830775118
4315,0.00328803830775118
4316,0.00328803830775118
4317,0.00328803830775118
4318,0.00328803830775118
4319,0.00328803830775118
4320,0.00328803830775118
4321,0.00328803830775118
4322,0.00328803830775118
4323,0.00328803830775118
4324,0.00328803830775118
4325,0.00328803830775118
4326,0.00328803830775118
4327,0.00328803830775118
4328,0.00328803830775118
4329,0.00328803830775118
4330,0.00328803830775118
4331,0.00328803830775118
4332,0.00328803830775118
4333,0.00328803830775118
4334,0.00328803830775118
4335,0.00328803830775118
4336,0.00328803830775118
4337,0.00328803830775118
4338,0.00328803830775118
4339,0.00328803830775118
4340,0.00328803830775118
4341,0.00328803830775118
4342,0.00328803830775118
4343,0.00328803830775118
4344,0.00328803830775118
4345,0.00328803830775118
4346,0.00328803830775118
4347,0.00328803830775118
4348,0.00328803830775118
4349,0.00328803830775118
4350,0.00328803830775118
4351,0.00328803830775118
4352,0.00328803830775118
4353,0.00328803830775118
4354,0.00328803830775118
4355,0.00328803830775118
4356,0.00328803830775118
4357,0.00328803830775118
4358,0.00328803830775118
4359,0.00328803830775118
4360,0.00328803830775118
4361,0.00328803830775118
4362,0.00328803830775118
4363,0.00328803830775118
4364,0.00328803830775118
4365,0.00328803830775118
4366,0.00328803830775118
4367,0.00328803830775118
4368,0.00328803830775118
4369,0.00328803830775118
4370,0.00328803830775118
4371,0.00328803830775118
4372,0.00328803830775118
4373,0.00328803830775118
4374,0.00328803830775118
4375,0.00328803830775118
4376,0.00328803830775118
4377,0.00328803830775118
4378,0.00328803830775118
4379,0.00328803830775118
4380,0.00328803830775118
4381,0.00328803830775118
4382,0.00328803830775118
4383,0.00328803830775118
4384,0.00328803830775118
4385,0.00328803830775118
4386,0.00328803830775118
4387,0.00328803830775118
4388,0.00328803830775118
4389,0.00328803830775118
4390,0.00328803830775118
4391,0.00328803830775118
4392,0.00328803830775118
4393,0.00328803830775118
4394,0.00328803830775118
4395,0.00328803830775118
4396,0.00328803830775118
4397,0.00328803830775118
4398,0.00328803830775118
4399,0.00328803830775118
4400,0.00328803830775118
4401,0.00328803830775118
4402,0.00328803830775118
4403,0.00328803830775118
4404,0.00328803830775118
4405,0.00328803830775118
4406,0.00328803830775118
4407,0.00328803830775118
4408,0.00328803830775118
4409,0.00328803830775118
4410,0.00328803830775118
4411,0.00328803830775118
4412,0.00328803830775118
4413,0.00328803830775118
4414,0.00328803830775118
4415,0.00328803830775118
4416,0.00328803830775118
4417,0.00328803830775118
4418,0.00328803830775118
4419,0.00328803830775118
4420,0.00328803830775118
4421,0.00328803830775118
4422,0.00328803830775118
4423,0.00328803830775118
4424,0.00328803830775118
4425,0.00328803830775118
4426,0.00328803830775118
4427,0.00328803830775118
4428,0.00328803830775118
4429,0.00328803830775118
4430,0.00328803830775118
4431,0.00328803830775118
4432,0.00328803830775118
4433,0.00328803830775118
4434,0.00328803830775118
4435,0.00328803830775118
4436,0.00328803830775118
4437,0.00328803830775118
4438,0.00328803830775118
4439,0.00328803830775118
4440,0.00328803830775118
4441,0.00328803830775118
4442,0.00328803830775118
4443,0.00328803830775118
4444,0.00328803830775118
4445,0.00328803830775118
4446,0.00328803830775118
4447,0.00328803830775118
4448,0.00328803830775118
4449,0.00328803830775118
4450,0.00328803830775118
4451,0.00328803830775118
4452,0.00328803830775118
4453,0.00328803830775118
4454,0.00328803830775118
4455,0.00328803830775118
4456,0.00328803830775118
4457,0.00328803830775118
4458,0.00328803830775118
4459,0.00328803830775118
4460,0.00328803830775118
4461,0.00328803830775118
4462,0.00328803830775118
4463,0.00328803830775118
4464,0.00328803830775118
4465,0.00328803830775118
4466,0.00328803830775118
4467,0.00328803830775118
4468,0.00328803830775118
4469,0.00328803830775118
4470,0.00328803830775118
4471,0.00328803830775118
4472,0.00328803830775118
4473,0.00328803830775118
4474,0.00328803830775118
4475,0.00328803830775118
4476,0.00328803830775118
4477,0.00328803830775118
4478,0.00328803830775118
4479,0.00328803830775118
4480,0.00328803830775118
4481,0.00328803830775118
4482,0.00328803830775118
4483,0.00328803830775118
4484,0.00328803830775118
4485,0.00328803830775118
4486,0.00328803830775118
4487,0.00328803830775118
4488,0.00328803830775118
4489,0.00328803830775118
4490,0.00328803830775118
4491,0.00328803830775118
4492,0.00328803830775118
4493,0.00328803830775118
4494,0.00328803830775118
4495,0.00328803830775118
4496,0.00328803830775118
4497,0.00328803830775118
4498,0.00328803830775118
4499,0.00328803830775118
4500,0.00328803830775118
4501,0.00328803830775118
4502,0.00328803830775118
4503,0.00328803830775118
4504,0.00328803830775118
4505,0.00328803830775118
4506,0.00328803830775118
4507,0.00328803830775118
4508,0.00328803830775118
4509,0.00328803830775118
4510,0.00328803830775118
4511,0.00328803830775118
4512,0.00328803830775118
4513,0.00328803830775118
4514,0.00328803830775118
4515,0.00328803830775118
4516,0.00328803830775118
4517,0.00328803830775118
4518,0.00328803830775118
4519,0.00328803830775118
4520,0.00328803830775118
4521,0.00328803830775118
4522,0.00328803830775118
4523,0.00328803830775118
4524,0.00328803830775118
4525,0.00328803830775118
4526,0.00328803830775118
4527,0.00328803830775118
4528,0.00328803830775118
4529,0.00328803830775118
4530,0.00328803830775118
4531,0.00328803830775118
4532,0.00328803830775118
4533,0.00328803830775118
4534,0.00328803830775118
4535,0.00328803830775118
4536,0.00328803830775118
4537,0.00328803830775118
4538,0.00328803830775118
4539,0.00328803830775118
4540,0.00328803830775118
4541,0.00328803830775118
4542,0.00328803830775118
4543,0.00328803830775118
4544,0.00328803830775118
4545,0.00328803830775118
4546,0.00328803830775118
4547,0.00328803830775118
4548,0.00328803830775118
4549,0.00328803830775118
4550,0.00328803830775118
4551,0.00328803830775118
4552,0.00328803830775118
4553,0.00328803830775118
4554,0.00328803830775118
4555,0.00328803830775118
4556,0.00328803830775118
4557,0.00328803830775118
4558,0.00328803830775118
4559,0.00328803830775118
4560,0.00328803830775118
4561,0.00328803830775118
4562,0.00328803830775118
4563,0.00328803830775118
4564,0.00328803830775118
4565,0.00328803830775118
4566,0.00328803830775118
4567,0.00328803830775118
4568,0.00328803830775118
4569,0.00328803830775118
4570,0.00328803830775118
4571,0.00328803830775118
4572,0.00328803830775118
4573,0.00328803830775118
4574,0.00328803830775118
4575,0.00328803830775118
4576,0.00328803830775118
4577,0.00328803830775118
4578,0.00328803830775118
4579,0.00328803830775118
4580,0.00328803830775118
4581,0.00328803830775118
4582,0.00328803830775118
4583,0.00328803830775118
4584,0.00328803830775118
4585,0.00328803830775118
4586,0.00328803830775118
4587,0.00328803830775118
4588,0.00328803830775118
4589,0.00328803830775118
4590,0.00328803830775118
4591,0.00328803830775118
4592,0.00328803830775118
4593,0.00328803830775118
4594,0.00328803830775118
4595,0.00328803830775118
4596,0.00328803830775118
4597,0.00328803830775118
4598,0.00328803830775118
4599,0.00328803830775118
4600,0.00328803830775118
4601,0.00328803830775118
4602,0.00328803830775118
4603,0.00328803830775118
4604,0.00328803830775118
4605,0.00328803830775118
4606,0.00328803830775118
4607,0.00328803830775118
4608,0.00328803830775118
4609,0.00328803830775118
4610,0.00328803830775118
4611,0.00328803830775118
4612,0.00328803830775118
4613,0.00328803830775118
4614,0.00328803830775118
4615,0.00328803830775118
4616,0.00328803830775118
4617,0.00328803830775118
4618,0.00328803830775118
4619,0.00328803830775118
4620,0.00328803830775118
4621,0.00328803830775118
4622,0.00328803830775118
4623,0.00328803830775118
4624,0.00328803830775118
4625,0.00328803830775118
4626,0.00328803830775118
4627,0.00328803830775118
4628,0.00328803830775118
4629,0.00328803830775118
4630,0.00328803830775118
4631,0.00328803830775118
4632,0.00328803830775118
4633,0.00328803830775118
4634,0.00328803830775118
4635,0.00328803830775118
4636,0.00328803830775118
4637,0.00328803830775118
4638,0.00328803830775118
4639,0.00328803830775118
4640,0.00328803830775118
4641,0.00328803830775118
4642,0.00328803830775118
4643,0.00328803830775118
4644,0.00328803830775118
4645,0.00328803830775118
4646,0.00328803830775118
4647,0.00328803830775118
4648,0.00328803830775118
4649,0.00328803830775118
4650,0.00328803830775118
4651,0.00328803830775118
4652,0.00328803830775118
4653,0.00328803830775118
4654,0.00328803830775118
4655,0.00328803830775118
4656,0.00328803830775118
4657,0.00328803830775118
4658,0.00328803830775118
4659,0.00328803830775118
4660,0.00328803830775118
4661,0.00328803830775118
4662,0.00328803830775118
4663,0.00328803830775118
4664,0.00328803830775118
4665,0.00328803830775118
4666,0.00328803830775118
4667,0.00328803830775118
4668,0.00328803830775118
4669,0.00328803830775118
4670,0.00328803830775118
4671,0.00328803830775118
4672,0.00328803830775118
4673,0.00328803830775118
4674,0.00328803830775118
4675,0.00328803830775118
4676,0.00328803830775118
4677,0.00328803830775118
4678,0.00328803830775118
4679,0.00328803830775118
4680,0.00328803830775118
4681,0.00328803830775118
4682,0.00328803830775118
4683,0.00328803830775118
4684,0.00328803830775118
4685,0.00328803830775118
4686,0.00328803830775118
4687,0.00328803830775118
4688,0.00328803830775118
4689,0.00328803830775118
4690,0.00328803830775118
4691,0.00328803830775118
4692,0.00328803830775118
4693,0.00328803830775118
4694,0.00328803830775118
4695,0.00328803830775118
4696,0.00328803830775118
4697,0.00328803830775118
4698,0.00328803830775118
4699,0.00328803830775118
4700,0.00328803830775118
4701,0.00328803830775118
4702,0.00328803830775118
4703,0.00328803830775118
4704,0.00328803830775118
4705,0.00328803830775118
4706,0.00328803830775118
4707,0.00328803830775118
4708,0.00328803830775118
4709,0.00328803830775118
4710,0.00328803830775118
4711,0.00328803830775118
4712,0.00328803830775118
4713,0.00328803830775118
4714,0.00328803830775118
4715,0.00328803830775118
4716,0.00328803830775118
4717,0.00328803830775118
4718,0.00328803830775118
4719,0.00328803830775118
4720,0.00328803830775118
4721,0.00328803830775118
4722,0.00328803830775118
4723,0.00328803830775118
4724,0.00328803830775118
4725,0.00328803830775118
4726,0.00328803830775118
4727,0.00328803830775118
4728,0.00328803830775118
4729,0.00328803830775118
4730,0.00328803830775118
4731,0.00328803830775118
4732,0.00328803830775118
4733,0.00328803830775118
4734,0.00328803830775118
4735,0.00328803830775118
4736,0.00328803830775118
4737,0.00328803830775118
4738,0.00328803830775118
4739,0.00328803830775118
4740,0.00328803830775118
4741,0.00328803830775118
4742,0.00328803830775118
4743,0.00328803830775118
4744,0.00328803830775118
4745,0.00328803830775118
4746,0.00328803830775118
4747,0.00328803830775118
4748,0.00328803830775118
4749,0.00328803830775118
4750,0.00328803830775118
4751,0.00328803830775118
4752,0.00328803830775118
4753,0.00328803830775118
4754,0.00328803830775118
4755,0.00328803830775118
4756,0.00328803830775118
4757,0.00328803830775118
4758,0.00328803830775118
4759,0.00328803830775118
4760,0.00328803830775118
4761,0.00328803830775118
4762,0.00328803830775118
4763,0.00328803830775118
4764,0.00328803830775118
4765,0.00328803830775118
4766,0.00328803830775118
4767,0.00328803830775118
4768,0.00328803830775118
4769,0.00328803830775118
4770,0.00328803830775118
4771,0.00328803830775118
4772,0.00328803830775118
4773,0.00328803830775118
4774,0.00328803830775118
4775,0.00328803830775118
4776,0.00328803830775118
4777,0.00328803830775118
4778,0.00328803830775118
4779,0.00328803830775118
4780,0.00328803830775118
4781,0.00328803830775118
4782,0.00328803830775118
4783,0.00328803830775118
4784,0.00328803830775118
4785,0.00328803830775118
4786,0.00328803830775118
4787,0.00328803830775118
4788,0.00328803830775118
4789,0.00328803830775118
4790,0.00328803830775118
4791,0.00328803830775118
4792,0.00328803830775118
4793,0.00328803830775118
4794,0.00328803830775118
4795,0.00328803830775118
4796,0.00328803830775118
4797,0.00328803830775118
4798,0.00328803830775118
4799,0.00328803830775118
4800,0.00328803830775118
4801,0.00328803830775118
4802,0.00328803830775118
4803,0.00328803830775118
4804,0.00328803830775118
4805,0.00328803830775118
4806,0.00328803830775118
4807,0.00328803830775118
4808,0.00328803830775118
4809,0.00328803830775118
4810,0.00328803830775118
4811,0.00328803830775118
4812,0.00328803830775118
4813,0.00328803830775118
4814,0.00328803830775118
4815,0.00328803830775118
4816,0.00328803830775118
4817,0.00328803830775118
4818,0.00328803830775118
4819,0.00328803830775118
4820,0.00328803830775118
4821,0.00328803830775118
4822,0.00328803830775118
4823,0.00328803830775118
4824,0.00328803830775118
4825,0.00328803830775118
4826,0.00328803830775118
4827,0.00328803830775118
4828,0.00328803830775118
4829,0.00328803830775118
4830,0.00328803830775118
4831,0.00328803830775118
4832,0.00328803830775118
4833,0.00328803830775118
4834,0.00328803830775118
4835,0.00328803830775118
4836,0.00328803830775118
4837,0.00328803830775118
4838,0.00328803830775118
4839,0.00328803830775118
4840,0.00328803830775118
4841,0.00328803830775118
4842,0.00328803830775118
4843,0.00328803830775118
4844,0.00328803830775118
4845,0.00328803830775118
4846,0.00328803830775118
4847,0.00328803830775118
4848,0.00328803830775118
4849,0.00328803830775118
4850,0.00328803830775118
4851,0.00328803830775118
4852,0.00328803830775118
4853,0.00328803830775118
4854,0.00328803830775118
4855,0.00328803830775118
4856,0.00328803830775118
4857,0.00328803830775118
4858,0.00328803830775118
4859,0.00328803830775118
4860,0.00328803830775118
4861,0.00328803830775118
4862,0.00328803830775118
4863,0.00328803830775118
4864,0.00328803830775118
4865,0.00328803830775118
4866,0.00328803830775118
4867,0.00328803830775118
4868,0.00328803830775118
4869,0.00328803830775118
4870,0.00328803830775118
4871,0.00328803830775118
4872,0.00328803830775118
4873,0.00328803830775118
4874,0.00328803830775118
4875,0.00328803830775118
4876,0.00328803830775118
4877,0.00328803830775118
4878,0.00328803830775118
4879,0.00328803830775118
4880,0.00328803830775118
4881,0.00328803830775118
4882,0.00328803830775118
4883,0.00328803830775118
4884,0.00328803830775118
4885,0.00328803830775118
4886,0.00328803830775118
4887,0.00328803830775118
4888,0.00328803830775118
4889,0.00328803830775118
4890,0.00328803830775118
4891,0.00328803830775118
4892,0.00328803830775118
4893,0.00328803830775118
4894,0.00328803830775118
4895,0.00328803830775118
4896,0.00328803830775118
4897,0.00328803830775118
4898,0.00328803830775118
4899,0.00328803830775118
4900,0.00328803830775118
4901,0.00328803830775118
4902,0.00328803830775118
4903,0.00328803830775118
4904,0.00328803830775118
4905,0.00328803830775118
4906,0.00328803830775118
4907,0.00328803830775118
4908,0.00328803830775118
4909,0.00328803830775118
4910,0.00328803830775118
4911,0.00328803830775118
4912,0.00328803830775118
4913,0.00328803830775118
4914,0.00328803830775118
4915,0.00328803830775118
4916,0.00328803830775118
4917,0.00328803830775118
4918,0.00328803830775118
4919,0.00328803830775118
4920,0.00328803830775118
4921,0.00328803830775118
4922,0.00328803830775118
4923,0.00328803830775118
4924,0.00328803830775118
4925,0.00328803830775118
4926,0.00328803830775118
4927,0.00328803830775118
4928,0.00328803830775118
4929,0.00328803830775118
4930,0.00328803830775118
4931,0.00328803830775118
4932,0.00328803830775118
4933,0.00328803830775118
4934,0.00328803830775118
4935,0.00328803830775118
4936,0.00328803830775118
4937,0.00328803830775118
4938,0.00328803830775118
4939,0.00328803830775118
4940,0.00328803830775118
4941,0.00328803830775118
4942,0.00328803830775118
4943,0.00328803830775118
4944,0.00328803830775118
4945,0.00328803830775118
4946,0.00328803830775118
4947,0.00328803830775118
4948,0.00328803830775118
4949,0.00328803830775118
4950,0.00328803830775118
4951,0.00328803830775118
4952,0.00328803830775118
4953,0.00328803830775118
4954,0.00328803830775118
4955,0.00328803830775118
4956,0.00328803830775118
4957,0.00328803830775118
4958,0.00328803830775118
4959,0.00328803830775118
4960,0.00328803830775118
4961,0.00328803830775118
4962,0.00328803830775118
4963,0.00328803830775118
4964,0.00328803830775118
4965,0.00328803830775118
4966,0.00328803830775118
4967,0.00328803830775118
4968,0.00328803830775118
4969,0.00328803830775118
4970,0.00328803830775118
4971,0.00328803830775118
4972,0.00328803830775118
4973,0.00328803830775118
4974,0.00328803830775118
4975,0.00328803830775118
4976,0.00328803830775118
4977,0.00328803830775118
4978,0.00328803830775118
4979,0.00328803830775118
4980,0.00328803830775118
4981,0.00328803830775118
4982,0.00328803830775118
4983,0.00328803830775118
4984,0.00328803830775118
4985,0.00328803830775118
4986,0.00328803830775118
4987,0.00328803830775118
4988,0.00328803830775118
4989,0.00328803830775118
4990,0.00328803830775118
4991,0.00328803830775118
4992,0.00328803830775118
4993,0.00328803830775118
4994,0.00328803830775118
4995,0.00328803830775118
4996,0.00328803830775118
4997,0.00328803830775118
4998,0.00328803830775118
4999,0.00328803830775118
5000,0.00328803830775118
5001,0.00328803830775118
5002,0.00328803830775118
5003,0.00328803830775118
5004,0.00328803830775118
5005,0.00328803830775118
5006,0.00328803830775118
5007,0.00328803830775118
5008,0.00328803830775118
5009,0.00328803830775118
5010,0.00328803830775118
5011,0.00328803830775118
5012,0.00328803830775118
5013,0.00328803830775118
5014,0.00328803830775118
5015,0.00328803830775118
5016,0.00328803830775118
5017,0.00328803830775118
5018,0.00328803830775118
5019,0.00328803830775118
5020,0.00328803830775118
5021,0.00328803830775118
5022,0.00328803830775118
5023,0.00328803830775118
5024,0.00328803830775118
5025,0.00328803830775118
5026,0.00328803830775118
5027,0.00328803830775118
5028,0.00328803830775118
5029,0.00328803830775118
5030,0.00328803830775118
5031,0.00328803830775118
5032,0.00328803830775118
5033,0.00328803830775118
5034,0.00328803830775118
5035,0.00328803830775118
5036,0.00328803830775118
5037,0.00328803830775118
5038,0.00328803830775118
5039,0.00328803830775118
5040,0.00328803830775118
5041,0.00328803830775118
5042,0.00328803830775118
5043,0.00328803830775118
5044,0.00328803830775118
5045,0.00328803830775118
5046,0.00328803830775118
5047,0.00328803830775118
5048,0.00328803830775118
5049,0.00328803830775118
5050,0.00328803830775118
5051,0.00328803830775118
5052,0.00328803830775118
5053,0.00328803830775118
5054,0.00328803830775118
5055,0.00328803830775118
5056,0.00328803830775118
5057,0.00328803830775118
5058,0.00328803830775118
5059,0.00328803830775118
5060,0.00328803830775118
5061,0.00328803830775118
5062,0.00328803830775118
5063,0.00328803830775118
5064,0.00328803830775118
5065,0.00328803830775118
5066,0.00328803830775118
5067,0.00328803830775118
5068,0.00328803830775118
5069,0.00328803830775118
5070,0.00328803830775118
5071,0.00328803830775118
5072,0.00328803830775118
5073,0.00328803830775118
5074,0.00328803830775118
5075,0.00328803830775118
5076,0.00328803830775118
5077,0.00328803830775118
5078,0.00328803830775118
5079,0.00328803830775118
5080,0.00328803830775118
5081,0.00328803830775118
5082,0.00328803830775118
5083,0.00328803830775118
5084,0.00328803830775118
5085,0.00328803830775118
5086,0.00328803830775118
5087,0.00328803830775118
5088,0.00328803830775118
5089,0.00328803830775118
5090,0.00328803830775118
5091,0.00328803830775118
5092,0.00328803830775118
5093,0.00328803830775118
5094,0.00328803830775118
5095,0.00328803830775118
5096,0.00328803830775118
5097,0.00328803830775118
5098,0.00328803830775118
5099,0.00328803830775118
5100,0.00328803830775118
5101,0.00328803830775118
5102,0.00328803830775118
5103,0.00328803830775118
5104,0.00328803830775118
5105,0.00328803830775118
5106,0.00328803830775118
5107,0.00328803830775118
5108,0.00328803830775118
5109,0.00328803830775118
5110,0.00328803830775118
5111,0.00328803830775118
5112,0.00328803830775118
5113,0.00328803830775118
5114,0.00328803830775118
5115,0.00328803830775118
5116,0.00328803830775118
5117,0.00328803830775118
5118,0.00328803830775118
5119,0.00328803830775118
5120,0.00328803830775118
5121,0.00328803830775118
5122,0.00328803830775118
5123,0.00328803830775118
5124,0.00328803830775118
5125,0.00328803830775118
5126,0.00328803830775118
5127,0.00328803830775118
5128,0.00328803830775118
5129,0.00328803830775118
5130,0.00328803830775118
5131,0.00328803830775118
5132,0.00328803830775118
5133,0.00328803830775118
5134,0.00328803830775118
5135,0.00328803830775118
5136,0.00328803830775118
5137,0.00328803830775118
5138,0.00328803830775118
5139,0.00328803830775118
5140,0.00328803830775118
5141,0.00328803830775118
5142,0.00328803830775118
5143,0.00328803830775118
5144,0.00328803830775118
5145,0.00328803830775118
5146,0.00328803830775118
5147,0.00328803830775118
5148,0.00328803830775118
5149,0.00328803830775118
5150,0.00328803830775118
5151,0.00328803830775118
5152,0.00328803830775118
5153,0.00328803830775118
5154,0.00328803830775118
5155,0.00328803830775118
5156,0.00328803830775118
5157,0.00328803830775118
5158,0.00328803830775118
5159,0.00328803830775118
5160,0.00328803830775118
5161,0.00328803830775118
5162,0.00328803830775118
5163,0.00328803830775118
5164,0.00328803830775118
5165,0.00328803830775118
5166,0.00328803830775118
5167,0.00328803830775118
5168,0.00328803830775118
5169,0.00328803830775118
5170,0.00328803830775118
5171,0.00328803830775118
5172,0.00328803830775118
5173,0.00328803830775118
5174,0.00328803830775118
5175,0.00328803830775118
5176,0.00328803830775118
5177,0.00328803830775118
5178,0.00328803830775118
5179,0.00328803830775118
5180,0.00328803830775118
5181,0.00328803830775118
5182,0.00328803830775118
5183,0.00328803830775118
5184,0.00328803830775118
5185,0.00328803830775118
5186,0.00328803830775118
5187,0.00328803830775118
5188,0.00328803830775118
5189,0.00328803830775118
5190,0.00328803830775118
5191,0.00328803830775118
5192,0.00328803830775118
5193,0.00328803830775118
5194,0.00328803830775118
5195,0.00328803830775118
5196,0.00328803830775118
5197,0.00328803830775118
5198,0.00328803830775118
5199,0.00328803830775118
5200,0.00328803830775118
5201,0.00328803830775118
5202,0.00328803830775118
5203,0.00328803830775118
5204,0.00328803830775118
5205,0.00328803830775118
5206,0.00328803830775118
5207,0.00328803830775118
5208,0.00328803830775118
5209,0.00328803830775118
5210,0.00328803830775118
5211,0.00328803830775118
5212,0.00328803830775118
5213,0.00328803830775118
5214,0.00328803830775118
5215,0.00328803830775118
5216,0.00328803830775118
5217,0.00328803830775118
5218,0.00328803830775118
5219,0.00328803830775118
5220,0.00328803830775118
5221,0.00328803830775118
5222,0.00328803830775118
5223,0.00328803830775118
5224,0.00328803830775118
5225,0.00328803830775118
5226,0.00328803830775118
5227,0.00328803830775118
5228,0.00328803830775118
5229,0.00328803830775118
5230,0.00328803830775118
5231,0.00328803830775118
5232,0.00328803830775118
5233,0.00328803830775118
5234,0.00328803830775118
5235,0.00328803830775118
5236,0.00328803830775118
5237,0.00328803830775118
5238,0.00328803830775118
5239,0.00328803830775118
5240,0.00328803830775118
5241,0.00328803830775118
5242,0.00328803830775118
5243,0.00328803830775118
5244,0.00328803830775118
5245,0.00328803830775118
5246,0.00328803830775118
5247,0.00328803830775118
5248,0.00328803830775118
5249,0.00328803830775118
5250,0.00328803830775118
5251,0.00328803830775118
5252,0.00328803830775118
5253,0.00328803830775118
5254,0.00328803830775118
5255,0.00328803830775118
5256,0.00328803830775118
5257,0.00328803830775118
5258,0.00328803830775118
5259,0.00328803830775118
5260,0.00328803830775118
5261,0.00328803830775118
5262,0.00328803830775118
5263,0.00328803830775118
5264,0.00328803830775118
5265,0.00328803830775118
5266,0.00328803830775118
5267,0.00328803830775118
5268,0.00328803830775118
5269,0.00328803830775118
5270,0.00328803830775118
5271,0.00328803830775118
5272,0.00328803830775118
5273,0.00328803830775118
5274,0.00328803830775118
5275,0.00328803830775118
5276,0.00328803830775118
5277,0.00328803830775118
5278,0.00328803830775118
5279,0.00328803830775118
5280,0.00328803830775118
5281,0.00328803830775118
5282,0.00328803830775118
5283,0.00328803830775118
5284,0.00328803830775118
5285,0.00328803830775118
5286,0.00328803830775118
5287,0.00328803830775118
5288,0.00328803830775118
5289,0.00328803830775118
5290,0.00328803830775118
5291,0.00328803830775118
5292,0.00328803830775118
5293,0.00328803830775118
5294,0.00328803830775118
5295,0.00328803830775118
5296,0.00328803830775118
5297,0.00328803830775118
5298,0.00328803830775118
5299,0.00328803830775118
5300,0.00328803830775118
5301,0.00328803830775118
5302,0.00328803830775118
5303,0.00328803830775118
5304,0.00328803830775118
5305,0.00328803830775118
5306,0.00328803830775118
5307,0.00328803830775118
5308,0.00328803830775118
5309,0.00328803830775118
5310,0.00328803830775118
5311,0.00328803830775118
5312,0.00328803830775118
5313,0.00328803830775118
5314,0.00328803830775118
5315,0.00328803830775118
5316,0.00328803830775118
5317,0.00328803830775118
5318,0.00328803830775118
5319,0.00328803830775118
5320,0.00328803830775118
5321,0.00328803830775118
5322,0.00328803830775118
5323,0.00328803830775118
5324,0.00328803830775118
5325,0.00328803830775118
5326,0.00328803830775118
5327,0.00328803830775118
5328,0.00328803830775118
5329,0.00328803830775118
5330,0.00328803830775118
5331,0.00328803830775118
5332,0.00328803830775118
5333,0.00328803830775118
5334,0.00328803830775118
5335,0.00328803830775118
5336,0.00328803830775118
5337,0.00328803830775118
5338,0.00328803830775118
5339,0.00328803830775118
5340,0.00328803830775118
5341,0.00328803830775118
5342,0.00328803830775118
5343,0.00328803830775118
5344,0.00328803830775118
5345,0.00328803830775118
5346,0.00328803830775118
5347,0.00328803830775118
5348,0.00328803830775118
5349,0.00328803830775118
5350,0.00328803830775118
5351,0.00328803830775118
5352,0.00328803830775118
5353,0.00328803830775118
5354,0.00328803830775118
5355,0.00328803830775118
5356,0.00328803830775118
5357,0.00328803830775118
5358,0.00328803830775118
5359,0.00328803830775118
5360,0.00328803830775118
5361,0.00328803830775118
5362,0.00328803830775118
5363,0.00328803830775118
5364,0.00328803830775118
5365,0.00328803830775118
5366,0.00328803830775118
5367,0.00328803830775118
5368,0.00328803830775118
5369,0.00328803830775118
5370,0.00328803830775118
5371,0.00328803830775118
5372,0.00328803830775118
5373,0.00328803830775118
5374,0.00328803830775118
5375,0.00328803830775118
5376,0.00328803830775118
5377,0.00328803830775118
5378,0.00328803830775118
5379,0.00328803830775118
5380,0.00328803830775118
5381,0.00328803830775118
5382,0.00328803830775118
5383,0.00328803830775118
5384,0.00328803830775118
5385,0.00328803830775118
5386,0.00328803830775118
5387,0.00328803830775118
5388,0.00328803830775118
5389,0.00328803830775118
5390,0.00328803830775118
5391,0.00328803830775118
5392,0.00328803830775118
5393,0.00328803830775118
5394,0.00328803830775118
5395,0.00328803830775118
5396,0.00328803830775118
5397,0.00328803830775118
5398,0.00328803830775118
5399,0.00328803830775118
5400,0.00328803830775118
5401,0.00328803830775118
5402,0.00328803830775118
5403,0.00328803830775118
5404,0.00328803830775118
5405,0.00328803830775118
5406,0.00328803830775118
5407,0.00328803830775118
5408,0.00328803830775118
5409,0.00328803830775118
5410,0.00328803830775118
5411,0.00328803830775118
5412,0.00328803830775118
5413,0.00328803830775118
5414,0.00328803830775118
5415,0.00328803830775118
5416,0.00328803830775118
5417,0.00328803830775118
5418,0.00328803830775118
5419,0.00328803830775118
5420,0.00328803830775118
5421,0.00328803830775118
5422,0.00328803830775118
5423,0.00328803830775118
5424,0.00328803830775118
5425,0.00328803830775118
5426,0.00328803830775118
5427,0.00328803830775118
5428,0.00328803830775118
5429,0.00328803830775118
5430,0.00328803830775118
5431,0.00328803830775118
5432,0.00328803830775118
5433,0.00328803830775118
5434,0.00328803830775118
5435,0.00328803830775118
5436,0.00328803830775118
5437,0.00328803830775118
5438,0.00328803830775118
5439,0.00328803830775118
5440,0.00328803830775118
5441,0.00328803830775118
5442,0.00328803830775118
5443,0.00328803830775118
5444,0.00328803830775118
5445,0.00328803830775118
5446,0.00328803830775118
5447,0.00328803830775118
5448,0.00328803830775118
5449,0.00328803830775118
5450,0.00328803830775118
5451,0.00328803830775118
5452,0.00328803830775118
5453,0.00328803830775118
5454,0.00328803830775118
5455,0.00328803830775118
5456,0.00328803830775118
5457,0.00328803830775118
5458,0.00328803830775118
5459,0.00328803830775118
5460,0.00328803830775118
5461,0.00328803830775118
5462,0.00328803830775118
5463,0.00328803830775118
5464,0.00328803830775118
5465,0.00328803830775118
5466,0.00328803830775118
5467,0.00328803830775118
5468,0.00328803830775118
5469,0.00328803830775118
5470,0.00328803830775118
5471,0.00328803830775118
5472,0.00328803830775118
5473,0.00328803830775118
5474,0.00328803830775118
5475,0.00328803830775118
5476,0.00328803830775118
5477,0.00328803830775118
5478,0.00328803830775118
5479,0.00328803830775118
5480,0.00328803830775118
5481,0.00328803830775118
5482,0.00328803830775118
5483,0.00328803830775118
5484,0.00328803830775118
5485,0.00328803830775118
5486,0.00328803830775118
5487,0.00328803830775118
5488,0.00328803830775118
5489,0.00328803830775118
5490,0.00328803830775118
5491,0.00328803830775118
5492,0.00328803830775118
5493,0.00328803830775118
5494,0.00328803830775118
5495,0.00328803830775118
5496,0.00328803830775118
5497,0.00328803830775118
5498,0.00328803830775118
5499,0.00328803830775118
5500,0.00328803830775118
5501,0.00328803830775118
5502,0.00328803830775118
5503,0.00328803830775118
5504,0.00328803830775118
5505,0.00328803830775118
5506,0.00328803830775118
5507,0.00328803830775118
5508,0.00328803830775118
5509,0.00328803830775118
5510,0.00328803830775118
5511,0.00328803830775118
5512,0.00328803830775118
5513,0.00328803830775118
5514,0.00328803830775118
5515,0.00328803830775118
5516,0.00328803830775118
5517,0.00328803830775118
5518,0.00328803830775118
5519,0.00328803830775118
5520,0.00328803830775118
5521,0.00328803830775118
5522,0.00328803830775118
5523,0.00328803830775118
5524,0.00328803830775118
5525,0.00328803830775118
5526,0.00328803830775118
5527,0.00328803830775118
5528,0.00328803830775118
5529,0.00328803830775118
5530,0.00328803830775118
5531,0.00328803830775118
5532,0.00328803830775118
5533,0.00328803830775118
5534,0.00328803830775118
5535,0.00328803830775118
5536,0.00328803830775118
5537,0.00328803830775118
5538,0.00328803830775118
5539,0.00328803830775118
5540,0.00328803830775118
5541,0.00328803830775118
5542,0.00328803830775118
5543,0.00328803830775118
5544,0.00328803830775118
5545,0.00328803830775118
5546,0.00328803830775118
5547,0.00328803830775118
5548,0.00328803830775118
5549,0.00328803830775118
5550,0.00328803830775118
5551,0.00328803830775118
5552,0.00328803830775118
5553,0.00328803830775118
5554,0.00328803830775118
5555,0.00328803830775118
5556,0.00328803830775118
5557,0.00328803830775118
5558,0.00328803830775118
5559,0.00328803830775118
5560,0.00328803830775118
5561,0.00328803830775118
5562,0.00328803830775118
5563,0.00328803830775118
5564,0.00328803830775118
5565,0.00328803830775118
5566,0.00328803830775118
5567,0.00328803830775118
5568,0.00328803830775118
5569,0.00328803830775118
5570,0.00328803830775118
5571,0.00328803830775118
5572,0.00328803830775118
5573,0.00328803830775118
5574,0.00328803830775118
5575,0.00328803830775118
5576,0.00328803830775118
5577,0.00328803830775118
5578,0.00328803830775118
5579,0.00328803830775118
5580,0.00328803830775118
5581,0.00328803830775118
5582,0.00328803830775118
5583,0.00328803830775118
5584,0.00328803830775118
5585,0.00328803830775118
5586,0.00328803830775118
5587,0.00328803830775118
5588,0.00328803830775118
5589,0.00328803830775118
5590,0.00328803830775118
5591,0.00328803830775118
5592,0.00328803830775118
5593,0.00328803830775118
5594,0.00328803830775118
5595,0.00328803830775118
5596,0.00328803830775118
5597,0.00328803830775118
5598,0.00328803830775118
5599,0.00328803830775118
5600,0.00328803830775118
5601,0.00328803830775118
5602,0.00328803830775118
5603,0.00328803830775118
5604,0.00328803830775118
5605,0.00328803830775118
5606,0.00328803830775118
5607,0.00328803830775118
5608,0.00328803830775118
5609,0.00328803830775118
5610,0.00328803830775118
5611,0.00328803830775118
5612,0.00328803830775118
5613,0.00328803830775118
5614,0.00328803830775118
5615,0.00328803830775118
5616,0.00328803830775118
5617,0.00328803830775118
5618,0.00328803830775118
5619,0.00328803830775118
5620,0.00328803830775118
5621,0.00328803830775118
5622,0.00328803830775118
5623,0.00328803830775118
5624,0.00328803830775118
5625,0.00328803830775118
5626,0.00328803830775118
5627,0.00328803830775118
5628,0.00328803830775118
5629,0.00328803830775118
5630,0.00328803830775118
5631,0.00328803830775118
5632,0.00328803830775118
5633,0.00328803830775118
5634,0.00328803830775118
5635,0.00328803830775118
5636,0.00328803830775118
5637,0.00328803830775118
5638,0.00328803830775118
5639,0.00328803830775118
5640,0.00328803830775118
5641,0.00328803830775118
5642,0.00328803830775118
5643,0.00328803830775118
5644,0.00328803830775118
5645,0.00328803830775118
5646,0.00328803830775118
5647,0.00328803830775118
5648,0.00328803830775118
5649,0.00328803830775118
5650,0.00328803830775118
5651,0.00328803830775118
5652,0.00328803830775118
5653,0.00328803830775118
5654,0.00328803830775118
5655,0.00328803830775118
5656,0.00328803830775118
5657,0.00328803830775118
5658,0.00328803830775118
5659,0.00328803830775118
5660,0.00328803830775118
5661,0.00328803830775118
5662,0.00328803830775118
5663,0.00328803830775118
5664,0.00328803830775118
5665,0.00328803830775118
5666,0.00328803830775118
5667,0.00328803830775118
5668,0.00328803830775118
5669,0.00328803830775118
5670,0.00328803830775118
5671,0.00328803830775118
5672,0.00328803830775118
5673,0.00328803830775118
5674,0.00328803830775118
5675,0.00328803830775118
5676,0.00328803830775118
5677,0.00328803830775118
5678,0.00328803830775118
5679,0.00328803830775118
5680,0.00328803830775118
5681,0.00328803830775118
5682,0.00328803830775118
5683,0.00328803830775118
5684,0.00328803830775118
5685,0.00328803830775118
5686,0.00328803830775118
5687,0.00328803830775118
5688,0.00328803830775118
5689,0.00328803830775118
5690,0.00328803830775118
5691,0.00328803830775118
5692,0.00328803830775118
5693,0.00328803830775118
5694,0.00328803830775118
5695,0.00328803830775118
5696,0.00328803830775118
5697,0.00328803830775118
5698,0.00328803830775118
5699,0.00328803830775118
5700,0.00328803830775118
5701,0.00328803830775118
5702,0.00328803830775118
5703,0.00328803830775118
5704,0.00328803830775118
5705,0.00328803830775118
5706,0.00328803830775118
5707,0.00328803830775118
5708,0.00328803830775118
5709,0.00328803830775118
5710,0.00328803830775118
5711,0.00328803830775118
5712,0.00328803830775118
5713,0.00328803830775118
5714,0.00328803830775118
5715,0.00328803830775118
5716,0.00328803830775118
5717,0.00328803830775118
5718,0.00328803830775118
5719,0.00328803830775118
5720,0.00328803830775118
5721,0.00328803830775118
5722,0.00328803830775118
5723,0.00328803830775118
5724,0.00328803830775118
5725,0.00328803830775118
5726,0.00328803830775118
5727,0.00328803830775118
5728,0.00328803830775118
5729,0.00328803830775118
5730,0.00328803830775118
5731,0.00328803830775118
5732,0.00328803830775118
5733,0.00328803830775118
5734,0.00328803830775118
5735,0.00328803830775118
5736,0.00328803830775118
5737,0.00328803830775118
5738,0.00328803830775118
5739,0.00328803830775118
5740,0.00328803830775118
5741,0.00328803830775118
5742,0.00328803830775118
5743,0.00328803830775118
5744,0.00328803830775118
5745,0.00328803830775118
5746,0.00328803830775118
5747,0.00328803830775118
5748,0.00328803830775118
5749,0.00328803830775118
5750,0.00328803830775118
5751,0.00328803830775118
5752,0.00328803830775118
5753,0.00328803830775118
5754,0.00328803830775118
5755,0.00328803830775118
5756,0.00328803830775118
5757,0.00328803830775118
5758,0.00328803830775118
5759,0.00328803830775118
5760,0.00328803830775118
5761,0.00328803830775118
5762,0.00328803830775118
5763,0.00328803830775118
5764,0.00328803830775118
5765,0.00328803830775118
5766,0.00328803830775118
5767,0.00328803830775118
5768,0.00328803830775118
5769,0.00328803830775118
5770,0.00328803830775118
5771,0.00328803830775118
5772,0.00328803830775118
5773,0.00328803830775118
5774,0.00328803830775118
5775,0.00328803830775118
5776,0.00328803830775118
5777,0.00328803830775118
5778,0.00328803830775118
5779,0.00328803830775118
5780,0.00328803830775118
5781,0.00328803830775118
5782,0.00328803830775118
5783,0.00328803830775118
5784,0.00328803830775118
5785,0.00328803830775118
5786,0.00328803830775118
5787,0.00328803830775118
5788,0.00328803830775118
5789,0.00328803830775118
5790,0.00328803830775118
5791,0.00328803830775118
5792,0.00328803830775118
5793,0.00328803830775118
5794,0.00328803830775118
5795,0.00328803830775118
5796,0.00328803830775118
5797,0.00328803830775118
5798,0.00328803830775118
5799,0.00328803830775118
5800,0.00328803830775118
5801,0.00328803830775118
5802,0.00328803830775118
5803,0.00328803830775118
5804,0.00328803830775118
5805,0.00328803830775118
5806,0.00328803830775118
5807,0.00328803830775118
5808,0.00328803830775118
5809,0.00328803830775118
5810,0.00328803830775118
5811,0.00328803830775118
5812,0.00328803830775118
5813,0.00328803830775118
5814,0.00328803830775118
5815,0.00328803830775118
5816,0.00328803830775118
5817,0.00328803830775118
5818,0.00328803830775118
5819,0.00328803830775118
5820,0.00328803830775118
5821,0.00328803830775118
5822,0.00328803830775118
5823,0.00328803830775118
5824,0.00328803830775118
5825,0.00328803830775118
5826,0.00328803830775118
5827,0.00328803830775118
5828,0.00328803830775118
5829,0.00328803830775118
5830,0.00328803830775118
5831,0.00328803830775118
5832,0.00328803830775118
5833,0.00328803830775118
5834,0.00328803830775118
5835,0.00328803830775118
5836,0.00328803830775118
5837,0.00328803830775118
5838,0.00328803830775118
5839,0.00328803830775118
5840,0.00328803830775118
5841,0.00328803830775118
5842,0.00328803830775118
5843,0.00328803830775118
5844,0.00328803830775118
5845,0.00328803830775118
5846,0.00328803830775118
5847,0.00328803830775118
5848,0.00328803830775118
5849,0.00328803830775118
5850,0.00328803830775118
5851,0.00328803830775118
5852,0.00328803830775118
5853,0.00328803830775118
5854,0.00328803830775118
5855,0.00328803830775118
5856,0.00328803830775118
5857,0.00328803830775118
5858,0.00328803830775118
5859,0.00328803830775118
5860,0.00328803830775118
5861,0.00328803830775118
5862,0.00328803830775118
5863,0.00328803830775118
5864,0.00328803830775118
5865,0.00328803830775118
5866,0.00328803830775118
5867,0.00328803830775118
5868,0.00328803830775118
5869,0.00328803830775118
5870,0.00328803830775118
5871,0.00328803830775118
5872,0.00328803830775118
5873,0.00328803830775118
5874,0.00328803830775118
5875,0.00328803830775118
5876,0.00328803830775118
5877,0.00328803830775118
5878,0.00328803830775118
5879,0.00328803830775118
5880,0.00328803830775118
5881,0.00328803830775118
5882,0.00328803830775118
5883,0.00328803830775118
5884,0.00328803830775118
5885,0.00328803830775118
5886,0.00328803830775118
5887,0.00328803830775118
5888,0.00328803830775118
5889,0.00328803830775118
5890,0.00328803830775118
5891,0.00328803830775118
5892,0.00328803830775118
5893,0.00328803830775118
5894,0.00328803830775118
5895,0.00328803830775118
5896,0.00328803830775118
5897,0.00328803830775118
5898,0.00328803830775118
5899,0.00328803830775118
5900,0.00328803830775118
5901,0.00328803830775118
5902,0.00328803830775118
5903,0.00328803830775118
5904,0.00328803830775118
5905,0.00328803830775118
5906,0.00328803830775118
5907,0.00328803830775118
5908,0.00328803830775118
5909,0.00328803830775118
5910,0.00328803830775118
5911,0.00328803830775118
5912,0.00328803830775118
5913,0.00328803830775118
5914,0.00328803830775118
5915,0.00328803830775118
5916,0.00328803830775118
5917,0.00328803830775118
5918,0.00328803830775118
5919,0.00328803830775118
5920,0.00328803830775118
5921,0.00328803830775118
5922,0.00328803830775118
5923,0.00328803830775118
5924,0.00328803830775118
5925,0.00328803830775118
5926,0.00328803830775118
5927,0.00328803830775118
5928,0.00328803830775118
5929,0.00328803830775118
5930,0.00328803830775118
5931,0.00328803830775118
5932,0.00328803830775118
5933,0.00328803830775118
5934,0.00328803830775118
5935,0.00328803830775118
5936,0.00328803830775118
5937,0.00328803830775118
5938,0.00328803830775118
5939,0.00328803830775118
5940,0.00328803830775118
5941,0.00328803830775118
5942,0.00328803830775118
5943,0.00328803830775118
5944,0.00328803830775118
5945,0.00328803830775118
5946,0.00328803830775118
5947,0.00328803830775118
5948,0.00328803830775118
5949,0.00328803830775118
5950,0.00328803830775118
5951,0.00328803830775118
5952,0.00328803830775118
5953,0.00328803830775118
5954,0.00328803830775118
5955,0.00328803830775118
5956,0.00328803830775118
5957,0.00328803830775118
5958,0.00328803830775118
5959,0.00328803830775118
5960,0.00328803830775118
5961,0.00328803830775118
5962,0.00328803830775118
5963,0.00328803830775118
5964,0.00328803830775118
5965,0.00328803830775118
5966,0.00328803830775118
5967,0.00328803830775118
5968,0.00328803830775118
5969,0.00328803830775118
5970,0.00328803830775118
5971,0.00328803830775118
5972,0.00328803830775118
5973,0.00328803830775118
5974,0.00328803830775118
5975,0.00328803830775118
5976,0.00328803830775118
5977,0.00328803830775118
5978,0.00328803830775118
5979,0.00328803830775118
5980,0.00328803830775118
5981,0.00328803830775118
5982,0.00328803830775118
5983,0.00328803830775118
5984,0.00328803830775118
5985,0.00328803830775118
5986,0.00328803830775118
5987,0.00328803830775118
5988,0.00328803830775118
5989,0.00328803830775118
5990,0.00328803830775118
5991,0.00328803830775118
5992,0.00328803830775118
5993,0.00328803830775118
5994,0.00328803830775118
5995,0.00328803830775118
5996,0.00328803830775118
5997,0.00328803830775118
5998,0.00328803830775118
5999,0.00328803830775118
6000,0.00328803830775118
6001,0.00328803830775118
6002,0.00328803830775118
6003,0.00328803830775118
6004,0.00328803830775118
6005,0.00328803830775118
6006,0.00328803830775118
6007,0.00328803830775118
6008,0.00328803830775118
6009,0.00328803830775118
6010,0.00328803830775118
6011,0.00328803830775118
6012,0.00328803830775118
6013,0.00328803830775118
6014,0.00328803830775118
6015,0.00328803830775118
6016,0.00328803830775118
6017,0.00328803830775118
6018,0.00328803830775118
6019,0.00328803830775118
6020,0.00328803830775118
6021,0.00328803830775118
6022,0.00328803830775118
6023,0.00328803830775118
6024,0.00328803830775118
6025,0.00328803830775118
6026,0.00328803830775118
6027,0.00328803830775118
6028,0.00328803830775118
6029,0.00328803830775118
6030,0.00328803830775118
6031,0.00328803830775118
6032,0.00328803830775118
6033,0.00328803830775118
6034,0.00328803830775118
6035,0.00328803830775118
6036,0.00328803830775118
6037,0.00328803830775118
6038,0.00328803830775118
6039,0.00328803830775118
6040,0.00328803830775118
6041,0.00328803830775118
6042,0.00328803830775118
6043,0.00328803830775118
6044,0.00328803830775118
6045,0.00328803830775118
6046,0.00328803830775118
6047,0.00328803830775118
6048,0.00328803830775118
6049,0.00328803830775118
6050,0.00328803830775118
6051,0.00328803830775118
6052,0.00328803830775118
6053,0.00328803830775118
6054,0.00328803830775118
6055,0.00328803830775118
6056,0.00328803830775118
6057,0.00328803830775118
6058,0.00328803830775118
6059,0.00328803830775118
6060,0.00328803830775118
6061,0.00328803830775118
6062,0.00328803830775118
6063,0.00328803830775118
6064,0.00328803830775118
6065,0.00328803830775118
6066,0.00328803830775118
6067,0.00328803830775118
6068,0.00328803830775118
6069,0.00328803830775118
6070,0.00328803830775118
6071,0.00328803830775118
6072,0.00328803830775118
6073,0.00328803830775118
6074,0.00328803830775118
6075,0.00328803830775118
6076,0.00328803830775118
6077,0.00328803830775118
6078,0.00328803830775118
6079,0.00328803830775118
6080,0.00328803830775118
6081,0.00328803830775118
6082,0.00328803830775118
6083,0.00328803830775118
6084,0.00328803830775118
6085,0.00328803830775118
6086,0.00328803830775118
6087,0.00328803830775118
6088,0.00328803830775118
6089,0.00328803830775118
6090,0.00328803830775118
6091,0.00328803830775118
6092,0.00328803830775118
6093,0.00328803830775118
6094,0.00328803830775118
6095,0.00328803830775118
6096,0.00328803830775118
6097,0.00328803830775118
6098,0.00328803830775118
6099,0.00328803830775118
6100,0.00328803830775118
6101,0.00328803830775118
6102,0.00328803830775118
6103,0.00328803830775118
6104,0.00328803830775118
6105,0.00328803830775118
6106,0.00328803830775118
6107,0.00328803830775118
6108,0.00328803830775118
6109,0.00328803830775118
6110,0.00328803830775118
6111,0.00328803830775118
6112,0.00328803830775118
6113,0.00328803830775118
6114,0.00328803830775118
6115,0.00328803830775118
6116,0.00328803830775118
6117,0.00328803830775118
6118,0.00328803830775118
6119,0.00328803830775118
6120,0.00328803830775118
6121,0.00328803830775118
6122,0.00328803830775118
6123,0.00328803830775118
6124,0.00328803830775118
6125,0.00328803830775118
6126,0.00328803830775118
6127,0.00328803830775118
6128,0.00328803830775118
6129,0.00328803830775118
6130,0.00328803830775118
6131,0.00328803830775118
6132,0.00328803830775118
6133,0.00328803830775118
6134,0.00328803830775118
6135,0.00328803830775118
6136,0.00328803830775118
6137,0.00328803830775118
6138,0.00328803830775118
6139,0.00328803830775118
6140,0.00328803830775118
6141,0.00328803830775118
6142,0.00328803830775118
6143,0.00328803830775118
6144,0.00328803830775118
6145,0.00328803830775118
6146,0.00328803830775118
6147,0.00328803830775118
6148,0.00328803830775118
6149,0.00328803830775118
6150,0.00328803830775118
6151,0.00328803830775118
6152,0.00328803830775118
6153,0.00328803830775118
6154,0.00328803830775118
6155,0.00328803830775118
6156,0.00328803830775118
6157,0.00328803830775118
6158,0.00328803830775118
6159,0.00328803830775118
6160,0.00328803830775118
6161,0.00328803830775118
6162,0.00328803830775118
6163,0.00328803830775118
6164,0.00328803830775118
6165,0.00328803830775118
6166,0.00328803830775118
6167,0.00328803830775118
6168,0.00328803830775118
6169,0.00328803830775118
6170,0.00328803830775118
6171,0.00328803830775118
6172,0.00328803830775118
6173,0.00328803830775118
6174,0.00328803830775118
6175,0.00328803830775118
6176,0.00328803830775118
6177,0.00328803830775118
6178,0.00328803830775118
6179,0.00328803830775118
6180,0.00328803830775118
6181,0.00328803830775118
6182,0.00328803830775118
6183,0.00328803830775118
6184,0.00328803830775118
6185,0.00328803830775118
6186,0.00328803830775118
6187,0.00328803830775118
6188,0.00328803830775118
6189,0.00328803830775118
6190,0.00328803830775118
6191,0.00328803830775118
6192,0.00328803830775118
6193,0.00328803830775118
6194,0.00328803830775118
6195,0.00328803830775118
6196,0.00328803830775118
6197,0.00328803830775118
6198,0.00328803830775118
6199,0.00328803830775118
6200,0.00328803830775118
6201,0.00328803830775118
6202,0.00328803830775118
6203,0.00328803830775118
6204,0.00328803830775118
6205,0.00328803830775118
6206,0.00328803830775118
6207,0.00328803830775118
6208,0.00328803830775118
6209,0.00328803830775118
6210,0.00328803830775118
6211,0.00328803830775118
6212,0.00328803830775118
6213,0.00328803830775118
6214,0.00328803830775118
6215,0.00328803830775118
6216,0.00328803830775118
6217,0.00328803830775118
6218,0.00328803830775118
6219,0.00328803830775118
6220,0.00328803830775118
6221,0.00328803830775118
6222,0.00328803830775118
6223,0.00328803830775118
6224,0.00328803830775118
6225,0.00328803830775118
6226,0.00328803830775118
6227,0.00328803830775118
6228,0.00328803830775118
6229,0.00328803830775118
6230,0.00328803830775118
6231,0.00328803830775118
6232,0.00328803830775118
6233,0.00328803830775118
6234,0.00328803830775118
6235,0.00328803830775118
6236,0.00328803830775118
6237,0.00328803830775118
6238,0.00328803830775118
6239,0.00328803830775118
6240,0.00328803830775118
6241,0.00328803830775118
6242,0.00328803830775118
6243,0.00328803830775118
6244,0.00328803830775118
6245,0.00328803830775118
6246,0.00328803830775118
6247,0.00328803830775118
6248,0.00328803830775118
6249,0.00328803830775118
6250,0.00328803830775118
6251,0.00328803830775118
6252,0.00328803830775118
6253,0.00328803830775118
6254,0.00328803830775118
6255,0.00328803830775118
6256,0.00328803830775118
6257,0.00328803830775118
6258,0.00328803830775118
6259,0.00328803830775118
6260,0.00328803830775118
6261,0.00328803830775118
6262,0.00328803830775118
6263,0.00328803830775118
6264,0.00328803830775118
6265,0.00328803830775118
6266,0.00328803830775118
6267,0.00328803830775118
6268,0.00328803830775118
6269,0.00328803830775118
6270,0.00328803830775118
6271,0.00328803830775118
6272,0.00328803830775118
6273,0.00328803830775118
6274,0.00328803830775118
6275,0.00328803830775118
6276,0.00328803830775118
6277,0.00328803830775118
6278,0.00328803830775118
6279,0.00328803830775118
6280,0.00328803830775118
6281,0.00328803830775118
6282,0.00328803830775118
6283,0.00328803830775118
6284,0.00328803830775118
6285,0.00328803830775118
6286,0.00328803830775118
6287,0.00328803830775118
6288,0.00328803830775118
6289,0.00328803830775118
6290,0.00328803830775118
6291,0.00328803830775118
6292,0.00328803830775118
6293,0.00328803830775118
6294,0.00328803830775118
6295,0.00328803830775118
6296,0.00328803830775118
6297,0.00328803830775118
6298,0.00328803830775118
6299,0.00328803830775118
6300,0.00328803830775118
6301,0.00328803830775118
6302,0.00328803830775118
6303,0.00328803830775118
6304,0.00328803830775118
6305,0.00328803830775118
6306,0.00328803830775118
6307,0.00328803830775118
6308,0.00328803830775118
6309,0.00328803830775118
6310,0.00328803830775118
6311,0.00328803830775118
6312,0.00328803830775118
6313,0.00328803830775118
6314,0.00328803830775118
6315,0.00328803830775118
6316,0.00328803830775118
6317,0.00328803830775118
6318,0.00328803830775118
6319,0.00328803830775118
6320,0.00328803830775118
6321,0.00328803830775118
6322,0.00328803830775118
6323,0.00328803830775118
6324,0.00328803830775118
6325,0.00328803830775118
6326,0.00328803830775118
6327,0.00328803830775118
6328,0.00328803830775118
6329,0.00328803830775118
6330,0.00328803830775118
6331,0.00328803830775118
6332,0.00328803830775118
6333,0.00328803830775118
6334,0.00328803830775118
6335,0.00328803830775118
6336,0.00328803830775118
6337,0.00328803830775118
6338,0.00328803830775118
6339,0.00328803830775118
6340,0.00328803830775118
6341,0.00328803830775118
6342,0.00328803830775118
6343,0.00328803830775118
6344,0.00328803830775118
6345,0.00328803830775118
6346,0.00328803830775118
6347,0.00328803830775118
6348,0.00328803830775118
6349,0.00328803830775118
6350,0.00328803830775118
6351,0.00328803830775118
6352,0.00328803830775118
6353,0.00328803830775118
6354,0.00328803830775118
6355,0.00328803830775118
6356,0.00328803830775118
6357,0.00328803830775118
6358,0.00328803830775118
6359,0.00328803830775118
6360,0.00328803830775118
6361,0.00328803830775118
6362,0.00328803830775118
6363,0.00328803830775118
6364,0.00328803830775118
6365,0.00328803830775118
6366,0.00328803830775118
6367,0.00328803830775118
6368,0.00328803830775118
6369,0.00328803830775118
6370,0.00328803830775118
6371,0.00328803830775118
6372,0.00328803830775118
6373,0.00328803830775118
6374,0.00328803830775118
6375,0.00328803830775118
6376,0.00328803830775118
6377,0.00328803830775118
6378,0.00328803830775118
6379,0.00328803830775118
6380,0.00328803830775118
6381,0.00328803830775118
6382,0.00328803830775118
6383,0.00328803830775118
6384,0.00328803830775118
6385,0.00328803830775118
6386,0.00328803830775118
6387,0.00328803830775118
6388,0.00328803830775118
6389,0.00328803830775118
6390,0.00328803830775118
6391,0.00328803830775118
6392,0.00328803830775118
6393,0.00328803830775118
6394,0.00328803830775118
6395,0.00328803830775118
6396,0.00328803830775118
6397,0.00328803830775118
6398,0.00328803830775118
6399,0.00328803830775118
6400,0.00328803830775118
6401,0.00328803830775118
6402,0.00328803830775118
6403,0.00328803830775118
6404,0.00328803830775118
6405,0.00328803830775118
6406,0.00328803830775118
6407,0.00328803830775118
6408,0.00328803830775118
6409,0.00328803830775118
6410,0.00328803830775118
6411,0.00328803830775118
6412,0.00328803830775118
6413,0.00328803830775118
6414,0.00328803830775118
6415,0.00328803830775118
6416,0.00328803830775118
6417,0.00328803830775118
6418,0.00328803830775118
6419,0.00328803830775118
6420,0.00328803830775118
6421,0.00328803830775118
6422,0.00328803830775118
6423,0.00328803830775118
6424,0.00328803830775118
6425,0.00328803830775118
6426,0.00328803830775118
6427,0.00328803830775118
6428,0.00328803830775118
6429,0.00328803830775118
6430,0.00328803830775118
6431,0.00328803830775118
6432,0.00328803830775118
6433,0.00328803830775118
6434,0.00328803830775118
6435,0.00328803830775118
6436,0.00328803830775118
6437,0.00328803830775118
6438,0.00328803830775118
6439,0.00328803830775118
6440,0.00328803830775118
6441,0.00328803830775118
6442,0.00328803830775118
6443,0.00328803830775118
6444,0.00328803830775118
6445,0.00328803830775118
6446,0.00328803830775118
6447,0.00328803830775118
6448,0.00328803830775118
6449,0.00328803830775118
6450,0.00328803830775118
6451,0.00328803830775118
6452,0.00328803830775118
6453,0.00328803830775118
6454,0.00328803830775118
6455,0.00328803830775118
6456,0.00328803830775118
6457,0.00328803830775118
6458,0.00328803830775118
6459,0.00328803830775118
6460,0.00328803830775118
6461,0.00328803830775118
6462,0.00328803830775118
6463,0.00328803830775118
6464,0.00328803830775118
6465,0.00328803830775118
6466,0.00328803830775118
6467,0.00328803830775118
6468,0.00328803830775118
6469,0.00328803830775118
6470,0.00328803830775118
6471,0.00328803830775118
6472,0.00328803830775118
6473,0.00328803830775118
6474,0.00328803830775118
6475,0.00328803830775118
6476,0.00328803830775118
6477,0.00328803830775118
6478,0.00328803830775118
6479,0.00328803830775118
6480,0.00328803830775118
6481,0.00328803830775118
6482,0.00328803830775118
6483,0.00328803830775118
6484,0.00328803830775118
6485,0.00328803830775118
6486,0.00328803830775118
6487,0.00328803830775118
6488,0.00328803830775118
6489,0.00328803830775118
6490,0.00328803830775118
6491,0.00328803830775118
6492,0.00328803830775118
6493,0.00328803830775118
6494,0.00328803830775118
6495,0.00328803830775118
6496,0.00328803830775118
6497,0.00328803830775118
6498,0.00328803830775118
6499,0.00328803830775118
6500,0.00328803830775118
6501,0.00328803830775118
6502,0.00328803830775118
6503,0.00328803830775118
6504,0.00328803830775118
6505,0.00328803830775118
6506,0.00328803830775118
6507,0.00328803830775118
6508,0.00328803830775118
6509,0.00328803830775118
6510,0.00328803830775118
6511,0.00328803830775118
6512,0.00328803830775118
6513,0.00328803830775118
6514,0.00328803830775118
6515,0.00328803830775118
6516,0.00328803830775118
6517,0.00328803830775118
6518,0.00328803830775118
6519,0.00328803830775118
6520,0.00328803830775118
6521,0.00328803830775118
6522,0.00328803830775118
6523,0.00328803830775118
6524,0.00328803830775118
6525,0.00328803830775118
6526,0.00328803830775118
6527,0.00328803830775118
6528,0.00328803830775118
6529,0.00328803830775118
6530,0.00328803830775118
6531,0.00328803830775118
6532,0.00328803830775118
6533,0.00328803830775118
6534,0.00328803830775118
6535,0.00328803830775118
6536,0.00328803830775118
6537,0.00328803830775118
6538,0.00328803830775118
6539,0.00328803830775118
6540,0.00328803830775118
6541,0.00328803830775118
6542,0.00328803830775118
6543,0.00328803830775118
6544,0.00328803830775118
6545,0.00328803830775118
6546,0.00328803830775118
6547,0.00328803830775118
6548,0.00328803830775118
6549,0.00328803830775118
6550,0.00328803830775118
6551,0.00328803830775118
6552,0.00328803830775118
6553,0.00328803830775118
6554,0.00328803830775118
6555,0.00328803830775118
6556,0.00328803830775118
6557,0.00328803830775118
6558,0.00328803830775118
6559,0.00328803830775118
6560,0.00328803830775118
6561,0.00328803830775118
6562,0.00328803830775118
6563,0.00328803830775118
6564,0.00328803830775118
6565,0.00328803830775118
6566,0.00328803830775118
6567,0.00328803830775118
6568,0.00328803830775118
6569,0.00328803830775118
6570,0.00328803830775118
6571,0.00328803830775118
6572,0.00328803830775118
6573,0.00328803830775118
6574,0.00328803830775118
6575,0.00328803830775118
6576,0.00328803830775118
6577,0.00328803830775118
6578,0.00328803830775118
6579,0.00328803830775118
6580,0.00328803830775118
6581,0.00328803830775118
6582,0.00328803830775118
6583,0.00328803830775118
6584,0.00328803830775118
6585,0.00328803830775118
6586,0.00328803830775118
6587,0.00328803830775118
6588,0.00328803830775118
6589,0.00328803830775118
6590,0.00328803830775118
6591,0.00328803830775118
6592,0.00328803830775118
6593,0.00328803830775118
6594,0.00328803830775118
6595,0.00328803830775118
6596,0.00328803830775118
6597,0.00328803830775118
6598,0.00328803830775118
6599,0.00328803830775118
6600,0.00328803830775118
6601,0.00328803830775118
6602,0.00328803830775118
6603,0.00328803830775118
6604,0.00328803830775118
6605,0.00328803830775118
6606,0.00328803830775118
6607,0.00328803830775118
6608,0.00328803830775118
6609,0.00328803830775118
6610,0.00328803830775118
6611,0.00328803830775118
6612,0.00328803830775118
6613,0.00328803830775118
6614,0.00328803830775118
6615,0.00328803830775118
6616,0.00328803830775118
6617,0.00328803830775118
6618,0.00328803830775118
6619,0.00328803830775118
6620,0.00328803830775118
6621,0.00328803830775118
6622,0.00328803830775118
6623,0.00328803830775118
6624,0.00328803830775118
6625,0.00328803830775118
6626,0.00328803830775118
6627,0.00328803830775118
6628,0.00328803830775118
6629,0.00328803830775118
6630,0.00328803830775118
6631,0.00328803830775118
6632,0.00328803830775118
6633,0.00328803830775118
6634,0.00328803830775118
6635,0.00328803830775118
6636,0.00328803830775118
6637,0.00328803830775118
6638,0.00328803830775118
6639,0.00328803830775118
6640,0.00328803830775118
6641,0.00328803830775118
6642,0.00328803830775118
6643,0.00328803830775118
6644,0.00328803830775118
6645,0.00328803830775118
6646,0.00328803830775118
6647,0.00328803830775118
6648,0.00328803830775118
6649,0.00328803830775118
6650,0.00328803830775118
6651,0.00328803830775118
6652,0.00328803830775118
6653,0.00328803830775118
6654,0.00328803830775118
6655,0.00328803830775118
6656,0.00328803830775118
6657,0.00328803830775118
6658,0.00328803830775118
6659,0.00328803830775118
6660,0.00328803830775118
6661,0.00328803830775118
6662,0.00328803830775118
6663,0.00328803830775118
6664,0.00328803830775118
6665,0.00328803830775118
6666,0.00328803830775118
6667,0.00328803830775118
6668,0.00328803830775118
6669,0.00328803830775118
6670,0.00328803830775118
6671,0.00328803830775118
6672,0.00328803830775118
6673,0.00328803830775118
6674,0.00328803830775118
6675,0.00328803830775118
6676,0.00328803830775118
6677,0.00328803830775118
6678,0.00328803830775118
6679,0.00328803830775118
6680,0.00328803830775118
6681,0.00328803830775118
6682,0.00328803830775118
6683,0.00328803830775118
6684,0.00328803830775118
6685,0.00328803830775118
6686,0.00328803830775118
6687,0.00328803830775118
6688,0.00328803830775118
6689,0.00328803830775118
6690,0.00328803830775118
6691,0.00328803830775118
6692,0.00328803830775118
6693,0.00328803830775118
6694,0.00328803830775118
6695,0.00328803830775118
6696,0.00328803830775118
6697,0.00328803830775118
6698,0.00328803830775118
6699,0.00328803830775118
6700,0.00328803830775118
6701,0.00328803830775118
6702,0.00328803830775118
6703,0.00328803830775118
6704,0.00328803830775118
6705,0.00328803830775118
6706,0.00328803830775118
6707,0.00328803830775118
6708,0.00328803830775118
6709,0.00328803830775118
6710,0.00328803830775118
6711,0.00328803830775118
6712,0.00328803830775118
6713,0.00328803830775118
6714,0.00328803830775118
6715,0.00328803830775118
6716,0.00328803830775118
6717,0.00328803830775118
6718,0.00328803830775118
6719,0.00328803830775118
6720,0.00328803830775118
6721,0.00328803830775118
6722,0.00328803830775118
6723,0.00328803830775118
6724,0.00328803830775118
6725,0.00328803830775118
6726,0.00328803830775118
6727,0.00328803830775118
6728,0.00328803830775118
6729,0.00328803830775118
6730,0.00328803830775118
6731,0.00328803830775118
6732,0.00328803830775118
6733,0.00328803830775118
6734,0.00328803830775118
6735,0.00328803830775118
6736,0.00328803830775118
6737,0.00328803830775118
6738,0.00328803830775118
6739,0.00328803830775118
6740,0.00328803830775118
6741,0.00328803830775118
6742,0.00328803830775118
6743,0.00328803830775118
6744,0.00328803830775118
6745,0.00328803830775118
6746,0.00328803830775118
6747,0.00328803830775118
6748,0.00328803830775118
6749,0.00328803830775118
6750,0.00328803830775118
6751,0.00328803830775118
6752,0.00328803830775118
6753,0.00328803830775118
6754,0.00328803830775118
6755,0.00328803830775118
6756,0.00328803830775118
6757,0.00328803830775118
6758,0.00328803830775118
6759,0.00328803830775118
6760,0.00328803830775118
6761,0.00328803830775118
6762,0.00328803830775118
6763,0.00328803830775118
6764,0.00328803830775118
6765,0.00328803830775118
6766,0.00328803830775118
6767,0.00328803830775118
6768,0.00328803830775118
6769,0.00328803830775118
6770,0.00328803830775118
6771,0.00328803830775118
6772,0.00328803830775118
6773,0.00328803830775118
6774,0.00328803830775118
6775,0.00328803830775118
6776,0.00328803830775118
6777,0.00328803830775118
6778,0.00328803830775118
6779,0.00328803830775118
6780,0.00328803830775118
6781,0.00328803830775118
6782,0.00328803830775118
6783,0.00328803830775118
6784,0.00328803830775118
6785,0.00328803830775118
6786,0.00328803830775118
6787,0.00328803830775118
6788,0.00328803830775118
6789,0.00328803830775118
6790,0.00328803830775118
6791,0.00328803830775118
6792,0.00328803830775118
6793,0.00328803830775118
6794,0.00328803830775118
6795,0.00328803830775118
6796,0.00328803830775118
6797,0.00328803830775118
6798,0.00328803830775118
6799,0.00328803830775118
6800,0.00328803830775118
6801,0.00328803830775118
6802,0.00328803830775118
6803,0.00328803830775118
6804,0.00328803830775118
6805,0.00328803830775118
6806,0.00328803830775118
6807,0.00328803830775118
6808,0.00328803830775118
6809,0.00328803830775118
6810,0.00328803830775118
6811,0.00328803830775118
6812,0.00328803830775118
6813,0.00328803830775118
6814,0.00328803830775118
6815,0.00328803830775118
6816,0.00328803830775118
6817,0.00328803830775118
6818,0.00328803830775118
6819,0.00328803830775118
6820,0.00328803830775118
6821,0.00328803830775118
6822,0.00328803830775118
6823,0.00328803830775118
6824,0.00328803830775118
6825,0.00328803830775118
6826,0.00328803830775118
6827,0.00328803830775118
6828,0.00328803830775118
6829,0.00328803830775118
6830,0.00328803830775118
6831,0.00328803830775118
6832,0.00328803830775118
6833,0.00328803830775118
6834,0.00328803830775118
6835,0.00328803830775118
6836,0.00328803830775118
6837,0.00328803830775118
6838,0.00328803830775118
6839,0.00328803830775118
6840,0.00328803830775118
6841,0.00328803830775118
6842,0.00328803830775118
6843,0.00328803830775118
6844,0.00328803830775118
6845,0.00328803830775118
6846,0.00328803830775118
6847,0.00328803830775118
6848,0.00328803830775118
6849,0.00328803830775118
6850,0.00328803830775118
6851,0.00328803830775118
6852,0.00328803830775118
6853,0.00328803830775118
6854,0.00328803830775118
6855,0.00328803830775118
6856,0.00328803830775118
6857,0.00328803830775118
6858,0.00328803830775118
6859,0.00328803830775118
6860,0.00328803830775118
6861,0.00328803830775118
6862,0.00328803830775118
6863,0.00328803830775118
6864,0.00328803830775118
6865,0.00328803830775118
6866,0.00328803830775118
6867,0.00328803830775118
6868,0.00328803830775118
6869,0.00328803830775118
6870,0.00328803830775118
6871,0.00328803830775118
6872,0.00328803830775118
6873,0.00328803830775118
6874,0.00328803830775118
6875,0.00328803830775118
6876,0.00328803830775118
6877,0.00328803830775118
6878,0.00328803830775118
6879,0.00328803830775118
6880,0.00328803830775118
6881,0.00328803830775118
6882,0.00328803830775118
6883,0.00328803830775118
6884,0.00328803830775118
6885,0.00328803830775118
6886,0.00328803830775118
6887,0.00328803830775118
6888,0.00328803830775118
6889,0.00328803830775118
6890,0.00328803830775118
6891,0.00328803830775118
6892,0.00328803830775118
6893,0.00328803830775118
6894,0.00328803830775118
6895,0.00328803830775118
6896,0.00328803830775118
6897,0.00328803830775118
6898,0.00328803830775118
6899,0.00328803830775118
6900,0.00328803830775118
6901,0.00328803830775118
6902,0.00328803830775118
6903,0.00328803830775118
6904,0.00328803830775118
6905,0.00328803830775118
6906,0.00328803830775118
6907,0.00328803830775118
6908,0.00328803830775118
6909,0.00328803830775118
6910,0.00328803830775118
6911,0.00328803830775118
6912,0.00328803830775118
6913,0.00328803830775118
6914,0.00328803830775118
6915,0.00328803830775118
6916,0.00328803830775118
6917,0.00328803830775118
6918,0.00328803830775118
6919,0.00328803830775118
6920,0.00328803830775118
6921,0.00328803830775118
6922,0.00328803830775118
6923,0.00328803830775118
6924,0.00328803830775118
6925,0.00328803830775118
6926,0.00328803830775118
6927,0.00328803830775118
6928,0.00328803830775118
6929,0.00328803830775118
6930,0.00328803830775118
6931,0.00328803830775118
6932,0.00328803830775118
6933,0.00328803830775118
6934,0.00328803830775118
6935,0.00328803830775118
6936,0.00328803830775118
6937,0.00328803830775118
6938,0.00328803830775118
6939,0.00328803830775118
6940,0.00328803830775118
6941,0.00328803830775118
6942,0.00328803830775118
6943,0.00328803830775118
6944,0.00328803830775118
6945,0.00328803830775118
6946,0.00328803830775118
6947,0.00328803830775118
6948,0.00328803830775118
6949,0.00328803830775118
6950,0.00328803830775118
6951,0.00328803830775118
6952,0.00328803830775118
6953,0.00328803830775118
6954,0.00328803830775118
6955,0.00328803830775118
6956,0.00328803830775118
6957,0.00328803830775118
6958,0.00328803830775118
6959,0.00328803830775118
6960,0.00328803830775118
6961,0.00328803830775118
6962,0.00328803830775118
6963,0.00328803830775118
6964,0.00328803830775118
6965,0.00328803830775118
6966,0.00328803830775118
6967,0.00328803830775118
6968,0.00328803830775118
6969,0.00328803830775118
6970,0.00328803830775118
6971,0.00328803830775118
6972,0.00328803830775118
6973,0.00328803830775118
6974,0.00328803830775118
6975,0.00328803830775118
6976,0.00328803830775118
6977,0.00328803830775118
6978,0.00328803830775118
6979,0.00328803830775118
6980,0.00328803830775118
6981,0.00328803830775118
6982,0.00328803830775118
6983,0.00328803830775118
6984,0.00328803830775118
6985,0.00328803830775118
6986,0.00328803830775118
6987,0.00328803830775118
6988,0.00328803830775118
6989,0.00328803830775118
6990,0.00328803830775118
6991,0.00328803830775118
6992,0.00328803830775118
6993,0.00328803830775118
6994,0.00328803830775118
6995,0.00328803830775118
6996,0.00328803830775118
6997,0.00328803830775118
6998,0.00328803830775118
6999,0.00328803830775118
7000,0.00328803830775118
7001,0.00328803830775118
7002,0.00328803830775118
7003,0.00328803830775118
7004,0.00328803830775118
7005,0.00328803830775118
7006,0.00328803830775118
7007,0.00328803830775118
7008,0.00328803830775118
7009,0.00328803830775118
7010,0.00328803830775118
7011,0.00328803830775118
7012,0.00328803830775118
7013,0.00328803830775118
7014,0.00328803830775118
7015,0.00328803830775118
7016,0.00328803830775118
7017,0.00328803830775118
7018,0.00328803830775118
7019,0.00328803830775118
7020,0.00328803830775118
7021,0.00328803830775118
7022,0.00328803830775118
7023,0.00328803830775118
7024,0.00328803830775118
7025,0.00328803830775118
7026,0.00328803830775118
7027,0.00328803830775118
7028,0.00328803830775118
7029,0.00328803830775118
7030,0.00328803830775118
7031,0.00328803830775118
7032,0.00328803830775118
7033,0.00328803830775118
7034,0.00328803830775118
7035,0.00328803830775118
7036,0.00328803830775118
7037,0.00328803830775118
7038,0.00328803830775118
7039,0.00328803830775118
7040,0.00328803830775118
7041,0.00328803830775118
7042,0.00328803830775118
7043,0.00328803830775118
7044,0.00328803830775118
7045,0.00328803830775118
7046,0.00328803830775118
7047,0.00328803830775118
7048,0.00328803830775118
7049,0.00328803830775118
7050,0.00328803830775118
7051,0.00328803830775118
7052,0.00328803830775118
7053,0.00328803830775118
7054,0.00328803830775118
7055,0.00328803830775118
7056,0.00328803830775118
7057,0.00328803830775118
7058,0.00328803830775118
7059,0.00328803830775118
7060,0.00328803830775118
7061,0.00328803830775118
7062,0.00328803830775118
7063,0.00328803830775118
7064,0.00328803830775118
7065,0.00328803830775118
7066,0.00328803830775118
7067,0.00328803830775118
7068,0.00328803830775118
7069,0.00328803830775118
7070,0.00328803830775118
7071,0.00328803830775118
7072,0.00328803830775118
7073,0.00328803830775118
7074,0.00328803830775118
7075,0.00328803830775118
7076,0.00328803830775118
7077,0.00328803830775118
7078,0.00328803830775118
7079,0.00328803830775118
7080,0.00328803830775118
7081,0.00328803830775118
7082,0.00328803830775118
7083,0.00328803830775118
7084,0.00328803830775118
7085,0.00328803830775118
7086,0.00328803830775118
7087,0.00328803830775118
7088,0.00328803830775118
7089,0.00328803830775118
7090,0.00328803830775118
7091,0.00328803830775118
7092,0.00328803830775118
7093,0.00328803830775118
7094,0.00328803830775118
7095,0.00328803830775118
7096,0.00328803830775118
7097,0.00328803830775118
7098,0.00328803830775118
7099,0.00328803830775118
7100,0.00328803830775118
7101,0.00328803830775118
7102,0.00328803830775118
7103,0.00328803830775118
7104,0.00328803830775118
7105,0.00328803830775118
7106,0.00328803830775118
7107,0.00328803830775118
7108,0.00328803830775118
7109,0.00328803830775118
7110,0.00328803830775118
7111,0.00328803830775118
7112,0.00328803830775118
7113,0.00328803830775118
7114,0.00328803830775118
7115,0.00328803830775118
7116,0.00328803830775118
7117,0.00328803830775118
7118,0.00328803830775118
7119,0.00328803830775118
7120,0.00328803830775118
7121,0.00328803830775118
7122,0.00328803830775118
7123,0.00328803830775118
7124,0.00328803830775118
7125,0.00328803830775118
7126,0.00328803830775118
7127,0.00328803830775118
7128,0.00328803830775118
7129,0.00328803830775118
7130,0.00328803830775118
7131,0.00328803830775118
7132,0.00328803830775118
7133,0.00328803830775118
7134,0.00328803830775118
7135,0.00328803830775118
7136,0.00328803830775118
7137,0.00328803830775118
7138,0.00328803830775118
7139,0.00328803830775118
7140,0.00328803830775118
7141,0.00328803830775118
7142,0.00328803830775118
7143,0.00328803830775118
7144,0.00328803830775118
7145,0.00328803830775118
7146,0.00328803830775118
7147,0.00328803830775118
7148,0.00328803830775118
7149,0.00328803830775118
7150,0.00328803830775118
7151,0.00328803830775118
7152,0.00328803830775118
7153,0.00328803830775118
7154,0.00328803830775118
7155,0.00328803830775118
7156,0.00328803830775118
7157,0.00328803830775118
7158,0.00328803830775118
7159,0.00328803830775118
7160,0.00328803830775118
7161,0.00328803830775118
7162,0.00328803830775118
7163,0.00328803830775118
7164,0.00328803830775118
7165,0.00328803830775118
7166,0.00328803830775118
7167,0.00328803830775118
7168,0.00328803830775118
7169,0.00328803830775118
7170,0.00328803830775118
7171,0.00328803830775118
7172,0.00328803830775118
7173,0.00328803830775118
7174,0.00328803830775118
7175,0.00328803830775118
7176,0.00328803830775118
7177,0.00328803830775118
7178,0.00328803830775118
7179,0.00328803830775118
7180,0.00328803830775118
7181,0.00328803830775118
7182,0.00328803830775118
7183,0.00328803830775118
7184,0.00328803830775118
7185,0.00328803830775118
7186,0.00328803830775118
7187,0.00328803830775118
7188,0.00328803830775118
7189,0.00328803830775118
7190,0.00328803830775118
7191,0.00328803830775118
7192,0.00328803830775118
7193,0.00328803830775118
7194,0.00328803830775118
7195,0.00328803830775118
7196,0.00328803830775118
7197,0.00328803830775118
7198,0.00328803830775118
7199,0.00328803830775118
7200,0.00328803830775118
7201,0.00328803830775118
7202,0.00328803830775118
7203,0.00328803830775118
7204,0.00328803830775118
7205,0.00328803830775118
7206,0.00328803830775118
7207,0.00328803830775118
7208,0.00328803830775118
7209,0.00328803830775118
7210,0.00328803830775118
7211,0.00328803830775118
7212,0.00328803830775118
7213,0.00328803830775118
7214,0.00328803830775118
7215,0.00328803830775118
7216,0.00328803830775118
7217,0.00328803830775118
7218,0.00328803830775118
7219,0.00328803830775118
7220,0.00328803830775118
7221,0.00328803830775118
7222,0.00328803830775118
7223,0.00328803830775118
7224,0.00328803830775118
7225,0.00328803830775118
7226,0.00328803830775118
7227,0.00328803830775118
7228,0.00328803830775118
7229,0.00328803830775118
7230,0.00328803830775118
7231,0.00328803830775118
7232,0.00328803830775118
7233,0.00328803830775118
7234,0.00328803830775118
7235,0.00328803830775118
7236,0.00328803830775118
7237,0.00328803830775118
7238,0.00328803830775118
7239,0.00328803830775118
7240,0.00328803830775118
7241,0.00328803830775118
7242,0.00328803830775118
7243,0.00328803830775118
7244,0.00328803830775118
7245,0.00328803830775118
7246,0.00328803830775118
7247,0.00328803830775118
7248,0.00328803830775118
7249,0.00328803830775118
7250,0.00328803830775118
7251,0.00328803830775118
7252,0.00328803830775118
7253,0.00328803830775118
7254,0.00328803830775118
7255,0.00328803830775118
7256,0.00328803830775118
7257,0.00328803830775118
7258,0.00328803830775118
7259,0.00328803830775118
7260,0.00328803830775118
7261,0.00328803830775118
7262,0.00328803830775118
7263,0.00328803830775118
7264,0.00328803830775118
7265,0.00328803830775118
7266,0.00328803830775118
7267,0.00328803830775118
7268,0.00328803830775118
7269,0.00328803830775118
7270,0.00328803830775118
7271,0.00328803830775118
7272,0.00328803830775118
7273,0.00328803830775118
7274,0.00328803830775118
7275,0.00328803830775118
7276,0.00328803830775118
7277,0.00328803830775118
7278,0.00328803830775118
7279,0.00328803830775118
7280,0.00328803830775118
7281,0.00328803830775118
7282,0.00328803830775118
7283,0.00328803830775118
7284,0.00328803830775118
7285,0.00328803830775118
7286,0.00328803830775118
7287,0.00328803830775118
7288,0.00328803830775118
7289,0.00328803830775118
7290,0.00328803830775118
7291,0.00328803830775118
7292,0.00328803830775118
7293,0.00328803830775118
7294,0.00328803830775118
7295,0.00328803830775118
7296,0.00328803830775118
7297,0.00328803830775118
7298,0.00328803830775118
7299,0.00328803830775118
7300,0.00328803830775118
7301,0.00328803830775118
7302,0.00328803830775118
7303,0.00328803830775118
7304,0.00328803830775118
7305,0.00328803830775118
7306,0.00328803830775118
7307,0.00328803830775118
7308,0.00328803830775118
7309,0.00328803830775118
7310,0.00328803830775118
7311,0.00328803830775118
7312,0.00328803830775118
7313,0.00328803830775118
7314,0.00328803830775118
7315,0.00328803830775118
7316,0.00328803830775118
7317,0.00328803830775118
7318,0.00328803830775118
7319,0.00328803830775118
7320,0.00328803830775118
7321,0.00328803830775118
7322,0.00328803830775118
7323,0.00328803830775118
7324,0.00328803830775118
7325,0.00328803830775118
7326,0.00328803830775118
7327,0.00328803830775118
7328,0.00328803830775118
7329,0.00328803830775118
7330,0.00328803830775118
7331,0.00328803830775118
7332,0.00328803830775118
7333,0.00328803830775118
7334,0.00328803830775118
7335,0.00328803830775118
7336,0.00328803830775118
7337,0.00328803830775118
7338,0.00328803830775118
7339,0.00328803830775118
7340,0.00328803830775118
7341,0.00328803830775118
7342,0.00328803830775118
7343,0.00328803830775118
7344,0.00328803830775118
7345,0.00328803830775118
7346,0.00328803830775118
7347,0.00328803830775118
7348,0.00328803830775118
7349,0.00328803830775118
7350,0.00328803830775118
7351,0.00328803830775118
7352,0.00328803830775118
7353,0.00328803830775118
7354,0.00328803830775118
7355,0.00328803830775118
7356,0.00328803830775118
7357,0.00328803830775118
7358,0.00328803830775118
7359,0.00328803830775118
7360,0.00328803830775118
7361,0.00328803830775118
7362,0.00328803830775118
7363,0.00328803830775118
7364,0.00328803830775118
7365,0.00328803830775118
7366,0.00328803830775118
7367,0.00328803830775118
7368,0.00328803830775118
7369,0.00328803830775118
7370,0.00328803830775118
7371,0.00328803830775118
7372,0.00328803830775118
7373,0.00328803830775118
7374,0.00328803830775118
7375,0.00328803830775118
7376,0.00328803830775118
7377,0.00328803830775118
7378,0.00328803830775118
7379,0.00328803830775118
7380,0.00328803830775118
7381,0.00328803830775118
7382,0.00328803830775118
7383,0.00328803830775118
7384,0.00328803830775118
7385,0.00328803830775118
7386,0.00328803830775118
7387,0.00328803830775118
7388,0.00328803830775118
7389,0.00328803830775118
7390,0.00328803830775118
7391,0.00328803830775118
7392,0.00328803830775118
7393,0.00328803830775118
7394,0.00328803830775118
7395,0.00328803830775118
7396,0.00328803830775118
7397,0.00328803830775118
7398,0.00328803830775118
7399,0.00328803830775118
7400,0.00328803830775118
7401,0.00328803830775118
7402,0.00328803830775118
7403,0.00328803830775118
7404,0.00328803830775118
7405,0.00328803830775118
7406,0.00328803830775118
7407,0.00328803830775118
7408,0.00328803830775118
7409,0.00328803830775118
7410,0.00328803830775118
7411,0.00328803830775118
7412,0.00328803830775118
7413,0.00328803830775118
7414,0.00328803830775118
7415,0.00328803830775118
7416,0.00328803830775118
7417,0.00328803830775118
7418,0.00328803830775118
7419,0.00328803830775118
7420,0.00328803830775118
7421,0.00328803830775118
7422,0.00328803830775118
7423,0.00328803830775118
7424,0.00328803830775118
7425,0.00328803830775118
7426,0.00328803830775118
7427,0.00328803830775118
7428,0.00328803830775118
7429,0.00328803830775118
7430,0.00328803830775118
7431,0.00328803830775118
7432,0.00328803830775118
7433,0.00328803830775118
7434,0.00328803830775118
7435,0.00328803830775118
7436,0.00328803830775118
7437,0.00328803830775118
7438,0.00328803830775118
7439,0.00328803830775118
7440,0.00328803830775118
7441,0.00328803830775118
7442,0.00328803830775118
7443,0.00328803830775118
7444,0.00328803830775118
7445,0.00328803830775118
7446,0.00328803830775118
7447,0.00328803830775118
7448,0.00328803830775118
7449,0.00328803830775118
7450,0.00328803830775118
7451,0.00328803830775118
7452,0.00328803830775118
7453,0.00328803830775118
7454,0.00328803830775118
7455,0.00328803830775118
7456,0.00328803830775118
7457,0.00328803830775118
7458,0.00328803830775118
7459,0.00328803830775118
7460,0.00328803830775118
7461,0.00328803830775118
7462,0.00328803830775118
7463,0.00328803830775118
7464,0.00328803830775118
7465,0.00328803830775118
7466,0.00328803830775118
7467,0.00328803830775118
7468,0.00328803830775118
7469,0.00328803830775118
7470,0.00328803830775118
7471,0.00328803830775118
7472,0.00328803830775118
7473,0.00328803830775118
7474,0.00328803830775118
7475,0.00328803830775118
7476,0.00328803830775118
7477,0.00328803830775118
7478,0.00328803830775118
7479,0.00328803830775118
7480,0.00328803830775118
7481,0.00328803830775118
7482,0.00328803830775118
7483,0.00328803830775118
7484,0.00328803830775118
7485,0.00328803830775118
7486,0.00328803830775118
7487,0.00328803830775118
7488,0.00328803830775118
7489,0.00328803830775118
7490,0.00328803830775118
7491,0.00328803830775118
7492,0.00328803830775118
7493,0.00328803830775118
7494,0.00328803830775118
7495,0.00328803830775118
7496,0.00328803830775118
7497,0.00328803830775118
7498,0.00328803830775118
7499,0.00328803830775118
7500,0.00328803830775118
7501,0.00328803830775118
7502,0.00328803830775118
7503,0.00328803830775118
7504,0.00328803830775118
7505,0.00328803830775118
7506,0.00328803830775118
7507,0.00328803830775118
7508,0.00328803830775118
7509,0.00328803830775118
7510,0.00328803830775118
7511,0.00328803830775118
7512,0.00328803830775118
7513,0.00328803830775118
7514,0.00328803830775118
7515,0.00328803830775118
7516,0.00328803830775118
7517,0.00328803830775118
7518,0.00328803830775118
7519,0.00328803830775118
7520,0.00328803830775118
7521,0.00328803830775118
7522,0.00328803830775118
7523,0.00328803830775118
7524,0.00328803830775118
7525,0.00328803830775118
7526,0.00328803830775118
7527,0.00328803830775118
7528,0.00328803830775118
7529,0.00328803830775118
7530,0.00328803830775118
7531,0.00328803830775118
7532,0.00328803830775118
7533,0.00328803830775118
7534,0.00328803830775118
7535,0.00328803830775118
7536,0.00328803830775118
7537,0.00328803830775118
7538,0.00328803830775118
7539,0.00328803830775118
7540,0.00328803830775118
7541,0.00328803830775118
7542,0.00328803830775118
7543,0.00328803830775118
7544,0.00328803830775118
7545,0.00328803830775118
7546,0.00328803830775118
7547,0.00328803830775118
7548,0.00328803830775118
7549,0.00328803830775118
7550,0.00328803830775118
7551,0.00328803830775118
7552,0.00328803830775118
7553,0.00328803830775118
7554,0.00328803830775118
7555,0.00328803830775118
7556,0.00328803830775118
7557,0.00328803830775118
7558,0.00328803830775118
7559,0.00328803830775118
7560,0.00328803830775118
7561,0.00328803830775118
7562,0.00328803830775118
7563,0.00328803830775118
7564,0.00328803830775118
7565,0.00328803830775118
7566,0.00328803830775118
7567,0.00328803830775118
7568,0.00328803830775118
7569,0.00328803830775118
7570,0.00328803830775118
7571,0.00328803830775118
7572,0.00328803830775118
7573,0.00328803830775118
7574,0.00328803830775118
7575,0.00328803830775118
7576,0.00328803830775118
7577,0.00328803830775118
7578,0.00328803830775118
7579,0.00328803830775118
7580,0.00328803830775118
7581,0.00328803830775118
7582,0.00328803830775118
7583,0.00328803830775118
7584,0.00328803830775118
7585,0.00328803830775118
7586,0.00328803830775118
7587,0.00328803830775118
7588,0.00328803830775118
7589,0.00328803830775118
7590,0.00328803830775118
7591,0.00328803830775118
7592,0.00328803830775118
7593,0.00328803830775118
7594,0.00328803830775118
7595,0.00328803830775118
7596,0.00328803830775118
7597,0.00328803830775118
7598,0.00328803830775118
7599,0.00328803830775118
7600,0.00328803830775118
7601,0.00328803830775118
7602,0.00328803830775118
7603,0.00328803830775118
7604,0.00328803830775118
7605,0.00328803830775118
7606,0.00328803830775118
7607,0.00328803830775118
7608,0.00328803830775118
7609,0.00328803830775118
7610,0.00328803830775118
7611,0.00328803830775118
7612,0.00328803830775118
7613,0.00328803830775118
7614,0.00328803830775118
7615,0.00328803830775118
7616,0.00328803830775118
7617,0.00328803830775118
7618,0.00328803830775118
7619,0.00328803830775118
7620,0.00328803830775118
7621,0.00328803830775118
7622,0.00328803830775118
7623,0.00328803830775118
7624,0.00328803830775118
7625,0.00328803830775118
7626,0.00328803830775118
7627,0.00328803830775118
7628,0.00328803830775118
7629,0.00328803830775118
7630,0.00328803830775118
7631,0.00328803830775118
7632,0.00328803830775118
7633,0.00328803830775118
7634,0.00328803830775118
7635,0.00328803830775118
7636,0.00328803830775118
7637,0.00328803830775118
7638,0.00328803830775118
7639,0.00328803830775118
7640,0.00328803830775118
7641,0.00328803830775118
7642,0.00328803830775118
7643,0.00328803830775118
7644,0.00328803830775118
7645,0.00328803830775118
7646,0.00328803830775118
7647,0.00328803830775118
7648,0.00328803830775118
7649,0.00328803830775118
7650,0.00328803830775118
7651,0.00328803830775118
7652,0.00328803830775118
7653,0.00328803830775118
7654,0.00328803830775118
7655,0.00328803830775118
7656,0.00328803830775118
7657,0.00328803830775118
7658,0.00328803830775118
7659,0.00328803830775118
7660,0.00328803830775118
7661,0.00328803830775118
7662,0.00328803830775118
7663,0.00328803830775118
7664,0.00328803830775118
7665,0.00328803830775118
7666,0.00328803830775118
7667,0.00328803830775118
7668,0.00328803830775118
7669,0.00328803830775118
7670,0.00328803830775118
7671,0.00328803830775118
7672,0.00328803830775118
7673,0.00328803830775118
7674,0.00328803830775118
7675,0.00328803830775118
7676,0.00328803830775118
7677,0.00328803830775118
7678,0.00328803830775118
7679,0.00328803830775118
7680,0.00328803830775118
7681,0.00328803830775118
7682,0.00328803830775118
7683,0.00328803830775118
7684,0.00328803830775118
7685,0.00328803830775118
7686,0.00328803830775118
7687,0.00328803830775118
7688,0.00328803830775118
7689,0.00328803830775118
7690,0.00328803830775118
7691,0.00328803830775118
7692,0.00328803830775118
7693,0.00328803830775118
7694,0.00328803830775118
7695,0.00328803830775118
7696,0.00328803830775118
7697,0.00328803830775118
7698,0.00328803830775118
7699,0.00328803830775118
7700,0.00328803830775118
7701,0.00328803830775118
7702,0.00328803830775118
7703,0.00328803830775118
7704,0.00328803830775118
7705,0.00328803830775118
7706,0.00328803830775118
7707,0.00328803830775118
7708,0.00328803830775118
7709,0.00328803830775118
7710,0.00328803830775118
7711,0.00328803830775118
7712,0.00328803830775118
7713,0.00328803830775118
7714,0.00328803830775118
7715,0.00328803830775118
7716,0.00328803830775118
7717,0.00328803830775118
7718,0.00328803830775118
7719,0.00328803830775118
7720,0.00328803830775118
7721,0.00328803830775118
7722,0.00328803830775118
7723,0.00328803830775118
7724,0.00328803830775118
7725,0.00328803830775118
7726,0.00328803830775118
7727,0.00328803830775118
7728,0.00328803830775118
7729,0.00328803830775118
7730,0.00328803830775118
7731,0.00328803830775118
7732,0.00328803830775118
7733,0.00328803830775118
7734,0.00328803830775118
7735,0.00328803830775118
7736,0.00328803830775118
7737,0.00328803830775118
7738,0.00328803830775118
7739,0.00328803830775118
7740,0.00328803830775118
7741,0.00328803830775118
7742,0.00328803830775118
7743,0.00328803830775118
7744,0.00328803830775118
7745,0.00328803830775118
7746,0.00328803830775118
7747,0.00328803830775118
7748,0.00328803830775118
7749,0.00328803830775118
7750,0.00328803830775118
7751,0.00328803830775118
7752,0.00328803830775118
7753,0.00328803830775118
7754,0.00328803830775118
7755,0.00328803830775118
7756,0.00328803830775118
7757,0.00328803830775118
7758,0.00328803830775118
7759,0.00328803830775118
7760,0.00328803830775118
7761,0.00328803830775118
7762,0.00328803830775118
7763,0.00328803830775118
7764,0.00328803830775118
7765,0.00328803830775118
7766,0.00328803830775118
7767,0.00328803830775118
7768,0.00328803830775118
7769,0.00328803830775118
7770,0.00328803830775118
7771,0.00328803830775118
7772,0.00328803830775118
7773,0.00328803830775118
7774,0.00328803830775118
7775,0.00328803830775118
7776,0.00328803830775118
7777,0.00328803830775118
7778,0.00328803830775118
7779,0.00328803830775118
7780,0.00328803830775118
7781,0.00328803830775118
7782,0.00328803830775118
7783,0.00328803830775118
7784,0.00328803830775118
7785,0.00328803830775118
7786,0.00328803830775118
7787,0.00328803830775118
7788,0.00328803830775118
7789,0.00328803830775118
7790,0.00328803830775118
7791,0.00328803830775118
7792,0.00328803830775118
7793,0.00328803830775118
7794,0.00328803830775118
7795,0.00328803830775118
7796,0.00328803830775118
7797,0.00328803830775118
7798,0.00328803830775118
7799,0.00328803830775118
7800,0.00328803830775118
7801,0.00328803830775118
7802,0.00328803830775118
7803,0.00328803830775118
7804,0.00328803830775118
7805,0.00328803830775118
7806,0.00328803830775118
7807,0.00328803830775118
7808,0.00328803830775118
7809,0.00328803830775118
7810,0.00328803830775118
7811,0.00328803830775118
7812,0.00328803830775118
7813,0.00328803830775118
7814,0.00328803830775118
7815,0.00328803830775118
7816,0.00328803830775118
7817,0.00328803830775118
7818,0.00328803830775118
7819,0.00328803830775118
7820,0.00328803830775118
7821,0.00328803830775118
7822,0.00328803830775118
7823,0.00328803830775118
7824,0.00328803830775118
7825,0.00328803830775118
7826,0.00328803830775118
7827,0.00328803830775118
7828,0.00328803830775118
7829,0.00328803830775118
7830,0.00328803830775118
7831,0.00328803830775118
7832,0.00328803830775118
7833,0.00328803830775118
7834,0.00328803830775118
7835,0.00328803830775118
7836,0.00328803830775118
7837,0.00328803830775118
7838,0.00328803830775118
7839,0.00328803830775118
7840,0.00328803830775118
7841,0.00328803830775118
7842,0.00328803830775118
7843,0.00328803830775118
7844,0.00328803830775118
7845,0.00328803830775118
7846,0.00328803830775118
7847,0.00328803830775118
7848,0.00328803830775118
7849,0.00328803830775118
7850,0.00328803830775118
7851,0.00328803830775118
7852,0.00328803830775118
7853,0.00328803830775118
7854,0.00328803830775118
7855,0.00328803830775118
7856,0.00328803830775118
7857,0.00328803830775118
7858,0.00328803830775118
7859,0.00328803830775118
7860,0.00328803830775118
7861,0.00328803830775118
7862,0.00328803830775118
7863,0.00328803830775118
7864,0.00328803830775118
7865,0.00328803830775118
7866,0.00328803830775118
7867,0.00328803830775118
7868,0.00328803830775118
7869,0.00328803830775118
7870,0.00328803830775118
7871,0.00328803830775118
7872,0.00328803830775118
7873,0.00328803830775118
7874,0.00328803830775118
7875,0.00328803830775118
7876,0.00328803830775118
7877,0.00328803830775118
7878,0.00328803830775118
7879,0.00328803830775118
7880,0.00328803830775118
7881,0.00328803830775118
7882,0.00328803830775118
7883,0.00328803830775118
7884,0.00328803830775118
7885,0.00328803830775118
7886,0.00328803830775118
7887,0.00328803830775118
7888,0.00328803830775118
7889,0.00328803830775118
7890,0.00328803830775118
7891,0.00328803830775118
7892,0.00328803830775118
7893,0.00328803830775118
7894,0.00328803830775118
7895,0.00328803830775118
7896,0.00328803830775118
7897,0.00328803830775118
7898,0.00328803830775118
7899,0.00328803830775118
7900,0.00328803830775118
7901,0.00328803830775118
7902,0.00328803830775118
7903,0.00328803830775118
7904,0.00328803830775118
7905,0.00328803830775118
7906,0.00328803830775118
7907,0.00328803830775118
7908,0.00328803830775118
7909,0.00328803830775118
7910,0.00328803830775118
7911,0.00328803830775118
7912,0.00328803830775118
7913,0.00328803830775118
7914,0.00328803830775118
7915,0.00328803830775118
7916,0.00328803830775118
7917,0.00328803830775118
7918,0.00328803830775118
7919,0.00328803830775118
7920,0.00328803830775118
7921,0.00328803830775118
7922,0.00328803830775118
7923,0.00328803830775118
7924,0.00328803830775118
7925,0.00328803830775118
7926,0.00328803830775118
7927,0.00328803830775118
7928,0.00328803830775118
7929,0.00328803830775118
7930,0.00328803830775118
7931,0.00328803830775118
7932,0.00328803830775118
7933,0.00328803830775118
7934,0.00328803830775118
7935,0.00328803830775118
7936,0.00328803830775118
7937,0.00328803830775118
7938,0.00328803830775118
7939,0.00328803830775118
7940,0.00328803830775118
7941,0.00328803830775118
7942,0.00328803830775118
7943,0.00328803830775118
7944,0.00328803830775118
7945,0.00328803830775118
7946,0.00328803830775118
7947,0.00328803830775118
7948,0.00328803830775118
7949,0.00328803830775118
7950,0.00328803830775118
7951,0.00328803830775118
7952,0.00328803830775118
7953,0.00328803830775118
7954,0.00328803830775118
7955,0.00328803830775118
7956,0.00328803830775118
7957,0.00328803830775118
7958,0.00328803830775118
7959,0.00328803830775118
7960,0.00328803830775118
7961,0.00328803830775118
7962,0.00328803830775118
7963,0.00328803830775118
7964,0.00328803830775118
7965,0.00328803830775118
7966,0.00328803830775118
7967,0.00328803830775118
7968,0.00328803830775118
7969,0.00328803830775118
7970,0.00328803830775118
7971,0.00328803830775118
7972,0.00328803830775118
7973,0.00328803830775118
7974,0.00328803830775118
7975,0.00328803830775118
7976,0.00328803830775118
7977,0.00328803830775118
7978,0.00328803830775118
7979,0.00328803830775118
7980,0.00328803830775118
7981,0.00328803830775118
7982,0.00328803830775118
7983,0.00328803830775118
7984,0.00328803830775118
7985,0.00328803830775118
7986,0.00328803830775118
7987,0.00328803830775118
7988,0.00328803830775118
7989,0.00328803830775118
7990,0.00328803830775118
7991,0.00328803830775118
7992,0.00328803830775118
7993,0.00328803830775118
7994,0.00328803830775118
7995,0.00328803830775118
7996,0.00328803830775118
7997,0.00328803830775118
7998,0.00328803830775118
7999,0.00328803830775118
8000,0.00328803830775118
8001,0.00328803830775118
8002,0.00328803830775118
8003,0.00328803830775118
8004,0.00328803830775118
8005,0.00328803830775118
8006,0.00328803830775118
8007,0.00328803830775118
8008,0.00328803830775118
8009,0.00328803830775118
8010,0.00328803830775118
8011,0.00328803830775118
8012,0.00328803830775118
8013,0.00328803830775118
8014,0.00328803830775118
8015,0.00328803830775118
8016,0.00328803830775118
8017,0.00328803830775118
8018,0.00328803830775118
8019,0.00328803830775118
8020,0.00328803830775118
8021,0.00328803830775118
8022,0.00328803830775118
8023,0.00328803830775118
8024,0.00328803830775118
8025,0.00328803830775118
8026,0.00328803830775118
8027,0.00328803830775118
8028,0.00328803830775118
8029,0.00328803830775118
8030,0.00328803830775118
8031,0.00328803830775118
8032,0.00328803830775118
8033,0.00328803830775118
8034,0.00328803830775118
8035,0.00328803830775118
8036,0.00328803830775118
8037,0.00328803830775118
8038,0.00328803830775118
8039,0.00328803830775118
8040,0.00328803830775118
8041,0.00328803830775118
8042,0.00328803830775118
8043,0.00328803830775118
8044,0.00328803830775118
8045,0.00328803830775118
8046,0.00328803830775118
8047,0.00328803830775118
8048,0.00328803830775118
8049,0.00328803830775118
8050,0.00328803830775118
8051,0.00328803830775118
8052,0.00328803830775118
8053,0.00328803830775118
8054,0.00328803830775118
8055,0.00328803830775118
8056,0.00328803830775118
8057,0.00328803830775118
8058,0.00328803830775118
8059,0.00328803830775118
8060,0.00328803830775118
8061,0.00328803830775118
8062,0.00328803830775118
8063,0.00328803830775118
8064,0.00328803830775118
8065,0.00328803830775118
8066,0.00328803830775118
8067,0.00328803830775118
8068,0.00328803830775118
8069,0.00328803830775118
8070,0.00328803830775118
8071,0.00328803830775118
8072,0.00328803830775118
8073,0.00328803830775118
8074,0.00328803830775118
8075,0.00328803830775118
8076,0.00328803830775118
8077,0.00328803830775118
8078,0.00328803830775118
8079,0.00328803830775118
8080,0.00328803830775118
8081,0.00328803830775118
8082,0.00328803830775118
8083,0.00328803830775118
8084,0.00328803830775118
8085,0.00328803830775118
8086,0.00328803830775118
8087,0.00328803830775118
8088,0.00328803830775118
8089,0.00328803830775118
8090,0.00328803830775118
8091,0.00328803830775118
8092,0.00328803830775118
8093,0.00328803830775118
8094,0.00328803830775118
8095,0.00328803830775118
8096,0.00328803830775118
8097,0.00328803830775118
8098,0.00328803830775118
8099,0.00328803830775118
8100,0.00328803830775118
8101,0.00328803830775118
8102,0.00328803830775118
8103,0.00328803830775118
8104,0.00328803830775118
8105,0.00328803830775118
8106,0.00328803830775118
8107,0.00328803830775118
8108,0.00328803830775118
8109,0.00328803830775118
8110,0.00328803830775118
8111,0.00328803830775118
8112,0.00328803830775118
8113,0.00328803830775118
8114,0.00328803830775118
8115,0.00328803830775118
8116,0.00328803830775118
8117,0.00328803830775118
8118,0.00328803830775118
8119,0.00328803830775118
8120,0.00328803830775118
8121,0.00328803830775118
8122,0.00328803830775118
8123,0.00328803830775118
8124,0.00328803830775118
8125,0.00328803830775118
8126,0.00328803830775118
8127,0.00328803830775118
8128,0.00328803830775118
8129,0.00328803830775118
8130,0.00328803830775118
8131,0.00328803830775118
8132,0.00328803830775118
8133,0.00328803830775118
8134,0.00328803830775118
8135,0.00328803830775118
8136,0.00328803830775118
8137,0.00328803830775118
8138,0.00328803830775118
8139,0.00328803830775118
8140,0.00328803830775118
8141,0.00328803830775118
8142,0.00328803830775118
8143,0.00328803830775118
8144,0.00328803830775118
8145,0.00328803830775118
8146,0.00328803830775118
8147,0.00328803830775118
8148,0.00328803830775118
8149,0.00328803830775118
8150,0.00328803830775118
8151,0.00328803830775118
8152,0.00328803830775118
8153,0.00328803830775118
8154,0.00328803830775118
8155,0.00328803830775118
8156,0.00328803830775118
8157,0.00328803830775118
8158,0.00328803830775118
8159,0.00328803830775118
8160,0.00328803830775118
8161,0.00328803830775118
8162,0.00328803830775118
8163,0.00328803830775118
8164,0.00328803830775118
8165,0.00328803830775118
8166,0.00328803830775118
8167,0.00328803830775118
8168,0.00328803830775118
8169,0.00328803830775118
8170,0.00328803830775118
8171,0.00328803830775118
8172,0.00328803830775118
8173,0.00328803830775118
8174,0.00328803830775118
8175,0.00328803830775118
8176,0.00328803830775118
8177,0.00328803830775118
8178,0.00328803830775118
8179,0.00328803830775118
8180,0.00328803830775118
8181,0.00328803830775118
8182,0.00328803830775118
8183,0.00328803830775118
8184,0.00328803830775118
8185,0.00328803830775118
8186,0.00328803830775118
8187,0.00328803830775118
8188,0.00328803830775118
8189,0.00328803830775118
8190,0.00328803830775118
8191,0.00328803830775118
8192,0.00328803830775118
8193,0.00328803830775118
8194,0.00328803830775118
8195,0.00328803830775118
8196,0.00328803830775118
8197,0.00328803830775118
8198,0.00328803830775118
8199,0.00328803830775118
8200,0.00328803830775118
8201,0.00328803830775118
8202,0.00328803830775118
8203,0.00328803830775118
8204,0.00328803830775118
8205,0.00328803830775118
8206,0.00328803830775118
8207,0.00328803830775118
8208,0.00328803830775118
8209,0.00328803830775118
8210,0.00328803830775118
8211,0.00328803830775118
8212,0.00328803830775118
8213,0.00328803830775118
8214,0.00328803830775118
8215,0.00328803830775118
8216,0.00328803830775118
8217,0.00328803830775118
8218,0.00328803830775118
8219,0.00328803830775118
8220,0.00328803830775118
8221,0.00328803830775118
8222,0.00328803830775118
8223,0.00328803830775118
8224,0.00328803830775118
8225,0.00328803830775118
8226,0.00328803830775118
8227,0.00328803830775118
8228,0.00328803830775118
8229,0.00328803830775118
8230,0.00328803830775118
8231,0.00328803830775118
8232,0.00328803830775118
8233,0.00328803830775118
8234,0.00328803830775118
8235,0.00328803830775118
8236,0.00328803830775118
8237,0.00328803830775118
8238,0.00328803830775118
8239,0.00328803830775118
8240,0.00328803830775118
8241,0.00328803830775118
8242,0.00328803830775118
8243,0.00328803830775118
8244,0.00328803830775118
8245,0.00328803830775118
8246,0.00328803830775118
8247,0.00328803830775118
8248,0.00328803830775118
8249,0.00328803830775118
8250,0.00328803830775118
8251,0.00328803830775118
8252,0.00328803830775118
8253,0.00328803830775118
8254,0.00328803830775118
8255,0.00328803830775118
8256,0.00328803830775118
8257,0.00328803830775118
8258,0.00328803830775118
8259,0.00328803830775118
8260,0.00328803830775118
8261,0.00328803830775118
8262,0.00328803830775118
8263,0.00328803830775118
8264,0.00328803830775118
8265,0.00328803830775118
8266,0.00328803830775118
8267,0.00328803830775118
8268,0.00328803830775118
8269,0.00328803830775118
8270,0.00328803830775118
8271,0.00328803830775118
8272,0.00328803830775118
8273,0.00328803830775118
8274,0.00328803830775118
8275,0.00328803830775118
8276,0.00328803830775118
8277,0.00328803830775118
8278,0.00328803830775118
8279,0.00328803830775118
8280,0.00328803830775118
8281,0.00328803830775118
8282,0.00328803830775118
8283,0.00328803830775118
8284,0.00328803830775118
8285,0.00328803830775118
8286,0.00328803830775118
8287,0.00328803830775118
8288,0.00328803830775118
8289,0.00328803830775118
8290,0.00328803830775118
8291,0.00328803830775118
8292,0.00328803830775118
8293,0.00328803830775118
8294,0.00328803830775118
8295,0.00328803830775118
8296,0.00328803830775118
8297,0.00328803830775118
8298,0.00328803830775118
8299,0.00328803830775118
8300,0.00328803830775118
8301,0.00328803830775118
8302,0.00328803830775118
8303,0.00328803830775118
8304,0.00328803830775118
8305,0.00328803830775118
8306,0.00328803830775118
8307,0.00328803830775118
8308,0.00328803830775118
8309,0.00328803830775118
8310,0.00328803830775118
8311,0.00328803830775118
8312,0.00328803830775118
8313,0.00328803830775118
8314,0.00328803830775118
8315,0.00328803830775118
8316,0.00328803830775118
8317,0.00328803830775118
8318,0.00328803830775118
8319,0.00328803830775118
8320,0.00328803830775118
8321,0.00328803830775118
8322,0.00328803830775118
8323,0.00328803830775118
8324,0.00328803830775118
8325,0.00328803830775118
8326,0.00328803830775118
8327,0.00328803830775118
8328,0.00328803830775118
8329,0.00328803830775118
8330,0.00328803830775118
8331,0.00328803830775118
8332,0.00328803830775118
8333,0.00328803830775118
8334,0.00328803830775118
8335,0.00328803830775118
8336,0.00328803830775118
8337,0.00328803830775118
8338,0.00328803830775118
8339,0.00328803830775118
8340,0.00328803830775118
8341,0.00328803830775118
8342,0.00328803830775118
8343,0.00328803830775118
8344,0.00328803830775118
8345,0.00328803830775118
8346,0.00328803830775118
8347,0.00328803830775118
8348,0.00328803830775118
8349,0.00328803830775118
8350,0.00328803830775118
8351,0.00328803830775118
8352,0.00328803830775118
8353,0.00328803830775118
8354,0.00328803830775118
8355,0.00328803830775118
8356,0.00328803830775118
8357,0.00328803830775118
8358,0.00328803830775118
8359,0.00328803830775118
8360,0.00328803830775118
8361,0.00328803830775118
8362,0.00328803830775118
8363,0.00328803830775118
8364,0.00328803830775118
8365,0.00328803830775118
8366,0.00328803830775118
8367,0.00328803830775118
8368,0.00328803830775118
8369,0.00328803830775118
8370,0.00328803830775118
8371,0.00328803830775118
8372,0.00328803830775118
8373,0.00328803830775118
8374,0.00328803830775118
8375,0.00328803830775118
8376,0.00328803830775118
8377,0.00328803830775118
8378,0.00328803830775118
8379,0.00328803830775118
8380,0.00328803830775118
8381,0.00328803830775118
8382,0.00328803830775118
8383,0.00328803830775118
8384,0.00328803830775118
8385,0.00328803830775118
8386,0.00328803830775118
8387,0.00328803830775118
8388,0.00328803830775118
8389,0.00328803830775118
8390,0.00328803830775118
8391,0.00328803830775118
8392,0.00328803830775118
8393,0.00328803830775118
8394,0.00328803830775118
8395,0.00328803830775118
8396,0.00328803830775118
8397,0.00328803830775118
8398,0.00328803830775118
8399,0.00328803830775118
8400,0.00328803830775118
8401,0.00328803830775118
8402,0.00328803830775118
8403,0.00328803830775118
8404,0.00328803830775118
8405,0.00328803830775118
8406,0.00328803830775118
8407,0.00328803830775118
8408,0.00328803830775118
8409,0.00328803830775118
8410,0.00328803830775118
8411,0.00328803830775118
8412,0.00328803830775118
8413,0.00328803830775118
8414,0.00328803830775118
8415,0.00328803830775118
8416,0.00328803830775118
8417,0.00328803830775118
8418,0.00328803830775118
8419,0.00328803830775118
8420,0.00328803830775118
8421,0.00328803830775118
8422,0.00328803830775118
8423,0.00328803830775118
8424,0.00328803830775118
8425,0.00328803830775118
8426,0.00328803830775118
8427,0.00328803830775118
8428,0.00328803830775118
8429,0.00328803830775118
8430,0.00328803830775118
8431,0.00328803830775118
8432,0.00328803830775118
8433,0.00328803830775118
8434,0.00328803830775118
8435,0.00328803830775118
8436,0.00328803830775118
8437,0.00328803830775118
8438,0.00328803830775118
8439,0.00328803830775118
8440,0.00328803830775118
8441,0.00328803830775118
8442,0.00328803830775118
8443,0.00328803830775118
8444,0.00328803830775118
8445,0.00328803830775118
8446,0.00328803830775118
8447,0.00328803830775118
8448,0.00328803830775118
8449,0.00328803830775118
8450,0.00328803830775118
8451,0.00328803830775118
8452,0.00328803830775118
8453,0.00328803830775118
8454,0.00328803830775118
8455,0.00328803830775118
8456,0.00328803830775118
8457,0.00328803830775118
8458,0.00328803830775118
8459,0.00328803830775118
8460,0.00328803830775118
8461,0.00328803830775118
8462,0.00328803830775118
8463,0.00328803830775118
8464,0.00328803830775118
8465,0.00328803830775118
8466,0.00328803830775118
8467,0.00328803830775118
8468,0.00328803830775118
8469,0.00328803830775118
8470,0.00328803830775118
8471,0.00328803830775118
8472,0.00328803830775118
8473,0.00328803830775118
8474,0.00328803830775118
8475,0.00328803830775118
8476,0.00328803830775118
8477,0.00328803830775118
8478,0.00328803830775118
8479,0.00328803830775118
8480,0.00328803830775118
8481,0.00328803830775118
8482,0.00328803830775118
8483,0.00328803830775118
8484,0.00328803830775118
8485,0.00328803830775118
8486,0.00328803830775118
8487,0.00328803830775118
8488,0.00328803830775118
8489,0.00328803830775118
8490,0.00328803830775118
8491,0.00328803830775118
8492,0.00328803830775118
8493,0.00328803830775118
8494,0.00328803830775118
8495,0.00328803830775118
8496,0.00328803830775118
8497,0.00328803830775118
8498,0.00328803830775118
8499,0.00328803830775118
8500,0.00328803830775118
8501,0.00328803830775118
8502,0.00328803830775118
8503,0.00328803830775118
8504,0.00328803830775118
8505,0.00328803830775118
8506,0.00328803830775118
8507,0.00328803830775118
8508,0.00328803830775118
8509,0.00328803830775118
8510,0.00328803830775118
8511,0.00328803830775118
8512,0.00328803830775118
8513,0.00328803830775118
8514,0.00328803830775118
8515,0.00328803830775118
8516,0.00328803830775118
8517,0.00328803830775118
8518,0.00328803830775118
8519,0.00328803830775118
8520,0.00328803830775118
8521,0.00328803830775118
8522,0.00328803830775118
8523,0.00328803830775118
8524,0.00328803830775118
8525,0.00328803830775118
8526,0.00328803830775118
8527,0.00328803830775118
8528,0.00328803830775118
8529,0.00328803830775118
8530,0.00328803830775118
8531,0.00328803830775118
8532,0.00328803830775118
8533,0.00328803830775118
8534,0.00328803830775118
8535,0.00328803830775118
8536,0.00328803830775118
8537,0.00328803830775118
8538,0.00328803830775118
8539,0.00328803830775118
8540,0.00328803830775118
8541,0.00328803830775118
8542,0.00328803830775118
8543,0.00328803830775118
8544,0.00328803830775118
8545,0.00328803830775118
8546,0.00328803830775118
8547,0.00328803830775118
8548,0.00328803830775118
8549,0.00328803830775118
8550,0.00328803830775118
8551,0.00328803830775118
8552,0.00328803830775118
8553,0.00328803830775118
8554,0.00328803830775118
8555,0.00328803830775118
8556,0.00328803830775118
8557,0.00328803830775118
8558,0.00328803830775118
8559,0.00328803830775118
8560,0.00328803830775118
8561,0.00328803830775118
8562,0.00328803830775118
8563,0.00328803830775118
8564,0.00328803830775118
8565,0.00328803830775118
8566,0.00328803830775118
8567,0.00328803830775118
8568,0.00328803830775118
8569,0.00328803830775118
8570,0.00328803830775118
8571,0.00328803830775118
8572,0.00328803830775118
8573,0.00328803830775118
8574,0.00328803830775118
8575,0.00328803830775118
8576,0.00328803830775118
8577,0.00328803830775118
8578,0.00328803830775118
8579,0.00328803830775118
8580,0.00328803830775118
8581,0.00328803830775118
8582,0.00328803830775118
8583,0.00328803830775118
8584,0.00328803830775118
8585,0.00328803830775118
8586,0.00328803830775118
8587,0.00328803830775118
8588,0.00328803830775118
8589,0.00328803830775118
8590,0.00328803830775118
8591,0.00328803830775118
8592,0.00328803830775118
8593,0.00328803830775118
8594,0.00328803830775118
8595,0.00328803830775118
8596,0.00328803830775118
8597,0.00328803830775118
8598,0.00328803830775118
8599,0.00328803830775118
8600,0.00328803830775118
8601,0.00328803830775118
8602,0.00328803830775118
8603,0.00328803830775118
8604,0.00328803830775118
8605,0.00328803830775118
8606,0.00328803830775118
8607,0.00328803830775118
8608,0.00328803830775118
8609,0.00328803830775118
8610,0.00328803830775118
8611,0.00328803830775118
8612,0.00328803830775118
8613,0.00328803830775118
8614,0.00328803830775118
8615,0.00328803830775118
8616,0.00328803830775118
8617,0.00328803830775118
8618,0.00328803830775118
8619,0.00328803830775118
8620,0.00328803830775118
8621,0.00328803830775118
8622,0.00328803830775118
8623,0.00328803830775118
8624,0.00328803830775118
8625,0.00328803830775118
8626,0.00328803830775118
8627,0.00328803830775118
8628,0.00328803830775118
8629,0.00328803830775118
8630,0.00328803830775118
8631,0.00328803830775118
8632,0.00328803830775118
8633,0.00328803830775118
8634,0.00328803830775118
8635,0.00328803830775118
8636,0.00328803830775118
8637,0.00328803830775118
8638,0.00328803830775118
8639,0.00328803830775118
8640,0.00328803830775118
8641,0.00328803830775118
8642,0.00328803830775118
8643,0.00328803830775118
8644,0.00328803830775118
8645,0.00328803830775118
8646,0.00328803830775118
8647,0.00328803830775118
8648,0.00328803830775118
8649,0.00328803830775118
8650,0.00328803830775118
8651,0.00328803830775118
8652,0.00328803830775118
8653,0.00328803830775118
8654,0.00328803830775118
8655,0.00328803830775118
8656,0.00328803830775118
8657,0.00328803830775118
8658,0.00328803830775118
8659,0.00328803830775118
8660,0.00328803830775118
8661,0.00328803830775118
8662,0.00328803830775118
8663,0.00328803830775118
8664,0.00328803830775118
8665,0.00328803830775118
8666,0.00328803830775118
8667,0.00328803830775118
8668,0.00328803830775118
8669,0.00328803830775118
8670,0.00328803830775118
8671,0.00328803830775118
8672,0.00328803830775118
8673,0.00328803830775118
8674,0.00328803830775118
8675,0.00328803830775118
8676,0.00328803830775118
8677,0.00328803830775118
8678,0.00328803830775118
8679,0.00328803830775118
8680,0.00328803830775118
8681,0.00328803830775118
8682,0.00328803830775118
8683,0.00328803830775118
8684,0.00328803830775118
8685,0.00328803830775118
8686,0.00328803830775118
8687,0.00328803830775118
8688,0.00328803830775118
8689,0.00328803830775118
8690,0.00328803830775118
8691,0.00328803830775118
8692,0.00328803830775118
8693,0.00328803830775118
8694,0.00328803830775118
8695,0.00328803830775118
8696,0.00328803830775118
8697,0.00328803830775118
8698,0.00328803830775118
8699,0.00328803830775118
8700,0.00328803830775118
8701,0.00328803830775118
8702,0.00328803830775118
8703,0.00328803830775118
8704,0.00328803830775118
8705,0.00328803830775118
8706,0.00328803830775118
8707,0.00328803830775118
8708,0.00328803830775118
8709,0.00328803830775118
8710,0.00328803830775118
8711,0.00328803830775118
8712,0.00328803830775118
8713,0.00328803830775118
8714,0.00328803830775118
8715,0.00328803830775118
8716,0.00328803830775118
8717,0.00328803830775118
8718,0.00328803830775118
8719,0.00328803830775118
8720,0.00328803830775118
8721,0.00328803830775118
8722,0.00328803830775118
8723,0.00328803830775118
8724,0.00328803830775118
8725,0.00328803830775118
8726,0.00328803830775118
8727,0.00328803830775118
8728,0.00328803830775118
8729,0.00328803830775118
8730,0.00328803830775118
8731,0.00328803830775118
8732,0.00328803830775118
8733,0.00328803830775118
8734,0.00328803830775118
8735,0.00328803830775118
8736,0.00328803830775118
8737,0.00328803830775118
8738,0.00328803830775118
8739,0.00328803830775118
8740,0.00328803830775118
8741,0.00328803830775118
8742,0.00328803830775118
8743,0.00328803830775118
8744,0.00328803830775118
8745,0.00328803830775118
8746,0.00328803830775118
8747,0.00328803830775118
8748,0.00328803830775118
8749,0.00328803830775118
8750,0.00328803830775118
8751,0.00328803830775118
8752,0.00328803830775118
8753,0.00328803830775118
8754,0.00328803830775118
8755,0.00328803830775118
8756,0.00328803830775118
8757,0.00328803830775118
8758,0.00328803830775118
8759,0.00328803830775118
8760,0.00328803830775118
8761,0.00328803830775118
8762,0.00328803830775118
8763,0.00328803830775118
8764,0.00328803830775118
8765,0.00328803830775118
8766,0.00328803830775118
8767,0.00328803830775118
8768,0.00328803830775118
8769,0.00328803830775118
8770,0.00328803830775118
8771,0.00328803830775118
8772,0.00328803830775118
8773,0.00328803830775118
8774,0.00328803830775118
8775,0.00328803830775118
8776,0.00328803830775118
8777,0.00328803830775118
8778,0.00328803830775118
8779,0.00328803830775118
8780,0.00328803830775118
8781,0.00328803830775118
8782,0.00328803830775118
8783,0.00328803830775118
8784,0.00328803830775118
8785,0.00328803830775118
8786,0.00328803830775118
8787,0.00328803830775118
8788,0.00328803830775118
8789,0.00328803830775118
8790,0.00328803830775118
8791,0.00328803830775118
8792,0.00328803830775118
8793,0.00328803830775118
8794,0.00328803830775118
8795,0.00328803830775118
8796,0.00328803830775118
8797,0.00328803830775118
8798,0.00328803830775118
8799,0.00328803830775118
8800,0.00328803830775118
8801,0.00328803830775118
8802,0.00328803830775118
8803,0.00328803830775118
8804,0.00328803830775118
8805,0.00328803830775118
8806,0.00328803830775118
8807,0.00328803830775118
8808,0.00328803830775118
8809,0.00328803830775118
8810,0.00328803830775118
8811,0.00328803830775118
8812,0.00328803830775118
8813,0.00328803830775118
8814,0.00328803830775118
8815,0.00328803830775118
8816,0.00328803830775118
8817,0.00328803830775118
8818,0.00328803830775118
8819,0.00328803830775118
8820,0.00328803830775118
8821,0.00328803830775118
8822,0.00328803830775118
8823,0.00328803830775118
8824,0.00328803830775118
8825,0.00328803830775118
8826,0.00328803830775118
8827,0.00328803830775118
8828,0.00328803830775118
8829,0.00328803830775118
8830,0.00328803830775118
8831,0.00328803830775118
8832,0.00328803830775118
8833,0.00328803830775118
8834,0.00328803830775118
8835,0.00328803830775118
8836,0.00328803830775118
8837,0.00328803830775118
8838,0.00328803830775118
8839,0.00328803830775118
8840,0.00328803830775118
8841,0.00328803830775118
8842,0.00328803830775118
8843,0.00328803830775118
8844,0.00328803830775118
8845,0.00328803830775118
8846,0.00328803830775118
8847,0.00328803830775118
8848,0.00328803830775118
8849,0.00328803830775118
8850,0.00328803830775118
8851,0.00328803830775118
8852,0.00328803830775118
8853,0.00328803830775118
8854,0.00328803830775118
8855,0.00328803830775118
8856,0.00328803830775118
8857,0.00328803830775118
8858,0.00328803830775118
8859,0.00328803830775118
8860,0.00328803830775118
8861,0.00328803830775118
8862,0.00328803830775118
8863,0.00328803830775118
8864,0.00328803830775118
8865,0.00328803830775118
8866,0.00328803830775118
8867,0.00328803830775118
8868,0.00328803830775118
8869,0.00328803830775118
8870,0.00328803830775118
8871,0.00328803830775118
8872,0.00328803830775118
8873,0.00328803830775118
8874,0.00328803830775118
8875,0.00328803830775118
8876,0.00328803830775118
8877,0.00328803830775118
8878,0.00328803830775118
8879,0.00328803830775118
8880,0.00328803830775118
8881,0.00328803830775118
8882,0.00328803830775118
8883,0.00328803830775118
8884,0.00328803830775118
8885,0.00328803830775118
8886,0.00328803830775118
8887,0.00328803830775118
8888,0.00328803830775118
8889,0.00328803830775118
8890,0.00328803830775118
8891,0.00328803830775118
8892,0.00328803830775118
8893,0.00328803830775118
8894,0.00328803830775118
8895,0.00328803830775118
8896,0.00328803830775118
8897,0.00328803830775118
8898,0.00328803830775118
8899,0.00328803830775118
8900,0.00328803830775118
8901,0.00328803830775118
8902,0.00328803830775118
8903,0.00328803830775118
8904,0.00328803830775118
8905,0.00328803830775118
8906,0.00328803830775118
8907,0.00328803830775118
8908,0.00328803830775118
8909,0.00328803830775118
8910,0.00328803830775118
8911,0.00328803830775118
8912,0.00328803830775118
8913,0.00328803830775118
8914,0.00328803830775118
8915,0.00328803830775118
8916,0.00328803830775118
8917,0.00328803830775118
8918,0.00328803830775118
8919,0.00328803830775118
8920,0.00328803830775118
8921,0.00328803830775118
8922,0.00328803830775118
8923,0.00328803830775118
8924,0.00328803830775118
8925,0.00328803830775118
8926,0.00328803830775118
8927,0.00328803830775118
8928,0.00328803830775118
8929,0.00328803830775118
8930,0.00328803830775118
8931,0.00328803830775118
8932,0.00328803830775118
8933,0.00328803830775118
8934,0.00328803830775118
8935,0.00328803830775118
8936,0.00328803830775118
8937,0.00328803830775118
8938,0.00328803830775118
8939,0.00328803830775118
8940,0.00328803830775118
8941,0.00328803830775118
8942,0.00328803830775118
8943,0.00328803830775118
8944,0.00328803830775118
8945,0.00328803830775118
8946,0.00328803830775118
8947,0.00328803830775118
8948,0.00328803830775118
8949,0.00328803830775118
8950,0.00328803830775118
8951,0.00328803830775118
8952,0.00328803830775118
8953,0.00328803830775118
8954,0.00328803830775118
8955,0.00328803830775118
8956,0.00328803830775118
8957,0.00328803830775118
8958,0.00328803830775118
8959,0.00328803830775118
8960,0.00328803830775118
8961,0.00328803830775118
8962,0.00328803830775118
8963,0.00328803830775118
8964,0.00328803830775118
8965,0.00328803830775118
8966,0.00328803830775118
8967,0.00328803830775118
8968,0.00328803830775118
8969,0.00328803830775118
8970,0.00328803830775118
8971,0.00328803830775118
8972,0.00328803830775118
8973,0.00328803830775118
8974,0.00328803830775118
8975,0.00328803830775118
8976,0.00328803830775118
8977,0.00328803830775118
8978,0.00328803830775118
8979,0.00328803830775118
8980,0.00328803830775118
8981,0.00328803830775118
8982,0.00328803830775118
8983,0.00328803830775118
8984,0.00328803830775118
8985,0.00328803830775118
8986,0.00328803830775118
8987,0.00328803830775118
8988,0.00328803830775118
8989,0.00328803830775118
8990,0.00328803830775118
8991,0.00328803830775118
8992,0.00328803830775118
8993,0.00328803830775118
8994,0.00328803830775118
8995,0.00328803830775118
8996,0.00328803830775118
8997,0.00328803830775118
8998,0.00328803830775118
8999,0.00328803830775118
9000,0.00328803830775118
9001,0.00328803830775118
9002,0.00328803830775118
9003,0.00328803830775118
9004,0.00328803830775118
9005,0.00328803830775118
9006,0.00328803830775118
9007,0.00328803830775118
9008,0.00328803830775118
9009,0.00328803830775118
9010,0.00328803830775118
9011,0.00328803830775118
9012,0.00328803830775118
9013,0.00328803830775118
9014,0.00328803830775118
9015,0.00328803830775118
9016,0.00328803830775118
9017,0.00328803830775118
9018,0.00328803830775118
9019,0.00328803830775118
9020,0.00328803830775118
9021,0.00328803830775118
9022,0.00328803830775118
9023,0.00328803830775118
9024,0.00328803830775118
9025,0.00328803830775118
9026,0.00328803830775118
9027,0.00328803830775118
9028,0.00328803830775118
9029,0.00328803830775118
9030,0.00328803830775118
9031,0.00328803830775118
9032,0.00328803830775118
9033,0.00328803830775118
9034,0.00328803830775118
9035,0.00328803830775118
9036,0.00328803830775118
9037,0.00328803830775118
9038,0.00328803830775118
9039,0.00328803830775118
9040,0.00328803830775118
9041,0.00328803830775118
9042,0.00328803830775118
9043,0.00328803830775118
9044,0.00328803830775118
9045,0.00328803830775118
9046,0.00328803830775118
9047,0.00328803830775118
9048,0.00328803830775118
9049,0.00328803830775118
9050,0.00328803830775118
9051,0.00328803830775118
9052,0.00328803830775118
9053,0.00328803830775118
9054,0.00328803830775118
9055,0.00328803830775118
9056,0.00328803830775118
9057,0.00328803830775118
9058,0.00328803830775118
9059,0.00328803830775118
9060,0.00328803830775118
9061,0.00328803830775118
9062,0.00328803830775118
9063,0.00328803830775118
9064,0.00328803830775118
9065,0.00328803830775118
9066,0.00328803830775118
9067,0.00328803830775118
9068,0.00328803830775118
9069,0.00328803830775118
9070,0.00328803830775118
9071,0.00328803830775118
9072,0.00328803830775118
9073,0.00328803830775118
9074,0.00328803830775118
9075,0.00328803830775118
9076,0.00328803830775118
9077,0.00328803830775118
9078,0.00328803830775118
9079,0.00328803830775118
9080,0.00328803830775118
9081,0.00328803830775118
9082,0.00328803830775118
9083,0.00328803830775118
9084,0.00328803830775118
9085,0.00328803830775118
9086,0.00328803830775118
9087,0.00328803830775118
9088,0.00328803830775118
9089,0.00328803830775118
9090,0.00328803830775118
9091,0.00328803830775118
9092,0.00328803830775118
9093,0.00328803830775118
9094,0.00328803830775118
9095,0.00328803830775118
9096,0.00328803830775118
9097,0.00328803830775118
9098,0.00328803830775118
9099,0.00328803830775118
9100,0.00328803830775118
9101,0.00328803830775118
9102,0.00328803830775118
9103,0.00328803830775118
9104,0.00328803830775118
9105,0.00328803830775118
9106,0.00328803830775118
9107,0.00328803830775118
9108,0.00328803830775118
9109,0.00328803830775118
9110,0.00328803830775118
9111,0.00328803830775118
9112,0.00328803830775118
9113,0.00328803830775118
9114,0.00328803830775118
9115,0.00328803830775118
9116,0.00328803830775118
9117,0.00328803830775118
9118,0.00328803830775118
9119,0.00328803830775118
9120,0.00328803830775118
9121,0.00328803830775118
9122,0.00328803830775118
9123,0.00328803830775118
9124,0.00328803830775118
9125,0.00328803830775118
9126,0.00328803830775118
9127,0.00328803830775118
9128,0.00328803830775118
9129,0.00328803830775118
9130,0.00328803830775118
9131,0.00328803830775118
9132,0.00328803830775118
9133,0.00328803830775118
9134,0.00328803830775118
9135,0.00328803830775118
9136,0.00328803830775118
9137,0.00328803830775118
9138,0.00328803830775118
9139,0.00328803830775118
9140,0.00328803830775118
9141,0.00328803830775118
9142,0.00328803830775118
9143,0.00328803830775118
9144,0.00328803830775118
9145,0.00328803830775118
9146,0.00328803830775118
9147,0.00328803830775118
9148,0.00328803830775118
9149,0.00328803830775118
9150,0.00328803830775118
9151,0.00328803830775118
9152,0.00328803830775118
9153,0.00328803830775118
9154,0.00328803830775118
9155,0.00328803830775118
9156,0.00328803830775118
9157,0.00328803830775118
9158,0.00328803830775118
9159,0.00328803830775118
9160,0.00328803830775118
9161,0.00328803830775118
9162,0.00328803830775118
9163,0.00328803830775118
9164,0.00328803830775118
9165,0.00328803830775118
9166,0.00328803830775118
9167,0.00328803830775118
9168,0.00328803830775118
9169,0.00328803830775118
9170,0.00328803830775118
9171,0.00328803830775118
9172,0.00328803830775118
9173,0.00328803830775118
9174,0.00328803830775118
9175,0.00328803830775118
9176,0.00328803830775118
9177,0.00328803830775118
9178,0.00328803830775118
9179,0.00328803830775118
9180,0.00328803830775118
9181,0.00328803830775118
9182,0.00328803830775118
9183,0.00328803830775118
9184,0.00328803830775118
9185,0.00328803830775118
9186,0.00328803830775118
9187,0.00328803830775118
9188,0.00328803830775118
9189,0.00328803830775118
9190,0.00328803830775118
9191,0.00328803830775118
9192,0.00328803830775118
9193,0.00328803830775118
9194,0.00328803830775118
9195,0.00328803830775118
9196,0.00328803830775118
9197,0.00328803830775118
9198,0.00328803830775118
9199,0.00328803830775118
9200,0.00328803830775118
9201,0.00328803830775118
9202,0.00328803830775118
9203,0.00328803830775118
9204,0.00328803830775118
9205,0.00328803830775118
9206,0.00328803830775118
9207,0.00328803830775118
9208,0.00328803830775118
9209,0.00328803830775118
9210,0.00328803830775118
9211,0.00328803830775118
9212,0.00328803830775118
9213,0.00328803830775118
9214,0.00328803830775118
9215,0.00328803830775118
9216,0.00328803830775118
9217,0.00328803830775118
9218,0.00328803830775118
9219,0.00328803830775118
9220,0.00328803830775118
9221,0.00328803830775118
9222,0.00328803830775118
9223,0.00328803830775118
9224,0.00328803830775118
9225,0.00328803830775118
9226,0.00328803830775118
9227,0.00328803830775118
9228,0.00328803830775118
9229,0.00328803830775118
9230,0.00328803830775118
9231,0.00328803830775118
9232,0.00328803830775118
9233,0.00328803830775118
9234,0.00328803830775118
9235,0.00328803830775118
9236,0.00328803830775118
9237,0.00328803830775118
9238,0.00328803830775118
9239,0.00328803830775118
9240,0.00328803830775118
9241,0.00328803830775118
9242,0.00328803830775118
9243,0.00328803830775118
9244,0.00328803830775118
9245,0.00328803830775118
9246,0.00328803830775118
9247,0.00328803830775118
9248,0.00328803830775118
9249,0.00328803830775118
9250,0.00328803830775118
9251,0.00328803830775118
9252,0.00328803830775118
9253,0.00328803830775118
9254,0.00328803830775118
9255,0.00328803830775118
9256,0.00328803830775118
9257,0.00328803830775118
9258,0.00328803830775118
9259,0.00328803830775118
9260,0.00328803830775118
9261,0.00328803830775118
9262,0.00328803830775118
9263,0.00328803830775118
9264,0.00328803830775118
9265,0.00328803830775118
9266,0.00328803830775118
9267,0.00328803830775118
9268,0.00328803830775118
9269,0.00328803830775118
9270,0.00328803830775118
9271,0.00328803830775118
9272,0.00328803830775118
9273,0.00328803830775118
9274,0.00328803830775118
9275,0.00328803830775118
9276,0.00328803830775118
9277,0.00328803830775118
9278,0.00328803830775118
9279,0.00328803830775118
9280,0.00328803830775118
9281,0.00328803830775118
9282,0.00328803830775118
9283,0.00328803830775118
9284,0.00328803830775118
9285,0.00328803830775118
9286,0.00328803830775118
9287,0.00328803830775118
9288,0.00328803830775118
9289,0.00328803830775118
9290,0.00328803830775118
9291,0.00328803830775118
9292,0.00328803830775118
9293,0.00328803830775118
9294,0.00328803830775118
9295,0.00328803830775118
9296,0.00328803830775118
9297,0.00328803830775118
9298,0.00328803830775118
9299,0.00328803830775118
9300,0.00328803830775118
9301,0.00328803830775118
9302,0.00328803830775118
9303,0.00328803830775118
9304,0.00328803830775118
9305,0.00328803830775118
9306,0.00328803830775118
9307,0.00328803830775118
9308,0.00328803830775118
9309,0.00328803830775118
9310,0.00328803830775118
9311,0.00328803830775118
9312,0.00328803830775118
9313,0.00328803830775118
9314,0.00328803830775118
9315,0.00328803830775118
9316,0.00328803830775118
9317,0.00328803830775118
9318,0.00328803830775118
9319,0.00328803830775118
9320,0.00328803830775118
9321,0.00328803830775118
9322,0.00328803830775118
9323,0.00328803830775118
9324,0.00328803830775118
9325,0.00328803830775118
9326,0.00328803830775118
9327,0.00328803830775118
9328,0.00328803830775118
9329,0.00328803830775118
9330,0.00328803830775118
9331,0.00328803830775118
9332,0.00328803830775118
9333,0.00328803830775118
9334,0.00328803830775118
9335,0.00328803830775118
9336,0.00328803830775118
9337,0.00328803830775118
9338,0.00328803830775118
9339,0.00328803830775118
9340,0.00328803830775118
9341,0.00328803830775118
9342,0.00328803830775118
9343,0.00328803830775118
9344,0.00328803830775118
9345,0.00328803830775118
9346,0.00328803830775118
9347,0.00328803830775118
9348,0.00328803830775118
9349,0.00328803830775118
9350,0.00328803830775118
9351,0.00328803830775118
9352,0.00328803830775118
9353,0.00328803830775118
9354,0.00328803830775118
9355,0.00328803830775118
9356,0.00328803830775118
9357,0.00328803830775118
9358,0.00328803830775118
9359,0.00328803830775118
9360,0.00328803830775118
9361,0.00328803830775118
9362,0.00328803830775118
9363,0.00328803830775118
9364,0.00328803830775118
9365,0.00328803830775118
9366,0.00328803830775118
9367,0.00328803830775118
9368,0.00328803830775118
9369,0.00328803830775118
9370,0.00328803830775118
9371,0.00328803830775118
9372,0.00328803830775118
9373,0.00328803830775118
9374,0.00328803830775118
9375,0.00328803830775118
9376,0.00328803830775118
9377,0.00328803830775118
9378,0.00328803830775118
9379,0.00328803830775118
9380,0.00328803830775118
9381,0.00328803830775118
9382,0.00328803830775118
9383,0.00328803830775118
9384,0.00328803830775118
9385,0.00328803830775118
9386,0.00328803830775118
9387,0.00328803830775118
9388,0.00328803830775118
9389,0.00328803830775118
9390,0.00328803830775118
9391,0.00328803830775118
9392,0.00328803830775118
9393,0.00328803830775118
9394,0.00328803830775118
9395,0.00328803830775118
9396,0.00328803830775118
9397,0.00328803830775118
9398,0.00328803830775118
9399,0.00328803830775118
9400,0.00328803830775118
9401,0.00328803830775118
9402,0.00328803830775118
9403,0.00328803830775118
9404,0.00328803830775118
9405,0.00328803830775118
9406,0.00328803830775118
9407,0.00328803830775118
9408,0.00328803830775118
9409,0.00328803830775118
9410,0.00328803830775118
9411,0.00328803830775118
9412,0.00328803830775118
9413,0.00328803830775118
9414,0.00328803830775118
9415,0.00328803830775118
9416,0.00328803830775118
9417,0.00328803830775118
9418,0.00328803830775118
9419,0.00328803830775118
9420,0.00328803830775118
9421,0.00328803830775118
9422,0.00328803830775118
9423,0.00328803830775118
9424,0.00328803830775118
9425,0.00328803830775118
9426,0.00328803830775118
9427,0.00328803830775118
9428,0.00328803830775118
9429,0.00328803830775118
9430,0.00328803830775118
9431,0.00328803830775118
9432,0.00328803830775118
9433,0.00328803830775118
9434,0.00328803830775118
9435,0.00328803830775118
9436,0.00328803830775118
9437,0.00328803830775118
9438,0.00328803830775118
9439,0.00328803830775118
9440,0.00328803830775118
9441,0.00328803830775118
9442,0.00328803830775118
9443,0.00328803830775118
9444,0.00328803830775118
9445,0.00328803830775118
9446,0.00328803830775118
9447,0.00328803830775118
9448,0.00328803830775118
9449,0.00328803830775118
9450,0.00328803830775118
9451,0.00328803830775118
9452,0.00328803830775118
9453,0.00328803830775118
9454,0.00328803830775118
9455,0.00328803830775118
9456,0.00328803830775118
9457,0.00328803830775118
9458,0.00328803830775118
9459,0.00328803830775118
9460,0.00328803830775118
9461,0.00328803830775118
9462,0.00328803830775118
9463,0.00328803830775118
9464,0.00328803830775118
9465,0.00328803830775118
9466,0.00328803830775118
9467,0.00328803830775118
9468,0.00328803830775118
9469,0.00328803830775118
9470,0.00328803830775118
9471,0.00328803830775118
9472,0.00328803830775118
9473,0.00328803830775118
9474,0.00328803830775118
9475,0.00328803830775118
9476,0.00328803830775118
9477,0.00328803830775118
9478,0.00328803830775118
9479,0.00328803830775118
9480,0.00328803830775118
9481,0.00328803830775118
9482,0.00328803830775118
9483,0.00328803830775118
9484,0.00328803830775118
9485,0.00328803830775118
9486,0.00328803830775118
9487,0.00328803830775118
9488,0.00328803830775118
9489,0.00328803830775118
9490,0.00328803830775118
9491,0.00328803830775118
9492,0.00328803830775118
9493,0.00328803830775118
9494,0.00328803830775118
9495,0.00328803830775118
9496,0.00328803830775118
9497,0.00328803830775118
9498,0.00328803830775118
9499,0.00328803830775118
9500,0.00328803830775118
9501,0.00328803830775118
9502,0.00328803830775118
9503,0.00328803830775118
9504,0.00328803830775118
9505,0.00328803830775118
9506,0.00328803830775118
9507,0.00328803830775118
9508,0.00328803830775118
9509,0.00328803830775118
9510,0.00328803830775118
9511,0.00328803830775118
9512,0.00328803830775118
9513,0.00328803830775118
9514,0.00328803830775118
9515,0.00328803830775118
9516,0.00328803830775118
9517,0.00328803830775118
9518,0.00328803830775118
9519,0.00328803830775118
9520,0.00328803830775118
9521,0.00328803830775118
9522,0.00328803830775118
9523,0.00328803830775118
9524,0.00328803830775118
9525,0.00328803830775118
9526,0.00328803830775118
9527,0.00328803830775118
9528,0.00328803830775118
9529,0.00328803830775118
9530,0.00328803830775118
9531,0.00328803830775118
9532,0.00328803830775118
9533,0.00328803830775118
9534,0.00328803830775118
9535,0.00328803830775118
9536,0.00328803830775118
9537,0.00328803830775118
9538,0.00328803830775118
9539,0.00328803830775118
9540,0.00328803830775118
9541,0.00328803830775118
9542,0.00328803830775118
9543,0.00328803830775118
9544,0.00328803830775118
9545,0.00328803830775118
9546,0.00328803830775118
9547,0.00328803830775118
9548,0.00328803830775118
9549,0.00328803830775118
9550,0.00328803830775118
9551,0.00328803830775118
9552,0.00328803830775118
9553,0.00328803830775118
9554,0.00328803830775118
9555,0.00328803830775118
9556,0.00328803830775118
9557,0.00328803830775118
9558,0.00328803830775118
9559,0.00328803830775118
9560,0.00328803830775118
9561,0.00328803830775118
9562,0.00328803830775118
9563,0.00328803830775118
9564,0.00328803830775118
9565,0.00328803830775118
9566,0.00328803830775118
9567,0.00328803830775118
9568,0.00328803830775118
9569,0.00328803830775118
9570,0.00328803830775118
9571,0.00328803830775118
9572,0.00328803830775118
9573,0.00328803830775118
9574,0.00328803830775118
9575,0.00328803830775118
9576,0.00328803830775118
9577,0.00328803830775118
9578,0.00328803830775118
9579,0.00328803830775118
9580,0.00328803830775118
9581,0.00328803830775118
9582,0.00328803830775118
9583,0.00328803830775118
9584,0.00328803830775118
9585,0.00328803830775118
9586,0.00328803830775118
9587,0.00328803830775118
9588,0.00328803830775118
9589,0.00328803830775118
9590,0.00328803830775118
9591,0.00328803830775118
9592,0.00328803830775118
9593,0.00328803830775118
9594,0.00328803830775118
9595,0.00328803830775118
9596,0.00328803830775118
9597,0.00328803830775118
9598,0.00328803830775118
9599,0.00328803830775118
9600,0.00328803830775118
9601,0.00328803830775118
9602,0.00328803830775118
9603,0.00328803830775118
9604,0.00328803830775118
9605,0.00328803830775118
9606,0.00328803830775118
9607,0.00328803830775118
9608,0.00328803830775118
9609,0.00328803830775118
9610,0.00328803830775118
9611,0.00328803830775118
9612,0.00328803830775118
9613,0.00328803830775118
9614,0.00328803830775118
9615,0.00328803830775118
9616,0.00328803830775118
9617,0.00328803830775118
9618,0.00328803830775118
9619,0.00328803830775118
9620,0.00328803830775118
9621,0.00328803830775118
9622,0.00328803830775118
9623,0.00328803830775118
9624,0.00328803830775118
9625,0.00328803830775118
9626,0.00328803830775118
9627,0.00328803830775118
9628,0.00328803830775118
9629,0.00328803830775118
9630,0.00328803830775118
9631,0.00328803830775118
9632,0.00328803830775118
9633,0.00328803830775118
9634,0.00328803830775118
9635,0.00328803830775118
9636,0.00328803830775118
9637,0.00328803830775118
9638,0.00328803830775118
9639,0.00328803830775118
9640,0.00328803830775118
9641,0.00328803830775118
9642,0.00328803830775118
9643,0.00328803830775118
9644,0.00328803830775118
9645,0.00328803830775118
9646,0.00328803830775118
9647,0.00328803830775118
9648,0.00328803830775118
9649,0.00328803830775118
9650,0.00328803830775118
9651,0.00328803830775118
9652,0.00328803830775118
9653,0.00328803830775118
9654,0.00328803830775118
9655,0.00328803830775118
9656,0.00328803830775118
9657,0.00328803830775118
9658,0.00328803830775118
9659,0.00328803830775118
9660,0.00328803830775118
9661,0.00328803830775118
9662,0.00328803830775118
9663,0.00328803830775118
9664,0.00328803830775118
9665,0.00328803830775118
9666,0.00328803830775118
9667,0.00328803830775118
9668,0.00328803830775118
9669,0.00328803830775118
9670,0.00328803830775118
9671,0.00328803830775118
9672,0.00328803830775118
9673,0.00328803830775118
9674,0.00328803830775118
9675,0.00328803830775118
9676,0.00328803830775118
9677,0.00328803830775118
9678,0.00328803830775118
9679,0.00328803830775118
9680,0.00328803830775118
9681,0.00328803830775118
9682,0.00328803830775118
9683,0.00328803830775118
9684,0.00328803830775118
9685,0.00328803830775118
9686,0.00328803830775118
9687,0.00328803830775118
9688,0.00328803830775118
9689,0.00328803830775118
9690,0.00328803830775118
9691,0.00328803830775118
9692,0.00328803830775118
9693,0.00328803830775118
9694,0.00328803830775118
9695,0.00328803830775118
9696,0.00328803830775118
9697,0.00328803830775118
9698,0.00328803830775118
9699,0.00328803830775118
9700,0.00328803830775118
9701,0.00328803830775118
9702,0.00328803830775118
9703,0.00328803830775118
9704,0.00328803830775118
9705,0.00328803830775118
9706,0.00328803830775118
9707,0.00328803830775118
9708,0.00328803830775118
9709,0.00328803830775118
9710,0.00328803830775118
9711,0.00328803830775118
9712,0.00328803830775118
9713,0.00328803830775118
9714,0.00328803830775118
9715,0.00328803830775118
9716,0.00328803830775118
9717,0.00328803830775118
9718,0.00328803830775118
9719,0.00328803830775118
9720,0.00328803830775118
9721,0.00328803830775118
9722,0.00328803830775118
9723,0.00328803830775118
9724,0.00328803830775118
9725,0.00328803830775118
9726,0.00328803830775118
9727,0.00328803830775118
9728,0.00328803830775118
9729,0.00328803830775118
9730,0.00328803830775118
9731,0.00328803830775118
9732,0.00328803830775118
9733,0.00328803830775118
9734,0.00328803830775118
9735,0.00328803830775118
9736,0.00328803830775118
9737,0.00328803830775118
9738,0.00328803830775118
9739,0.00328803830775118
9740,0.00328803830775118
9741,0.00328803830775118
9742,0.00328803830775118
9743,0.00328803830775118
9744,0.00328803830775118
9745,0.00328803830775118
9746,0.00328803830775118
9747,0.00328803830775118
9748,0.00328803830775118
9749,0.00328803830775118
9750,0.00328803830775118
9751,0.00328803830775118
9752,0.00328803830775118
9753,0.00328803830775118
9754,0.00328803830775118
9755,0.00328803830775118
9756,0.00328803830775118
9757,0.00328803830775118
9758,0.00328803830775118
9759,0.00328803830775118
9760,0.00328803830775118
9761,0.00328803830775118
9762,0.00328803830775118
9763,0.00328803830775118
9764,0.00328803830775118
9765,0.00328803830775118
9766,0.00328803830775118
9767,0.00328803830775118
9768,0.00328803830775118
9769,0.00328803830775118
9770,0.00328803830775118
9771,0.00328803830775118
9772,0.00328803830775118
9773,0.00328803830775118
9774,0.00328803830775118
9775,0.00328803830775118
9776,0.00328803830775118
9777,0.00328803830775118
9778,0.00328803830775118
9779,0.00328803830775118
9780,0.00328803830775118
9781,0.00328803830775118
9782,0.00328803830775118
9783,0.00328803830775118
9784,0.00328803830775118
9785,0.00328803830775118
9786,0.00328803830775118
9787,0.00328803830775118
9788,0.00328803830775118
9789,0.00328803830775118
9790,0.00328803830775118
9791,0.00328803830775118
9792,0.00328803830775118
9793,0.00328803830775118
9794,0.00328803830775118
9795,0.00328803830775118
9796,0.00328803830775118
9797,0.00328803830775118
9798,0.00328803830775118
9799,0.00328803830775118
9800,0.00328803830775118
9801,0.00328803830775118
9802,0.00328803830775118
9803,0.00328803830775118
9804,0.00328803830775118
9805,0.00328803830775118
9806,0.00328803830775118
9807,0.00328803830775118
9808,0.00328803830775118
9809,0.00328803830775118
9810,0.00328803830775118
9811,0.00328803830775118
9812,0.00328803830775118
9813,0.00328803830775118
9814,0.00328803830775118
9815,0.00328803830775118
9816,0.00328803830775118
9817,0.00328803830775118
9818,0.00328803830775118
9819,0.00328803830775118
9820,0.00328803830775118
9821,0.00328803830775118
9822,0.00328803830775118
9823,0.00328803830775118
9824,0.00328803830775118
9825,0.00328803830775118
9826,0.00328803830775118
9827,0.00328803830775118
9828,0.00328803830775118
9829,0.00328803830775118
9830,0.00328803830775118
9831,0.00328803830775118
9832,0.00328803830775118
9833,0.00328803830775118
9834,0.00328803830775118
9835,0.00328803830775118
9836,0.00328803830775118
9837,0.00328803830775118
9838,0.00328803830775118
9839,0.00328803830775118
9840,0.00328803830775118
9841,0.00328803830775118
9842,0.00328803830775118
9843,0.00328803830775118
9844,0.00328803830775118
9845,0.00328803830775118
9846,0.00328803830775118
9847,0.00328803830775118
9848,0.00328803830775118
9849,0.00328803830775118
9850,0.00328803830775118
9851,0.00328803830775118
9852,0.00328803830775118
9853,0.00328803830775118
9854,0.00328803830775118
9855,0.00328803830775118
9856,0.00328803830775118
9857,0.00328803830775118
9858,0.00328803830775118
9859,0.00328803830775118
9860,0.00328803830775118
9861,0.00328803830775118
9862,0.00328803830775118
9863,0.00328803830775118
9864,0.00328803830775118
9865,0.00328803830775118
9866,0.00328803830775118
9867,0.00328803830775118
9868,0.00328803830775118
9869,0.00328803830775118
9870,0.00328803830775118
9871,0.00328803830775118
9872,0.00328803830775118
9873,0.00328803830775118
9874,0.00328803830775118
9875,0.00328803830775118
9876,0.00328803830775118
9877,0.00328803830775118
9878,0.00328803830775118
9879,0.00328803830775118
9880,0.00328803830775118
9881,0.00328803830775118
9882,0.00328803830775118
9883,0.00328803830775118
9884,0.00328803830775118
9885,0.00328803830775118
9886,0.00328803830775118
9887,0.00328803830775118
9888,0.00328803830775118
9889,0.00328803830775118
9890,0.00328803830775118
9891,0.00328803830775118
9892,0.00328803830775118
9893,0.00328803830775118
9894,0.00328803830775118
9895,0.00328803830775118
9896,0.00328803830775118
9897,0.00328803830775118
9898,0.00328803830775118
9899,0.00328803830775118
9900,0.00328803830775118
9901,0.00328803830775118
9902,0.00328803830775118
9903,0.00328803830775118
9904,0.00328803830775118
9905,0.00328803830775118
9906,0.00328803830775118
9907,0.00328803830775118
9908,0.00328803830775118
9909,0.00328803830775118
9910,0.00328803830775118
9911,0.00328803830775118
9912,0.00328803830775118
9913,0.00328803830775118
9914,0.00328803830775118
9915,0.00328803830775118
9916,0.00328803830775118
9917,0.00328803830775118
9918,0.00328803830775118
9919,0.00328803830775118
9920,0.00328803830775118
9921,0.00328803830775118
9922,0.00328803830775118
9923,0.00328803830775118
9924,0.00328803830775118
9925,0.00328803830775118
9926,0.00328803830775118
9927,0.00328803830775118
9928,0.00328803830775118
9929,0.00328803830775118
9930,0.00328803830775118
9931,0.00328803830775118
9932,0.00328803830775118
9933,0.00328803830775118
9934,0.00328803830775118
9935,0.00328803830775118
9936,0.00328803830775118
9937,0.00328803830775118
9938,0.00328803830775118
9939,0.00328803830775118
9940,0.00328803830775118
9941,0.00328803830775118
9942,0.00328803830775118
9943,0.00328803830775118
9944,0.00328803830775118
9945,0.00328803830775118
9946,0.00328803830775118
9947,0.00328803830775118
9948,0.00328803830775118
9949,0.00328803830775118
9950,0.00328803830775118
9951,0.00328803830775118
9952,0.00328803830775118
9953,0.00328803830775118
9954,0.00328803830775118
9955,0.00328803830775118
9956,0.00328803830775118
9957,0.00328803830775118
9958,0.00328803830775118
9959,0.00328803830775118
9960,0.00328803830775118
9961,0.00328803830775118
9962,0.00328803830775118
9963,0.00328803830775118
9964,0.00328803830775118
9965,0.00328803830775118
9966,0.00328803830775118
9967,0.00328803830775118
9968,0.00328803830775118
9969,0.00328803830775118
9970,0.00328803830775118
9971,0.00328803830775118
9972,0.00328803830775118
9973,0.00328803830775118
9974,0.00328803830775118
9975,0.00328803830775118
9976,0.00328803830775118
9977,0.00328803830775118
9978,0.00328803830775118
9979,0.00328803830775118
9980,0.00328803830775118
9981,0.00328803830775118
9982,0.00328803830775118
9983,0.00328803830775118
9984,0.00328803830775118
9985,0.00328803830775118
9986,0.00328803830775118
9987,0.00328803830775118
9988,0.00328803830775118
9989,0.00328803830775118
9990,0.00328803830775118
9991,0.00328803830775118
9992,0.00328803830775118
9993,0.00328803830775118
9994,0.00328803830775118
9995,0.00328803830775118
9996,0.00328803830775118
9997,0.00328803830775118
9998,0.00328803830775118
9999,0.00328803830775118
10000,0.00328803830775118
10001,0.00328803830775118
10002,0.00328803830775118
10003,0.00328803830775118
10004,0.00328803830775118
10005,0.00328803830775118
10006,0.00328803830775118
10007,0.00328803830775118
10008,0.00328803830775118
10009,0.00328803830775118
10010,0.00328803830775118
10011,0.00328803830775118
10012,0.00328803830775118
10013,0.00328803830775118
10014,0.00328803830775118
10015,0.00328803830775118
10016,0.00328803830775118
10017,0.00328803830775118
10018,0.00328803830775118
10019,0.00328803830775118
10020,0.00328803830775118
10021,0.00328803830775118
10022,0.00328803830775118
10023,0.00328803830775118
10024,0.00328803830775118
10025,0.00328803830775118
10026,0.00328803830775118
10027,0.00328803830775118
10028,0.00328803830775118
10029,0.00328803830775118
10030,0.00328803830775118
10031,0.00328803830775118
10032,0.00328803830775118
10033,0.00328803830775118
10034,0.00328803830775118
10035,0.00328803830775118
10036,0.00328803830775118
10037,0.00328803830775118
10038,0.00328803830775118
10039,0.00328803830775118
10040,0.00328803830775118
10041,0.00328803830775118
10042,0.00328803830775118
10043,0.00328803830775118
10044,0.00328803830775118
10045,0.00328803830775118
10046,0.00328803830775118
10047,0.00328803830775118
10048,0.00328803830775118
10049,0.00328803830775118
10050,0.00328803830775118
10051,0.00328803830775118
10052,0.00328803830775118
10053,0.00328803830775118
10054,0.00328803830775118
10055,0.00328803830775118
10056,0.00328803830775118
10057,0.00328803830775118
10058,0.00328803830775118
10059,0.00328803830775118
10060,0.00328803830775118
10061,0.00328803830775118
10062,0.00328803830775118
10063,0.00328803830775118
10064,0.00328803830775118
10065,0.00328803830775118
10066,0.00328803830775118
10067,0.00328803830775118
10068,0.00328803830775118
10069,0.00328803830775118
10070,0.00328803830775118
10071,0.00328803830775118
10072,0.00328803830775118
10073,0.00328803830775118
10074,0.00328803830775118
10075,0.00328803830775118
10076,0.00328803830775118
10077,0.00328803830775118
10078,0.00328803830775118
10079,0.00328803830775118
10080,0.00328803830775118
10081,0.00328803830775118
10082,0.00328803830775118
10083,0.00328803830775118
10084,0.00328803830775118
10085,0.00328803830775118
10086,0.00328803830775118
10087,0.00328803830775118
10088,0.00328803830775118
10089,0.00328803830775118
10090,0.00328803830775118
10091,0.00328803830775118
10092,0.00328803830775118
10093,0.00328803830775118
10094,0.00328803830775118
10095,0.00328803830775118
10096,0.00328803830775118
10097,0.00328803830775118
10098,0.00328803830775118
10099,0.00328803830775118
10100,0.00328803830775118
10101,0.00328803830775118
10102,0.00328803830775118
10103,0.00328803830775118
10104,0.00328803830775118
10105,0.00328803830775118
10106,0.00328803830775118
10107,0.00328803830775118
10108,0.00328803830775118
10109,0.00328803830775118
10110,0.00328803830775118
10111,0.00328803830775118
10112,0.00328803830775118
10113,0.00328803830775118
10114,0.00328803830775118
10115,0.00328803830775118
10116,0.00328803830775118
10117,0.00328803830775118
10118,0.00328803830775118
10119,0.00328803830775118
10120,0.00328803830775118
10121,0.00328803830775118
10122,0.00328803830775118
10123,0.00328803830775118
10124,0.00328803830775118
10125,0.00328803830775118
10126,0.00328803830775118
10127,0.00328803830775118
10128,0.00328803830775118
10129,0.00328803830775118
10130,0.00328803830775118
10131,0.00328803830775118
10132,0.00328803830775118
10133,0.00328803830775118
10134,0.00328803830775118
10135,0.00328803830775118
10136,0.00328803830775118
10137,0.00328803830775118
10138,0.00328803830775118
10139,0.00328803830775118
10140,0.00328803830775118
10141,0.00328803830775118
10142,0.00328803830775118
10143,0.00328803830775118
10144,0.00328803830775118
10145,0.00328803830775118
10146,0.00328803830775118
10147,0.00328803830775118
10148,0.00328803830775118
10149,0.00328803830775118
10150,0.00328803830775118
10151,0.00328803830775118
10152,0.00328803830775118
10153,0.00328803830775118
10154,0.00328803830775118
10155,0.00328803830775118
10156,0.00328803830775118
10157,0.00328803830775118
10158,0.00328803830775118
10159,0.00328803830775118
10160,0.00328803830775118
10161,0.00328803830775118
10162,0.00328803830775118
10163,0.00328803830775118
10164,0.00328803830775118
10165,0.00328803830775118
10166,0.00328803830775118
10167,0.00328803830775118
10168,0.00328803830775118
10169,0.00328803830775118
10170,0.00328803830775118
10171,0.00328803830775118
10172,0.00328803830775118
10173,0.00328803830775118
10174,0.00328803830775118
10175,0.00328803830775118
10176,0.00328803830775118
10177,0.00328803830775118
10178,0.00328803830775118
10179,0.00328803830775118
10180,0.00328803830775118
10181,0.00328803830775118
10182,0.00328803830775118
10183,0.00328803830775118
10184,0.00328803830775118
10185,0.00328803830775118
10186,0.00328803830775118
10187,0.00328803830775118
10188,0.00328803830775118
10189,0.00328803830775118
10190,0.00328803830775118
10191,0.00328803830775118
10192,0.00328803830775118
10193,0.00328803830775118
10194,0.00328803830775118
10195,0.00328803830775118
10196,0.00328803830775118
10197,0.00328803830775118
10198,0.00328803830775118
10199,0.00328803830775118
10200,0.00328803830775118
10201,0.00328803830775118
10202,0.00328803830775118
10203,0.00328803830775118
10204,0.00328803830775118
10205,0.00328803830775118
10206,0.00328803830775118
10207,0.00328803830775118
10208,0.00328803830775118
10209,0.00328803830775118
10210,0.00328803830775118
10211,0.00328803830775118
10212,0.00328803830775118
10213,0.00328803830775118
10214,0.00328803830775118
10215,0.00328803830775118
10216,0.00328803830775118
10217,0.00328803830775118
10218,0.00328803830775118
10219,0.00328803830775118
10220,0.00328803830775118
10221,0.00328803830775118
10222,0.00328803830775118
10223,0.00328803830775118
10224,0.00328803830775118
10225,0.00328803830775118
10226,0.00328803830775118
10227,0.00328803830775118
10228,0.00328803830775118
10229,0.00328803830775118
10230,0.00328803830775118
10231,0.00328803830775118
10232,0.00328803830775118
10233,0.00328803830775118
10234,0.00328803830775118
10235,0.00328803830775118
10236,0.00328803830775118
10237,0.00328803830775118
10238,0.00328803830775118
10239,0.00328803830775118
10240,0.00328803830775118
10241,0.00328803830775118
10242,0.00328803830775118
10243,0.00328803830775118
10244,0.00328803830775118
10245,0.00328803830775118
10246,0.00328803830775118
10247,0.00328803830775118
10248,0.00328803830775118
10249,0.00328803830775118
10250,0.00328803830775118
10251,0.00328803830775118
10252,0.00328803830775118
10253,0.00328803830775118
10254,0.00328803830775118
10255,0.00328803830775118
10256,0.00328803830775118
10257,0.00328803830775118
10258,0.00328803830775118
10259,0.00328803830775118
10260,0.00328803830775118
10261,0.00328803830775118
10262,0.00328803830775118
10263,0.00328803830775118
10264,0.00328803830775118
10265,0.00328803830775118
10266,0.00328803830775118
10267,0.00328803830775118
10268,0.00328803830775118
10269,0.00328803830775118
10270,0.00328803830775118
10271,0.00328803830775118
10272,0.00328803830775118
10273,0.00328803830775118
10274,0.00328803830775118
10275,0.00328803830775118
10276,0.00328803830775118
10277,0.00328803830775118
10278,0.00328803830775118
10279,0.00328803830775118
10280,0.00328803830775118
10281,0.00328803830775118
10282,0.00328803830775118
10283,0.00328803830775118
10284,0.00328803830775118
10285,0.00328803830775118
10286,0.00328803830775118
10287,0.00328803830775118
10288,0.00328803830775118
10289,0.00328803830775118
10290,0.00328803830775118
10291,0.00328803830775118
10292,0.00328803830775118
10293,0.00328803830775118
10294,0.00328803830775118
10295,0.00328803830775118
10296,0.00328803830775118
10297,0.00328803830775118
10298,0.00328803830775118
10299,0.00328803830775118
10300,0.00328803830775118
10301,0.00328803830775118
10302,0.00328803830775118
10303,0.00328803830775118
10304,0.00328803830775118
10305,0.00328803830775118
10306,0.00328803830775118
10307,0.00328803830775118
10308,0.00328803830775118
10309,0.00328803830775118
10310,0.00328803830775118
10311,0.00328803830775118
10312,0.00328803830775118
10313,0.00328803830775118
10314,0.00328803830775118
10315,0.00328803830775118
10316,0.00328803830775118
10317,0.00328803830775118
10318,0.00328803830775118
10319,0.00328803830775118
10320,0.00328803830775118
10321,0.00328803830775118
10322,0.00328803830775118
10323,0.00328803830775118
10324,0.00328803830775118
10325,0.00328803830775118
10326,0.00328803830775118
10327,0.00328803830775118
10328,0.00328803830775118
10329,0.00328803830775118
10330,0.00328803830775118
10331,0.00328803830775118
10332,0.00328803830775118
10333,0.00328803830775118
10334,0.00328803830775118
10335,0.00328803830775118
10336,0.00328803830775118
10337,0.00328803830775118
10338,0.00328803830775118
10339,0.00328803830775118
10340,0.00328803830775118
10341,0.00328803830775118
10342,0.00328803830775118
10343,0.00328803830775118
10344,0.00328803830775118
10345,0.00328803830775118
10346,0.00328803830775118
10347,0.00328803830775118
10348,0.00328803830775118
10349,0.00328803830775118
10350,0.00328803830775118
10351,0.00328803830775118
10352,0.00328803830775118
10353,0.00328803830775118
10354,0.00328803830775118
10355,0.00328803830775118
10356,0.00328803830775118
10357,0.00328803830775118
10358,0.00328803830775118
10359,0.00328803830775118
10360,0.00328803830775118
10361,0.00328803830775118
10362,0.00328803830775118
10363,0.00328803830775118
10364,0.00328803830775118
10365,0.00328803830775118
10366,0.00328803830775118
10367,0.00328803830775118
10368,0.00328803830775118
10369,0.00328803830775118
10370,0.00328803830775118
10371,0.00328803830775118
10372,0.00328803830775118
10373,0.00328803830775118
10374,0.00328803830775118
10375,0.00328803830775118
10376,0.00328803830775118
10377,0.00328803830775118
10378,0.00328803830775118
10379,0.00328803830775118
10380,0.00328803830775118
10381,0.00328803830775118
10382,0.00328803830775118
10383,0.00328803830775118
10384,0.00328803830775118
10385,0.00328803830775118
10386,0.00328803830775118
10387,0.00328803830775118
10388,0.00328803830775118
10389,0.00328803830775118
10390,0.00328803830775118
10391,0.00328803830775118
10392,0.00328803830775118
10393,0.00328803830775118
10394,0.00328803830775118
10395,0.00328803830775118
10396,0.00328803830775118
10397,0.00328803830775118
10398,0.00328803830775118
10399,0.00328803830775118
10400,0.00328803830775118
10401,0.00328803830775118
10402,0.00328803830775118
10403,0.00328803830775118
10404,0.00328803830775118
10405,0.00328803830775118
10406,0.00328803830775118
10407,0.00328803830775118
10408,0.00328803830775118
10409,0.00328803830775118
10410,0.00328803830775118
10411,0.00328803830775118
10412,0.00328803830775118
10413,0.00328803830775118
10414,0.00328803830775118
10415,0.00328803830775118
10416,0.00328803830775118
10417,0.00328803830775118
10418,0.00328803830775118
10419,0.00328803830775118
10420,0.00328803830775118
10421,0.00328803830775118
10422,0.00328803830775118
10423,0.00328803830775118
10424,0.00328803830775118
10425,0.00328803830775118
10426,0.00328803830775118
10427,0.00328803830775118
10428,0.00328803830775118
10429,0.00328803830775118
10430,0.00328803830775118
10431,0.00328803830775118
10432,0.00328803830775118
10433,0.00328803830775118
10434,0.00328803830775118
10435,0.00328803830775118
10436,0.00328803830775118
10437,0.00328803830775118
10438,0.00328803830775118
10439,0.00328803830775118
10440,0.00328803830775118
10441,0.00328803830775118
10442,0.00328803830775118
10443,0.00328803830775118
10444,0.00328803830775118
10445,0.00328803830775118
10446,0.00328803830775118
10447,0.00328803830775118
10448,0.00328803830775118
10449,0.00328803830775118
10450,0.00328803830775118
10451,0.00328803830775118
10452,0.00328803830775118
10453,0.00328803830775118
10454,0.00328803830775118
10455,0.00328803830775118
10456,0.00328803830775118
10457,0.00328803830775118
10458,0.00328803830775118
10459,0.00328803830775118
10460,0.00328803830775118
10461,0.00328803830775118
10462,0.00328803830775118
10463,0.00328803830775118
10464,0.00328803830775118
10465,0.00328803830775118
10466,0.00328803830775118
10467,0.00328803830775118
10468,0.00328803830775118
10469,0.00328803830775118
10470,0.00328803830775118
10471,0.00328803830775118
10472,0.00328803830775118
10473,0.00328803830775118
10474,0.00328803830775118
10475,0.00328803830775118
10476,0.00328803830775118
10477,0.00328803830775118
10478,0.00328803830775118
10479,0.00328803830775118
10480,0.00328803830775118
10481,0.00328803830775118
10482,0.00328803830775118
10483,0.00328803830775118
10484,0.00328803830775118
10485,0.00328803830775118
10486,0.00328803830775118
10487,0.00328803830775118
10488,0.00328803830775118
10489,0.00328803830775118
10490,0.00328803830775118
10491,0.00328803830775118
10492,0.00328803830775118
10493,0.00328803830775118
10494,0.00328803830775118
10495,0.00328803830775118
10496,0.00328803830775118
10497,0.00328803830775118
10498,0.00328803830775118
10499,0.00328803830775118
10500,0.00328803830775118
10501,0.00328803830775118
10502,0.00328803830775118
10503,0.00328803830775118
10504,0.00328803830775118
10505,0.00328803830775118
10506,0.00328803830775118
10507,0.00328803830775118
10508,0.00328803830775118
10509,0.00328803830775118
10510,0.00328803830775118
10511,0.00328803830775118
10512,0.00328803830775118
10513,0.00328803830775118
10514,0.00328803830775118
10515,0.00328803830775118
10516,0.00328803830775118
10517,0.00328803830775118
10518,0.00328803830775118
10519,0.00328803830775118
10520,0.00328803830775118
10521,0.00328803830775118
10522,0.00328803830775118
10523,0.00328803830775118
10524,0.00328803830775118
10525,0.00328803830775118
10526,0.00328803830775118
10527,0.00328803830775118
10528,0.00328803830775118
10529,0.00328803830775118
10530,0.00328803830775118
10531,0.00328803830775118
10532,0.00328803830775118
10533,0.00328803830775118
10534,0.00328803830775118
10535,0.00328803830775118
10536,0.00328803830775118
10537,0.00328803830775118
10538,0.00328803830775118
10539,0.00328803830775118
10540,0.00328803830775118
10541,0.00328803830775118
10542,0.00328803830775118
10543,0.00328803830775118
10544,0.00328803830775118
10545,0.00328803830775118
10546,0.00328803830775118
10547,0.00328803830775118
10548,0.00328803830775118
10549,0.00328803830775118
10550,0.00328803830775118
10551,0.00328803830775118
10552,0.00328803830775118
10553,0.00328803830775118
10554,0.00328803830775118
10555,0.00328803830775118
10556,0.00328803830775118
10557,0.00328803830775118
10558,0.00328803830775118
10559,0.00328803830775118
10560,0.00328803830775118
10561,0.00328803830775118
10562,0.00328803830775118
10563,0.00328803830775118
10564,0.00328803830775118
10565,0.00328803830775118
10566,0.00328803830775118
10567,0.00328803830775118
10568,0.00328803830775118
10569,0.00328803830775118
10570,0.00328803830775118
10571,0.00328803830775118
10572,0.00328803830775118
10573,0.00328803830775118
10574,0.00328803830775118
10575,0.00328803830775118
10576,0.00328803830775118
10577,0.00328803830775118
10578,0.00328803830775118
10579,0.00328803830775118
10580,0.00328803830775118
10581,0.00328803830775118
10582,0.00328803830775118
10583,0.00328803830775118
10584,0.00328803830775118
10585,0.00328803830775118
10586,0.00328803830775118
10587,0.00328803830775118
10588,0.00328803830775118
10589,0.00328803830775118
10590,0.00328803830775118
10591,0.00328803830775118
10592,0.00328803830775118
10593,0.00328803830775118
10594,0.00328803830775118
10595,0.00328803830775118
10596,0.00328803830775118
10597,0.00328803830775118
10598,0.00328803830775118
10599,0.00328803830775118
10600,0.00328803830775118
10601,0.00328803830775118
10602,0.00328803830775118
10603,0.00328803830775118
10604,0.00328803830775118
10605,0.00328803830775118
10606,0.00328803830775118
10607,0.00328803830775118
10608,0.00328803830775118
10609,0.00328803830775118
10610,0.00328803830775118
10611,0.00328803830775118
10612,0.00328803830775118
10613,0.00328803830775118
10614,0.00328803830775118
10615,0.00328803830775118
10616,0.00328803830775118
10617,0.00328803830775118
10618,0.00328803830775118
10619,0.00328803830775118
10620,0.00328803830775118
10621,0.00328803830775118
10622,0.00328803830775118
10623,0.00328803830775118
10624,0.00328803830775118
10625,0.00328803830775118
10626,0.00328803830775118
10627,0.00328803830775118
10628,0.00328803830775118
10629,0.00328803830775118
10630,0.00328803830775118
10631,0.00328803830775118
10632,0.00328803830775118
10633,0.00328803830775118
10634,0.00328803830775118
10635,0.00328803830775118
10636,0.00328803830775118
10637,0.00328803830775118
10638,0.00328803830775118
10639,0.00328803830775118
10640,0.00328803830775118
10641,0.00328803830775118
10642,0.00328803830775118
10643,0.00328803830775118
10644,0.00328803830775118
10645,0.00328803830775118
10646,0.00328803830775118
10647,0.00328803830775118
10648,0.00328803830775118
10649,0.00328803830775118
10650,0.00328803830775118
10651,0.00328803830775118
10652,0.00328803830775118
10653,0.00328803830775118
10654,0.00328803830775118
10655,0.00328803830775118
10656,0.00328803830775118
10657,0.00328803830775118
10658,0.00328803830775118
10659,0.00328803830775118
10660,0.00328803830775118
10661,0.00328803830775118
10662,0.00328803830775118
10663,0.00328803830775118
10664,0.00328803830775118
10665,0.00328803830775118
10666,0.00328803830775118
10667,0.00328803830775118
10668,0.00328803830775118
10669,0.00328803830775118
10670,0.00328803830775118
10671,0.00328803830775118
10672,0.00328803830775118
10673,0.00328803830775118
10674,0.00328803830775118
10675,0.00328803830775118
10676,0.00328803830775118
10677,0.00328803830775118
10678,0.00328803830775118
10679,0.00328803830775118
10680,0.00328803830775118
10681,0.00328803830775118
10682,0.00328803830775118
10683,0.00328803830775118
10684,0.00328803830775118
10685,0.00328803830775118
10686,0.00328803830775118
10687,0.00328803830775118
10688,0.00328803830775118
10689,0.00328803830775118
10690,0.00328803830775118
10691,0.00328803830775118
10692,0.00328803830775118
10693,0.00328803830775118
10694,0.00328803830775118
10695,0.00328803830775118
10696,0.00328803830775118
10697,0.00328803830775118
10698,0.00328803830775118
10699,0.00328803830775118
10700,0.00328803830775118
10701,0.00328803830775118
10702,0.00328803830775118
10703,0.00328803830775118
10704,0.00328803830775118
10705,0.00328803830775118
10706,0.00328803830775118
10707,0.00328803830775118
10708,0.00328803830775118
10709,0.00328803830775118
10710,0.00328803830775118
10711,0.00328803830775118
10712,0.00328803830775118
10713,0.00328803830775118
10714,0.00328803830775118
10715,0.00328803830775118
10716,0.00328803830775118
10717,0.00328803830775118
10718,0.00328803830775118
10719,0.00328803830775118
10720,0.00328803830775118
10721,0.00328803830775118
10722,0.00328803830775118
10723,0.00328803830775118
10724,0.00328803830775118
10725,0.00328803830775118
10726,0.00328803830775118
10727,0.00328803830775118
10728,0.00328803830775118
10729,0.00328803830775118
10730,0.00328803830775118
10731,0.00328803830775118
10732,0.00328803830775118
10733,0.00328803830775118
10734,0.00328803830775118
10735,0.00328803830775118
10736,0.00328803830775118
10737,0.00328803830775118
10738,0.00328803830775118
10739,0.00328803830775118
10740,0.00328803830775118
10741,0.00328803830775118
10742,0.00328803830775118
10743,0.00328803830775118
10744,0.00328803830775118
10745,0.00328803830775118
10746,0.00328803830775118
10747,0.00328803830775118
10748,0.00328803830775118
10749,0.00328803830775118
10750,0.00328803830775118
10751,0.00328803830775118
10752,0.00328803830775118
10753,0.00328803830775118
10754,0.00328803830775118
10755,0.00328803830775118
10756,0.00328803830775118
10757,0.00328803830775118
10758,0.00328803830775118
10759,0.00328803830775118
10760,0.00328803830775118
10761,0.00328803830775118
10762,0.00328803830775118
10763,0.00328803830775118
10764,0.00328803830775118
10765,0.00328803830775118
10766,0.00328803830775118
10767,0.00328803830775118
10768,0.00328803830775118
10769,0.00328803830775118
10770,0.00328803830775118
10771,0.00328803830775118
10772,0.00328803830775118
10773,0.00328803830775118
10774,0.00328803830775118
10775,0.00328803830775118
10776,0.00328803830775118
10777,0.00328803830775118
10778,0.00328803830775118
10779,0.00328803830775118
10780,0.00328803830775118
10781,0.00328803830775118
10782,0.00328803830775118
10783,0.00328803830775118
10784,0.00328803830775118
10785,0.00328803830775118
10786,0.00328803830775118
10787,0.00328803830775118
10788,0.00328803830775118
10789,0.00328803830775118
10790,0.00328803830775118
10791,0.00328803830775118
10792,0.00328803830775118
10793,0.00328803830775118
10794,0.00328803830775118
10795,0.00328803830775118
10796,0.00328803830775118
10797,0.00328803830775118
10798,0.00328803830775118
10799,0.00328803830775118
10800,0.00328803830775118
10801,0.00328803830775118
10802,0.00328803830775118
10803,0.00328803830775118
10804,0.00328803830775118
10805,0.00328803830775118
10806,0.00328803830775118
10807,0.00328803830775118
10808,0.00328803830775118
10809,0.00328803830775118
10810,0.00328803830775118
10811,0.00328803830775118
10812,0.00328803830775118
10813,0.00328803830775118
10814,0.00328803830775118
10815,0.00328803830775118
10816,0.00328803830775118
10817,0.00328803830775118
10818,0.00328803830775118
10819,0.00328803830775118
10820,0.00328803830775118
10821,0.00328803830775118
10822,0.00328803830775118
10823,0.00328803830775118
10824,0.00328803830775118
10825,0.00328803830775118
10826,0.00328803830775118
10827,0.00328803830775118
10828,0.00328803830775118
10829,0.00328803830775118
10830,0.00328803830775118
10831,0.00328803830775118
10832,0.00328803830775118
10833,0.00328803830775118
10834,0.00328803830775118
10835,0.00328803830775118
10836,0.00328803830775118
10837,0.00328803830775118
10838,0.00328803830775118
10839,0.00328803830775118
10840,0.00328803830775118
10841,0.00328803830775118
10842,0.00328803830775118
10843,0.00328803830775118
10844,0.00328803830775118
10845,0.00328803830775118
10846,0.00328803830775118
10847,0.00328803830775118
10848,0.00328803830775118
10849,0.00328803830775118
10850,0.00328803830775118
10851,0.00328803830775118
10852,0.00328803830775118
10853,0.00328803830775118
10854,0.00328803830775118
10855,0.00328803830775118
10856,0.00328803830775118
10857,0.00328803830775118
10858,0.00328803830775118
10859,0.00328803830775118
10860,0.00328803830775118
10861,0.00328803830775118
10862,0.00328803830775118
10863,0.00328803830775118
10864,0.00328803830775118
10865,0.00328803830775118
10866,0.00328803830775118
10867,0.00328803830775118
10868,0.00328803830775118
10869,0.00328803830775118
10870,0.00328803830775118
10871,0.00328803830775118
10872,0.00328803830775118
10873,0.00328803830775118
10874,0.00328803830775118
10875,0.00328803830775118
10876,0.00328803830775118
10877,0.00328803830775118
10878,0.00328803830775118
10879,0.00328803830775118
10880,0.00328803830775118
10881,0.00328803830775118
10882,0.00328803830775118
10883,0.00328803830775118
10884,0.00328803830775118
10885,0.00328803830775118
10886,0.00328803830775118
10887,0.00328803830775118
10888,0.00328803830775118
10889,0.00328803830775118
10890,0.00328803830775118
10891,0.00328803830775118
10892,0.00328803830775118
10893,0.00328803830775118
10894,0.00328803830775118
10895,0.00328803830775118
10896,0.00328803830775118
10897,0.00328803830775118
10898,0.00328803830775118
10899,0.00328803830775118
10900,0.00328803830775118
10901,0.00328803830775118
10902,0.00328803830775118
10903,0.00328803830775118
10904,0.00328803830775118
10905,0.00328803830775118
10906,0.00328803830775118
10907,0.00328803830775118
10908,0.00328803830775118
10909,0.00328803830775118
10910,0.00328803830775118
10911,0.00328803830775118
10912,0.00328803830775118
10913,0.00328803830775118
10914,0.00328803830775118
10915,0.00328803830775118
10916,0.00328803830775118
10917,0.00328803830775118
10918,0.00328803830775118
10919,0.00328803830775118
10920,0.00328803830775118
10921,0.00328803830775118
10922,0.00328803830775118
10923,0.00328803830775118
10924,0.00328803830775118
10925,0.00328803830775118
10926,0.00328803830775118
10927,0.00328803830775118
10928,0.00328803830775118
10929,0.00328803830775118
10930,0.00328803830775118
10931,0.00328803830775118
10932,0.00328803830775118
10933,0.00328803830775118
10934,0.00328803830775118
10935,0.00328803830775118
10936,0.00328803830775118
10937,0.00328803830775118
10938,0.00328803830775118
10939,0.00328803830775118
10940,0.00328803830775118
10941,0.00328803830775118
10942,0.00328803830775118
10943,0.00328803830775118
10944,0.00328803830775118
10945,0.00328803830775118
10946,0.00328803830775118
10947,0.00328803830775118
10948,0.00328803830775118
10949,0.00328803830775118
10950,0.00328803830775118
10951,0.00328803830775118
10952,0.00328803830775118
10953,0.00328803830775118
10954,0.00328803830775118
10955,0.00328803830775118
10956,0.00328803830775118
10957,0.00328803830775118
10958,0.00328803830775118
10959,0.00328803830775118
10960,0.00328803830775118
10961,0.00328803830775118
10962,0.00328803830775118
10963,0.00328803830775118
10964,0.00328803830775118
10965,0.00328803830775118
10966,0.00328803830775118
10967,0.00328803830775118
10968,0.00328803830775118
10969,0.00328803830775118
10970,0.00328803830775118
10971,0.00328803830775118
10972,0.00328803830775118
10973,0.00328803830775118
10974,0.00328803830775118
10975,0.00328803830775118
10976,0.00328803830775118
10977,0.00328803830775118
10978,0.00328803830775118
10979,0.00328803830775118
10980,0.00328803830775118
10981,0.00328803830775118
10982,0.00328803830775118
10983,0.00328803830775118
10984,0.00328803830775118
10985,0.00328803830775118
10986,0.00328803830775118
10987,0.00328803830775118
10988,0.00328803830775118
10989,0.00328803830775118
10990,0.00328803830775118
10991,0.00328803830775118
10992,0.00328803830775118
10993,0.00328803830775118
10994,0.00328803830775118
10995,0.00328803830775118
10996,0.00328803830775118
10997,0.00328803830775118
10998,0.00328803830775118
10999,0.00328803830775118
11000,0.00328803830775118
11001,0.00328803830775118
11002,0.00328803830775118
11003,0.00328803830775118
11004,0.00328803830775118
11005,0.00328803830775118
11006,0.00328803830775118
11007,0.00328803830775118
11008,0.00328803830775118
11009,0.00328803830775118
11010,0.00328803830775118
11011,0.00328803830775118
11012,0.00328803830775118
11013,0.00328803830775118
11014,0.00328803830775118
11015,0.00328803830775118
11016,0.00328803830775118
11017,0.00328803830775118
11018,0.00328803830775118
11019,0.00328803830775118
11020,0.00328803830775118
11021,0.00328803830775118
11022,0.00328803830775118
11023,0.00328803830775118
11024,0.00328803830775118
11025,0.00328803830775118
11026,0.00328803830775118
11027,0.00328803830775118
11028,0.00328803830775118
11029,0.00328803830775118
11030,0.00328803830775118
11031,0.00328803830775118
11032,0.00328803830775118
11033,0.00328803830775118
11034,0.00328803830775118
11035,0.00328803830775118
11036,0.00328803830775118
11037,0.00328803830775118
11038,0.00328803830775118
11039,0.00328803830775118
11040,0.00328803830775118
11041,0.00328803830775118
11042,0.00328803830775118
11043,0.00328803830775118
11044,0.00328803830775118
11045,0.00328803830775118
11046,0.00328803830775118
11047,0.00328803830775118
11048,0.00328803830775118
11049,0.00328803830775118
11050,0.00328803830775118
11051,0.00328803830775118
11052,0.00328803830775118
11053,0.00328803830775118
11054,0.00328803830775118
11055,0.00328803830775118
11056,0.00328803830775118
11057,0.00328803830775118
11058,0.00328803830775118
11059,0.00328803830775118
11060,0.00328803830775118
11061,0.00328803830775118
11062,0.00328803830775118
11063,0.00328803830775118
11064,0.00328803830775118
11065,0.00328803830775118
11066,0.00328803830775118
11067,0.00328803830775118
11068,0.00328803830775118
11069,0.00328803830775118
11070,0.00328803830775118
11071,0.00328803830775118
11072,0.00328803830775118
11073,0.00328803830775118
11074,0.00328803830775118
11075,0.00328803830775118
11076,0.00328803830775118
11077,0.00328803830775118
11078,0.00328803830775118
11079,0.00328803830775118
11080,0.00328803830775118
11081,0.00328803830775118
11082,0.00328803830775118
11083,0.00328803830775118
11084,0.00328803830775118
11085,0.00328803830775118
11086,0.00328803830775118
11087,0.00328803830775118
11088,0.00328803830775118
11089,0.00328803830775118
11090,0.00328803830775118
11091,0.00328803830775118
11092,0.00328803830775118
11093,0.00328803830775118
11094,0.00328803830775118
11095,0.00328803830775118
11096,0.00328803830775118
11097,0.00328803830775118
11098,0.00328803830775118
11099,0.00328803830775118
11100,0.00328803830775118
11101,0.00328803830775118
11102,0.00328803830775118
11103,0.00328803830775118
11104,0.00328803830775118
11105,0.00328803830775118
11106,0.00328803830775118
11107,0.00328803830775118
11108,0.00328803830775118
11109,0.00328803830775118
11110,0.00328803830775118
11111,0.00328803830775118
11112,0.00328803830775118
11113,0.00328803830775118
11114,0.00328803830775118
11115,0.00328803830775118
11116,0.00328803830775118
11117,0.00328803830775118
11118,0.00328803830775118
11119,0.00328803830775118
11120,0.00328803830775118
11121,0.00328803830775118
11122,0.00328803830775118
11123,0.00328803830775118
11124,0.00328803830775118
11125,0.00328803830775118
11126,0.00328803830775118
11127,0.00328803830775118
11128,0.00328803830775118
11129,0.00328803830775118
11130,0.00328803830775118
11131,0.00328803830775118
11132,0.00328803830775118
11133,0.00328803830775118
11134,0.00328803830775118
11135,0.00328803830775118
11136,0.00328803830775118
11137,0.00328803830775118
11138,0.00328803830775118
11139,0.00328803830775118
11140,0.00328803830775118
11141,0.00328803830775118
11142,0.00328803830775118
11143,0.00328803830775118
11144,0.00328803830775118
11145,0.00328803830775118
11146,0.00328803830775118
11147,0.00328803830775118
11148,0.00328803830775118
11149,0.00328803830775118
11150,0.00328803830775118
11151,0.00328803830775118
11152,0.00328803830775118
11153,0.00328803830775118
11154,0.00328803830775118
11155,0.00328803830775118
11156,0.00328803830775118
11157,0.00328803830775118
11158,0.00328803830775118
11159,0.00328803830775118
11160,0.00328803830775118
11161,0.00328803830775118
11162,0.00328803830775118
11163,0.00328803830775118
11164,0.00328803830775118
11165,0.00328803830775118
11166,0.00328803830775118
11167,0.00328803830775118
11168,0.00328803830775118
11169,0.00328803830775118
11170,0.00328803830775118
11171,0.00328803830775118
11172,0.00328803830775118
11173,0.00328803830775118
11174,0.00328803830775118
11175,0.00328803830775118
11176,0.00328803830775118
11177,0.00328803830775118
11178,0.00328803830775118
11179,0.00328803830775118
11180,0.00328803830775118
11181,0.00328803830775118
11182,0.00328803830775118
11183,0.00328803830775118
11184,0.00328803830775118
11185,0.00328803830775118
11186,0.00328803830775118
11187,0.00328803830775118
11188,0.00328803830775118
11189,0.00328803830775118
11190,0.00328803830775118
11191,0.00328803830775118
11192,0.00328803830775118
11193,0.00328803830775118
11194,0.00328803830775118
11195,0.00328803830775118
11196,0.00328803830775118
11197,0.00328803830775118
11198,0.00328803830775118
11199,0.00328803830775118
11200,0.00328803830775118
11201,0.00328803830775118
11202,0.00328803830775118
11203,0.00328803830775118
11204,0.00328803830775118
11205,0.00328803830775118
11206,0.00328803830775118
11207,0.00328803830775118
11208,0.00328803830775118
11209,0.00328803830775118
11210,0.00328803830775118
11211,0.00328803830775118
11212,0.00328803830775118
11213,0.00328803830775118
11214,0.00328803830775118
11215,0.00328803830775118
11216,0.00328803830775118
11217,0.00328803830775118
11218,0.00328803830775118
11219,0.00328803830775118
11220,0.00328803830775118
11221,0.00328803830775118
11222,0.00328803830775118
11223,0.00328803830775118
11224,0.00328803830775118
11225,0.00328803830775118
11226,0.00328803830775118
11227,0.00328803830775118
11228,0.00328803830775118
11229,0.00328803830775118
11230,0.00328803830775118
11231,0.00328803830775118
11232,0.00328803830775118
11233,0.00328803830775118
11234,0.00328803830775118
11235,0.00328803830775118
11236,0.00328803830775118
11237,0.00328803830775118
11238,0.00328803830775118
11239,0.00328803830775118
11240,0.00328803830775118
11241,0.00328803830775118
11242,0.00328803830775118
11243,0.00328803830775118
11244,0.00328803830775118
11245,0.00328803830775118
11246,0.00328803830775118
11247,0.00328803830775118
11248,0.00328803830775118
11249,0.00328803830775118
11250,0.00328803830775118
11251,0.00328803830775118
11252,0.00328803830775118
11253,0.00328803830775118
11254,0.00328803830775118
11255,0.00328803830775118
11256,0.00328803830775118
11257,0.00328803830775118
11258,0.00328803830775118
11259,0.00328803830775118
11260,0.00328803830775118
11261,0.00328803830775118
11262,0.00328803830775118
11263,0.00328803830775118
11264,0.00328803830775118
11265,0.00328803830775118
11266,0.00328803830775118
11267,0.00328803830775118
11268,0.00328803830775118
11269,0.00328803830775118
11270,0.00328803830775118
11271,0.00328803830775118
11272,0.00328803830775118
11273,0.00328803830775118
11274,0.00328803830775118
11275,0.00328803830775118
11276,0.00328803830775118
11277,0.00328803830775118
11278,0.00328803830775118
11279,0.00328803830775118
11280,0.00328803830775118
11281,0.00328803830775118
11282,0.00328803830775118
11283,0.00328803830775118
11284,0.00328803830775118
11285,0.00328803830775118
11286,0.00328803830775118
11287,0.00328803830775118
11288,0.00328803830775118
11289,0.00328803830775118
11290,0.00328803830775118
11291,0.00328803830775118
11292,0.00328803830775118
11293,0.00328803830775118
11294,0.00328803830775118
11295,0.00328803830775118
11296,0.00328803830775118
11297,0.00328803830775118
11298,0.00328803830775118
11299,0.00328803830775118
11300,0.00328803830775118
11301,0.00328803830775118
11302,0.00328803830775118
11303,0.00328803830775118
11304,0.00328803830775118
11305,0.00328803830775118
11306,0.00328803830775118
11307,0.00328803830775118
11308,0.00328803830775118
11309,0.00328803830775118
11310,0.00328803830775118
11311,0.00328803830775118
11312,0.00328803830775118
11313,0.00328803830775118
11314,0.00328803830775118
11315,0.00328803830775118
11316,0.00328803830775118
11317,0.00328803830775118
11318,0.00328803830775118
11319,0.00328803830775118
11320,0.00328803830775118
11321,0.00328803830775118
11322,0.00328803830775118
11323,0.00328803830775118
11324,0.00328803830775118
11325,0.00328803830775118
11326,0.00328803830775118
11327,0.00328803830775118
11328,0.00328803830775118
11329,0.00328803830775118
11330,0.00328803830775118
11331,0.00328803830775118
11332,0.00328803830775118
11333,0.00328803830775118
11334,0.00328803830775118
11335,0.00328803830775118
11336,0.00328803830775118
11337,0.00328803830775118
11338,0.00328803830775118
11339,0.00328803830775118
11340,0.00328803830775118
11341,0.00328803830775118
11342,0.00328803830775118
11343,0.00328803830775118
11344,0.00328803830775118
11345,0.00328803830775118
11346,0.00328803830775118
11347,0.00328803830775118
11348,0.00328803830775118
11349,0.00328803830775118
11350,0.00328803830775118
11351,0.00328803830775118
11352,0.00328803830775118
11353,0.00328803830775118
11354,0.00328803830775118
11355,0.00328803830775118
11356,0.00328803830775118
11357,0.00328803830775118
11358,0.00328803830775118
11359,0.00328803830775118
11360,0.00328803830775118
11361,0.00328803830775118
11362,0.00328803830775118
11363,0.00328803830775118
11364,0.00328803830775118
11365,0.00328803830775118
11366,0.00328803830775118
11367,0.00328803830775118
11368,0.00328803830775118
11369,0.00328803830775118
11370,0.00328803830775118
11371,0.00328803830775118
11372,0.00328803830775118
11373,0.00328803830775118
11374,0.00328803830775118
11375,0.00328803830775118
11376,0.00328803830775118
11377,0.00328803830775118
11378,0.00328803830775118
11379,0.00328803830775118
11380,0.00328803830775118
11381,0.00328803830775118
11382,0.00328803830775118
11383,0.00328803830775118
11384,0.00328803830775118
11385,0.00328803830775118
11386,0.00328803830775118
11387,0.00328803830775118
11388,0.00328803830775118
11389,0.00328803830775118
11390,0.00328803830775118
11391,0.00328803830775118
11392,0.00328803830775118
11393,0.00328803830775118
11394,0.00328803830775118
11395,0.00328803830775118
11396,0.00328803830775118
11397,0.00328803830775118
11398,0.00328803830775118
11399,0.00328803830775118
11400,0.00328803830775118
11401,0.00328803830775118
11402,0.00328803830775118
11403,0.00328803830775118
11404,0.00328803830775118
11405,0.00328803830775118
11406,0.00328803830775118
11407,0.00328803830775118
11408,0.00328803830775118
11409,0.00328803830775118
11410,0.00328803830775118
11411,0.00328803830775118
11412,0.00328803830775118
11413,0.00328803830775118
11414,0.00328803830775118
11415,0.00328803830775118
11416,0.00328803830775118
11417,0.00328803830775118
11418,0.00328803830775118
11419,0.00328803830775118
11420,0.00328803830775118
11421,0.00328803830775118
11422,0.00328803830775118
11423,0.00328803830775118
11424,0.00328803830775118
11425,0.00328803830775118
11426,0.00328803830775118
11427,0.00328803830775118
11428,0.00328803830775118
11429,0.00328803830775118
11430,0.00328803830775118
11431,0.00328803830775118
11432,0.00328803830775118
11433,0.00328803830775118
11434,0.00328803830775118
11435,0.00328803830775118
11436,0.00328803830775118
11437,0.00328803830775118
11438,0.00328803830775118
11439,0.00328803830775118
11440,0.00328803830775118
11441,0.00328803830775118
11442,0.00328803830775118
11443,0.00328803830775118
11444,0.00328803830775118
11445,0.00328803830775118
11446,0.00328803830775118
11447,0.00328803830775118
11448,0.00328803830775118
11449,0.00328803830775118
11450,0.00328803830775118
11451,0.00328803830775118
11452,0.00328803830775118
11453,0.00328803830775118
11454,0.00328803830775118
11455,0.00328803830775118
11456,0.00328803830775118
11457,0.00328803830775118
11458,0.00328803830775118
11459,0.00328803830775118
11460,0.00328803830775118
11461,0.00328803830775118
11462,0.00328803830775118
11463,0.00328803830775118
11464,0.00328803830775118
11465,0.00328803830775118
11466,0.00328803830775118
11467,0.00328803830775118
11468,0.00328803830775118
11469,0.00328803830775118
11470,0.00328803830775118
11471,0.00328803830775118
11472,0.00328803830775118
11473,0.00328803830775118
11474,0.00328803830775118
11475,0.00328803830775118
11476,0.00328803830775118
11477,0.00328803830775118
11478,0.00328803830775118
11479,0.00328803830775118
11480,0.00328803830775118
11481,0.00328803830775118
11482,0.00328803830775118
11483,0.00328803830775118
11484,0.00328803830775118
11485,0.00328803830775118
11486,0.00328803830775118
11487,0.00328803830775118
11488,0.00328803830775118
11489,0.00328803830775118
11490,0.00328803830775118
11491,0.00328803830775118
11492,0.00328803830775118
11493,0.00328803830775118
11494,0.00328803830775118
11495,0.00328803830775118
11496,0.00328803830775118
11497,0.00328803830775118
11498,0.00328803830775118
11499,0.00328803830775118
11500,0.00328803830775118
11501,0.00328803830775118
11502,0.00328803830775118
11503,0.00328803830775118
11504,0.00328803830775118
11505,0.00328803830775118
11506,0.00328803830775118
11507,0.00328803830775118
11508,0.00328803830775118
11509,0.00328803830775118
11510,0.00328803830775118
11511,0.00328803830775118
11512,0.00328803830775118
11513,0.00328803830775118
11514,0.00328803830775118
11515,0.00328803830775118
11516,0.00328803830775118
11517,0.00328803830775118
11518,0.00328803830775118
11519,0.00328803830775118
11520,0.00328803830775118
11521,0.00328803830775118
11522,0.00328803830775118
11523,0.00328803830775118
11524,0.00328803830775118
11525,0.00328803830775118
11526,0.00328803830775118
11527,0.00328803830775118
11528,0.00328803830775118
11529,0.00328803830775118
11530,0.00328803830775118
11531,0.00328803830775118
11532,0.00328803830775118
11533,0.00328803830775118
11534,0.00328803830775118
11535,0.00328803830775118
11536,0.00328803830775118
11537,0.00328803830775118
11538,0.00328803830775118
11539,0.00328803830775118
11540,0.00328803830775118
11541,0.00328803830775118
11542,0.00328803830775118
11543,0.00328803830775118
11544,0.00328803830775118
11545,0.00328803830775118
11546,0.00328803830775118
11547,0.00328803830775118
11548,0.00328803830775118
11549,0.00328803830775118
11550,0.00328803830775118
11551,0.00328803830775118
11552,0.00328803830775118
11553,0.00328803830775118
11554,0.00328803830775118
11555,0.00328803830775118
11556,0.00328803830775118
11557,0.00328803830775118
11558,0.00328803830775118
11559,0.00328803830775118
11560,0.00328803830775118
11561,0.00328803830775118
11562,0.00328803830775118
11563,0.00328803830775118
11564,0.00328803830775118
11565,0.00328803830775118
11566,0.00328803830775118
11567,0.00328803830775118
11568,0.00328803830775118
11569,0.00328803830775118
11570,0.00328803830775118
11571,0.00328803830775118
11572,0.00328803830775118
11573,0.00328803830775118
11574,0.00328803830775118
11575,0.00328803830775118
11576,0.00328803830775118
11577,0.00328803830775118
11578,0.00328803830775118
11579,0.00328803830775118
11580,0.00328803830775118
11581,0.00328803830775118
11582,0.00328803830775118
11583,0.00328803830775118
11584,0.00328803830775118
11585,0.00328803830775118
11586,0.00328803830775118
11587,0.00328803830775118
11588,0.00328803830775118
11589,0.00328803830775118
11590,0.00328803830775118
11591,0.00328803830775118
11592,0.00328803830775118
11593,0.00328803830775118
11594,0.00328803830775118
11595,0.00328803830775118
11596,0.00328803830775118
11597,0.00328803830775118
11598,0.00328803830775118
11599,0.00328803830775118
11600,0.00328803830775118
11601,0.00328803830775118
11602,0.00328803830775118
11603,0.00328803830775118
11604,0.00328803830775118
11605,0.00328803830775118
11606,0.00328803830775118
11607,0.00328803830775118
11608,0.00328803830775118
11609,0.00328803830775118
11610,0.00328803830775118
11611,0.00328803830775118
11612,0.00328803830775118
11613,0.00328803830775118
11614,0.00328803830775118
11615,0.00328803830775118
11616,0.00328803830775118
11617,0.00328803830775118
11618,0.00328803830775118
11619,0.00328803830775118
11620,0.00328803830775118
11621,0.00328803830775118
11622,0.00328803830775118
11623,0.00328803830775118
11624,0.00328803830775118
11625,0.00328803830775118
11626,0.00328803830775118
11627,0.00328803830775118
11628,0.00328803830775118
11629,0.00328803830775118
11630,0.00328803830775118
11631,0.00328803830775118
11632,0.00328803830775118
11633,0.00328803830775118
11634,0.00328803830775118
11635,0.00328803830775118
11636,0.00328803830775118
11637,0.00328803830775118
11638,0.00328803830775118
11639,0.00328803830775118
11640,0.00328803830775118
11641,0.00328803830775118
11642,0.00328803830775118
11643,0.00328803830775118
11644,0.00328803830775118
11645,0.00328803830775118
11646,0.00328803830775118
11647,0.00328803830775118
11648,0.00328803830775118
11649,0.00328803830775118
11650,0.00328803830775118
11651,0.00328803830775118
11652,0.00328803830775118
11653,0.00328803830775118
11654,0.00328803830775118
11655,0.00328803830775118
11656,0.00328803830775118
11657,0.00328803830775118
11658,0.00328803830775118
11659,0.00328803830775118
11660,0.00328803830775118
11661,0.00328803830775118
11662,0.00328803830775118
11663,0.00328803830775118
11664,0.00328803830775118
11665,0.00328803830775118
11666,0.00328803830775118
11667,0.00328803830775118
11668,0.00328803830775118
11669,0.00328803830775118
11670,0.00328803830775118
11671,0.00328803830775118
11672,0.00328803830775118
11673,0.00328803830775118
11674,0.00328803830775118
11675,0.00328803830775118
11676,0.00328803830775118
11677,0.00328803830775118
11678,0.00328803830775118
11679,0.00328803830775118
11680,0.00328803830775118
11681,0.00328803830775118
11682,0.00328803830775118
11683,0.00328803830775118
11684,0.00328803830775118
11685,0.00328803830775118
11686,0.00328803830775118
11687,0.00328803830775118
11688,0.00328803830775118
11689,0.00328803830775118
11690,0.00328803830775118
11691,0.00328803830775118
11692,0.00328803830775118
11693,0.00328803830775118
11694,0.00328803830775118
11695,0.00328803830775118
11696,0.00328803830775118
11697,0.00328803830775118
11698,0.00328803830775118
11699,0.00328803830775118
11700,0.00328803830775118
11701,0.00328803830775118
11702,0.00328803830775118
11703,0.00328803830775118
11704,0.00328803830775118
11705,0.00328803830775118
11706,0.00328803830775118
11707,0.00328803830775118
11708,0.00328803830775118
11709,0.00328803830775118
11710,0.00328803830775118
11711,0.00328803830775118
11712,0.00328803830775118
11713,0.00328803830775118
11714,0.00328803830775118
11715,0.00328803830775118
11716,0.00328803830775118
11717,0.00328803830775118
11718,0.00328803830775118
11719,0.00328803830775118
11720,0.00328803830775118
11721,0.00328803830775118
11722,0.00328803830775118
11723,0.00328803830775118
11724,0.00328803830775118
11725,0.00328803830775118
11726,0.00328803830775118
11727,0.00328803830775118
11728,0.00328803830775118
11729,0.00328803830775118
11730,0.00328803830775118
11731,0.00328803830775118
11732,0.00328803830775118
11733,0.00328803830775118
11734,0.00328803830775118
11735,0.00328803830775118
11736,0.00328803830775118
11737,0.00328803830775118
11738,0.00328803830775118
11739,0.00328803830775118
11740,0.00328803830775118
11741,0.00328803830775118
11742,0.00328803830775118
11743,0.00328803830775118
11744,0.00328803830775118
11745,0.00328803830775118
11746,0.00328803830775118
11747,0.00328803830775118
11748,0.00328803830775118
11749,0.00328803830775118
11750,0.00328803830775118
11751,0.00328803830775118
11752,0.00328803830775118
11753,0.00328803830775118
11754,0.00328803830775118
11755,0.00328803830775118
11756,0.00328803830775118
11757,0.00328803830775118
11758,0.00328803830775118
11759,0.00328803830775118
11760,0.00328803830775118
11761,0.00328803830775118
11762,0.00328803830775118
11763,0.00328803830775118
11764,0.00328803830775118
11765,0.00328803830775118
11766,0.00328803830775118
11767,0.00328803830775118
11768,0.00328803830775118
11769,0.00328803830775118
11770,0.00328803830775118
11771,0.00328803830775118
11772,0.00328803830775118
11773,0.00328803830775118
11774,0.00328803830775118
11775,0.00328803830775118
11776,0.00328803830775118
11777,0.00328803830775118
11778,0.00328803830775118
11779,0.00328803830775118
11780,0.00328803830775118
11781,0.00328803830775118
11782,0.00328803830775118
11783,0.00328803830775118
11784,0.00328803830775118
11785,0.00328803830775118
11786,0.00328803830775118
11787,0.00328803830775118
11788,0.00328803830775118
11789,0.00328803830775118
11790,0.00328803830775118
11791,0.00328803830775118
11792,0.00328803830775118
11793,0.00328803830775118
11794,0.00328803830775118
11795,0.00328803830775118
11796,0.00328803830775118
11797,0.00328803830775118
11798,0.00328803830775118
11799,0.00328803830775118
11800,0.00328803830775118
11801,0.00328803830775118
11802,0.00328803830775118
11803,0.00328803830775118
11804,0.00328803830775118
11805,0.00328803830775118
11806,0.00328803830775118
11807,0.00328803830775118
11808,0.00328803830775118
11809,0.00328803830775118
11810,0.00328803830775118
11811,0.00328803830775118
11812,0.00328803830775118
11813,0.00328803830775118
11814,0.00328803830775118
11815,0.00328803830775118
11816,0.00328803830775118
11817,0.00328803830775118
11818,0.00328803830775118
11819,0.00328803830775118
11820,0.00328803830775118
11821,0.00328803830775118
11822,0.00328803830775118
11823,0.00328803830775118
11824,0.00328803830775118
11825,0.00328803830775118
11826,0.00328803830775118
11827,0.00328803830775118
11828,0.00328803830775118
11829,0.00328803830775118
11830,0.00328803830775118
11831,0.00328803830775118
11832,0.00328803830775118
11833,0.00328803830775118
11834,0.00328803830775118
11835,0.00328803830775118
11836,0.00328803830775118
11837,0.00328803830775118
11838,0.00328803830775118
11839,0.00328803830775118
11840,0.00328803830775118
11841,0.00328803830775118
11842,0.00328803830775118
11843,0.00328803830775118
11844,0.00328803830775118
11845,0.00328803830775118
11846,0.00328803830775118
11847,0.00328803830775118
11848,0.00328803830775118
11849,0.00328803830775118
11850,0.00328803830775118
11851,0.00328803830775118
11852,0.00328803830775118
11853,0.00328803830775118
11854,0.00328803830775118
11855,0.00328803830775118
11856,0.00328803830775118
11857,0.00328803830775118
11858,0.00328803830775118
11859,0.00328803830775118
11860,0.00328803830775118
11861,0.00328803830775118
11862,0.00328803830775118
11863,0.00328803830775118
11864,0.00328803830775118
11865,0.00328803830775118
11866,0.00328803830775118
11867,0.00328803830775118
11868,0.00328803830775118
11869,0.00328803830775118
11870,0.00328803830775118
11871,0.00328803830775118
11872,0.00328803830775118
11873,0.00328803830775118
11874,0.00328803830775118
11875,0.00328803830775118
11876,0.00328803830775118
11877,0.00328803830775118
11878,0.00328803830775118
11879,0.00328803830775118
11880,0.00328803830775118
11881,0.00328803830775118
11882,0.00328803830775118
11883,0.00328803830775118
11884,0.00328803830775118
11885,0.00328803830775118
11886,0.00328803830775118
11887,0.00328803830775118
11888,0.00328803830775118
11889,0.00328803830775118
11890,0.00328803830775118
11891,0.00328803830775118
11892,0.00328803830775118
11893,0.00328803830775118
11894,0.00328803830775118
11895,0.00328803830775118
11896,0.00328803830775118
11897,0.00328803830775118
11898,0.00328803830775118
11899,0.00328803830775118
11900,0.00328803830775118
11901,0.00328803830775118
11902,0.00328803830775118
11903,0.00328803830775118
11904,0.00328803830775118
11905,0.00328803830775118
11906,0.00328803830775118
11907,0.00328803830775118
11908,0.00328803830775118
11909,0.00328803830775118
11910,0.00328803830775118
11911,0.00328803830775118
11912,0.00328803830775118
11913,0.00328803830775118
11914,0.00328803830775118
11915,0.00328803830775118
11916,0.00328803830775118
11917,0.00328803830775118
11918,0.00328803830775118
11919,0.00328803830775118
11920,0.00328803830775118
11921,0.00328803830775118
11922,0.00328803830775118
11923,0.00328803830775118
11924,0.00328803830775118
11925,0.00328803830775118
11926,0.00328803830775118
11927,0.00328803830775118
11928,0.00328803830775118
11929,0.00328803830775118
11930,0.00328803830775118
11931,0.00328803830775118
11932,0.00328803830775118
11933,0.00328803830775118
11934,0.00328803830775118
11935,0.00328803830775118
11936,0.00328803830775118
11937,0.00328803830775118
11938,0.00328803830775118
11939,0.00328803830775118
11940,0.00328803830775118
11941,0.00328803830775118
11942,0.00328803830775118
11943,0.00328803830775118
11944,0.00328803830775118
11945,0.00328803830775118
11946,0.00328803830775118
11947,0.00328803830775118
11948,0.00328803830775118
11949,0.00328803830775118
11950,0.00328803830775118
11951,0.00328803830775118
11952,0.00328803830775118
11953,0.00328803830775118
11954,0.00328803830775118
11955,0.00328803830775118
11956,0.00328803830775118
11957,0.00328803830775118
11958,0.00328803830775118
11959,0.00328803830775118
11960,0.00328803830775118
11961,0.00328803830775118
11962,0.00328803830775118
11963,0.00328803830775118
11964,0.00328803830775118
11965,0.00328803830775118
11966,0.00328803830775118
11967,0.00328803830775118
11968,0.00328803830775118
11969,0.00328803830775118
11970,0.00328803830775118
11971,0.00328803830775118
11972,0.00328803830775118
11973,0.00328803830775118
11974,0.00328803830775118
11975,0.00328803830775118
11976,0.00328803830775118
11977,0.00328803830775118
11978,0.00328803830775118
11979,0.00328803830775118
11980,0.00328803830775118
11981,0.00328803830775118
11982,0.00328803830775118
11983,0.00328803830775118
11984,0.00328803830775118
11985,0.00328803830775118
11986,0.00328803830775118
11987,0.00328803830775118
11988,0.00328803830775118
11989,0.00328803830775118
11990,0.00328803830775118
11991,0.00328803830775118
11992,0.00328803830775118
11993,0.00328803830775118
11994,0.00328803830775118
11995,0.00328803830775118
11996,0.00328803830775118
11997,0.00328803830775118
11998,0.00328803830775118
11999,0.00328803830775118
12000,0.00328803830775118
12001,0.00328803830775118
12002,0.00328803830775118
12003,0.00328803830775118
12004,0.00328803830775118
12005,0.00328803830775118
12006,0.00328803830775118
12007,0.00328803830775118
12008,0.00328803830775118
12009,0.00328803830775118
12010,0.00328803830775118
12011,0.00328803830775118
12012,0.00328803830775118
12013,0.00328803830775118
12014,0.00328803830775118
12015,0.00328803830775118
12016,0.00328803830775118
12017,0.00328803830775118
12018,0.00328803830775118
12019,0.00328803830775118
12020,0.00328803830775118
12021,0.00328803830775118
12022,0.00328803830775118
12023,0.00328803830775118
12024,0.00328803830775118
12025,0.00328803830775118
12026,0.00328803830775118
12027,0.00328803830775118
12028,0.00328803830775118
12029,0.00328803830775118
12030,0.00328803830775118
12031,0.00328803830775118
12032,0.00328803830775118
12033,0.00328803830775118
12034,0.00328803830775118
12035,0.00328803830775118
12036,0.00328803830775118
12037,0.00328803830775118
12038,0.00328803830775118
12039,0.00328803830775118
12040,0.00328803830775118
12041,0.00328803830775118
12042,0.00328803830775118
12043,0.00328803830775118
12044,0.00328803830775118
12045,0.00328803830775118
12046,0.00328803830775118
12047,0.00328803830775118
12048,0.00328803830775118
12049,0.00328803830775118
12050,0.00328803830775118
12051,0.00328803830775118
12052,0.00328803830775118
12053,0.00328803830775118
12054,0.00328803830775118
12055,0.00328803830775118
12056,0.00328803830775118
12057,0.00328803830775118
12058,0.00328803830775118
12059,0.00328803830775118
12060,0.00328803830775118
12061,0.00328803830775118
12062,0.00328803830775118
12063,0.00328803830775118
12064,0.00328803830775118
12065,0.00328803830775118
12066,0.00328803830775118
12067,0.00328803830775118
12068,0.00328803830775118
12069,0.00328803830775118
12070,0.00328803830775118
12071,0.00328803830775118
12072,0.00328803830775118
12073,0.00328803830775118
12074,0.00328803830775118
12075,0.00328803830775118
12076,0.00328803830775118
12077,0.00328803830775118
12078,0.00328803830775118
12079,0.00328803830775118
12080,0.00328803830775118
12081,0.00328803830775118
12082,0.00328803830775118
12083,0.00328803830775118
12084,0.00328803830775118
12085,0.00328803830775118
12086,0.00328803830775118
12087,0.00328803830775118
12088,0.00328803830775118
12089,0.00328803830775118
12090,0.00328803830775118
12091,0.00328803830775118
12092,0.00328803830775118
12093,0.00328803830775118
12094,0.00328803830775118
12095,0.00328803830775118
12096,0.00328803830775118
12097,0.00328803830775118
12098,0.00328803830775118
12099,0.00328803830775118
12100,0.00328803830775118
12101,0.00328803830775118
12102,0.00328803830775118
12103,0.00328803830775118
12104,0.00328803830775118
12105,0.00328803830775118
12106,0.00328803830775118
12107,0.00328803830775118
12108,0.00328803830775118
12109,0.00328803830775118
12110,0.00328803830775118
12111,0.00328803830775118
12112,0.00328803830775118
12113,0.00328803830775118
12114,0.00328803830775118
12115,0.00328803830775118
12116,0.00328803830775118
12117,0.00328803830775118
12118,0.00328803830775118
12119,0.00328803830775118
12120,0.00328803830775118
12121,0.00328803830775118
12122,0.00328803830775118
12123,0.00328803830775118
12124,0.00328803830775118
12125,0.00328803830775118
12126,0.00328803830775118
12127,0.00328803830775118
12128,0.00328803830775118
12129,0.00328803830775118
12130,0.00328803830775118
12131,0.00328803830775118
12132,0.00328803830775118
12133,0.00328803830775118
12134,0.00328803830775118
12135,0.00328803830775118
12136,0.00328803830775118
12137,0.00328803830775118
12138,0.00328803830775118
12139,0.00328803830775118
12140,0.00328803830775118
12141,0.00328803830775118
12142,0.00328803830775118
12143,0.00328803830775118
12144,0.00328803830775118
12145,0.00328803830775118
12146,0.00328803830775118
12147,0.00328803830775118
12148,0.00328803830775118
12149,0.00328803830775118
12150,0.00328803830775118
12151,0.00328803830775118
12152,0.00328803830775118
12153,0.00328803830775118
12154,0.00328803830775118
12155,0.00328803830775118
12156,0.00328803830775118
12157,0.00328803830775118
12158,0.00328803830775118
12159,0.00328803830775118
12160,0.00328803830775118
12161,0.00328803830775118
12162,0.00328803830775118
12163,0.00328803830775118
12164,0.00328803830775118
12165,0.00328803830775118
12166,0.00328803830775118
12167,0.00328803830775118
12168,0.00328803830775118
12169,0.00328803830775118
12170,0.00328803830775118
12171,0.00328803830775118
12172,0.00328803830775118
12173,0.00328803830775118
12174,0.00328803830775118
12175,0.00328803830775118
12176,0.00328803830775118
12177,0.00328803830775118
12178,0.00328803830775118
12179,0.00328803830775118
12180,0.00328803830775118
12181,0.00328803830775118
12182,0.00328803830775118
12183,0.00328803830775118
12184,0.00328803830775118
12185,0.00328803830775118
12186,0.00328803830775118
12187,0.00328803830775118
12188,0.00328803830775118
12189,0.00328803830775118
12190,0.00328803830775118
12191,0.00328803830775118
12192,0.00328803830775118
12193,0.00328803830775118
12194,0.00328803830775118
12195,0.00328803830775118
12196,0.00328803830775118
12197,0.00328803830775118
12198,0.00328803830775118
12199,0.00328803830775118
12200,0.00328803830775118
12201,0.00328803830775118
12202,0.00328803830775118
12203,0.00328803830775118
12204,0.00328803830775118
12205,0.00328803830775118
12206,0.00328803830775118
12207,0.00328803830775118
12208,0.00328803830775118
12209,0.00328803830775118
12210,0.00328803830775118
12211,0.00328803830775118
12212,0.00328803830775118
12213,0.00328803830775118
12214,0.00328803830775118
12215,0.00328803830775118
12216,0.00328803830775118
12217,0.00328803830775118
12218,0.00328803830775118
12219,0.00328803830775118
12220,0.00328803830775118
12221,0.00328803830775118
12222,0.00328803830775118
12223,0.00328803830775118
12224,0.00328803830775118
12225,0.00328803830775118
12226,0.00328803830775118
12227,0.00328803830775118
12228,0.00328803830775118
12229,0.00328803830775118
12230,0.00328803830775118
12231,0.00328803830775118
12232,0.00328803830775118
12233,0.00328803830775118
12234,0.00328803830775118
12235,0.00328803830775118
12236,0.00328803830775118
12237,0.00328803830775118
12238,0.00328803830775118
12239,0.00328803830775118
12240,0.00328803830775118
12241,0.00328803830775118
12242,0.00328803830775118
12243,0.00328803830775118
12244,0.00328803830775118
12245,0.00328803830775118
12246,0.00328803830775118
12247,0.00328803830775118
12248,0.00328803830775118
12249,0.00328803830775118
12250,0.00328803830775118
12251,0.00328803830775118
12252,0.00328803830775118
12253,0.00328803830775118
12254,0.00328803830775118
12255,0.00328803830775118
12256,0.00328803830775118
12257,0.00328803830775118
12258,0.00328803830775118
12259,0.00328803830775118
12260,0.00328803830775118
12261,0.00328803830775118
12262,0.00328803830775118
12263,0.00328803830775118
12264,0.00328803830775118
12265,0.00328803830775118
12266,0.00328803830775118
12267,0.00328803830775118
12268,0.00328803830775118
12269,0.00328803830775118
12270,0.00328803830775118
12271,0.00328803830775118
12272,0.00328803830775118
12273,0.00328803830775118
12274,0.00328803830775118
12275,0.00328803830775118
12276,0.00328803830775118
12277,0.00328803830775118
12278,0.00328803830775118
12279,0.00328803830775118
12280,0.00328803830775118
12281,0.00328803830775118
12282,0.00328803830775118
12283,0.00328803830775118
12284,0.00328803830775118
12285,0.00328803830775118
12286,0.00328803830775118
12287,0.00328803830775118
12288,0.00328803830775118
12289,0.00328803830775118
12290,0.00328803830775118
12291,0.00328803830775118
12292,0.00328803830775118
12293,0.00328803830775118
12294,0.00328803830775118
12295,0.00328803830775118
12296,0.00328803830775118
12297,0.00328803830775118
12298,0.00328803830775118
12299,0.00328803830775118
12300,0.00328803830775118
12301,0.00328803830775118
12302,0.00328803830775118
12303,0.00328803830775118
12304,0.00328803830775118
12305,0.00328803830775118
12306,0.00328803830775118
12307,0.00328803830775118
12308,0.00328803830775118
12309,0.00328803830775118
12310,0.00328803830775118
12311,0.00328803830775118
12312,0.00328803830775118
12313,0.00328803830775118
12314,0.00328803830775118
12315,0.00328803830775118
12316,0.00328803830775118
12317,0.00328803830775118
12318,0.00328803830775118
12319,0.00328803830775118
12320,0.00328803830775118
12321,0.00328803830775118
12322,0.00328803830775118
12323,0.00328803830775118
12324,0.00328803830775118
12325,0.00328803830775118
12326,0.00328803830775118
12327,0.00328803830775118
12328,0.00328803830775118
12329,0.00328803830775118
12330,0.00328803830775118
12331,0.00328803830775118
12332,0.00328803830775118
12333,0.00328803830775118
12334,0.00328803830775118
12335,0.00328803830775118
12336,0.00328803830775118
12337,0.00328803830775118
12338,0.00328803830775118
12339,0.00328803830775118
12340,0.00328803830775118
12341,0.00328803830775118
12342,0.00328803830775118
12343,0.00328803830775118
12344,0.00328803830775118
12345,0.00328803830775118
12346,0.00328803830775118
12347,0.00328803830775118
12348,0.00328803830775118
12349,0.00328803830775118
12350,0.00328803830775118
12351,0.00328803830775118
12352,0.00328803830775118
12353,0.00328803830775118
12354,0.00328803830775118
12355,0.00328803830775118
12356,0.00328803830775118
12357,0.00328803830775118
12358,0.00328803830775118
12359,0.00328803830775118
12360,0.00328803830775118
12361,0.00328803830775118
12362,0.00328803830775118
12363,0.00328803830775118
12364,0.00328803830775118
12365,0.00328803830775118
12366,0.00328803830775118
12367,0.00328803830775118
12368,0.00328803830775118
12369,0.00328803830775118
12370,0.00328803830775118
12371,0.00328803830775118
12372,0.00328803830775118
12373,0.00328803830775118
12374,0.00328803830775118
12375,0.00328803830775118
12376,0.00328803830775118
12377,0.00328803830775118
12378,0.00328803830775118
12379,0.00328803830775118
12380,0.00328803830775118
12381,0.00328803830775118
12382,0.00328803830775118
12383,0.00328803830775118
12384,0.00328803830775118
12385,0.00328803830775118
12386,0.00328803830775118
12387,0.00328803830775118
12388,0.00328803830775118
12389,0.00328803830775118
12390,0.00328803830775118
12391,0.00328803830775118
12392,0.00328803830775118
12393,0.00328803830775118
12394,0.00328803830775118
12395,0.00328803830775118
12396,0.00328803830775118
12397,0.00328803830775118
12398,0.00328803830775118
12399,0.00328803830775118
12400,0.00328803830775118
12401,0.00328803830775118
12402,0.00328803830775118
12403,0.00328803830775118
12404,0.00328803830775118
12405,0.00328803830775118
12406,0.00328803830775118
12407,0.00328803830775118
12408,0.00328803830775118
12409,0.00328803830775118
12410,0.00328803830775118
12411,0.00328803830775118
12412,0.00328803830775118
12413,0.00328803830775118
12414,0.00328803830775118
12415,0.00328803830775118
12416,0.00328803830775118
12417,0.00328803830775118
12418,0.00328803830775118
12419,0.00328803830775118
12420,0.00328803830775118
12421,0.00328803830775118
12422,0.00328803830775118
12423,0.00328803830775118
12424,0.00328803830775118
12425,0.00328803830775118
12426,0.00328803830775118
12427,0.00328803830775118
12428,0.00328803830775118
12429,0.00328803830775118
12430,0.00328803830775118
12431,0.00328803830775118
12432,0.00328803830775118
12433,0.00328803830775118
12434,0.00328803830775118
12435,0.00328803830775118
12436,0.00328803830775118
12437,0.00328803830775118
12438,0.00328803830775118
12439,0.00328803830775118
12440,0.00328803830775118
12441,0.00328803830775118
12442,0.00328803830775118
12443,0.00328803830775118
12444,0.00328803830775118
12445,0.00328803830775118
12446,0.00328803830775118
12447,0.00328803830775118
12448,0.00328803830775118
12449,0.00328803830775118
12450,0.00328803830775118
12451,0.00328803830775118
12452,0.00328803830775118
12453,0.00328803830775118
12454,0.00328803830775118
12455,0.00328803830775118
12456,0.00328803830775118
12457,0.00328803830775118
12458,0.00328803830775118
12459,0.00328803830775118
12460,0.00328803830775118
12461,0.00328803830775118
12462,0.00328803830775118
12463,0.00328803830775118
12464,0.00328803830775118
12465,0.00328803830775118
12466,0.00328803830775118
12467,0.00328803830775118
12468,0.00328803830775118
12469,0.00328803830775118
12470,0.00328803830775118
12471,0.00328803830775118
12472,0.00328803830775118
12473,0.00328803830775118
12474,0.00328803830775118
12475,0.00328803830775118
12476,0.00328803830775118
12477,0.00328803830775118
12478,0.00328803830775118
12479,0.00328803830775118
12480,0.00328803830775118
12481,0.00328803830775118
12482,0.00328803830775118
12483,0.00328803830775118
12484,0.00328803830775118
12485,0.00328803830775118
12486,0.00328803830775118
12487,0.00328803830775118
12488,0.00328803830775118
12489,0.00328803830775118
12490,0.00328803830775118
12491,0.00328803830775118
12492,0.00328803830775118
12493,0.00328803830775118
12494,0.00328803830775118
12495,0.00328803830775118
12496,0.00328803830775118
12497,0.00328803830775118
12498,0.00328803830775118
12499,0.00328803830775118
12500,0.00328803830775118
12501,0.00328803830775118
12502,0.00328803830775118
12503,0.00328803830775118
12504,0.00328803830775118
12505,0.00328803830775118
12506,0.00328803830775118
12507,0.00328803830775118
12508,0.00328803830775118
12509,0.00328803830775118
12510,0.00328803830775118
12511,0.00328803830775118
12512,0.00328803830775118
12513,0.00328803830775118
12514,0.00328803830775118
12515,0.00328803830775118
12516,0.00328803830775118
12517,0.00328803830775118
12518,0.00328803830775118
12519,0.00328803830775118
12520,0.00328803830775118
12521,0.00328803830775118
12522,0.00328803830775118
12523,0.00328803830775118
12524,0.00328803830775118
12525,0.00328803830775118
12526,0.00328803830775118
12527,0.00328803830775118
12528,0.00328803830775118
12529,0.00328803830775118
12530,0.00328803830775118
12531,0.00328803830775118
12532,0.00328803830775118
12533,0.00328803830775118
12534,0.00328803830775118
12535,0.00328803830775118
12536,0.00328803830775118
12537,0.00328803830775118
12538,0.00328803830775118
12539,0.00328803830775118
12540,0.00328803830775118
12541,0.00328803830775118
12542,0.00328803830775118
12543,0.00328803830775118
12544,0.00328803830775118
12545,0.00328803830775118
12546,0.00328803830775118
12547,0.00328803830775118
12548,0.00328803830775118
12549,0.00328803830775118
12550,0.00328803830775118
12551,0.00328803830775118
12552,0.00328803830775118
12553,0.00328803830775118
12554,0.00328803830775118
12555,0.00328803830775118
12556,0.00328803830775118
12557,0.00328803830775118
12558,0.00328803830775118
12559,0.00328803830775118
12560,0.00328803830775118
12561,0.00328803830775118
12562,0.00328803830775118
12563,0.00328803830775118
12564,0.00328803830775118
12565,0.00328803830775118
12566,0.00328803830775118
12567,0.00328803830775118
12568,0.00328803830775118
12569,0.00328803830775118
12570,0.00328803830775118
12571,0.00328803830775118
12572,0.00328803830775118
12573,0.00328803830775118
12574,0.00328803830775118
12575,0.00328803830775118
12576,0.00328803830775118
12577,0.00328803830775118
12578,0.00328803830775118
12579,0.00328803830775118
12580,0.00328803830775118
12581,0.00328803830775118
12582,0.00328803830775118
12583,0.00328803830775118
12584,0.00328803830775118
12585,0.00328803830775118
12586,0.00328803830775118
12587,0.00328803830775118
12588,0.00328803830775118
12589,0.00328803830775118
12590,0.00328803830775118
12591,0.00328803830775118
12592,0.00328803830775118
12593,0.00328803830775118
12594,0.00328803830775118
12595,0.00328803830775118
12596,0.00328803830775118
12597,0.00328803830775118
12598,0.00328803830775118
12599,0.00328803830775118
12600,0.00328803830775118
12601,0.00328803830775118
12602,0.00328803830775118
12603,0.00328803830775118
12604,0.00328803830775118
12605,0.00328803830775118
12606,0.00328803830775118
12607,0.00328803830775118
12608,0.00328803830775118
12609,0.00328803830775118
12610,0.00328803830775118
12611,0.00328803830775118
12612,0.00328803830775118
12613,0.00328803830775118
12614,0.00328803830775118
12615,0.00328803830775118
12616,0.00328803830775118
12617,0.00328803830775118
12618,0.00328803830775118
12619,0.00328803830775118
12620,0.00328803830775118
12621,0.00328803830775118
12622,0.00328803830775118
12623,0.00328803830775118
12624,0.00328803830775118
12625,0.00328803830775118
12626,0.00328803830775118
12627,0.00328803830775118
12628,0.00328803830775118
12629,0.00328803830775118
12630,0.00328803830775118
12631,0.00328803830775118
12632,0.00328803830775118
12633,0.00328803830775118
12634,0.00328803830775118
12635,0.00328803830775118
12636,0.00328803830775118
12637,0.00328803830775118
12638,0.00328803830775118
12639,0.00328803830775118
12640,0.00328803830775118
12641,0.00328803830775118
12642,0.00328803830775118
12643,0.00328803830775118
12644,0.00328803830775118
12645,0.00328803830775118
12646,0.00328803830775118
12647,0.00328803830775118
12648,0.00328803830775118
12649,0.00328803830775118
12650,0.00328803830775118
12651,0.00328803830775118
12652,0.00328803830775118
12653,0.00328803830775118
12654,0.00328803830775118
12655,0.00328803830775118
12656,0.00328803830775118
12657,0.00328803830775118
12658,0.00328803830775118
12659,0.00328803830775118
12660,0.00328803830775118
12661,0.00328803830775118
12662,0.00328803830775118
12663,0.00328803830775118
12664,0.00328803830775118
12665,0.00328803830775118
12666,0.00328803830775118
12667,0.00328803830775118
12668,0.00328803830775118
12669,0.00328803830775118
12670,0.00328803830775118
12671,0.00328803830775118
12672,0.00328803830775118
12673,0.00328803830775118
12674,0.00328803830775118
12675,0.00328803830775118
12676,0.00328803830775118
12677,0.00328803830775118
12678,0.00328803830775118
12679,0.00328803830775118
12680,0.00328803830775118
12681,0.00328803830775118
12682,0.00328803830775118
12683,0.00328803830775118
12684,0.00328803830775118
12685,0.00328803830775118
12686,0.00328803830775118
12687,0.00328803830775118
12688,0.00328803830775118
12689,0.00328803830775118
12690,0.00328803830775118
12691,0.00328803830775118
12692,0.00328803830775118
12693,0.00328803830775118
12694,0.00328803830775118
12695,0.00328803830775118
12696,0.00328803830775118
12697,0.00328803830775118
12698,0.00328803830775118
12699,0.00328803830775118
12700,0.00328803830775118
12701,0.00328803830775118
12702,0.00328803830775118
12703,0.00328803830775118
12704,0.00328803830775118
12705,0.00328803830775118
12706,0.00328803830775118
12707,0.00328803830775118
12708,0.00328803830775118
12709,0.00328803830775118
12710,0.00328803830775118
12711,0.00328803830775118
12712,0.00328803830775118
12713,0.00328803830775118
12714,0.00328803830775118
12715,0.00328803830775118
12716,0.00328803830775118
12717,0.00328803830775118
12718,0.00328803830775118
12719,0.00328803830775118
12720,0.00328803830775118
12721,0.00328803830775118
12722,0.00328803830775118
12723,0.00328803830775118
12724,0.00328803830775118
12725,0.00328803830775118
12726,0.00328803830775118
12727,0.00328803830775118
12728,0.00328803830775118
12729,0.00328803830775118
12730,0.00328803830775118
12731,0.00328803830775118
12732,0.00328803830775118
12733,0.00328803830775118
12734,0.00328803830775118
12735,0.00328803830775118
12736,0.00328803830775118
12737,0.00328803830775118
12738,0.00328803830775118
12739,0.00328803830775118
12740,0.00328803830775118
12741,0.00328803830775118
12742,0.00328803830775118
12743,0.00328803830775118
12744,0.00328803830775118
12745,0.00328803830775118
12746,0.00328803830775118
12747,0.00328803830775118
12748,0.00328803830775118
12749,0.00328803830775118
12750,0.00328803830775118
12751,0.00328803830775118
12752,0.00328803830775118
12753,0.00328803830775118
12754,0.00328803830775118
12755,0.00328803830775118
12756,0.00328803830775118
12757,0.00328803830775118
12758,0.00328803830775118
12759,0.00328803830775118
12760,0.00328803830775118
12761,0.00328803830775118
12762,0.00328803830775118
12763,0.00328803830775118
12764,0.00328803830775118
12765,0.00328803830775118
12766,0.00328803830775118
12767,0.00328803830775118
12768,0.00328803830775118
12769,0.00328803830775118
12770,0.00328803830775118
12771,0.00328803830775118
12772,0.00328803830775118
12773,0.00328803830775118
12774,0.00328803830775118
12775,0.00328803830775118
12776,0.00328803830775118
12777,0.00328803830775118
12778,0.00328803830775118
12779,0.00328803830775118
12780,0.00328803830775118
12781,0.00328803830775118
12782,0.00328803830775118
12783,0.00328803830775118
12784,0.00328803830775118
12785,0.00328803830775118
12786,0.00328803830775118
12787,0.00328803830775118
12788,0.00328803830775118
12789,0.00328803830775118
12790,0.00328803830775118
12791,0.00328803830775118
12792,0.00328803830775118
12793,0.00328803830775118
12794,0.00328803830775118
12795,0.00328803830775118
12796,0.00328803830775118
12797,0.00328803830775118
12798,0.00328803830775118
12799,0.00328803830775118
12800,0.00328803830775118
12801,0.00328803830775118
12802,0.00328803830775118
12803,0.00328803830775118
12804,0.00328803830775118
12805,0.00328803830775118
12806,0.00328803830775118
12807,0.00328803830775118
12808,0.00328803830775118
12809,0.00328803830775118
12810,0.00328803830775118
12811,0.00328803830775118
12812,0.00328803830775118
12813,0.00328803830775118
12814,0.00328803830775118
12815,0.00328803830775118
12816,0.00328803830775118
12817,0.00328803830775118
12818,0.00328803830775118
12819,0.00328803830775118
12820,0.00328803830775118
12821,0.00328803830775118
12822,0.00328803830775118
12823,0.00328803830775118
12824,0.00328803830775118
12825,0.00328803830775118
12826,0.00328803830775118
12827,0.00328803830775118
12828,0.00328803830775118
12829,0.00328803830775118
12830,0.00328803830775118
12831,0.00328803830775118
12832,0.00328803830775118
12833,0.00328803830775118
12834,0.00328803830775118
12835,0.00328803830775118
12836,0.00328803830775118
12837,0.00328803830775118
12838,0.00328803830775118
12839,0.00328803830775118
12840,0.00328803830775118
12841,0.00328803830775118
12842,0.00328803830775118
12843,0.00328803830775118
12844,0.00328803830775118
12845,0.00328803830775118
12846,0.00328803830775118
12847,0.00328803830775118
12848,0.00328803830775118
12849,0.00328803830775118
12850,0.00328803830775118
12851,0.00328803830775118
12852,0.00328803830775118
12853,0.00328803830775118
12854,0.00328803830775118
12855,0.00328803830775118
12856,0.00328803830775118
12857,0.00328803830775118
12858,0.00328803830775118
12859,0.00328803830775118
12860,0.00328803830775118
12861,0.00328803830775118
12862,0.00328803830775118
12863,0.00328803830775118
12864,0.00328803830775118
12865,0.00328803830775118
12866,0.00328803830775118
12867,0.00328803830775118
12868,0.00328803830775118
12869,0.00328803830775118
12870,0.00328803830775118
12871,0.00328803830775118
12872,0.00328803830775118
12873,0.00328803830775118
12874,0.00328803830775118
12875,0.00328803830775118
12876,0.00328803830775118
12877,0.00328803830775118
12878,0.00328803830775118
12879,0.00328803830775118
12880,0.00328803830775118
12881,0.00328803830775118
12882,0.00328803830775118
12883,0.00328803830775118
12884,0.00328803830775118
12885,0.00328803830775118
12886,0.00328803830775118
12887,0.00328803830775118
12888,0.00328803830775118
12889,0.00328803830775118
12890,0.00328803830775118
12891,0.00328803830775118
12892,0.00328803830775118
12893,0.00328803830775118
12894,0.00328803830775118
12895,0.00328803830775118
12896,0.00328803830775118
12897,0.00328803830775118
12898,0.00328803830775118
12899,0.00328803830775118
12900,0.00328803830775118
12901,0.00328803830775118
12902,0.00328803830775118
12903,0.00328803830775118
12904,0.00328803830775118
12905,0.00328803830775118
12906,0.00328803830775118
12907,0.00328803830775118
12908,0.00328803830775118
12909,0.00328803830775118
12910,0.00328803830775118
12911,0.00328803830775118
12912,0.00328803830775118
12913,0.00328803830775118
12914,0.00328803830775118
12915,0.00328803830775118
12916,0.00328803830775118
12917,0.00328803830775118
12918,0.00328803830775118
12919,0.00328803830775118
12920,0.00328803830775118
12921,0.00328803830775118
12922,0.00328803830775118
12923,0.00328803830775118
12924,0.00328803830775118
12925,0.00328803830775118
12926,0.00328803830775118
12927,0.00328803830775118
12928,0.00328803830775118
12929,0.00328803830775118
12930,0.00328803830775118
12931,0.00328803830775118
12932,0.00328803830775118
12933,0.00328803830775118
12934,0.00328803830775118
12935,0.00328803830775118
12936,0.00328803830775118
12937,0.00328803830775118
12938,0.00328803830775118
12939,0.00328803830775118
12940,0.00328803830775118
12941,0.00328803830775118
12942,0.00328803830775118
12943,0.00328803830775118
12944,0.00328803830775118
12945,0.00328803830775118
12946,0.00328803830775118
12947,0.00328803830775118
12948,0.00328803830775118
12949,0.00328803830775118
12950,0.00328803830775118
12951,0.00328803830775118
12952,0.00328803830775118
12953,0.00328803830775118
12954,0.00328803830775118
12955,0.00328803830775118
12956,0.00328803830775118
12957,0.00328803830775118
12958,0.00328803830775118
12959,0.00328803830775118
12960,0.00328803830775118
12961,0.00328803830775118
12962,0.00328803830775118
12963,0.00328803830775118
12964,0.00328803830775118
12965,0.00328803830775118
12966,0.00328803830775118
12967,0.00328803830775118
12968,0.00328803830775118
12969,0.00328803830775118
12970,0.00328803830775118
12971,0.00328803830775118
12972,0.00328803830775118
12973,0.00328803830775118
12974,0.00328803830775118
12975,0.00328803830775118
12976,0.00328803830775118
12977,0.00328803830775118
12978,0.00328803830775118
12979,0.00328803830775118
12980,0.00328803830775118
12981,0.00328803830775118
12982,0.00328803830775118
12983,0.00328803830775118
12984,0.00328803830775118
12985,0.00328803830775118
12986,0.00328803830775118
12987,0.00328803830775118
12988,0.00328803830775118
12989,0.00328803830775118
12990,0.00328803830775118
12991,0.00328803830775118
12992,0.00328803830775118
12993,0.00328803830775118
12994,0.00328803830775118
12995,0.00328803830775118
12996,0.00328803830775118
12997,0.00328803830775118
12998,0.00328803830775118
12999,0.00328803830775118
13000,0.00328803830775118
13001,0.00328803830775118
13002,0.00328803830775118
13003,0.00328803830775118
13004,0.00328803830775118
13005,0.00328803830775118
13006,0.00328803830775118
13007,0.00328803830775118
13008,0.00328803830775118
13009,0.00328803830775118
13010,0.00328803830775118
13011,0.00328803830775118
13012,0.00328803830775118
13013,0.00328803830775118
13014,0.00328803830775118
13015,0.00328803830775118
13016,0.00328803830775118
13017,0.00328803830775118
13018,0.00328803830775118
13019,0.00328803830775118
13020,0.00328803830775118
13021,0.00328803830775118
13022,0.00328803830775118
13023,0.00328803830775118
13024,0.00328803830775118
13025,0.00328803830775118
13026,0.00328803830775118
13027,0.00328803830775118
13028,0.00328803830775118
13029,0.00328803830775118
13030,0.00328803830775118
13031,0.00328803830775118
13032,0.00328803830775118
13033,0.00328803830775118
13034,0.00328803830775118
13035,0.00328803830775118
13036,0.00328803830775118
13037,0.00328803830775118
13038,0.00328803830775118
13039,0.00328803830775118
13040,0.00328803830775118
13041,0.00328803830775118
13042,0.00328803830775118
13043,0.00328803830775118
13044,0.00328803830775118
13045,0.00328803830775118
13046,0.00328803830775118
13047,0.00328803830775118
13048,0.00328803830775118
13049,0.00328803830775118
13050,0.00328803830775118
13051,0.00328803830775118
13052,0.00328803830775118
13053,0.00328803830775118
13054,0.00328803830775118
13055,0.00328803830775118
13056,0.00328803830775118
13057,0.00328803830775118
13058,0.00328803830775118
13059,0.00328803830775118
13060,0.00328803830775118
13061,0.00328803830775118
13062,0.00328803830775118
13063,0.00328803830775118
13064,0.00328803830775118
13065,0.00328803830775118
13066,0.00328803830775118
13067,0.00328803830775118
13068,0.00328803830775118
13069,0.00328803830775118
13070,0.00328803830775118
13071,0.00328803830775118
13072,0.00328803830775118
13073,0.00328803830775118
13074,0.00328803830775118
13075,0.00328803830775118
13076,0.00328803830775118
13077,0.00328803830775118
13078,0.00328803830775118
13079,0.00328803830775118
13080,0.00328803830775118
13081,0.00328803830775118
13082,0.00328803830775118
13083,0.00328803830775118
13084,0.00328803830775118
13085,0.00328803830775118
13086,0.00328803830775118
13087,0.00328803830775118
13088,0.00328803830775118
13089,0.00328803830775118
13090,0.00328803830775118
13091,0.00328803830775118
13092,0.00328803830775118
13093,0.00328803830775118
13094,0.00328803830775118
13095,0.00328803830775118
13096,0.00328803830775118
13097,0.00328803830775118
13098,0.00328803830775118
13099,0.00328803830775118
13100,0.00328803830775118
13101,0.00328803830775118
13102,0.00328803830775118
13103,0.00328803830775118
13104,0.00328803830775118
13105,0.00328803830775118
13106,0.00328803830775118
13107,0.00328803830775118
13108,0.00328803830775118
13109,0.00328803830775118
13110,0.00328803830775118
13111,0.00328803830775118
13112,0.00328803830775118
13113,0.00328803830775118
13114,0.00328803830775118
13115,0.00328803830775118
13116,0.00328803830775118
13117,0.00328803830775118
13118,0.00328803830775118
13119,0.00328803830775118
13120,0.00328803830775118
13121,0.00328803830775118
13122,0.00328803830775118
13123,0.00328803830775118
13124,0.00328803830775118
13125,0.00328803830775118
13126,0.00328803830775118
13127,0.00328803830775118
13128,0.00328803830775118
13129,0.00328803830775118
13130,0.00328803830775118
13131,0.00328803830775118
13132,0.00328803830775118
13133,0.00328803830775118
13134,0.00328803830775118
13135,0.00328803830775118
13136,0.00328803830775118
13137,0.00328803830775118
13138,0.00328803830775118
13139,0.00328803830775118
13140,0.00328803830775118
13141,0.00328803830775118
13142,0.00328803830775118
13143,0.00328803830775118
13144,0.00328803830775118
13145,0.00328803830775118
13146,0.00328803830775118
13147,0.00328803830775118
13148,0.00328803830775118
13149,0.00328803830775118
13150,0.00328803830775118
13151,0.00328803830775118
13152,0.00328803830775118
13153,0.00328803830775118
13154,0.00328803830775118
13155,0.00328803830775118
13156,0.00328803830775118
13157,0.00328803830775118
13158,0.00328803830775118
13159,0.00328803830775118
13160,0.00328803830775118
13161,0.00328803830775118
13162,0.00328803830775118
13163,0.00328803830775118
13164,0.00328803830775118
13165,0.00328803830775118
13166,0.00328803830775118
13167,0.00328803830775118
13168,0.00328803830775118
13169,0.00328803830775118
13170,0.00328803830775118
13171,0.00328803830775118
13172,0.00328803830775118
13173,0.00328803830775118
13174,0.00328803830775118
13175,0.00328803830775118
13176,0.00328803830775118
13177,0.00328803830775118
13178,0.00328803830775118
13179,0.00328803830775118
13180,0.00328803830775118
13181,0.00328803830775118
13182,0.00328803830775118
13183,0.00328803830775118
13184,0.00328803830775118
13185,0.00328803830775118
13186,0.00328803830775118
13187,0.00328803830775118
13188,0.00328803830775118
13189,0.00328803830775118
13190,0.00328803830775118
13191,0.00328803830775118
13192,0.00328803830775118
13193,0.00328803830775118
13194,0.00328803830775118
13195,0.00328803830775118
13196,0.00328803830775118
13197,0.00328803830775118
13198,0.00328803830775118
13199,0.00328803830775118
13200,0.00328803830775118
13201,0.00328803830775118
13202,0.00328803830775118
13203,0.00328803830775118
13204,0.00328803830775118
13205,0.00328803830775118
13206,0.00328803830775118
13207,0.00328803830775118
13208,0.00328803830775118
13209,0.00328803830775118
13210,0.00328803830775118
13211,0.00328803830775118
13212,0.00328803830775118
13213,0.00328803830775118
13214,0.00328803830775118
13215,0.00328803830775118
13216,0.00328803830775118
13217,0.00328803830775118
13218,0.00328803830775118
13219,0.00328803830775118
13220,0.00328803830775118
13221,0.00328803830775118
13222,0.00328803830775118
13223,0.00328803830775118
13224,0.00328803830775118
13225,0.00328803830775118
13226,0.00328803830775118
13227,0.00328803830775118
13228,0.00328803830775118
13229,0.00328803830775118
13230,0.00328803830775118
13231,0.00328803830775118
13232,0.00328803830775118
13233,0.00328803830775118
13234,0.00328803830775118
13235,0.00328803830775118
13236,0.00328803830775118
13237,0.00328803830775118
13238,0.00328803830775118
13239,0.00328803830775118
13240,0.00328803830775118
13241,0.00328803830775118
13242,0.00328803830775118
13243,0.00328803830775118
13244,0.00328803830775118
13245,0.00328803830775118
13246,0.00328803830775118
13247,0.00328803830775118
13248,0.00328803830775118
13249,0.00328803830775118
13250,0.00328803830775118
13251,0.00328803830775118
13252,0.00328803830775118
13253,0.00328803830775118
13254,0.00328803830775118
13255,0.00328803830775118
13256,0.00328803830775118
13257,0.00328803830775118
13258,0.00328803830775118
13259,0.00328803830775118
13260,0.00328803830775118
13261,0.00328803830775118
13262,0.00328803830775118
13263,0.00328803830775118
13264,0.00328803830775118
13265,0.00328803830775118
13266,0.00328803830775118
13267,0.00328803830775118
13268,0.00328803830775118
13269,0.00328803830775118
13270,0.00328803830775118
13271,0.00328803830775118
13272,0.00328803830775118
13273,0.00328803830775118
13274,0.00328803830775118
13275,0.00328803830775118
13276,0.00328803830775118
13277,0.00328803830775118
13278,0.00328803830775118
13279,0.00328803830775118
13280,0.00328803830775118
13281,0.00328803830775118
13282,0.00328803830775118
13283,0.00328803830775118
13284,0.00328803830775118
13285,0.00328803830775118
13286,0.00328803830775118
13287,0.00328803830775118
13288,0.00328803830775118
13289,0.00328803830775118
13290,0.00328803830775118
13291,0.00328803830775118
13292,0.00328803830775118
13293,0.00328803830775118
13294,0.00328803830775118
13295,0.00328803830775118
13296,0.00328803830775118
13297,0.00328803830775118
13298,0.00328803830775118
13299,0.00328803830775118
13300,0.00328803830775118
13301,0.00328803830775118
13302,0.00328803830775118
13303,0.00328803830775118
13304,0.00328803830775118
13305,0.00328803830775118
13306,0.00328803830775118
13307,0.00328803830775118
13308,0.00328803830775118
13309,0.00328803830775118
13310,0.00328803830775118
13311,0.00328803830775118
13312,0.00328803830775118
13313,0.00328803830775118
13314,0.00328803830775118
13315,0.00328803830775118
13316,0.00328803830775118
13317,0.00328803830775118
13318,0.00328803830775118
13319,0.00328803830775118
13320,0.00328803830775118
13321,0.00328803830775118
13322,0.00328803830775118
13323,0.00328803830775118
13324,0.00328803830775118
13325,0.00328803830775118
13326,0.00328803830775118
13327,0.00328803830775118
13328,0.00328803830775118
13329,0.00328803830775118
13330,0.00328803830775118
13331,0.00328803830775118
13332,0.00328803830775118
13333,0.00328803830775118
13334,0.00328803830775118
13335,0.00328803830775118
13336,0.00328803830775118
13337,0.00328803830775118
13338,0.00328803830775118
13339,0.00328803830775118
13340,0.00328803830775118
13341,0.00328803830775118
13342,0.00328803830775118
13343,0.00328803830775118
13344,0.00328803830775118
13345,0.00328803830775118
13346,0.00328803830775118
13347,0.00328803830775118
13348,0.00328803830775118
13349,0.00328803830775118
13350,0.00328803830775118
13351,0.00328803830775118
13352,0.00328803830775118
13353,0.00328803830775118
13354,0.00328803830775118
13355,0.00328803830775118
13356,0.00328803830775118
13357,0.00328803830775118
13358,0.00328803830775118
13359,0.00328803830775118
13360,0.00328803830775118
13361,0.00328803830775118
13362,0.00328803830775118
13363,0.00328803830775118
13364,0.00328803830775118
13365,0.00328803830775118
13366,0.00328803830775118
13367,0.00328803830775118
13368,0.00328803830775118
13369,0.00328803830775118
13370,0.00328803830775118
13371,0.00328803830775118
13372,0.00328803830775118
13373,0.00328803830775118
13374,0.00328803830775118
13375,0.00328803830775118
13376,0.00328803830775118
13377,0.00328803830775118
13378,0.00328803830775118
13379,0.00328803830775118
13380,0.00328803830775118
13381,0.00328803830775118
13382,0.00328803830775118
13383,0.00328803830775118
13384,0.00328803830775118
13385,0.00328803830775118
13386,0.00328803830775118
13387,0.00328803830775118
13388,0.00328803830775118
13389,0.00328803830775118
13390,0.00328803830775118
13391,0.00328803830775118
13392,0.00328803830775118
13393,0.00328803830775118
13394,0.00328803830775118
13395,0.00328803830775118
13396,0.00328803830775118
13397,0.00328803830775118
13398,0.00328803830775118
13399,0.00328803830775118
13400,0.00328803830775118
13401,0.00328803830775118
13402,0.00328803830775118
13403,0.00328803830775118
13404,0.00328803830775118
13405,0.00328803830775118
13406,0.00328803830775118
13407,0.00328803830775118
13408,0.00328803830775118
13409,0.00328803830775118
13410,0.00328803830775118
13411,0.00328803830775118
13412,0.00328803830775118
13413,0.00328803830775118
13414,0.00328803830775118
13415,0.00328803830775118
13416,0.00328803830775118
13417,0.00328803830775118
13418,0.00328803830775118
13419,0.00328803830775118
13420,0.00328803830775118
13421,0.00328803830775118
13422,0.00328803830775118
13423,0.00328803830775118
13424,0.00328803830775118
13425,0.00328803830775118
13426,0.00328803830775118
13427,0.00328803830775118
13428,0.00328803830775118
13429,0.00328803830775118
13430,0.00328803830775118
13431,0.00328803830775118
13432,0.00328803830775118
13433,0.00328803830775118
13434,0.00328803830775118
13435,0.00328803830775118
13436,0.00328803830775118
13437,0.00328803830775118
13438,0.00328803830775118
13439,0.00328803830775118
13440,0.00328803830775118
13441,0.00328803830775118
13442,0.00328803830775118
13443,0.00328803830775118
13444,0.00328803830775118
13445,0.00328803830775118
13446,0.00328803830775118
13447,0.00328803830775118
13448,0.00328803830775118
13449,0.00328803830775118
13450,0.00328803830775118
13451,0.00328803830775118
13452,0.00328803830775118
13453,0.00328803830775118
13454,0.00328803830775118
13455,0.00328803830775118
13456,0.00328803830775118
13457,0.00328803830775118
13458,0.00328803830775118
13459,0.00328803830775118
13460,0.00328803830775118
13461,0.00328803830775118
13462,0.00328803830775118
13463,0.00328803830775118
13464,0.00328803830775118
13465,0.00328803830775118
13466,0.00328803830775118
13467,0.00328803830775118
13468,0.00328803830775118
13469,0.00328803830775118
13470,0.00328803830775118
13471,0.00328803830775118
13472,0.00328803830775118
13473,0.00328803830775118
13474,0.00328803830775118
13475,0.00328803830775118
13476,0.00328803830775118
13477,0.00328803830775118
13478,0.00328803830775118
13479,0.00328803830775118
13480,0.00328803830775118
13481,0.00328803830775118
13482,0.00328803830775118
13483,0.00328803830775118
13484,0.00328803830775118
13485,0.00328803830775118
13486,0.00328803830775118
13487,0.00328803830775118
13488,0.00328803830775118
13489,0.00328803830775118
13490,0.00328803830775118
13491,0.00328803830775118
13492,0.00328803830775118
13493,0.00328803830775118
13494,0.00328803830775118
13495,0.00328803830775118
13496,0.00328803830775118
13497,0.00328803830775118
13498,0.00328803830775118
13499,0.00328803830775118
13500,0.00328803830775118
13501,0.00328803830775118
13502,0.00328803830775118
13503,0.00328803830775118
13504,0.00328803830775118
13505,0.00328803830775118
13506,0.00328803830775118
13507,0.00328803830775118
13508,0.00328803830775118
13509,0.00328803830775118
13510,0.00328803830775118
13511,0.00328803830775118
13512,0.00328803830775118
13513,0.00328803830775118
13514,0.00328803830775118
13515,0.00328803830775118
13516,0.00328803830775118
13517,0.00328803830775118
13518,0.00328803830775118
13519,0.00328803830775118
13520,0.00328803830775118
13521,0.00328803830775118
13522,0.00328803830775118
13523,0.00328803830775118
13524,0.00328803830775118
13525,0.00328803830775118
13526,0.00328803830775118
13527,0.00328803830775118
13528,0.00328803830775118
13529,0.00328803830775118
13530,0.00328803830775118
13531,0.00328803830775118
13532,0.00328803830775118
13533,0.00328803830775118
13534,0.00328803830775118
13535,0.00328803830775118
13536,0.00328803830775118
13537,0.00328803830775118
13538,0.00328803830775118
13539,0.00328803830775118
13540,0.00328803830775118
13541,0.00328803830775118
13542,0.00328803830775118
13543,0.00328803830775118
13544,0.00328803830775118
13545,0.00328803830775118
13546,0.00328803830775118
13547,0.00328803830775118
13548,0.00328803830775118
13549,0.00328803830775118
13550,0.00328803830775118
13551,0.00328803830775118
13552,0.00328803830775118
13553,0.00328803830775118
13554,0.00328803830775118
13555,0.00328803830775118
13556,0.00328803830775118
13557,0.00328803830775118
13558,0.00328803830775118
13559,0.00328803830775118
13560,0.00328803830775118
13561,0.00328803830775118
13562,0.00328803830775118
13563,0.00328803830775118
13564,0.00328803830775118
13565,0.00328803830775118
13566,0.00328803830775118
13567,0.00328803830775118
13568,0.00328803830775118
13569,0.00328803830775118
13570,0.00328803830775118
13571,0.00328803830775118
13572,0.00328803830775118
13573,0.00328803830775118
13574,0.00328803830775118
13575,0.00328803830775118
13576,0.00328803830775118
13577,0.00328803830775118
13578,0.00328803830775118
13579,0.00328803830775118
13580,0.00328803830775118
13581,0.00328803830775118
13582,0.00328803830775118
13583,0.00328803830775118
13584,0.00328803830775118
13585,0.00328803830775118
13586,0.00328803830775118
13587,0.00328803830775118
13588,0.00328803830775118
13589,0.00328803830775118
13590,0.00328803830775118
13591,0.00328803830775118
13592,0.00328803830775118
13593,0.00328803830775118
13594,0.00328803830775118
13595,0.00328803830775118
13596,0.00328803830775118
13597,0.00328803830775118
13598,0.00328803830775118
13599,0.00328803830775118
13600,0.00328803830775118
13601,0.00328803830775118
13602,0.00328803830775118
13603,0.00328803830775118
13604,0.00328803830775118
13605,0.00328803830775118
13606,0.00328803830775118
13607,0.00328803830775118
13608,0.00328803830775118
13609,0.00328803830775118
13610,0.00328803830775118
13611,0.00328803830775118
13612,0.00328803830775118
13613,0.00328803830775118
13614,0.00328803830775118
13615,0.00328803830775118
13616,0.00328803830775118
13617,0.00328803830775118
13618,0.00328803830775118
13619,0.00328803830775118
13620,0.00328803830775118
13621,0.00328803830775118
13622,0.00328803830775118
13623,0.00328803830775118
13624,0.00328803830775118
13625,0.00328803830775118
13626,0.00328803830775118
13627,0.00328803830775118
13628,0.00328803830775118
13629,0.00328803830775118
13630,0.00328803830775118
13631,0.00328803830775118
13632,0.00328803830775118
13633,0.00328803830775118
13634,0.00328803830775118
13635,0.00328803830775118
13636,0.00328803830775118
13637,0.00328803830775118
13638,0.00328803830775118
13639,0.00328803830775118
13640,0.00328803830775118
13641,0.00328803830775118
13642,0.00328803830775118
13643,0.00328803830775118
13644,0.00328803830775118
13645,0.00328803830775118
13646,0.00328803830775118
13647,0.00328803830775118
13648,0.00328803830775118
13649,0.00328803830775118
13650,0.00328803830775118
13651,0.00328803830775118
13652,0.00328803830775118
13653,0.00328803830775118
13654,0.00328803830775118
13655,0.00328803830775118
13656,0.00328803830775118
13657,0.00328803830775118
13658,0.00328803830775118
13659,0.00328803830775118
13660,0.00328803830775118
13661,0.00328803830775118
13662,0.00328803830775118
13663,0.00328803830775118
13664,0.00328803830775118
13665,0.00328803830775118
13666,0.00328803830775118
13667,0.00328803830775118
13668,0.00328803830775118
13669,0.00328803830775118
13670,0.00328803830775118
13671,0.00328803830775118
13672,0.00328803830775118
13673,0.00328803830775118
13674,0.00328803830775118
13675,0.00328803830775118
13676,0.00328803830775118
13677,0.00328803830775118
13678,0.00328803830775118
13679,0.00328803830775118
13680,0.00328803830775118
13681,0.00328803830775118
13682,0.00328803830775118
13683,0.00328803830775118
13684,0.00328803830775118
13685,0.00328803830775118
13686,0.00328803830775118
13687,0.00328803830775118
13688,0.00328803830775118
13689,0.00328803830775118
13690,0.00328803830775118
13691,0.00328803830775118
13692,0.00328803830775118
13693,0.00328803830775118
13694,0.00328803830775118
13695,0.00328803830775118
13696,0.00328803830775118
13697,0.00328803830775118
13698,0.00328803830775118
13699,0.00328803830775118
13700,0.00328803830775118
13701,0.00328803830775118
13702,0.00328803830775118
13703,0.00328803830775118
13704,0.00328803830775118
13705,0.00328803830775118
13706,0.00328803830775118
13707,0.00328803830775118
13708,0.00328803830775118
13709,0.00328803830775118
13710,0.00328803830775118
13711,0.00328803830775118
13712,0.00328803830775118
13713,0.00328803830775118
13714,0.00328803830775118
13715,0.00328803830775118
13716,0.00328803830775118
13717,0.00328803830775118
13718,0.00328803830775118
13719,0.00328803830775118
13720,0.00328803830775118
13721,0.00328803830775118
13722,0.00328803830775118
13723,0.00328803830775118
13724,0.00328803830775118
13725,0.00328803830775118
13726,0.00328803830775118
13727,0.00328803830775118
13728,0.00328803830775118
13729,0.00328803830775118
13730,0.00328803830775118
13731,0.00328803830775118
13732,0.00328803830775118
13733,0.00328803830775118
13734,0.00328803830775118
13735,0.00328803830775118
13736,0.00328803830775118
13737,0.00328803830775118
13738,0.00328803830775118
13739,0.00328803830775118
13740,0.00328803830775118
13741,0.00328803830775118
13742,0.00328803830775118
13743,0.00328803830775118
13744,0.00328803830775118
13745,0.00328803830775118
13746,0.00328803830775118
13747,0.00328803830775118
13748,0.00328803830775118
13749,0.00328803830775118
13750,0.00328803830775118
13751,0.00328803830775118
13752,0.00328803830775118
13753,0.00328803830775118
13754,0.00328803830775118
13755,0.00328803830775118
13756,0.00328803830775118
13757,0.00328803830775118
13758,0.00328803830775118
13759,0.00328803830775118
13760,0.00328803830775118
13761,0.00328803830775118
13762,0.00328803830775118
13763,0.00328803830775118
13764,0.00328803830775118
13765,0.00328803830775118
13766,0.00328803830775118
13767,0.00328803830775118
13768,0.00328803830775118
13769,0.00328803830775118
13770,0.00328803830775118
13771,0.00328803830775118
13772,0.00328803830775118
13773,0.00328803830775118
13774,0.00328803830775118
13775,0.00328803830775118
13776,0.00328803830775118
13777,0.00328803830775118
13778,0.00328803830775118
13779,0.00328803830775118
13780,0.00328803830775118
13781,0.00328803830775118
13782,0.00328803830775118
13783,0.00328803830775118
13784,0.00328803830775118
13785,0.00328803830775118
13786,0.00328803830775118
13787,0.00328803830775118
13788,0.00328803830775118
13789,0.00328803830775118
13790,0.00328803830775118
13791,0.00328803830775118
13792,0.00328803830775118
13793,0.00328803830775118
13794,0.00328803830775118
13795,0.00328803830775118
13796,0.00328803830775118
13797,0.00328803830775118
13798,0.00328803830775118
13799,0.00328803830775118
13800,0.00328803830775118
13801,0.00328803830775118
13802,0.00328803830775118
13803,0.00328803830775118
13804,0.00328803830775118
13805,0.00328803830775118
13806,0.00328803830775118
13807,0.00328803830775118
13808,0.00328803830775118
13809,0.00328803830775118
13810,0.00328803830775118
13811,0.00328803830775118
13812,0.00328803830775118
13813,0.00328803830775118
13814,0.00328803830775118
13815,0.00328803830775118
13816,0.00328803830775118
13817,0.00328803830775118
13818,0.00328803830775118
13819,0.00328803830775118
13820,0.00328803830775118
13821,0.00328803830775118
13822,0.00328803830775118
13823,0.00328803830775118
13824,0.00328803830775118
13825,0.00328803830775118
13826,0.00328803830775118
13827,0.00328803830775118
13828,0.00328803830775118
13829,0.00328803830775118
13830,0.00328803830775118
13831,0.00328803830775118
13832,0.00328803830775118
13833,0.00328803830775118
13834,0.00328803830775118
13835,0.00328803830775118
13836,0.00328803830775118
13837,0.00328803830775118
13838,0.00328803830775118
13839,0.00328803830775118
13840,0.00328803830775118
13841,0.00328803830775118
13842,0.00328803830775118
13843,0.00328803830775118
13844,0.00328803830775118
13845,0.00328803830775118
13846,0.00328803830775118
13847,0.00328803830775118
13848,0.00328803830775118
13849,0.00328803830775118
13850,0.00328803830775118
13851,0.00328803830775118
13852,0.00328803830775118
13853,0.00328803830775118
13854,0.00328803830775118
13855,0.00328803830775118
13856,0.00328803830775118
13857,0.00328803830775118
13858,0.00328803830775118
13859,0.00328803830775118
13860,0.00328803830775118
13861,0.00328803830775118
13862,0.00328803830775118
13863,0.00328803830775118
13864,0.00328803830775118
13865,0.00328803830775118
13866,0.00328803830775118
13867,0.00328803830775118
13868,0.00328803830775118
13869,0.00328803830775118
13870,0.00328803830775118
13871,0.00328803830775118
13872,0.00328803830775118
13873,0.00328803830775118
13874,0.00328803830775118
13875,0.00328803830775118
13876,0.00328803830775118
13877,0.00328803830775118
13878,0.00328803830775118
13879,0.00328803830775118
13880,0.00328803830775118
13881,0.00328803830775118
13882,0.00328803830775118
13883,0.00328803830775118
13884,0.00328803830775118
13885,0.00328803830775118
13886,0.00328803830775118
13887,0.00328803830775118
13888,0.00328803830775118
13889,0.00328803830775118
13890,0.00328803830775118
13891,0.00328803830775118
13892,0.00328803830775118
13893,0.00328803830775118
13894,0.00328803830775118
13895,0.00328803830775118
13896,0.00328803830775118
13897,0.00328803830775118
13898,0.00328803830775118
13899,0.00328803830775118
13900,0.00328803830775118
13901,0.00328803830775118
13902,0.00328803830775118
13903,0.00328803830775118
13904,0.00328803830775118
13905,0.00328803830775118
13906,0.00328803830775118
13907,0.00328803830775118
13908,0.00328803830775118
13909,0.00328803830775118
13910,0.00328803830775118
13911,0.00328803830775118
13912,0.00328803830775118
13913,0.00328803830775118
13914,0.00328803830775118
13915,0.00328803830775118
13916,0.00328803830775118
13917,0.00328803830775118
13918,0.00328803830775118
13919,0.00328803830775118
13920,0.00328803830775118
13921,0.00328803830775118
13922,0.00328803830775118
13923,0.00328803830775118
13924,0.00328803830775118
13925,0.00328803830775118
13926,0.00328803830775118
13927,0.00328803830775118
13928,0.00328803830775118
13929,0.00328803830775118
13930,0.00328803830775118
13931,0.00328803830775118
13932,0.00328803830775118
13933,0.00328803830775118
13934,0.00328803830775118
13935,0.00328803830775118
13936,0.00328803830775118
13937,0.00328803830775118
13938,0.00328803830775118
13939,0.00328803830775118
13940,0.00328803830775118
13941,0.00328803830775118
13942,0.00328803830775118
13943,0.00328803830775118
13944,0.00328803830775118
13945,0.00328803830775118
13946,0.00328803830775118
13947,0.00328803830775118
13948,0.00328803830775118
13949,0.00328803830775118
13950,0.00328803830775118
13951,0.00328803830775118
13952,0.00328803830775118
13953,0.00328803830775118
13954,0.00328803830775118
13955,0.00328803830775118
13956,0.00328803830775118
13957,0.00328803830775118
13958,0.00328803830775118
13959,0.00328803830775118
13960,0.00328803830775118
13961,0.00328803830775118
13962,0.00328803830775118
13963,0.00328803830775118
13964,0.00328803830775118
13965,0.00328803830775118
13966,0.00328803830775118
13967,0.00328803830775118
13968,0.00328803830775118
13969,0.00328803830775118
13970,0.00328803830775118
13971,0.00328803830775118
13972,0.00328803830775118
13973,0.00328803830775118
13974,0.00328803830775118
13975,0.00328803830775118
13976,0.00328803830775118
13977,0.00328803830775118
13978,0.00328803830775118
13979,0.00328803830775118
13980,0.00328803830775118
13981,0.00328803830775118
13982,0.00328803830775118
13983,0.00328803830775118
13984,0.00328803830775118
13985,0.00328803830775118
13986,0.00328803830775118
13987,0.00328803830775118
13988,0.00328803830775118
13989,0.00328803830775118
13990,0.00328803830775118
13991,0.00328803830775118
13992,0.00328803830775118
13993,0.00328803830775118
13994,0.00328803830775118
13995,0.00328803830775118
13996,0.00328803830775118
13997,0.00328803830775118
13998,0.00328803830775118
13999,0.00328803830775118
14000,0.00328803830775118
14001,0.00328803830775118
14002,0.00328803830775118
14003,0.00328803830775118
14004,0.00328803830775118
14005,0.00328803830775118
14006,0.00328803830775118
14007,0.00328803830775118
14008,0.00328803830775118
14009,0.00328803830775118
14010,0.00328803830775118
14011,0.00328803830775118
14012,0.00328803830775118
14013,0.00328803830775118
14014,0.00328803830775118
14015,0.00328803830775118
14016,0.00328803830775118
14017,0.00328803830775118
14018,0.00328803830775118
14019,0.00328803830775118
14020,0.00328803830775118
14021,0.00328803830775118
14022,0.00328803830775118
14023,0.00328803830775118
14024,0.00328803830775118
14025,0.00328803830775118
14026,0.00328803830775118
14027,0.00328803830775118
14028,0.00328803830775118
14029,0.00328803830775118
14030,0.00328803830775118
14031,0.00328803830775118
14032,0.00328803830775118
14033,0.00328803830775118
14034,0.00328803830775118
14035,0.00328803830775118
14036,0.00328803830775118
14037,0.00328803830775118
14038,0.00328803830775118
14039,0.00328803830775118
14040,0.00328803830775118
14041,0.00328803830775118
14042,0.00328803830775118
14043,0.00328803830775118
14044,0.00328803830775118
14045,0.00328803830775118
14046,0.00328803830775118
14047,0.00328803830775118
14048,0.00328803830775118
14049,0.00328803830775118
14050,0.00328803830775118
14051,0.00328803830775118
14052,0.00328803830775118
14053,0.00328803830775118
14054,0.00328803830775118
14055,0.00328803830775118
14056,0.00328803830775118
14057,0.00328803830775118
14058,0.00328803830775118
14059,0.00328803830775118
14060,0.00328803830775118
14061,0.00328803830775118
14062,0.00328803830775118
14063,0.00328803830775118
14064,0.00328803830775118
14065,0.00328803830775118
14066,0.00328803830775118
14067,0.00328803830775118
14068,0.00328803830775118
14069,0.00328803830775118
14070,0.00328803830775118
14071,0.00328803830775118
14072,0.00328803830775118
14073,0.00328803830775118
14074,0.00328803830775118
14075,0.00328803830775118
14076,0.00328803830775118
14077,0.00328803830775118
14078,0.00328803830775118
14079,0.00328803830775118
14080,0.00328803830775118
14081,0.00328803830775118
14082,0.00328803830775118
14083,0.00328803830775118
14084,0.00328803830775118
14085,0.00328803830775118
14086,0.00328803830775118
14087,0.00328803830775118
14088,0.00328803830775118
14089,0.00328803830775118
14090,0.00328803830775118
14091,0.00328803830775118
14092,0.00328803830775118
14093,0.00328803830775118
14094,0.00328803830775118
14095,0.00328803830775118
14096,0.00328803830775118
14097,0.00328803830775118
14098,0.00328803830775118
14099,0.00328803830775118
14100,0.00328803830775118
14101,0.00328803830775118
14102,0.00328803830775118
14103,0.00328803830775118
14104,0.00328803830775118
14105,0.00328803830775118
14106,0.00328803830775118
14107,0.00328803830775118
14108,0.00328803830775118
14109,0.00328803830775118
14110,0.00328803830775118
14111,0.00328803830775118
14112,0.00328803830775118
14113,0.00328803830775118
14114,0.00328803830775118
14115,0.00328803830775118
14116,0.00328803830775118
14117,0.00328803830775118
14118,0.00328803830775118
14119,0.00328803830775118
14120,0.00328803830775118
14121,0.00328803830775118
14122,0.00328803830775118
14123,0.00328803830775118
14124,0.00328803830775118
14125,0.00328803830775118
14126,0.00328803830775118
14127,0.00328803830775118
14128,0.00328803830775118
14129,0.00328803830775118
14130,0.00328803830775118
14131,0.00328803830775118
14132,0.00328803830775118
14133,0.00328803830775118
14134,0.00328803830775118
14135,0.00328803830775118
14136,0.00328803830775118
14137,0.00328803830775118
14138,0.00328803830775118
14139,0.00328803830775118
14140,0.00328803830775118
14141,0.00328803830775118
14142,0.00328803830775118
14143,0.00328803830775118
14144,0.00328803830775118
14145,0.00328803830775118
14146,0.00328803830775118
14147,0.00328803830775118
14148,0.00328803830775118
14149,0.00328803830775118
14150,0.00328803830775118
14151,0.00328803830775118
14152,0.00328803830775118
14153,0.00328803830775118
14154,0.00328803830775118
14155,0.00328803830775118
14156,0.00328803830775118
14157,0.00328803830775118
14158,0.00328803830775118
14159,0.00328803830775118
14160,0.00328803830775118
14161,0.00328803830775118
14162,0.00328803830775118
14163,0.00328803830775118
14164,0.00328803830775118
14165,0.00328803830775118
14166,0.00328803830775118
14167,0.00328803830775118
14168,0.00328803830775118
14169,0.00328803830775118
14170,0.00328803830775118
14171,0.00328803830775118
14172,0.00328803830775118
14173,0.00328803830775118
14174,0.00328803830775118
14175,0.00328803830775118
14176,0.00328803830775118
14177,0.00328803830775118
14178,0.00328803830775118
14179,0.00328803830775118
14180,0.00328803830775118
14181,0.00328803830775118
14182,0.00328803830775118
14183,0.00328803830775118
14184,0.00328803830775118
14185,0.00328803830775118
14186,0.00328803830775118
14187,0.00328803830775118
14188,0.00328803830775118
14189,0.00328803830775118
14190,0.00328803830775118
14191,0.00328803830775118
14192,0.00328803830775118
14193,0.00328803830775118
14194,0.00328803830775118
14195,0.00328803830775118
14196,0.00328803830775118
14197,0.00328803830775118
14198,0.00328803830775118
14199,0.00328803830775118
14200,0.00328803830775118
14201,0.00328803830775118
14202,0.00328803830775118
14203,0.00328803830775118
14204,0.00328803830775118
14205,0.00328803830775118
14206,0.00328803830775118
14207,0.00328803830775118
14208,0.00328803830775118
14209,0.00328803830775118
14210,0.00328803830775118
14211,0.00328803830775118
14212,0.00328803830775118
14213,0.00328803830775118
14214,0.00328803830775118
14215,0.00328803830775118
14216,0.00328803830775118
14217,0.00328803830775118
14218,0.00328803830775118
14219,0.00328803830775118
14220,0.00328803830775118
14221,0.00328803830775118
14222,0.00328803830775118
14223,0.00328803830775118
14224,0.00328803830775118
14225,0.00328803830775118
14226,0.00328803830775118
14227,0.00328803830775118
14228,0.00328803830775118
14229,0.00328803830775118
14230,0.00328803830775118
14231,0.00328803830775118
14232,0.00328803830775118
14233,0.00328803830775118
14234,0.00328803830775118
14235,0.00328803830775118
14236,0.00328803830775118
14237,0.00328803830775118
14238,0.00328803830775118
14239,0.00328803830775118
14240,0.00328803830775118
14241,0.00328803830775118
14242,0.00328803830775118
14243,0.00328803830775118
14244,0.00328803830775118
14245,0.00328803830775118
14246,0.00328803830775118
14247,0.00328803830775118
14248,0.00328803830775118
14249,0.00328803830775118
14250,0.00328803830775118
14251,0.00328803830775118
14252,0.00328803830775118
14253,0.00328803830775118
14254,0.00328803830775118
14255,0.00328803830775118
14256,0.00328803830775118
14257,0.00328803830775118
14258,0.00328803830775118
14259,0.00328803830775118
14260,0.00328803830775118
14261,0.00328803830775118
14262,0.00328803830775118
14263,0.00328803830775118
14264,0.00328803830775118
14265,0.00328803830775118
14266,0.00328803830775118
14267,0.00328803830775118
14268,0.00328803830775118
14269,0.00328803830775118
14270,0.00328803830775118
14271,0.00328803830775118
14272,0.00328803830775118
14273,0.00328803830775118
14274,0.00328803830775118
14275,0.00328803830775118
14276,0.00328803830775118
14277,0.00328803830775118
14278,0.00328803830775118
14279,0.00328803830775118
14280,0.00328803830775118
14281,0.00328803830775118
14282,0.00328803830775118
14283,0.00328803830775118
14284,0.00328803830775118
14285,0.00328803830775118
14286,0.00328803830775118
14287,0.00328803830775118
14288,0.00328803830775118
14289,0.00328803830775118
14290,0.00328803830775118
14291,0.00328803830775118
14292,0.00328803830775118
14293,0.00328803830775118
14294,0.00328803830775118
14295,0.00328803830775118
14296,0.00328803830775118
14297,0.00328803830775118
14298,0.00328803830775118
14299,0.00328803830775118
14300,0.00328803830775118
14301,0.00328803830775118
14302,0.00328803830775118
14303,0.00328803830775118
14304,0.00328803830775118
14305,0.00328803830775118
14306,0.00328803830775118
14307,0.00328803830775118
14308,0.00328803830775118
14309,0.00328803830775118
14310,0.00328803830775118
14311,0.00328803830775118
14312,0.00328803830775118
14313,0.00328803830775118
14314,0.00328803830775118
14315,0.00328803830775118
14316,0.00328803830775118
14317,0.00328803830775118
14318,0.00328803830775118
14319,0.00328803830775118
14320,0.00328803830775118
14321,0.00328803830775118
14322,0.00328803830775118
14323,0.00328803830775118
14324,0.00328803830775118
14325,0.00328803830775118
14326,0.00328803830775118
14327,0.00328803830775118
14328,0.00328803830775118
14329,0.00328803830775118
14330,0.00328803830775118
14331,0.00328803830775118
14332,0.00328803830775118
14333,0.00328803830775118
14334,0.00328803830775118
14335,0.00328803830775118
14336,0.00328803830775118
14337,0.00328803830775118
14338,0.00328803830775118
14339,0.00328803830775118
14340,0.00328803830775118
14341,0.00328803830775118
14342,0.00328803830775118
14343,0.00328803830775118
14344,0.00328803830775118
14345,0.00328803830775118
14346,0.00328803830775118
14347,0.00328803830775118
14348,0.00328803830775118
14349,0.00328803830775118
14350,0.00328803830775118
14351,0.00328803830775118
14352,0.00328803830775118
14353,0.00328803830775118
14354,0.00328803830775118
14355,0.00328803830775118
14356,0.00328803830775118
14357,0.00328803830775118
14358,0.00328803830775118
14359,0.00328803830775118
14360,0.00328803830775118
14361,0.00328803830775118
14362,0.00328803830775118
14363,0.00328803830775118
14364,0.00328803830775118
14365,0.00328803830775118
14366,0.00328803830775118
14367,0.00328803830775118
14368,0.00328803830775118
14369,0.00328803830775118
14370,0.00328803830775118
14371,0.00328803830775118
14372,0.00328803830775118
14373,0.00328803830775118
14374,0.00328803830775118
14375,0.00328803830775118
14376,0.00328803830775118
14377,0.00328803830775118
14378,0.00328803830775118
14379,0.00328803830775118
14380,0.00328803830775118
14381,0.00328803830775118
14382,0.00328803830775118
14383,0.00328803830775118
14384,0.00328803830775118
14385,0.00328803830775118
14386,0.00328803830775118
14387,0.00328803830775118
14388,0.00328803830775118
14389,0.00328803830775118
14390,0.00328803830775118
14391,0.00328803830775118
14392,0.00328803830775118
14393,0.00328803830775118
14394,0.00328803830775118
14395,0.00328803830775118
14396,0.00328803830775118
14397,0.00328803830775118
14398,0.00328803830775118
14399,0.00328803830775118
14400,0.00328803830775118
14401,0.00328803830775118
14402,0.00328803830775118
14403,0.00328803830775118
14404,0.00328803830775118
14405,0.00328803830775118
14406,0.00328803830775118
14407,0.00328803830775118
14408,0.00328803830775118
14409,0.00328803830775118
14410,0.00328803830775118
14411,0.00328803830775118
14412,0.00328803830775118
14413,0.00328803830775118
14414,0.00328803830775118
14415,0.00328803830775118
14416,0.00328803830775118
14417,0.00328803830775118
14418,0.00328803830775118
14419,0.00328803830775118
14420,0.00328803830775118
14421,0.00328803830775118
14422,0.00328803830775118
14423,0.00328803830775118
14424,0.00328803830775118
14425,0.00328803830775118
14426,0.00328803830775118
14427,0.00328803830775118
14428,0.00328803830775118
14429,0.00328803830775118
14430,0.00328803830775118
14431,0.00328803830775118
14432,0.00328803830775118
14433,0.00328803830775118
14434,0.00328803830775118
14435,0.00328803830775118
14436,0.00328803830775118
14437,0.00328803830775118
14438,0.00328803830775118
14439,0.00328803830775118
14440,0.00328803830775118
14441,0.00328803830775118
14442,0.00328803830775118
14443,0.00328803830775118
14444,0.00328803830775118
14445,0.00328803830775118
14446,0.00328803830775118
14447,0.00328803830775118
14448,0.00328803830775118
14449,0.00328803830775118
14450,0.00328803830775118
14451,0.00328803830775118
14452,0.00328803830775118
14453,0.00328803830775118
14454,0.00328803830775118
14455,0.00328803830775118
14456,0.00328803830775118
14457,0.00328803830775118
14458,0.00328803830775118
14459,0.00328803830775118
14460,0.00328803830775118
14461,0.00328803830775118
14462,0.00328803830775118
14463,0.00328803830775118
14464,0.00328803830775118
14465,0.00328803830775118
14466,0.00328803830775118
14467,0.00328803830775118
14468,0.00328803830775118
14469,0.00328803830775118
14470,0.00328803830775118
14471,0.00328803830775118
14472,0.00328803830775118
14473,0.00328803830775118
14474,0.00328803830775118
14475,0.00328803830775118
14476,0.00328803830775118
14477,0.00328803830775118
14478,0.00328803830775118
14479,0.00328803830775118
14480,0.00328803830775118
14481,0.00328803830775118
14482,0.00328803830775118
14483,0.00328803830775118
14484,0.00328803830775118
14485,0.00328803830775118
14486,0.00328803830775118
14487,0.00328803830775118
14488,0.00328803830775118
14489,0.00328803830775118
14490,0.00328803830775118
14491,0.00328803830775118
14492,0.00328803830775118
14493,0.00328803830775118
14494,0.00328803830775118
14495,0.00328803830775118
14496,0.00328803830775118
14497,0.00328803830775118
14498,0.00328803830775118
14499,0.00328803830775118
14500,0.00328803830775118
14501,0.00328803830775118
14502,0.00328803830775118
14503,0.00328803830775118
14504,0.00328803830775118
14505,0.00328803830775118
14506,0.00328803830775118
14507,0.00328803830775118
14508,0.00328803830775118
14509,0.00328803830775118
14510,0.00328803830775118
14511,0.00328803830775118
14512,0.00328803830775118
14513,0.00328803830775118
14514,0.00328803830775118
14515,0.00328803830775118
14516,0.00328803830775118
14517,0.00328803830775118
14518,0.00328803830775118
14519,0.00328803830775118
14520,0.00328803830775118
14521,0.00328803830775118
14522,0.00328803830775118
14523,0.00328803830775118
14524,0.00328803830775118
14525,0.00328803830775118
14526,0.00328803830775118
14527,0.00328803830775118
14528,0.00328803830775118
14529,0.00328803830775118
14530,0.00328803830775118
14531,0.00328803830775118
14532,0.00328803830775118
14533,0.00328803830775118
14534,0.00328803830775118
14535,0.00328803830775118
14536,0.00328803830775118
14537,0.00328803830775118
14538,0.00328803830775118
14539,0.00328803830775118
14540,0.00328803830775118
14541,0.00328803830775118
14542,0.00328803830775118
14543,0.00328803830775118
14544,0.00328803830775118
14545,0.00328803830775118
14546,0.00328803830775118
14547,0.00328803830775118
14548,0.00328803830775118
14549,0.00328803830775118
14550,0.00328803830775118
14551,0.00328803830775118
14552,0.00328803830775118
14553,0.00328803830775118
14554,0.00328803830775118
14555,0.00328803830775118
14556,0.00328803830775118
14557,0.00328803830775118
14558,0.00328803830775118
14559,0.00328803830775118
14560,0.00328803830775118
14561,0.00328803830775118
14562,0.00328803830775118
14563,0.00328803830775118
14564,0.00328803830775118
14565,0.00328803830775118
14566,0.00328803830775118
14567,0.00328803830775118
14568,0.00328803830775118
14569,0.00328803830775118
14570,0.00328803830775118
14571,0.00328803830775118
14572,0.00328803830775118
14573,0.00328803830775118
14574,0.00328803830775118
14575,0.00328803830775118
14576,0.00328803830775118
14577,0.00328803830775118
14578,0.00328803830775118
14579,0.00328803830775118
14580,0.00328803830775118
14581,0.00328803830775118
14582,0.00328803830775118
14583,0.00328803830775118
14584,0.00328803830775118
14585,0.00328803830775118
14586,0.00328803830775118
14587,0.00328803830775118
14588,0.00328803830775118
14589,0.00328803830775118
14590,0.00328803830775118
14591,0.00328803830775118
14592,0.00328803830775118
14593,0.00328803830775118
14594,0.00328803830775118
14595,0.00328803830775118
14596,0.00328803830775118
14597,0.00328803830775118
14598,0.00328803830775118
14599,0.00328803830775118
14600,0.00328803830775118
14601,0.00328803830775118
14602,0.00328803830775118
14603,0.00328803830775118
14604,0.00328803830775118
14605,0.00328803830775118
14606,0.00328803830775118
14607,0.00328803830775118
14608,0.00328803830775118
14609,0.00328803830775118
14610,0.00328803830775118
14611,0.00328803830775118
14612,0.00328803830775118
14613,0.00328803830775118
14614,0.00328803830775118
14615,0.00328803830775118
14616,0.00328803830775118
14617,0.00328803830775118
14618,0.00328803830775118
14619,0.00328803830775118
14620,0.00328803830775118
14621,0.00328803830775118
14622,0.00328803830775118
14623,0.00328803830775118
14624,0.00328803830775118
14625,0.00328803830775118
14626,0.00328803830775118
14627,0.00328803830775118
14628,0.00328803830775118
14629,0.00328803830775118
14630,0.00328803830775118
14631,0.00328803830775118
14632,0.00328803830775118
14633,0.00328803830775118
14634,0.00328803830775118
14635,0.00328803830775118
14636,0.00328803830775118
14637,0.00328803830775118
14638,0.00328803830775118
14639,0.00328803830775118
14640,0.00328803830775118
14641,0.00328803830775118
14642,0.00328803830775118
14643,0.00328803830775118
14644,0.00328803830775118
14645,0.00328803830775118
14646,0.00328803830775118
14647,0.00328803830775118
14648,0.00328803830775118
14649,0.00328803830775118
14650,0.00328803830775118
14651,0.00328803830775118
14652,0.00328803830775118
14653,0.00328803830775118
14654,0.00328803830775118
14655,0.00328803830775118
14656,0.00328803830775118
14657,0.00328803830775118
14658,0.00328803830775118
14659,0.00328803830775118
14660,0.00328803830775118
14661,0.00328803830775118
14662,0.00328803830775118
14663,0.00328803830775118
14664,0.00328803830775118
14665,0.00328803830775118
14666,0.00328803830775118
14667,0.00328803830775118
14668,0.00328803830775118
14669,0.00328803830775118
14670,0.00328803830775118
14671,0.00328803830775118
14672,0.00328803830775118
14673,0.00328803830775118
14674,0.00328803830775118
14675,0.00328803830775118
14676,0.00328803830775118
14677,0.00328803830775118
14678,0.00328803830775118
14679,0.00328803830775118
14680,0.00328803830775118
14681,0.00328803830775118
14682,0.00328803830775118
14683,0.00328803830775118
14684,0.00328803830775118
14685,0.00328803830775118
14686,0.00328803830775118
14687,0.00328803830775118
14688,0.00328803830775118
14689,0.00328803830775118
14690,0.00328803830775118
14691,0.00328803830775118
14692,0.00328803830775118
14693,0.00328803830775118
14694,0.00328803830775118
14695,0.00328803830775118
14696,0.00328803830775118
14697,0.00328803830775118
14698,0.00328803830775118
14699,0.00328803830775118
14700,0.00328803830775118
14701,0.00328803830775118
14702,0.00328803830775118
14703,0.00328803830775118
14704,0.00328803830775118
14705,0.00328803830775118
14706,0.00328803830775118
14707,0.00328803830775118
14708,0.00328803830775118
14709,0.00328803830775118
14710,0.00328803830775118
14711,0.00328803830775118
14712,0.00328803830775118
14713,0.00328803830775118
14714,0.00328803830775118
14715,0.00328803830775118
14716,0.00328803830775118
14717,0.00328803830775118
14718,0.00328803830775118
14719,0.00328803830775118
14720,0.00328803830775118
14721,0.00328803830775118
14722,0.00328803830775118
14723,0.00328803830775118
14724,0.00328803830775118
14725,0.00328803830775118
14726,0.00328803830775118
14727,0.00328803830775118
14728,0.00328803830775118
14729,0.00328803830775118
14730,0.00328803830775118
14731,0.00328803830775118
14732,0.00328803830775118
14733,0.00328803830775118
14734,0.00328803830775118
14735,0.00328803830775118
14736,0.00328803830775118
14737,0.00328803830775118
14738,0.00328803830775118
14739,0.00328803830775118
14740,0.00328803830775118
14741,0.00328803830775118
14742,0.00328803830775118
14743,0.00328803830775118
14744,0.00328803830775118
14745,0.00328803830775118
14746,0.00328803830775118
14747,0.00328803830775118
14748,0.00328803830775118
14749,0.00328803830775118
14750,0.00328803830775118
14751,0.00328803830775118
14752,0.00328803830775118
14753,0.00328803830775118
14754,0.00328803830775118
14755,0.00328803830775118
14756,0.00328803830775118
14757,0.00328803830775118
14758,0.00328803830775118
14759,0.00328803830775118
14760,0.00328803830775118
14761,0.00328803830775118
14762,0.00328803830775118
14763,0.00328803830775118
14764,0.00328803830775118
14765,0.00328803830775118
14766,0.00328803830775118
14767,0.00328803830775118
14768,0.00328803830775118
14769,0.00328803830775118
14770,0.00328803830775118
14771,0.00328803830775118
14772,0.00328803830775118
14773,0.00328803830775118
14774,0.00328803830775118
14775,0.00328803830775118
14776,0.00328803830775118
14777,0.00328803830775118
14778,0.00328803830775118
14779,0.00328803830775118
14780,0.00328803830775118
14781,0.00328803830775118
14782,0.00328803830775118
14783,0.00328803830775118
14784,0.00328803830775118
14785,0.00328803830775118
14786,0.00328803830775118
14787,0.00328803830775118
14788,0.00328803830775118
14789,0.00328803830775118
14790,0.00328803830775118
14791,0.00328803830775118
14792,0.00328803830775118
14793,0.00328803830775118
14794,0.00328803830775118
14795,0.00328803830775118
14796,0.00328803830775118
14797,0.00328803830775118
14798,0.00328803830775118
14799,0.00328803830775118
14800,0.00328803830775118
14801,0.00328803830775118
14802,0.00328803830775118
14803,0.00328803830775118
14804,0.00328803830775118
14805,0.00328803830775118
14806,0.00328803830775118
14807,0.00328803830775118
14808,0.00328803830775118
14809,0.00328803830775118
14810,0.00328803830775118
14811,0.00328803830775118
14812,0.00328803830775118
14813,0.00328803830775118
14814,0.00328803830775118
14815,0.00328803830775118
14816,0.00328803830775118
14817,0.00328803830775118
14818,0.00328803830775118
14819,0.00328803830775118
14820,0.00328803830775118
14821,0.00328803830775118
14822,0.00328803830775118
14823,0.00328803830775118
14824,0.00328803830775118
14825,0.00328803830775118
14826,0.00328803830775118
14827,0.00328803830775118
14828,0.00328803830775118
14829,0.00328803830775118
14830,0.00328803830775118
14831,0.00328803830775118
14832,0.00328803830775118
14833,0.00328803830775118
14834,0.00328803830775118
14835,0.00328803830775118
14836,0.00328803830775118
14837,0.00328803830775118
14838,0.00328803830775118
14839,0.00328803830775118
14840,0.00328803830775118
14841,0.00328803830775118
14842,0.00328803830775118
14843,0.00328803830775118
14844,0.00328803830775118
14845,0.00328803830775118
14846,0.00328803830775118
14847,0.00328803830775118
14848,0.00328803830775118
14849,0.00328803830775118
14850,0.00328803830775118
14851,0.00328803830775118
14852,0.00328803830775118
14853,0.00328803830775118
14854,0.00328803830775118
14855,0.00328803830775118
14856,0.00328803830775118
14857,0.00328803830775118
14858,0.00328803830775118
14859,0.00328803830775118
14860,0.00328803830775118
14861,0.00328803830775118
14862,0.00328803830775118
14863,0.00328803830775118
14864,0.00328803830775118
14865,0.00328803830775118
14866,0.00328803830775118
14867,0.00328803830775118
14868,0.00328803830775118
14869,0.00328803830775118
14870,0.00328803830775118
14871,0.00328803830775118
14872,0.00328803830775118
14873,0.00328803830775118
14874,0.00328803830775118
14875,0.00328803830775118
14876,0.00328803830775118
14877,0.00328803830775118
14878,0.00328803830775118
14879,0.00328803830775118
14880,0.00328803830775118
14881,0.00328803830775118
14882,0.00328803830775118
14883,0.00328803830775118
14884,0.00328803830775118
14885,0.00328803830775118
14886,0.00328803830775118
14887,0.00328803830775118
14888,0.00328803830775118
14889,0.00328803830775118
14890,0.00328803830775118
14891,0.00328803830775118
14892,0.00328803830775118
14893,0.00328803830775118
14894,0.00328803830775118
14895,0.00328803830775118
14896,0.00328803830775118
14897,0.00328803830775118
14898,0.00328803830775118
14899,0.00328803830775118
14900,0.00328803830775118
14901,0.00328803830775118
14902,0.00328803830775118
14903,0.00328803830775118
14904,0.00328803830775118
14905,0.00328803830775118
14906,0.00328803830775118
14907,0.00328803830775118
14908,0.00328803830775118
14909,0.00328803830775118
14910,0.00328803830775118
14911,0.00328803830775118
14912,0.00328803830775118
14913,0.00328803830775118
14914,0.00328803830775118
14915,0.00328803830775118
14916,0.00328803830775118
14917,0.00328803830775118
14918,0.00328803830775118
14919,0.00328803830775118
14920,0.00328803830775118
14921,0.00328803830775118
14922,0.00328803830775118
14923,0.00328803830775118
14924,0.00328803830775118
14925,0.00328803830775118
14926,0.00328803830775118
14927,0.00328803830775118
14928,0.00328803830775118
14929,0.00328803830775118
14930,0.00328803830775118
14931,0.00328803830775118
14932,0.00328803830775118
14933,0.00328803830775118
14934,0.00328803830775118
14935,0.00328803830775118
14936,0.00328803830775118
14937,0.00328803830775118
14938,0.00328803830775118
14939,0.00328803830775118
14940,0.00328803830775118
14941,0.00328803830775118
14942,0.00328803830775118
14943,0.00328803830775118
14944,0.00328803830775118
14945,0.00328803830775118
14946,0.00328803830775118
14947,0.00328803830775118
14948,0.00328803830775118
14949,0.00328803830775118
14950,0.00328803830775118
14951,0.00328803830775118
14952,0.00328803830775118
14953,0.00328803830775118
14954,0.00328803830775118
14955,0.00328803830775118
14956,0.00328803830775118
14957,0.00328803830775118
14958,0.00328803830775118
14959,0.00328803830775118
14960,0.00328803830775118
14961,0.00328803830775118
14962,0.00328803830775118
14963,0.00328803830775118
14964,0.00328803830775118
14965,0.00328803830775118
14966,0.00328803830775118
14967,0.00328803830775118
14968,0.00328803830775118
14969,0.00328803830775118
14970,0.00328803830775118
14971,0.00328803830775118
14972,0.00328803830775118
14973,0.00328803830775118
14974,0.00328803830775118
14975,0.00328803830775118
14976,0.00328803830775118
14977,0.00328803830775118
14978,0.00328803830775118
14979,0.00328803830775118
14980,0.00328803830775118
14981,0.00328803830775118
14982,0.00328803830775118
14983,0.00328803830775118
14984,0.00328803830775118
14985,0.00328803830775118
14986,0.00328803830775118
14987,0.00328803830775118
14988,0.00328803830775118
14989,0.00328803830775118
14990,0.00328803830775118
14991,0.00328803830775118
14992,0.00328803830775118
14993,0.00328803830775118
14994,0.00328803830775118
14995,0.00328803830775118
14996,0.00328803830775118
14997,0.00328803830775118
14998,0.00328803830775118
14999,0.00328803830775118
15000,0.00328803830775118
15001,0.00328803830775118
15002,0.00328803830775118
15003,0.00328803830775118
15004,0.00328803830775118
15005,0.00328803830775118
15006,0.00328803830775118
15007,0.00328803830775118
15008,0.00328803830775118
15009,0.00328803830775118
15010,0.00328803830775118
15011,0.00328803830775118
15012,0.00328803830775118
15013,0.00328803830775118
15014,0.00328803830775118
15015,0.00328803830775118
15016,0.00328803830775118
15017,0.00328803830775118
15018,0.00328803830775118
15019,0.00328803830775118
15020,0.00328803830775118
15021,0.00328803830775118
15022,0.00328803830775118
15023,0.00328803830775118
15024,0.00328803830775118
15025,0.00328803830775118
15026,0.00328803830775118
15027,0.00328803830775118
15028,0.00328803830775118
15029,0.00328803830775118
15030,0.00328803830775118
15031,0.00328803830775118
15032,0.00328803830775118
15033,0.00328803830775118
15034,0.00328803830775118
15035,0.00328803830775118
15036,0.00328803830775118
15037,0.00328803830775118
15038,0.00328803830775118
15039,0.00328803830775118
15040,0.00328803830775118
15041,0.00328803830775118
15042,0.00328803830775118
15043,0.00328803830775118
15044,0.00328803830775118
15045,0.00328803830775118
15046,0.00328803830775118
15047,0.00328803830775118
15048,0.00328803830775118
15049,0.00328803830775118
15050,0.00328803830775118
15051,0.00328803830775118
15052,0.00328803830775118
15053,0.00328803830775118
15054,0.00328803830775118
15055,0.00328803830775118
15056,0.00328803830775118
15057,0.00328803830775118
15058,0.00328803830775118
15059,0.00328803830775118
15060,0.00328803830775118
15061,0.00328803830775118
15062,0.00328803830775118
15063,0.00328803830775118
15064,0.00328803830775118
15065,0.00328803830775118
15066,0.00328803830775118
15067,0.00328803830775118
15068,0.00328803830775118
15069,0.00328803830775118
15070,0.00328803830775118
15071,0.00328803830775118
15072,0.00328803830775118
15073,0.00328803830775118
15074,0.00328803830775118
15075,0.00328803830775118
15076,0.00328803830775118
15077,0.00328803830775118
15078,0.00328803830775118
15079,0.00328803830775118
15080,0.00328803830775118
15081,0.00328803830775118
15082,0.00328803830775118
15083,0.00328803830775118
15084,0.00328803830775118
15085,0.00328803830775118
15086,0.00328803830775118
15087,0.00328803830775118
15088,0.00328803830775118
15089,0.00328803830775118
15090,0.00328803830775118
15091,0.00328803830775118
15092,0.00328803830775118
15093,0.00328803830775118
15094,0.00328803830775118
15095,0.00328803830775118
15096,0.00328803830775118
15097,0.00328803830775118
15098,0.00328803830775118
15099,0.00328803830775118
15100,0.00328803830775118
15101,0.00328803830775118
15102,0.00328803830775118
15103,0.00328803830775118
15104,0.00328803830775118
15105,0.00328803830775118
15106,0.00328803830775118
15107,0.00328803830775118
15108,0.00328803830775118
15109,0.00328803830775118
15110,0.00328803830775118
15111,0.00328803830775118
15112,0.00328803830775118
15113,0.00328803830775118
15114,0.00328803830775118
15115,0.00328803830775118
15116,0.00328803830775118
15117,0.00328803830775118
15118,0.00328803830775118
15119,0.00328803830775118
15120,0.00328803830775118
15121,0.00328803830775118
15122,0.00328803830775118
15123,0.00328803830775118
15124,0.00328803830775118
15125,0.00328803830775118
15126,0.00328803830775118
15127,0.00328803830775118
15128,0.00328803830775118
15129,0.00328803830775118
15130,0.00328803830775118
15131,0.00328803830775118
15132,0.00328803830775118
15133,0.00328803830775118
15134,0.00328803830775118
15135,0.00328803830775118
15136,0.00328803830775118
15137,0.00328803830775118
15138,0.00328803830775118
15139,0.00328803830775118
15140,0.00328803830775118
15141,0.00328803830775118
15142,0.00328803830775118
15143,0.00328803830775118
15144,0.00328803830775118
15145,0.00328803830775118
15146,0.00328803830775118
15147,0.00328803830775118
15148,0.00328803830775118
15149,0.00328803830775118
15150,0.00328803830775118
15151,0.00328803830775118
15152,0.00328803830775118
15153,0.00328803830775118
15154,0.00328803830775118
15155,0.00328803830775118
15156,0.00328803830775118
15157,0.00328803830775118
15158,0.00328803830775118
15159,0.00328803830775118
15160,0.00328803830775118
15161,0.00328803830775118
15162,0.00328803830775118
15163,0.00328803830775118
15164,0.00328803830775118
15165,0.00328803830775118
15166,0.00328803830775118
15167,0.00328803830775118
15168,0.00328803830775118
15169,0.00328803830775118
15170,0.00328803830775118
15171,0.00328803830775118
15172,0.00328803830775118
15173,0.00328803830775118
15174,0.00328803830775118
15175,0.00328803830775118
15176,0.00328803830775118
15177,0.00328803830775118
15178,0.00328803830775118
15179,0.00328803830775118
15180,0.00328803830775118
15181,0.00328803830775118
15182,0.00328803830775118
15183,0.00328803830775118
15184,0.00328803830775118
15185,0.00328803830775118
15186,0.00328803830775118
15187,0.00328803830775118
15188,0.00328803830775118
15189,0.00328803830775118
15190,0.00328803830775118
15191,0.00328803830775118
15192,0.00328803830775118
15193,0.00328803830775118
15194,0.00328803830775118
15195,0.00328803830775118
15196,0.00328803830775118
15197,0.00328803830775118
15198,0.00328803830775118
15199,0.00328803830775118
15200,0.00328803830775118
15201,0.00328803830775118
15202,0.00328803830775118
15203,0.00328803830775118
15204,0.00328803830775118
15205,0.00328803830775118
15206,0.00328803830775118
15207,0.00328803830775118
15208,0.00328803830775118
15209,0.00328803830775118
15210,0.00328803830775118
15211,0.00328803830775118
15212,0.00328803830775118
15213,0.00328803830775118
15214,0.00328803830775118
15215,0.00328803830775118
15216,0.00328803830775118
15217,0.00328803830775118
15218,0.00328803830775118
15219,0.00328803830775118
15220,0.00328803830775118
15221,0.00328803830775118
15222,0.00328803830775118
15223,0.00328803830775118
15224,0.00328803830775118
15225,0.00328803830775118
15226,0.00328803830775118
15227,0.00328803830775118
15228,0.00328803830775118
15229,0.00328803830775118
15230,0.00328803830775118
15231,0.00328803830775118
15232,0.00328803830775118
15233,0.00328803830775118
15234,0.00328803830775118
15235,0.00328803830775118
15236,0.00328803830775118
15237,0.00328803830775118
15238,0.00328803830775118
15239,0.00328803830775118
15240,0.00328803830775118
15241,0.00328803830775118
15242,0.00328803830775118
15243,0.00328803830775118
15244,0.00328803830775118
15245,0.00328803830775118
15246,0.00328803830775118
15247,0.00328803830775118
15248,0.00328803830775118
15249,0.00328803830775118
15250,0.00328803830775118
15251,0.00328803830775118
15252,0.00328803830775118
15253,0.00328803830775118
15254,0.00328803830775118
15255,0.00328803830775118
15256,0.00328803830775118
15257,0.00328803830775118
15258,0.00328803830775118
15259,0.00328803830775118
15260,0.00328803830775118
15261,0.00328803830775118
15262,0.00328803830775118
15263,0.00328803830775118
15264,0.00328803830775118
15265,0.00328803830775118
15266,0.00328803830775118
15267,0.00328803830775118
15268,0.00328803830775118
15269,0.00328803830775118
15270,0.00328803830775118
15271,0.00328803830775118
15272,0.00328803830775118
15273,0.00328803830775118
15274,0.00328803830775118
15275,0.00328803830775118
15276,0.00328803830775118
15277,0.00328803830775118
15278,0.00328803830775118
15279,0.00328803830775118
15280,0.00328803830775118
15281,0.00328803830775118
15282,0.00328803830775118
15283,0.00328803830775118
15284,0.00328803830775118
15285,0.00328803830775118
15286,0.00328803830775118
15287,0.00328803830775118
15288,0.00328803830775118
15289,0.00328803830775118
15290,0.00328803830775118
15291,0.00328803830775118
15292,0.00328803830775118
15293,0.00328803830775118
15294,0.00328803830775118
15295,0.00328803830775118
15296,0.00328803830775118
15297,0.00328803830775118
15298,0.00328803830775118
15299,0.00328803830775118
15300,0.00328803830775118
15301,0.00328803830775118
15302,0.00328803830775118
15303,0.00328803830775118
15304,0.00328803830775118
15305,0.00328803830775118
15306,0.00328803830775118
15307,0.00328803830775118
15308,0.00328803830775118
15309,0.00328803830775118
15310,0.00328803830775118
15311,0.00328803830775118
15312,0.00328803830775118
15313,0.00328803830775118
15314,0.00328803830775118
15315,0.00328803830775118
15316,0.00328803830775118
15317,0.00328803830775118
15318,0.00328803830775118
15319,0.00328803830775118
15320,0.00328803830775118
15321,0.00328803830775118
15322,0.00328803830775118
15323,0.00328803830775118
15324,0.00328803830775118
15325,0.00328803830775118
15326,0.00328803830775118
15327,0.00328803830775118
15328,0.00328803830775118
15329,0.00328803830775118
15330,0.00328803830775118
15331,0.00328803830775118
15332,0.00328803830775118
15333,0.00328803830775118
15334,0.00328803830775118
15335,0.00328803830775118
15336,0.00328803830775118
15337,0.00328803830775118
15338,0.00328803830775118
15339,0.00328803830775118
15340,0.00328803830775118
15341,0.00328803830775118
15342,0.00328803830775118
15343,0.00328803830775118
15344,0.00328803830775118
15345,0.00328803830775118
15346,0.00328803830775118
15347,0.00328803830775118
15348,0.00328803830775118
15349,0.00328803830775118
15350,0.00328803830775118
15351,0.00328803830775118
15352,0.00328803830775118
15353,0.00328803830775118
15354,0.00328803830775118
15355,0.00328803830775118
15356,0.00328803830775118
15357,0.00328803830775118
15358,0.00328803830775118
15359,0.00328803830775118
15360,0.00328803830775118
15361,0.00328803830775118
15362,0.00328803830775118
15363,0.00328803830775118
15364,0.00328803830775118
15365,0.00328803830775118
15366,0.00328803830775118
15367,0.00328803830775118
15368,0.00328803830775118
15369,0.00328803830775118
15370,0.00328803830775118
15371,0.00328803830775118
15372,0.00328803830775118
15373,0.00328803830775118
15374,0.00328803830775118
15375,0.00328803830775118
15376,0.00328803830775118
15377,0.00328803830775118
15378,0.00328803830775118
15379,0.00328803830775118
15380,0.00328803830775118
15381,0.00328803830775118
15382,0.00328803830775118
15383,0.00328803830775118
15384,0.00328803830775118
15385,0.00328803830775118
15386,0.00328803830775118
15387,0.00328803830775118
15388,0.00328803830775118
15389,0.00328803830775118
15390,0.00328803830775118
15391,0.00328803830775118
15392,0.00328803830775118
15393,0.00328803830775118
15394,0.00328803830775118
15395,0.00328803830775118
15396,0.00328803830775118
15397,0.00328803830775118
15398,0.00328803830775118
15399,0.00328803830775118
15400,0.00328803830775118
15401,0.00328803830775118
15402,0.00328803830775118
15403,0.00328803830775118
15404,0.00328803830775118
15405,0.00328803830775118
15406,0.00328803830775118
15407,0.00328803830775118
15408,0.00328803830775118
15409,0.00328803830775118
15410,0.00328803830775118
15411,0.00328803830775118
15412,0.00328803830775118
15413,0.00328803830775118
15414,0.00328803830775118
15415,0.00328803830775118
15416,0.00328803830775118
15417,0.00328803830775118
15418,0.00328803830775118
15419,0.00328803830775118
15420,0.00328803830775118
15421,0.00328803830775118
15422,0.00328803830775118
15423,0.00328803830775118
15424,0.00328803830775118
15425,0.00328803830775118
15426,0.00328803830775118
15427,0.00328803830775118
15428,0.00328803830775118
15429,0.00328803830775118
15430,0.00328803830775118
15431,0.00328803830775118
15432,0.00328803830775118
15433,0.00328803830775118
15434,0.00328803830775118
15435,0.00328803830775118
15436,0.00328803830775118
15437,0.00328803830775118
15438,0.00328803830775118
15439,0.00328803830775118
15440,0.00328803830775118
15441,0.00328803830775118
15442,0.00328803830775118
15443,0.00328803830775118
15444,0.00328803830775118
15445,0.00328803830775118
15446,0.00328803830775118
15447,0.00328803830775118
15448,0.00328803830775118
15449,0.00328803830775118
15450,0.00328803830775118
15451,0.00328803830775118
15452,0.00328803830775118
15453,0.00328803830775118
15454,0.00328803830775118
15455,0.00328803830775118
15456,0.00328803830775118
15457,0.00328803830775118
15458,0.00328803830775118
15459,0.00328803830775118
15460,0.00328803830775118
15461,0.00328803830775118
15462,0.00328803830775118
15463,0.00328803830775118
15464,0.00328803830775118
15465,0.00328803830775118
15466,0.00328803830775118
15467,0.00328803830775118
15468,0.00328803830775118
15469,0.00328803830775118
15470,0.00328803830775118
15471,0.00328803830775118
15472,0.00328803830775118
15473,0.00328803830775118
15474,0.00328803830775118
15475,0.00328803830775118
15476,0.00328803830775118
15477,0.00328803830775118
15478,0.00328803830775118
15479,0.00328803830775118
15480,0.00328803830775118
15481,0.00328803830775118
15482,0.00328803830775118
15483,0.00328803830775118
15484,0.00328803830775118
15485,0.00328803830775118
15486,0.00328803830775118
15487,0.00328803830775118
15488,0.00328803830775118
15489,0.00328803830775118
15490,0.00328803830775118
15491,0.00328803830775118
15492,0.00328803830775118
15493,0.00328803830775118
15494,0.00328803830775118
15495,0.00328803830775118
15496,0.00328803830775118
15497,0.00328803830775118
15498,0.00328803830775118
15499,0.00328803830775118
15500,0.00328803830775118
15501,0.00328803830775118
15502,0.00328803830775118
15503,0.00328803830775118
15504,0.00328803830775118
15505,0.00328803830775118
15506,0.00328803830775118
15507,0.00328803830775118
15508,0.00328803830775118
15509,0.00328803830775118
15510,0.00328803830775118
15511,0.00328803830775118
15512,0.00328803830775118
15513,0.00328803830775118
15514,0.00328803830775118
15515,0.00328803830775118
15516,0.00328803830775118
15517,0.00328803830775118
15518,0.00328803830775118
15519,0.00328803830775118
15520,0.00328803830775118
15521,0.00328803830775118
15522,0.00328803830775118
15523,0.00328803830775118
15524,0.00328803830775118
15525,0.00328803830775118
15526,0.00328803830775118
15527,0.00328803830775118
15528,0.00328803830775118
15529,0.00328803830775118
15530,0.00328803830775118
15531,0.00328803830775118
15532,0.00328803830775118
15533,0.00328803830775118
15534,0.00328803830775118
15535,0.00328803830775118
15536,0.00328803830775118
15537,0.00328803830775118
15538,0.00328803830775118
15539,0.00328803830775118
15540,0.00328803830775118
15541,0.00328803830775118
15542,0.00328803830775118
15543,0.00328803830775118
15544,0.00328803830775118
15545,0.00328803830775118
15546,0.00328803830775118
15547,0.00328803830775118
15548,0.00328803830775118
15549,0.00328803830775118
15550,0.00328803830775118
15551,0.00328803830775118
15552,0.00328803830775118
15553,0.00328803830775118
15554,0.00328803830775118
15555,0.00328803830775118
15556,0.00328803830775118
15557,0.00328803830775118
15558,0.00328803830775118
15559,0.00328803830775118
15560,0.00328803830775118
15561,0.00328803830775118
15562,0.00328803830775118
15563,0.00328803830775118
15564,0.00328803830775118
15565,0.00328803830775118
15566,0.00328803830775118
15567,0.00328803830775118
15568,0.00328803830775118
15569,0.00328803830775118
15570,0.00328803830775118
15571,0.00328803830775118
15572,0.00328803830775118
15573,0.00328803830775118
15574,0.00328803830775118
15575,0.00328803830775118
15576,0.00328803830775118
15577,0.00328803830775118
15578,0.00328803830775118
15579,0.00328803830775118
15580,0.00328803830775118
15581,0.00328803830775118
15582,0.00328803830775118
15583,0.00328803830775118
15584,0.00328803830775118
15585,0.00328803830775118
15586,0.00328803830775118
15587,0.00328803830775118
15588,0.00328803830775118
15589,0.00328803830775118
15590,0.00328803830775118
15591,0.00328803830775118
15592,0.00328803830775118
15593,0.00328803830775118
15594,0.00328803830775118
15595,0.00328803830775118
15596,0.00328803830775118
15597,0.00328803830775118
15598,0.00328803830775118
15599,0.00328803830775118
15600,0.00328803830775118
15601,0.00328803830775118
15602,0.00328803830775118
15603,0.00328803830775118
15604,0.00328803830775118
15605,0.00328803830775118
15606,0.00328803830775118
15607,0.00328803830775118
15608,0.00328803830775118
15609,0.00328803830775118
15610,0.00328803830775118
15611,0.00328803830775118
15612,0.00328803830775118
15613,0.00328803830775118
15614,0.00328803830775118
15615,0.00328803830775118
15616,0.00328803830775118
15617,0.00328803830775118
15618,0.00328803830775118
15619,0.00328803830775118
15620,0.00328803830775118
15621,0.00328803830775118
15622,0.00328803830775118
15623,0.00328803830775118
15624,0.00328803830775118
15625,0.00328803830775118
15626,0.00328803830775118
15627,0.00328803830775118
15628,0.00328803830775118
15629,0.00328803830775118
15630,0.00328803830775118
15631,0.00328803830775118
15632,0.00328803830775118
15633,0.00328803830775118
15634,0.00328803830775118
15635,0.00328803830775118
15636,0.00328803830775118
15637,0.00328803830775118
15638,0.00328803830775118
15639,0.00328803830775118
15640,0.00328803830775118
15641,0.00328803830775118
15642,0.00328803830775118
15643,0.00328803830775118
15644,0.00328803830775118
15645,0.00328803830775118
15646,0.00328803830775118
15647,0.00328803830775118
15648,0.00328803830775118
15649,0.00328803830775118
15650,0.00328803830775118
15651,0.00328803830775118
15652,0.00328803830775118
15653,0.00328803830775118
15654,0.00328803830775118
15655,0.00328803830775118
15656,0.00328803830775118
15657,0.00328803830775118
15658,0.00328803830775118
15659,0.00328803830775118
15660,0.00328803830775118
15661,0.00328803830775118
15662,0.00328803830775118
15663,0.00328803830775118
15664,0.00328803830775118
15665,0.00328803830775118
15666,0.00328803830775118
15667,0.00328803830775118
15668,0.00328803830775118
15669,0.00328803830775118
15670,0.00328803830775118
15671,0.00328803830775118
15672,0.00328803830775118
15673,0.00328803830775118
15674,0.00328803830775118
15675,0.00328803830775118
15676,0.00328803830775118
15677,0.00328803830775118
15678,0.00328803830775118
15679,0.00328803830775118
15680,0.00328803830775118
15681,0.00328803830775118
15682,0.00328803830775118
15683,0.00328803830775118
15684,0.00328803830775118
15685,0.00328803830775118
15686,0.00328803830775118
15687,0.00328803830775118
15688,0.00328803830775118
15689,0.00328803830775118
15690,0.00328803830775118
15691,0.00328803830775118
15692,0.00328803830775118
15693,0.00328803830775118
15694,0.00328803830775118
15695,0.00328803830775118
15696,0.00328803830775118
15697,0.00328803830775118
15698,0.00328803830775118
15699,0.00328803830775118
15700,0.00328803830775118
15701,0.00328803830775118
15702,0.00328803830775118
15703,0.00328803830775118
15704,0.00328803830775118
15705,0.00328803830775118
15706,0.00328803830775118
15707,0.00328803830775118
15708,0.00328803830775118
15709,0.00328803830775118
15710,0.00328803830775118
15711,0.00328803830775118
15712,0.00328803830775118
15713,0.00328803830775118
15714,0.00328803830775118
15715,0.00328803830775118
15716,0.00328803830775118
15717,0.00328803830775118
15718,0.00328803830775118
15719,0.00328803830775118
15720,0.00328803830775118
15721,0.00328803830775118
15722,0.00328803830775118
15723,0.00328803830775118
15724,0.00328803830775118
15725,0.00328803830775118
15726,0.00328803830775118
15727,0.00328803830775118
15728,0.00328803830775118
15729,0.00328803830775118
15730,0.00328803830775118
15731,0.00328803830775118
15732,0.00328803830775118
15733,0.00328803830775118
15734,0.00328803830775118
15735,0.00328803830775118
15736,0.00328803830775118
15737,0.00328803830775118
15738,0.00328803830775118
15739,0.00328803830775118
15740,0.00328803830775118
15741,0.00328803830775118
15742,0.00328803830775118
15743,0.00328803830775118
15744,0.00328803830775118
15745,0.00328803830775118
15746,0.00328803830775118
15747,0.00328803830775118
15748,0.00328803830775118
15749,0.00328803830775118
15750,0.00328803830775118
15751,0.00328803830775118
15752,0.00328803830775118
15753,0.00328803830775118
15754,0.00328803830775118
15755,0.00328803830775118
15756,0.00328803830775118
15757,0.00328803830775118
15758,0.00328803830775118
15759,0.00328803830775118
15760,0.00328803830775118
15761,0.00328803830775118
15762,0.00328803830775118
15763,0.00328803830775118
15764,0.00328803830775118
15765,0.00328803830775118
15766,0.00328803830775118
15767,0.00328803830775118
15768,0.00328803830775118
15769,0.00328803830775118
15770,0.00328803830775118
15771,0.00328803830775118
15772,0.00328803830775118
15773,0.00328803830775118
15774,0.00328803830775118
15775,0.00328803830775118
15776,0.00328803830775118
15777,0.00328803830775118
15778,0.00328803830775118
15779,0.00328803830775118
15780,0.00328803830775118
15781,0.00328803830775118
15782,0.00328803830775118
15783,0.00328803830775118
15784,0.00328803830775118
15785,0.00328803830775118
15786,0.00328803830775118
15787,0.00328803830775118
15788,0.00328803830775118
15789,0.00328803830775118
15790,0.00328803830775118
15791,0.00328803830775118
15792,0.00328803830775118
15793,0.00328803830775118
15794,0.00328803830775118
15795,0.00328803830775118
15796,0.00328803830775118
15797,0.00328803830775118
15798,0.00328803830775118
15799,0.00328803830775118
15800,0.00328803830775118
15801,0.00328803830775118
15802,0.00328803830775118
15803,0.00328803830775118
15804,0.00328803830775118
15805,0.00328803830775118
15806,0.00328803830775118
15807,0.00328803830775118
15808,0.00328803830775118
15809,0.00328803830775118
15810,0.00328803830775118
15811,0.00328803830775118
15812,0.00328803830775118
15813,0.00328803830775118
15814,0.00328803830775118
15815,0.00328803830775118
15816,0.00328803830775118
15817,0.00328803830775118
15818,0.00328803830775118
15819,0.00328803830775118
15820,0.00328803830775118
15821,0.00328803830775118
15822,0.00328803830775118
15823,0.00328803830775118
15824,0.00328803830775118
15825,0.00328803830775118
15826,0.00328803830775118
15827,0.00328803830775118
15828,0.00328803830775118
15829,0.00328803830775118
15830,0.00328803830775118
15831,0.00328803830775118
15832,0.00328803830775118
15833,0.00328803830775118
15834,0.00328803830775118
15835,0.00328803830775118
15836,0.00328803830775118
15837,0.00328803830775118
15838,0.00328803830775118
15839,0.00328803830775118
15840,0.00328803830775118
15841,0.00328803830775118
15842,0.00328803830775118
15843,0.00328803830775118
15844,0.00328803830775118
15845,0.00328803830775118
15846,0.00328803830775118
15847,0.00328803830775118
15848,0.00328803830775118
15849,0.00328803830775118
15850,0.00328803830775118
15851,0.00328803830775118
15852,0.00328803830775118
15853,0.00328803830775118
15854,0.00328803830775118
15855,0.00328803830775118
15856,0.00328803830775118
15857,0.00328803830775118
15858,0.00328803830775118
15859,0.00328803830775118
15860,0.00328803830775118
15861,0.00328803830775118
15862,0.00328803830775118
15863,0.00328803830775118
15864,0.00328803830775118
15865,0.00328803830775118
15866,0.00328803830775118
15867,0.00328803830775118
15868,0.00328803830775118
15869,0.00328803830775118
15870,0.00328803830775118
15871,0.00328803830775118
15872,0.00328803830775118
15873,0.00328803830775118
15874,0.00328803830775118
15875,0.00328803830775118
15876,0.00328803830775118
15877,0.00328803830775118
15878,0.00328803830775118
15879,0.00328803830775118
15880,0.00328803830775118
15881,0.00328803830775118
15882,0.00328803830775118
15883,0.00328803830775118
15884,0.00328803830775118
15885,0.00328803830775118
15886,0.00328803830775118
15887,0.00328803830775118
15888,0.00328803830775118
15889,0.00328803830775118
15890,0.00328803830775118
15891,0.00328803830775118
15892,0.00328803830775118
15893,0.00328803830775118
15894,0.00328803830775118
15895,0.00328803830775118
15896,0.00328803830775118
15897,0.00328803830775118
15898,0.00328803830775118
15899,0.00328803830775118
15900,0.00328803830775118
15901,0.00328803830775118
15902,0.00328803830775118
15903,0.00328803830775118
15904,0.00328803830775118
15905,0.00328803830775118
15906,0.00328803830775118
15907,0.00328803830775118
15908,0.00328803830775118
15909,0.00328803830775118
15910,0.00328803830775118
15911,0.00328803830775118
15912,0.00328803830775118
15913,0.00328803830775118
15914,0.00328803830775118
15915,0.00328803830775118
15916,0.00328803830775118
15917,0.00328803830775118
15918,0.00328803830775118
15919,0.00328803830775118
15920,0.00328803830775118
15921,0.00328803830775118
15922,0.00328803830775118
15923,0.00328803830775118
15924,0.00328803830775118
15925,0.00328803830775118
15926,0.00328803830775118
15927,0.00328803830775118
15928,0.00328803830775118
15929,0.00328803830775118
15930,0.00328803830775118
15931,0.00328803830775118
15932,0.00328803830775118
15933,0.00328803830775118
15934,0.00328803830775118
15935,0.00328803830775118
15936,0.00328803830775118
15937,0.00328803830775118
15938,0.00328803830775118
15939,0.00328803830775118
15940,0.00328803830775118
15941,0.00328803830775118
15942,0.00328803830775118
15943,0.00328803830775118
15944,0.00328803830775118
15945,0.00328803830775118
15946,0.00328803830775118
15947,0.00328803830775118
15948,0.00328803830775118
15949,0.00328803830775118
15950,0.00328803830775118
15951,0.00328803830775118
15952,0.00328803830775118
15953,0.00328803830775118
15954,0.00328803830775118
15955,0.00328803830775118
15956,0.00328803830775118
15957,0.00328803830775118
15958,0.00328803830775118
15959,0.00328803830775118
15960,0.00328803830775118
15961,0.00328803830775118
15962,0.00328803830775118
15963,0.00328803830775118
15964,0.00328803830775118
15965,0.00328803830775118
15966,0.00328803830775118
15967,0.00328803830775118
15968,0.00328803830775118
15969,0.00328803830775118
15970,0.00328803830775118
15971,0.00328803830775118
15972,0.00328803830775118
15973,0.00328803830775118
15974,0.00328803830775118
15975,0.00328803830775118
15976,0.00328803830775118
15977,0.00328803830775118
15978,0.00328803830775118
15979,0.00328803830775118
15980,0.00328803830775118
15981,0.00328803830775118
15982,0.00328803830775118
15983,0.00328803830775118
15984,0.00328803830775118
15985,0.00328803830775118
15986,0.00328803830775118
15987,0.00328803830775118
15988,0.00328803830775118
15989,0.00328803830775118
15990,0.00328803830775118
15991,0.00328803830775118
15992,0.00328803830775118
15993,0.00328803830775118
15994,0.00328803830775118
15995,0.00328803830775118
15996,0.00328803830775118
15997,0.00328803830775118
15998,0.00328803830775118
15999,0.00328803830775118
16000,0.00328803830775118
16001,0.00328803830775118
16002,0.00328803830775118
16003,0.00328803830775118
16004,0.00328803830775118
16005,0.00328803830775118
16006,0.00328803830775118
16007,0.00328803830775118
16008,0.00328803830775118
16009,0.00328803830775118
16010,0.00328803830775118
16011,0.00328803830775118
16012,0.00328803830775118
16013,0.00328803830775118
16014,0.00328803830775118
16015,0.00328803830775118
16016,0.00328803830775118
16017,0.00328803830775118
16018,0.00328803830775118
16019,0.00328803830775118
16020,0.00328803830775118
16021,0.00328803830775118
16022,0.00328803830775118
16023,0.00328803830775118
16024,0.00328803830775118
16025,0.00328803830775118
16026,0.00328803830775118
16027,0.00328803830775118
16028,0.00328803830775118
16029,0.00328803830775118
16030,0.00328803830775118
16031,0.00328803830775118
16032,0.00328803830775118
16033,0.00328803830775118
16034,0.00328803830775118
16035,0.00328803830775118
16036,0.00328803830775118
16037,0.00328803830775118
16038,0.00328803830775118
16039,0.00328803830775118
16040,0.00328803830775118
16041,0.00328803830775118
16042,0.00328803830775118
16043,0.00328803830775118
16044,0.00328803830775118
16045,0.00328803830775118
16046,0.00328803830775118
16047,0.00328803830775118
16048,0.00328803830775118
16049,0.00328803830775118
16050,0.00328803830775118
16051,0.00328803830775118
16052,0.00328803830775118
16053,0.00328803830775118
16054,0.00328803830775118
16055,0.00328803830775118
16056,0.00328803830775118
16057,0.00328803830775118
16058,0.00328803830775118
16059,0.00328803830775118
16060,0.00328803830775118
16061,0.00328803830775118
16062,0.00328803830775118
16063,0.00328803830775118
16064,0.00328803830775118
16065,0.00328803830775118
16066,0.00328803830775118
16067,0.00328803830775118
16068,0.00328803830775118
16069,0.00328803830775118
16070,0.00328803830775118
16071,0.00328803830775118
16072,0.00328803830775118
16073,0.00328803830775118
16074,0.00328803830775118
16075,0.00328803830775118
16076,0.00328803830775118
16077,0.00328803830775118
16078,0.00328803830775118
16079,0.00328803830775118
16080,0.00328803830775118
16081,0.00328803830775118
16082,0.00328803830775118
16083,0.00328803830775118
16084,0.00328803830775118
16085,0.00328803830775118
16086,0.00328803830775118
16087,0.00328803830775118
16088,0.00328803830775118
16089,0.00328803830775118
16090,0.00328803830775118
16091,0.00328803830775118
16092,0.00328803830775118
16093,0.00328803830775118
16094,0.00328803830775118
16095,0.00328803830775118
16096,0.00328803830775118
16097,0.00328803830775118
16098,0.00328803830775118
16099,0.00328803830775118
16100,0.00328803830775118
16101,0.00328803830775118
16102,0.00328803830775118
16103,0.00328803830775118
16104,0.00328803830775118
16105,0.00328803830775118
16106,0.00328803830775118
16107,0.00328803830775118
16108,0.00328803830775118
16109,0.00328803830775118
16110,0.00328803830775118
16111,0.00328803830775118
16112,0.00328803830775118
16113,0.00328803830775118
16114,0.00328803830775118
16115,0.00328803830775118
16116,0.00328803830775118
16117,0.00328803830775118
16118,0.00328803830775118
16119,0.00328803830775118
16120,0.00328803830775118
16121,0.00328803830775118
16122,0.00328803830775118
16123,0.00328803830775118
16124,0.00328803830775118
16125,0.00328803830775118
16126,0.00328803830775118
16127,0.00328803830775118
16128,0.00328803830775118
16129,0.00328803830775118
16130,0.00328803830775118
16131,0.00328803830775118
16132,0.00328803830775118
16133,0.00328803830775118
16134,0.00328803830775118
16135,0.00328803830775118
16136,0.00328803830775118
16137,0.00328803830775118
16138,0.00328803830775118
16139,0.00328803830775118
16140,0.00328803830775118
16141,0.00328803830775118
16142,0.00328803830775118
16143,0.00328803830775118
16144,0.00328803830775118
16145,0.00328803830775118
16146,0.00328803830775118
16147,0.00328803830775118
16148,0.00328803830775118
16149,0.00328803830775118
16150,0.00328803830775118
16151,0.00328803830775118
16152,0.00328803830775118
16153,0.00328803830775118
16154,0.00328803830775118
16155,0.00328803830775118
16156,0.00328803830775118
16157,0.00328803830775118
16158,0.00328803830775118
16159,0.00328803830775118
16160,0.00328803830775118
16161,0.00328803830775118
16162,0.00328803830775118
16163,0.00328803830775118
16164,0.00328803830775118
16165,0.00328803830775118
16166,0.00328803830775118
16167,0.00328803830775118
16168,0.00328803830775118
16169,0.00328803830775118
16170,0.00328803830775118
16171,0.00328803830775118
16172,0.00328803830775118
16173,0.00328803830775118
16174,0.00328803830775118
16175,0.00328803830775118
16176,0.00328803830775118
16177,0.00328803830775118
16178,0.00328803830775118
16179,0.00328803830775118
16180,0.00328803830775118
16181,0.00328803830775118
16182,0.00328803830775118
16183,0.00328803830775118
16184,0.00328803830775118
16185,0.00328803830775118
16186,0.00328803830775118
16187,0.00328803830775118
16188,0.00328803830775118
16189,0.00328803830775118
16190,0.00328803830775118
16191,0.00328803830775118
16192,0.00328803830775118
16193,0.00328803830775118
16194,0.00328803830775118
16195,0.00328803830775118
16196,0.00328803830775118
16197,0.00328803830775118
16198,0.00328803830775118
16199,0.00328803830775118
16200,0.00328803830775118
16201,0.00328803830775118
16202,0.00328803830775118
16203,0.00328803830775118
16204,0.00328803830775118
16205,0.00328803830775118
16206,0.00328803830775118
16207,0.00328803830775118
16208,0.00328803830775118
16209,0.00328803830775118
16210,0.00328803830775118
16211,0.00328803830775118
16212,0.00328803830775118
16213,0.00328803830775118
16214,0.00328803830775118
16215,0.00328803830775118
16216,0.00328803830775118
16217,0.00328803830775118
16218,0.00328803830775118
16219,0.00328803830775118
16220,0.00328803830775118
16221,0.00328803830775118
16222,0.00328803830775118
16223,0.00328803830775118
16224,0.00328803830775118
16225,0.00328803830775118
16226,0.00328803830775118
16227,0.00328803830775118
16228,0.00328803830775118
16229,0.00328803830775118
16230,0.00328803830775118
16231,0.00328803830775118
16232,0.00328803830775118
16233,0.00328803830775118
16234,0.00328803830775118
16235,0.00328803830775118
16236,0.00328803830775118
16237,0.00328803830775118
16238,0.00328803830775118
16239,0.00328803830775118
16240,0.00328803830775118
16241,0.00328803830775118
16242,0.00328803830775118
16243,0.00328803830775118
16244,0.00328803830775118
16245,0.00328803830775118
16246,0.00328803830775118
16247,0.00328803830775118
16248,0.00328803830775118
16249,0.00328803830775118
16250,0.00328803830775118
16251,0.00328803830775118
16252,0.00328803830775118
16253,0.00328803830775118
16254,0.00328803830775118
16255,0.00328803830775118
16256,0.00328803830775118
16257,0.00328803830775118
16258,0.00328803830775118
16259,0.00328803830775118
16260,0.00328803830775118
16261,0.00328803830775118
16262,0.00328803830775118
16263,0.00328803830775118
16264,0.00328803830775118
16265,0.00328803830775118
16266,0.00328803830775118
16267,0.00328803830775118
16268,0.00328803830775118
16269,0.00328803830775118
16270,0.00328803830775118
16271,0.00328803830775118
16272,0.00328803830775118
16273,0.00328803830775118
16274,0.00328803830775118
16275,0.00328803830775118
16276,0.00328803830775118
16277,0.00328803830775118
16278,0.00328803830775118
16279,0.00328803830775118
16280,0.00328803830775118
16281,0.00328803830775118
16282,0.00328803830775118
16283,0.00328803830775118
16284,0.00328803830775118
16285,0.00328803830775118
16286,0.00328803830775118
16287,0.00328803830775118
16288,0.00328803830775118
16289,0.00328803830775118
16290,0.00328803830775118
16291,0.00328803830775118
16292,0.00328803830775118
16293,0.00328803830775118
16294,0.00328803830775118
16295,0.00328803830775118
16296,0.00328803830775118
16297,0.00328803830775118
16298,0.00328803830775118
16299,0.00328803830775118
16300,0.00328803830775118
16301,0.00328803830775118
16302,0.00328803830775118
16303,0.00328803830775118
16304,0.00328803830775118
16305,0.00328803830775118
16306,0.00328803830775118
16307,0.00328803830775118
16308,0.00328803830775118
16309,0.00328803830775118
16310,0.00328803830775118
16311,0.00328803830775118
16312,0.00328803830775118
16313,0.00328803830775118
16314,0.00328803830775118
16315,0.00328803830775118
16316,0.00328803830775118
16317,0.00328803830775118
16318,0.00328803830775118
16319,0.00328803830775118
16320,0.00328803830775118
16321,0.00328803830775118
16322,0.00328803830775118
16323,0.00328803830775118
16324,0.00328803830775118
16325,0.00328803830775118
16326,0.00328803830775118
16327,0.00328803830775118
16328,0.00328803830775118
16329,0.00328803830775118
16330,0.00328803830775118
16331,0.00328803830775118
16332,0.00328803830775118
16333,0.00328803830775118
16334,0.00328803830775118
16335,0.00328803830775118
16336,0.00328803830775118
16337,0.00328803830775118
16338,0.00328803830775118
16339,0.00328803830775118
16340,0.00328803830775118
16341,0.00328803830775118
16342,0.00328803830775118
16343,0.00328803830775118
16344,0.00328803830775118
16345,0.00328803830775118
16346,0.00328803830775118
16347,0.00328803830775118
16348,0.00328803830775118
16349,0.00328803830775118
16350,0.00328803830775118
16351,0.00328803830775118
16352,0.00328803830775118
16353,0.00328803830775118
16354,0.00328803830775118
16355,0.00328803830775118
16356,0.00328803830775118
16357,0.00328803830775118
16358,0.00328803830775118
16359,0.00328803830775118
16360,0.00328803830775118
16361,0.00328803830775118
16362,0.00328803830775118
16363,0.00328803830775118
16364,0.00328803830775118
16365,0.00328803830775118
16366,0.00328803830775118
16367,0.00328803830775118
16368,0.00328803830775118
16369,0.00328803830775118
16370,0.00328803830775118
16371,0.00328803830775118
16372,0.00328803830775118
16373,0.00328803830775118
16374,0.00328803830775118
16375,0.00328803830775118
16376,0.00328803830775118
16377,0.00328803830775118
16378,0.00328803830775118
16379,0.00328803830775118
16380,0.00328803830775118
16381,0.00328803830775118
16382,0.00328803830775118
16383,0.00328803830775118
16384,0.00328803830775118
16385,0.00328803830775118
16386,0.00328803830775118
16387,0.00328803830775118
16388,0.00328803830775118
16389,0.00328803830775118
16390,0.00328803830775118
16391,0.00328803830775118
16392,0.00328803830775118
16393,0.00328803830775118
16394,0.00328803830775118
16395,0.00328803830775118
16396,0.00328803830775118
16397,0.00328803830775118
16398,0.00328803830775118
16399,0.00328803830775118
16400,0.00328803830775118
16401,0.00328803830775118
16402,0.00328803830775118
16403,0.00328803830775118
16404,0.00328803830775118
16405,0.00328803830775118
16406,0.00328803830775118
16407,0.00328803830775118
16408,0.00328803830775118
16409,0.00328803830775118
16410,0.00328803830775118
16411,0.00328803830775118
16412,0.00328803830775118
16413,0.00328803830775118
16414,0.00328803830775118
16415,0.00328803830775118
16416,0.00328803830775118
16417,0.00328803830775118
16418,0.00328803830775118
16419,0.00328803830775118
16420,0.00328803830775118
16421,0.00328803830775118
16422,0.00328803830775118
16423,0.00328803830775118
16424,0.00328803830775118
16425,0.00328803830775118
16426,0.00328803830775118
16427,0.00328803830775118
16428,0.00328803830775118
16429,0.00328803830775118
16430,0.00328803830775118
16431,0.00328803830775118
16432,0.00328803830775118
16433,0.00328803830775118
16434,0.00328803830775118
16435,0.00328803830775118
16436,0.00328803830775118
16437,0.00328803830775118
16438,0.00328803830775118
16439,0.00328803830775118
16440,0.00328803830775118
16441,0.00328803830775118
16442,0.00328803830775118
16443,0.00328803830775118
16444,0.00328803830775118
16445,0.00328803830775118
16446,0.00328803830775118
16447,0.00328803830775118
16448,0.00328803830775118
16449,0.00328803830775118
16450,0.00328803830775118
16451,0.00328803830775118
16452,0.00328803830775118
16453,0.00328803830775118
16454,0.00328803830775118
16455,0.00328803830775118
16456,0.00328803830775118
16457,0.00328803830775118
16458,0.00328803830775118
16459,0.00328803830775118
16460,0.00328803830775118
16461,0.00328803830775118
16462,0.00328803830775118
16463,0.00328803830775118
16464,0.00328803830775118
16465,0.00328803830775118
16466,0.00328803830775118
16467,0.00328803830775118
16468,0.00328803830775118
16469,0.00328803830775118
16470,0.00328803830775118
16471,0.00328803830775118
16472,0.00328803830775118
16473,0.00328803830775118
16474,0.00328803830775118
16475,0.00328803830775118
16476,0.00328803830775118
16477,0.00328803830775118
16478,0.00328803830775118
16479,0.00328803830775118
16480,0.00328803830775118
16481,0.00328803830775118
16482,0.00328803830775118
16483,0.00328803830775118
16484,0.00328803830775118
16485,0.00328803830775118
16486,0.00328803830775118
16487,0.00328803830775118
16488,0.00328803830775118
16489,0.00328803830775118
16490,0.00328803830775118
16491,0.00328803830775118
16492,0.00328803830775118
16493,0.00328803830775118
16494,0.00328803830775118
16495,0.00328803830775118
16496,0.00328803830775118
16497,0.00328803830775118
16498,0.00328803830775118
16499,0.00328803830775118
16500,0.00328803830775118
16501,0.00328803830775118
16502,0.00328803830775118
16503,0.00328803830775118
16504,0.00328803830775118
16505,0.00328803830775118
16506,0.00328803830775118
16507,0.00328803830775118
16508,0.00328803830775118
16509,0.00328803830775118
16510,0.00328803830775118
16511,0.00328803830775118
16512,0.00328803830775118
16513,0.00328803830775118
16514,0.00328803830775118
16515,0.00328803830775118
16516,0.00328803830775118
16517,0.00328803830775118
16518,0.00328803830775118
16519,0.00328803830775118
16520,0.00328803830775118
16521,0.00328803830775118
16522,0.00328803830775118
16523,0.00328803830775118
16524,0.00328803830775118
16525,0.00328803830775118
16526,0.00328803830775118
16527,0.00328803830775118
16528,0.00328803830775118
16529,0.00328803830775118
16530,0.00328803830775118
16531,0.00328803830775118
16532,0.00328803830775118
16533,0.00328803830775118
16534,0.00328803830775118
16535,0.00328803830775118
16536,0.00328803830775118
16537,0.00328803830775118
16538,0.00328803830775118
16539,0.00328803830775118
16540,0.00328803830775118
16541,0.00328803830775118
16542,0.00328803830775118
16543,0.00328803830775118
16544,0.00328803830775118
16545,0.00328803830775118
16546,0.00328803830775118
16547,0.00328803830775118
16548,0.00328803830775118
16549,0.00328803830775118
16550,0.00328803830775118
16551,0.00328803830775118
16552,0.00328803830775118
16553,0.00328803830775118
16554,0.00328803830775118
16555,0.00328803830775118
16556,0.00328803830775118
16557,0.00328803830775118
16558,0.00328803830775118
16559,0.00328803830775118
16560,0.00328803830775118
16561,0.00328803830775118
16562,0.00328803830775118
16563,0.00328803830775118
16564,0.00328803830775118
16565,0.00328803830775118
16566,0.00328803830775118
16567,0.00328803830775118
16568,0.00328803830775118
16569,0.00328803830775118
16570,0.00328803830775118
16571,0.00328803830775118
16572,0.00328803830775118
16573,0.00328803830775118
16574,0.00328803830775118
16575,0.00328803830775118
16576,0.00328803830775118
16577,0.00328803830775118
16578,0.00328803830775118
16579,0.00328803830775118
16580,0.00328803830775118
16581,0.00328803830775118
16582,0.00328803830775118
16583,0.00328803830775118
16584,0.00328803830775118
16585,0.00328803830775118
16586,0.00328803830775118
16587,0.00328803830775118
16588,0.00328803830775118
16589,0.00328803830775118
16590,0.00328803830775118
16591,0.00328803830775118
16592,0.00328803830775118
16593,0.00328803830775118
16594,0.00328803830775118
16595,0.00328803830775118
16596,0.00328803830775118
16597,0.00328803830775118
16598,0.00328803830775118
16599,0.00328803830775118
16600,0.00328803830775118
16601,0.00328803830775118
16602,0.00328803830775118
16603,0.00328803830775118
16604,0.00328803830775118
16605,0.00328803830775118
16606,0.00328803830775118
16607,0.00328803830775118
16608,0.00328803830775118
16609,0.00328803830775118
16610,0.00328803830775118
16611,0.00328803830775118
16612,0.00328803830775118
16613,0.00328803830775118
16614,0.00328803830775118
16615,0.00328803830775118
16616,0.00328803830775118
16617,0.00328803830775118
16618,0.00328803830775118
16619,0.00328803830775118
16620,0.00328803830775118
16621,0.00328803830775118
16622,0.00328803830775118
16623,0.00328803830775118
16624,0.00328803830775118
16625,0.00328803830775118
16626,0.00328803830775118
16627,0.00328803830775118
16628,0.00328803830775118
16629,0.00328803830775118
16630,0.00328803830775118
16631,0.00328803830775118
16632,0.00328803830775118
16633,0.00328803830775118
16634,0.00328803830775118
16635,0.00328803830775118
16636,0.00328803830775118
16637,0.00328803830775118
16638,0.00328803830775118
16639,0.00328803830775118
16640,0.00328803830775118
16641,0.00328803830775118
16642,0.00328803830775118
16643,0.00328803830775118
16644,0.00328803830775118
16645,0.00328803830775118
16646,0.00328803830775118
16647,0.00328803830775118
16648,0.00328803830775118
16649,0.00328803830775118
16650,0.00328803830775118
16651,0.00328803830775118
16652,0.00328803830775118
16653,0.00328803830775118
16654,0.00328803830775118
16655,0.00328803830775118
16656,0.00328803830775118
16657,0.00328803830775118
16658,0.00328803830775118
16659,0.00328803830775118
16660,0.00328803830775118
16661,0.00328803830775118
16662,0.00328803830775118
16663,0.00328803830775118
16664,0.00328803830775118
16665,0.00328803830775118
16666,0.00328803830775118
16667,0.00328803830775118
16668,0.00328803830775118
16669,0.00328803830775118
16670,0.00328803830775118
16671,0.00328803830775118
16672,0.00328803830775118
16673,0.00328803830775118
16674,0.00328803830775118
16675,0.00328803830775118
16676,0.00328803830775118
16677,0.00328803830775118
16678,0.00328803830775118
16679,0.00328803830775118
16680,0.00328803830775118
16681,0.00328803830775118
16682,0.00328803830775118
16683,0.00328803830775118
16684,0.00328803830775118
16685,0.00328803830775118
16686,0.00328803830775118
16687,0.00328803830775118
16688,0.00328803830775118
16689,0.00328803830775118
16690,0.00328803830775118
16691,0.00328803830775118
16692,0.00328803830775118
16693,0.00328803830775118
16694,0.00328803830775118
16695,0.00328803830775118
16696,0.00328803830775118
16697,0.00328803830775118
16698,0.00328803830775118
16699,0.00328803830775118
16700,0.00328803830775118
16701,0.00328803830775118
16702,0.00328803830775118
16703,0.00328803830775118
16704,0.00328803830775118
16705,0.00328803830775118
16706,0.00328803830775118
16707,0.00328803830775118
16708,0.00328803830775118
16709,0.00328803830775118
16710,0.00328803830775118
16711,0.00328803830775118
16712,0.00328803830775118
16713,0.00328803830775118
16714,0.00328803830775118
16715,0.00328803830775118
16716,0.00328803830775118
16717,0.00328803830775118
16718,0.00328803830775118
16719,0.00328803830775118
16720,0.00328803830775118
16721,0.00328803830775118
16722,0.00328803830775118
16723,0.00328803830775118
16724,0.00328803830775118
16725,0.00328803830775118
16726,0.00328803830775118
16727,0.00328803830775118
16728,0.00328803830775118
16729,0.00328803830775118
16730,0.00328803830775118
16731,0.00328803830775118
16732,0.00328803830775118
16733,0.00328803830775118
16734,0.00328803830775118
16735,0.00328803830775118
16736,0.00328803830775118
16737,0.00328803830775118
16738,0.00328803830775118
16739,0.00328803830775118
16740,0.00328803830775118
16741,0.00328803830775118
16742,0.00328803830775118
16743,0.00328803830775118
16744,0.00328803830775118
16745,0.00328803830775118
16746,0.00328803830775118
16747,0.00328803830775118
16748,0.00328803830775118
16749,0.00328803830775118
16750,0.00328803830775118
16751,0.00328803830775118
16752,0.00328803830775118
16753,0.00328803830775118
16754,0.00328803830775118
16755,0.00328803830775118
16756,0.00328803830775118
16757,0.00328803830775118
16758,0.00328803830775118
16759,0.00328803830775118
16760,0.00328803830775118
16761,0.00328803830775118
16762,0.00328803830775118
16763,0.00328803830775118
16764,0.00328803830775118
16765,0.00328803830775118
16766,0.00328803830775118
16767,0.00328803830775118
16768,0.00328803830775118
16769,0.00328803830775118
16770,0.00328803830775118
16771,0.00328803830775118
16772,0.00328803830775118
16773,0.00328803830775118
16774,0.00328803830775118
16775,0.00328803830775118
16776,0.00328803830775118
16777,0.00328803830775118
16778,0.00328803830775118
16779,0.00328803830775118
16780,0.00328803830775118
16781,0.00328803830775118
16782,0.00328803830775118
16783,0.00328803830775118
16784,0.00328803830775118
16785,0.00328803830775118
16786,0.00328803830775118
16787,0.00328803830775118
16788,0.00328803830775118
16789,0.00328803830775118
16790,0.00328803830775118
16791,0.00328803830775118
16792,0.00328803830775118
16793,0.00328803830775118
16794,0.00328803830775118
16795,0.00328803830775118
16796,0.00328803830775118
16797,0.00328803830775118
16798,0.00328803830775118
16799,0.00328803830775118
16800,0.00328803830775118
16801,0.00328803830775118
16802,0.00328803830775118
16803,0.00328803830775118
16804,0.00328803830775118
16805,0.00328803830775118
16806,0.00328803830775118
16807,0.00328803830775118
16808,0.00328803830775118
16809,0.00328803830775118
16810,0.00328803830775118
16811,0.00328803830775118
16812,0.00328803830775118
16813,0.00328803830775118
16814,0.00328803830775118
16815,0.00328803830775118
16816,0.00328803830775118
16817,0.00328803830775118
16818,0.00328803830775118
16819,0.00328803830775118
16820,0.00328803830775118
16821,0.00328803830775118
16822,0.00328803830775118
16823,0.00328803830775118
16824,0.00328803830775118
16825,0.00328803830775118
16826,0.00328803830775118
16827,0.00328803830775118
16828,0.00328803830775118
16829,0.00328803830775118
16830,0.00328803830775118
16831,0.00328803830775118
16832,0.00328803830775118
16833,0.00328803830775118
16834,0.00328803830775118
16835,0.00328803830775118
16836,0.00328803830775118
16837,0.00328803830775118
16838,0.00328803830775118
16839,0.00328803830775118
16840,0.00328803830775118
16841,0.00328803830775118
16842,0.00328803830775118
16843,0.00328803830775118
16844,0.00328803830775118
16845,0.00328803830775118
16846,0.00328803830775118
16847,0.00328803830775118
16848,0.00328803830775118
16849,0.00328803830775118
16850,0.00328803830775118
16851,0.00328803830775118
16852,0.00328803830775118
16853,0.00328803830775118
16854,0.00328803830775118
16855,0.00328803830775118
16856,0.00328803830775118
16857,0.00328803830775118
16858,0.00328803830775118
16859,0.00328803830775118
16860,0.00328803830775118
16861,0.00328803830775118
16862,0.00328803830775118
16863,0.00328803830775118
16864,0.00328803830775118
16865,0.00328803830775118
16866,0.00328803830775118
16867,0.00328803830775118
16868,0.00328803830775118
16869,0.00328803830775118
16870,0.00328803830775118
16871,0.00328803830775118
16872,0.00328803830775118
16873,0.00328803830775118
16874,0.00328803830775118
16875,0.00328803830775118
16876,0.00328803830775118
16877,0.00328803830775118
16878,0.00328803830775118
16879,0.00328803830775118
16880,0.00328803830775118
16881,0.00328803830775118
16882,0.00328803830775118
16883,0.00328803830775118
16884,0.00328803830775118
16885,0.00328803830775118
16886,0.00328803830775118
16887,0.00328803830775118
16888,0.00328803830775118
16889,0.00328803830775118
16890,0.00328803830775118
16891,0.00328803830775118
16892,0.00328803830775118
16893,0.00328803830775118
16894,0.00328803830775118
16895,0.00328803830775118
16896,0.00328803830775118
16897,0.00328803830775118
16898,0.00328803830775118
16899,0.00328803830775118
16900,0.00328803830775118
16901,0.00328803830775118
16902,0.00328803830775118
16903,0.00328803830775118
16904,0.00328803830775118
16905,0.00328803830775118
16906,0.00328803830775118
16907,0.00328803830775118
16908,0.00328803830775118
16909,0.00328803830775118
16910,0.00328803830775118
16911,0.00328803830775118
16912,0.00328803830775118
16913,0.00328803830775118
16914,0.00328803830775118
16915,0.00328803830775118
16916,0.00328803830775118
16917,0.00328803830775118
16918,0.00328803830775118
16919,0.00328803830775118
16920,0.00328803830775118
16921,0.00328803830775118
16922,0.00328803830775118
16923,0.00328803830775118
16924,0.00328803830775118
16925,0.00328803830775118
16926,0.00328803830775118
16927,0.00328803830775118
16928,0.00328803830775118
16929,0.00328803830775118
16930,0.00328803830775118
16931,0.00328803830775118
16932,0.00328803830775118
16933,0.00328803830775118
16934,0.00328803830775118
16935,0.00328803830775118
16936,0.00328803830775118
16937,0.00328803830775118
16938,0.00328803830775118
16939,0.00328803830775118
16940,0.00328803830775118
16941,0.00328803830775118
16942,0.00328803830775118
16943,0.00328803830775118
16944,0.00328803830775118
16945,0.00328803830775118
16946,0.00328803830775118
16947,0.00328803830775118
16948,0.00328803830775118
16949,0.00328803830775118
16950,0.00328803830775118
16951,0.00328803830775118
16952,0.00328803830775118
16953,0.00328803830775118
16954,0.00328803830775118
16955,0.00328803830775118
16956,0.00328803830775118
16957,0.00328803830775118
16958,0.00328803830775118
16959,0.00328803830775118
16960,0.00328803830775118
16961,0.00328803830775118
16962,0.00328803830775118
16963,0.00328803830775118
16964,0.00328803830775118
16965,0.00328803830775118
16966,0.00328803830775118
16967,0.00328803830775118
16968,0.00328803830775118
16969,0.00328803830775118
16970,0.00328803830775118
16971,0.00328803830775118
16972,0.00328803830775118
16973,0.00328803830775118
16974,0.00328803830775118
16975,0.00328803830775118
16976,0.00328803830775118
16977,0.00328803830775118
16978,0.00328803830775118
16979,0.00328803830775118
16980,0.00328803830775118
16981,0.00328803830775118
16982,0.00328803830775118
16983,0.00328803830775118
16984,0.00328803830775118
16985,0.00328803830775118
16986,0.00328803830775118
16987,0.00328803830775118
16988,0.00328803830775118
16989,0.00328803830775118
16990,0.00328803830775118
16991,0.00328803830775118
16992,0.00328803830775118
16993,0.00328803830775118
16994,0.00328803830775118
16995,0.00328803830775118
16996,0.00328803830775118
16997,0.00328803830775118
16998,0.00328803830775118
16999,0.00328803830775118
17000,0.00328803830775118
17001,0.00328803830775118
17002,0.00328803830775118
17003,0.00328803830775118
17004,0.00328803830775118
17005,0.00328803830775118
17006,0.00328803830775118
17007,0.00328803830775118
17008,0.00328803830775118
17009,0.00328803830775118
17010,0.00328803830775118
17011,0.00328803830775118
17012,0.00328803830775118
17013,0.00328803830775118
17014,0.00328803830775118
17015,0.00328803830775118
17016,0.00328803830775118
17017,0.00328803830775118
17018,0.00328803830775118
17019,0.00328803830775118
17020,0.00328803830775118
17021,0.00328803830775118
17022,0.00328803830775118
17023,0.00328803830775118
17024,0.00328803830775118
17025,0.00328803830775118
17026,0.00328803830775118
17027,0.00328803830775118
17028,0.00328803830775118
17029,0.00328803830775118
17030,0.00328803830775118
17031,0.00328803830775118
17032,0.00328803830775118
17033,0.00328803830775118
17034,0.00328803830775118
17035,0.00328803830775118
