sample,best_train_mse
1,0.04038490834990815
2,0.04038490834990815
3,0.04038490834990815
4,0.011859134081515647
5,0.011859134081515647
6,0.011859134081515647
7,0.011859134081515647
8,0.011859134081515647
9,0.011859134081515647
10,0.011859134081515647
11,0.011859134081515647
12,0.011859134081515647
13,0.011859134081515647
14,0.011859134081515647
15,0.011859134081515647
16,0.011859134081515647
17,0.011859134081515647
18,0.011859134081515647
19,0.011859134081515647
20,0.011859134081515647
21,0.005014778023530477
22,0.005014778023530477
23,0.005014778023530477
24,0.005014778023530477
25,0.005014778023530477
26,0.005014778023530477
27,0.005014778023530477
28,0.005014778023530477
29,0.005014778023530477
30,0.005014778023530477
31,0.005014778023530477
32,0.005014778023530477
33,0.004799319815806659
34,0.004799319815806659
35,0.004799319815806659
36,0.004799319815806659
37,0.004799319815806659
38,0.004799319815806659
39,0.004799319815806659
40,0.004799319815806659
41,0.004799319815806659
42,0.004799319815806659
43,0.004799319815806659
44,0.004799319815806659
45,0.004799319815806659
46,0.004799319815806659
47,0.004799319815806659
48,0.004799319815806659
49,0.004799319815806659
50,0.004799319815806659
51,0.004799319815806659
52,0.004799319815806659
53,0.004799319815806659
54,0.004799319815806659
55,0.004799319815806659
56,0.004799319815806659
57,0.004799319815806659
58,0.004799319815806659
59,0.004799319815806659
60,0.004799319815806659
61,0.004799319815806659
62,0.004799319815806659
63,0.004799319815806659
64,0.004799319815806659
65,0.004799319815806659
66,0.004799319815806659
67,0.004799319815806659
68,0.004799319815806659
69,0.004799319815806659
70,0.004799319815806659
71,0.004799319815806659
72,0.004799319815806659
73,0.004799319815806659
74,0.004799319815806659
75,0.004799319815806659
76,0.004799319815806659
77,0.004799319815806659
78,0.004799319815806659
79,0.004799319815806659
80,0.004799319815806659
81,0.004799319815806659
82,0.004799319815806659
83,0.004799319815806659
84,0.004799319815806659
85,0.004799319815806659
86,0.004799319815806659
87,0.004799319815806659
88,0.004799319815806659
89,0.004799319815806659
90,0.004799319815806659
91,0.004799319815806659
92,0.004799319815806659
93,0.004799319815806659
94,0.004799319815806659
95,0.004799319815806659
96,0.004799319815806659
97,0.004799319815806659
98,0.0045276797375634744
99,0.0045276797375634744
100,0.0045276797375634744
101,0.0045276797375634744
102,0.0045276797375634744
103,0.0045276797375634744
104,0.0045276797375634744
105,0.0045276797375634744
106,0.0045276797375634744
107,0.0045276797375634744
108,0.0045276797375634744
109,0.0045276797375634744
110,0.0045276797375634744
111,0.0045276797375634744
112,0.0045276797375634744
113,0.0045276797375634744
114,0.0045276797375634744
115,0.0045276797375634744
116,0.0045276797375634744
117,0.0045276797375634744
118,0.0045276797375634744
119,0.0045276797375634744
120,0.0045276797375634744
121,0.0045276797375634744
122,0.0045276797375634744
123,0.0045276797375634744
124,0.0045276797375634744
125,0.0045276797375634744
126,0.0045276797375634744
127,0.0045276797375634744
128,0.0045276797375634744
129,0.0045276797375634744
130,0.0045276797375634744
131,0.0045276797375634744
132,0.0045276797375634744
133,0.0045276797375634744
134,0.0045276797375634744
135,0.0045276797375634744
136,0.0045276797375634744
137,0.0045276797375634744
138,0.0045276797375634744
139,0.0045276797375634744
140,0.0045276797375634744
141,0.0045276797375634744
142,0.0045276797375634744
143,0.0045276797375634744
144,0.0045276797375634744
145,0.0045276797375634744
146,0.0045276797375634744
147,0.0045276797375634744
148,0.0045276797375634744
149,0.0045276797375634744
150,0.0045276797375634744
151,0.0045276797375634744
152,0.0045276797375634744
153,0.0045276797375634744
154,0.0045276797375634744
155,0.0045276797375634744
156,0.0045276797375634744
157,0.0045276797375634744
158,0.0045276797375634744
159,0.0045276797375634744
160,0.0045276797375634744
161,0.0045276797375634744
162,0.0045276797375634744
163,0.0045276797375634744
164,0.0045276797375634744
165,0.0045276797375634744
166,0.0045276797375634744
167,0.0045276797375634744
168,0.0045276797375634744
169,0.0045276797375634744
170,0.0045276797375634744
171,0.0045276797375634744
172,0.0045276797375634744
173,0.0045276797375634744
174,0.0045276797375634744
175,0.0045276797375634744
176,0.0045276797375634744
177,0.0045276797375634744
178,0.0045276797375634744
179,0.0045276797375634744
180,0.0045276797375634744
181,0.0045276797375634744
182,0.0045276797375634744
183,0.0045276797375634744
184,0.0045276797375634744
185,0.0045276797375634744
186,0.0045276797375634744
187,0.0045276797375634744
188,0.0045276797375634744
189,0.0045276797375634744
190,0.0045276797375634744
191,0.0045276797375634744
192,0.0045276797375634744
193,0.0045276797375634744
194,0.0045276797375634744
195,0.0045276797375634744
196,0.0045276797375634744
197,0.0045276797375634744
198,0.0045276797375634744
199,0.0045276797375634744
200,0.0045276797375634744
201,0.0045276797375634744
202,0.0045276797375634744
203,0.0045276797375634744
204,0.0045276797375634744
205,0.0045276797375634744
206,0.0045276797375634744
207,0.0045276797375634744
208,0.0045276797375634744
209,0.0045276797375634744
210,0.0045276797375634744
211,0.0045276797375634744
212,0.0045276797375634744
213,0.0045276797375634744
214,0.0045276797375634744
215,0.0045276797375634744
216,0.0045276797375634744
217,0.0045276797375634744
218,0.0045276797375634744
219,0.0045276797375634744
220,0.0045276797375634744
221,0.0045276797375634744
222,0.0045276797375634744
223,0.0045276797375634744
224,0.0045276797375634744
225,0.0045276797375634744
226,0.0045276797375634744
227,0.0045276797375634744
228,0.0045276797375634744
229,0.0045276797375634744
230,0.0045276797375634744
231,0.0045276797375634744
232,0.0045276797375634744
233,0.0045276797375634744
234,0.0045276797375634744
235,0.0045276797375634744
236,0.0045276797375634744
237,0.0045276797375634744
238,0.0045276797375634744
239,0.0045276797375634744
240,0.0045276797375634744
241,0.0045276797375634744
242,0.0045276797375634744
243,0.0045276797375634744
244,0.0045276797375634744
245,0.0045276797375634744
246,0.0045276797375634744
247,0.0045276797375634744
248,0.0045276797375634744
249,0.0045276797375634744
250,0.0045276797375634744
251,0.0045276797375634744
252,0.0045276797375634744
253,0.0045276797375634744
254,0.0045276797375634744
255,0.0045276797375634744
256,0.0045276797375634744
257,0.0045276797375634744
258,0.0045276797375634744
259,0.0045276797375634744
260,0.0045276797375634744
261,0.0045276797375634744
262,0.0045276797375634744
263,0.0045276797375634744
264,0.0045276797375634744
265,0.0045276797375634744
266,0.0045276797375634744
267,0.0045276797375634744
268,0.0045276797375634744
269,0.0045276797375634744
270,0.0045276797375634744
271,0.0045276797375634744
272,0.0045276797375634744
273,0.0045276797375634744
274,0.0045276797375634744
275,0.0045276797375634744
276,0.0045276797375634744
277,0.0045276797375634744
278,0.0045276797375634744
279,0.0045276797375634744
280,0.0045276797375634744
281,0.0045276797375634744
282,0.0045276797375634744
283,0.0045276797375634744
284,0.0045276797375634744
285,0.0045276797375634744
286,0.0045276797375634744
287,0.0045276797375634744
288,0.0045276797375634744
289,0.0045276797375634744
290,0.0045276797375634744
291,0.0045276797375634744
292,0.0045276797375634744
293,0.0045276797375634744
294,0.0045276797375634744
295,0.0045276797375634744
296,0.0045276797375634744
297,0.0045276797375634744
298,0.0045276797375634744
299,0.0045276797375634744
300,0.0045276797375634744
301,0.0045276797375634744
302,0.0045276797375634744
303,0.0045276797375634744
304,0.0045276797375634744
305,0.0045276797375634744
306,0.0045276797375634744
307,0.0045276797375634744
308,0.0045276797375634744
309,0.0045276797375634744
310,0.0045276797375634744
311,0.0045276797375634744
312,0.0045276797375634744
313,0.0045276797375634744
314,0.0045276797375634744
315,0.0045276797375634744
316,0.0045276797375634744
317,0.0045276797375634744
318,0.0045276797375634744
319,0.0045276797375634744
320,0.0045276797375634744
321,0.0045276797375634744
322,0.0045276797375634744
323,0.0045276797375634744
324,0.0045276797375634744
325,0.0045276797375634744
326,0.0045276797375634744
327,0.0045276797375634744
328,0.0045276797375634744
329,0.0045276797375634744
330,0.0045276797375634744
331,0.0044863645698312825
332,0.0044863645698312825
333,0.0044863645698312825
334,0.0044863645698312825
335,0.0044863645698312825
336,0.0044863645698312825
337,0.0044863645698312825
338,0.0044863645698312825
339,0.0044863645698312825
340,0.0044863645698312825
341,0.0044863645698312825
342,0.0044863645698312825
343,0.0044863645698312825
344,0.0044863645698312825
345,0.0044863645698312825
346,0.0044863645698312825
347,0.0044863645698312825
348,0.0044863645698312825
349,0.0044863645698312825
350,0.0044863645698312825
351,0.0044863645698312825
352,0.0044863645698312825
353,0.0044863645698312825
354,0.0044863645698312825
355,0.0044863645698312825
356,0.0044863645698312825
357,0.0044863645698312825
358,0.0044863645698312825
359,0.0044863645698312825
360,0.0044863645698312825
361,0.0044863645698312825
362,0.0044863645698312825
363,0.0044863645698312825
364,0.0044863645698312825
365,0.0044863645698312825
366,0.0044863645698312825
367,0.0044863645698312825
368,0.0044863645698312825
369,0.0044863645698312825
370,0.0044863645698312825
371,0.0044863645698312825
372,0.0044863645698312825
373,0.0044863645698312825
374,0.0044863645698312825
375,0.0044863645698312825
376,0.0044863645698312825
377,0.0044863645698312825
378,0.0044863645698312825
379,0.0044863645698312825
380,0.0044863645698312825
381,0.0044863645698312825
382,0.0044863645698312825
383,0.0044863645698312825
384,0.0044863645698312825
385,0.0044863645698312825
386,0.0044863645698312825
387,0.0044863645698312825
388,0.0044863645698312825
389,0.0044863645698312825
390,0.0044863645698312825
391,0.0044863645698312825
392,0.0044863645698312825
393,0.0044863645698312825
394,0.0044863645698312825
395,0.0044863645698312825
396,0.0044863645698312825
397,0.0044863645698312825
398,0.0044863645698312825
399,0.0044863645698312825
400,0.0044863645698312825
401,0.0044863645698312825
402,0.0044863645698312825
403,0.0044863645698312825
404,0.0044863645698312825
405,0.0044863645698312825
406,0.0044863645698312825
407,0.0044863645698312825
408,0.0044863645698312825
409,0.0044863645698312825
410,0.0044863645698312825
411,0.0044863645698312825
412,0.0044863645698312825
413,0.0044863645698312825
414,0.0044863645698312825
415,0.0044863645698312825
416,0.0044863645698312825
417,0.0044863645698312825
418,0.0044863645698312825
419,0.0044863645698312825
420,0.0044863645698312825
421,0.0044863645698312825
422,0.0044863645698312825
423,0.0044863645698312825
424,0.0044863645698312825
425,0.0044863645698312825
426,0.0044863645698312825
427,0.0044863645698312825
428,0.0044863645698312825
429,0.0044863645698312825
430,0.0044863645698312825
431,0.0044863645698312825
432,0.0044863645698312825
433,0.0044863645698312825
434,0.0044863645698312825
435,0.0044863645698312825
436,0.0044863645698312825
437,0.0044863645698312825
438,0.0044863645698312825
439,0.0044863645698312825
440,0.0044863645698312825
441,0.0044863645698312825
442,0.0044863645698312825
443,0.0044863645698312825
444,0.0044863645698312825
445,0.0044863645698312825
446,0.0044863645698312825
447,0.0044863645698312825
448,0.0044863645698312825
449,0.0044863645698312825
450,0.0044863645698312825
451,0.0044863645698312825
452,0.0044863645698312825
453,0.0044863645698312825
454,0.0044863645698312825
455,0.0044863645698312825
456,0.0044863645698312825
457,0.0044863645698312825
458,0.0044863645698312825
459,0.0044863645698312825
460,0.0044863645698312825
461,0.0044863645698312825
462,0.0044863645698312825
463,0.0044863645698312825
464,0.0044863645698312825
465,0.0044863645698312825
466,0.0044863645698312825
467,0.0044863645698312825
468,0.0044863645698312825
469,0.0044863645698312825
470,0.0044863645698312825
471,0.0044863645698312825
472,0.0044863645698312825
473,0.0044863645698312825
474,0.0044863645698312825
475,0.0044863645698312825
476,0.0044863645698312825
477,0.0044863645698312825
478,0.0044863645698312825
479,0.0044863645698312825
480,0.0044863645698312825
481,0.0044863645698312825
482,0.0044863645698312825
483,0.0044863645698312825
484,0.0044863645698312825
485,0.0044863645698312825
486,0.0044863645698312825
487,0.0044863645698312825
488,0.0044863645698312825
489,0.0044863645698312825
490,0.0044863645698312825
491,0.0044863645698312825
492,0.0044863645698312825
493,0.0044863645698312825
494,0.0044863645698312825
495,0.0044863645698312825
496,0.0044863645698312825
497,0.0044863645698312825
498,0.0044863645698312825
499,0.0044863645698312825
500,0.0044863645698312825
501,0.0044863645698312825
502,0.0044863645698312825
503,0.0044863645698312825
504,0.0044863645698312825
505,0.0044863645698312825
506,0.0044863645698312825
507,0.0044863645698312825
508,0.0044863645698312825
509,0.0044863645698312825
510,0.0044863645698312825
511,0.0044863645698312825
512,0.0044863645698312825
513,0.0044863645698312825
514,0.0044863645698312825
515,0.0044863645698312825
516,0.0044863645698312825
517,0.0044863645698312825
518,0.0044863645698312825
519,0.0044863645698312825
520,0.0044863645698312825
521,0.0044863645698312825
522,0.0044863645698312825
523,0.0044863645698312825
524,0.0044863645698312825
525,0.0044863645698312825
526,0.0044863645698312825
527,0.0044863645698312825
528,0.0044863645698312825
529,0.0044863645698312825
530,0.0044863645698312825
531,0.0044863645698312825
532,0.0044863645698312825
533,0.0044863645698312825
534,0.0044863645698312825
535,0.0044863645698312825
536,0.004135442684457689
537,0.004135442684457689
538,0.004135442684457689
539,0.004135442684457689
540,0.004135442684457689
541,0.004135442684457689
542,0.004135442684457689
543,0.004135442684457689
544,0.004135442684457689
545,0.004135442684457689
546,0.004135442684457689
547,0.004135442684457689
548,0.004135442684457689
549,0.004135442684457689
550,0.004135442684457689
551,0.004135442684457689
552,0.004135442684457689
553,0.004135442684457689
554,0.004135442684457689
555,0.004135442684457689
556,0.004135442684457689
557,0.004135442684457689
558,0.004135442684457689
559,0.004135442684457689
560,0.004135442684457689
561,0.004135442684457689
562,0.004135442684457689
563,0.004135442684457689
564,0.004135442684457689
565,0.004135442684457689
566,0.004135442684457689
567,0.004135442684457689
568,0.004135442684457689
569,0.004135442684457689
570,0.004135442684457689
571,0.004135442684457689
572,0.004135442684457689
573,0.004135442684457689
574,0.004135442684457689
575,0.004135442684457689
576,0.004135442684457689
577,0.004135442684457689
578,0.004135442684457689
579,0.004135442684457689
580,0.004135442684457689
581,0.004135442684457689
582,0.004135442684457689
583,0.004135442684457689
584,0.004135442684457689
585,0.004135442684457689
586,0.004135442684457689
587,0.004135442684457689
588,0.004135442684457689
589,0.004135442684457689
590,0.004135442684457689
591,0.004135442684457689
592,0.004135442684457689
593,0.004135442684457689
594,0.004135442684457689
595,0.004135442684457689
596,0.004135442684457689
597,0.004135442684457689
598,0.004135442684457689
599,0.004135442684457689
600,0.004135442684457689
601,0.004135442684457689
602,0.004135442684457689
603,0.004135442684457689
604,0.004135442684457689
605,0.004135442684457689
606,0.004135442684457689
607,0.004135442684457689
608,0.004135442684457689
609,0.004135442684457689
610,0.004135442684457689
611,0.004135442684457689
612,0.004135442684457689
613,0.004135442684457689
614,0.004135442684457689
615,0.004135442684457689
616,0.004135442684457689
617,0.004135442684457689
618,0.004135442684457689
619,0.004135442684457689
620,0.004135442684457689
621,0.004135442684457689
622,0.004135442684457689
623,0.004135442684457689
624,0.004135442684457689
625,0.004135442684457689
626,0.004135442684457689
627,0.004135442684457689
628,0.004135442684457689
629,0.004135442684457689
630,0.004135442684457689
631,0.004135442684457689
632,0.004135442684457689
633,0.004135442684457689
634,0.004135442684457689
635,0.004135442684457689
636,0.004135442684457689
637,0.004135442684457689
638,0.004135442684457689
639,0.004135442684457689
640,0.004135442684457689
641,0.004135442684457689
642,0.004135442684457689
643,0.004135442684457689
644,0.004135442684457689
645,0.004135442684457689
646,0.004135442684457689
647,0.004135442684457689
648,0.004135442684457689
649,0.004135442684457689
650,0.004135442684457689
651,0.004135442684457689
652,0.004135442684457689
653,0.004135442684457689
654,0.004135442684457689
655,0.004135442684457689
656,0.004135442684457689
657,0.004135442684457689
658,0.004135442684457689
659,0.004135442684457689
660,0.004135442684457689
661,0.004135442684457689
662,0.004135442684457689
663,0.004135442684457689
664,0.004135442684457689
665,0.004135442684457689
666,0.004135442684457689
667,0.004135442684457689
668,0.004135442684457689
669,0.004135442684457689
670,0.004135442684457689
671,0.004135442684457689
672,0.004135442684457689
673,0.004135442684457689
674,0.004135442684457689
675,0.004135442684457689
676,0.004135442684457689
677,0.004135442684457689
678,0.004135442684457689
679,0.004135442684457689
680,0.004135442684457689
681,0.004135442684457689
682,0.004135442684457689
683,0.004135442684457689
684,0.004135442684457689
685,0.004135442684457689
686,0.004135442684457689
687,0.004135442684457689
688,0.004135442684457689
689,0.004135442684457689
690,0.004135442684457689
691,0.004135442684457689
692,0.004135442684457689
693,0.004135442684457689
694,0.004135442684457689
695,0.004135442684457689
696,0.004135442684457689
697,0.004135442684457689
698,0.004135442684457689
699,0.004135442684457689
700,0.004135442684457689
701,0.004135442684457689
702,0.004135442684457689
703,0.004135442684457689
704,0.004135442684457689
705,0.004135442684457689
706,0.004135442684457689
707,0.004135442684457689
708,0.004135442684457689
709,0.004135442684457689
710,0.004135442684457689
711,0.004135442684457689
712,0.004135442684457689
713,0.004135442684457689
714,0.004135442684457689
715,0.004135442684457689
716,0.004135442684457689
717,0.004135442684457689
718,0.004135442684457689
719,0.004135442684457689
720,0.004135442684457689
721,0.004135442684457689
722,0.004135442684457689
723,0.004135442684457689
724,0.004135442684457689
725,0.004135442684457689
726,0.004135442684457689
727,0.004135442684457689
728,0.004135442684457689
729,0.004135442684457689
730,0.004135442684457689
731,0.004135442684457689
732,0.004135442684457689
733,0.004135442684457689
734,0.004135442684457689
735,0.004135442684457689
736,0.004135442684457689
737,0.004135442684457689
738,0.004135442684457689
739,0.004135442684457689
740,0.004135442684457689
741,0.004135442684457689
742,0.004135442684457689
743,0.004135442684457689
744,0.004135442684457689
745,0.004135442684457689
746,0.004135442684457689
747,0.004135442684457689
748,0.004135442684457689
749,0.004135442684457689
750,0.004135442684457689
751,0.004135442684457689
752,0.004135442684457689
753,0.004135442684457689
754,0.004135442684457689
755,0.004135442684457689
756,0.004135442684457689
757,0.004135442684457689
758,0.004135442684457689
759,0.004135442684457689
760,0.004135442684457689
761,0.004135442684457689
762,0.004135442684457689
763,0.004135442684457689
764,0.004135442684457689
765,0.004135442684457689
766,0.004135442684457689
767,0.004135442684457689
768,0.004135442684457689
769,0.004135442684457689
770,0.004135442684457689
771,0.004135442684457689
772,0.004135442684457689
773,0.004135442684457689
774,0.004135442684457689
775,0.004135442684457689
776,0.004135442684457689
777,0.004135442684457689
778,0.004135442684457689
779,0.004135442684457689
780,0.004135442684457689
781,0.004135442684457689
782,0.004135442684457689
783,0.004135442684457689
784,0.004135442684457689
785,0.004135442684457689
786,0.004135442684457689
787,0.004135442684457689
788,0.004135442684457689
789,0.004135442684457689
790,0.004135442684457689
791,0.004135442684457689
792,0.004135442684457689
793,0.004135442684457689
794,0.004135442684457689
795,0.004135442684457689
796,0.004135442684457689
797,0.004135442684457689
798,0.004135442684457689
799,0.004135442684457689
800,0.004135442684457689
801,0.004135442684457689
802,0.004135442684457689
803,0.004135442684457689
804,0.004135442684457689
805,0.004135442684457689
806,0.004135442684457689
807,0.004135442684457689
808,0.004135442684457689
809,0.004135442684457689
810,0.004135442684457689
811,0.004135442684457689
812,0.004135442684457689
813,0.004135442684457689
814,0.004135442684457689
815,0.004135442684457689
816,0.004135442684457689
817,0.004135442684457689
818,0.004135442684457689
819,0.004135442684457689
820,0.004135442684457689
821,0.004135442684457689
822,0.004135442684457689
823,0.004135442684457689
824,0.004135442684457689
825,0.004135442684457689
826,0.004135442684457689
827,0.004135442684457689
828,0.004135442684457689
829,0.004135442684457689
830,0.004135442684457689
831,0.004135442684457689
832,0.004135442684457689
833,0.004135442684457689
834,0.004135442684457689
835,0.004135442684457689
836,0.004135442684457689
837,0.004135442684457689
838,0.004135442684457689
839,0.004135442684457689
840,0.004135442684457689
841,0.004135442684457689
842,0.004135442684457689
843,0.004135442684457689
844,0.004135442684457689
845,0.004135442684457689
846,0.004135442684457689
847,0.004135442684457689
848,0.004135442684457689
849,0.004135442684457689
850,0.004135442684457689
851,0.004135442684457689
852,0.004135442684457689
853,0.004135442684457689
854,0.004135442684457689
855,0.004135442684457689
856,0.004135442684457689
857,0.004135442684457689
858,0.004135442684457689
859,0.004135442684457689
860,0.004135442684457689
861,0.004135442684457689
862,0.004135442684457689
863,0.004135442684457689
864,0.004135442684457689
865,0.004135442684457689
866,0.004135442684457689
867,0.004135442684457689
868,0.004135442684457689
869,0.004135442684457689
870,0.004135442684457689
871,0.004135442684457689
872,0.004135442684457689
873,0.004135442684457689
874,0.004135442684457689
875,0.004135442684457689
876,0.004135442684457689
877,0.004135442684457689
878,0.004135442684457689
879,0.004135442684457689
880,0.004135442684457689
881,0.004135442684457689
882,0.004135442684457689
883,0.004135442684457689
884,0.004135442684457689
885,0.004135442684457689
886,0.004135442684457689
887,0.004135442684457689
888,0.004135442684457689
889,0.004135442684457689
890,0.004135442684457689
891,0.004135442684457689
892,0.004135442684457689
893,0.004135442684457689
894,0.004135442684457689
895,0.004135442684457689
896,0.004135442684457689
897,0.004135442684457689
898,0.004135442684457689
899,0.004135442684457689
900,0.004135442684457689
901,0.004135442684457689
902,0.004135442684457689
903,0.004135442684457689
904,0.004135442684457689
905,0.004135442684457689
906,0.004135442684457689
907,0.004135442684457689
908,0.004135442684457689
909,0.004135442684457689
910,0.004135442684457689
911,0.004135442684457689
912,0.004135442684457689
913,0.004135442684457689
914,0.004135442684457689
915,0.004135442684457689
916,0.004135442684457689
917,0.004135442684457689
918,0.004135442684457689
919,0.004135442684457689
920,0.004135442684457689
921,0.004135442684457689
922,0.004135442684457689
923,0.004135442684457689
924,0.004135442684457689
925,0.004135442684457689
926,0.004135442684457689
927,0.004135442684457689
928,0.004135442684457689
929,0.004135442684457689
930,0.004135442684457689
931,0.004135442684457689
932,0.004135442684457689
933,0.004135442684457689
934,0.004135442684457689
935,0.004135442684457689
936,0.004135442684457689
937,0.004135442684457689
938,0.004135442684457689
939,0.004135442684457689
940,0.004135442684457689
941,0.004135442684457689
942,0.004135442684457689
943,0.004135442684457689
944,0.004135442684457689
945,0.004135442684457689
946,0.004135442684457689
947,0.004135442684457689
948,0.004135442684457689
949,0.004135442684457689
950,0.004135442684457689
951,0.004135442684457689
952,0.004135442684457689
953,0.004135442684457689
954,0.004135442684457689
955,0.004135442684457689
956,0.004135442684457689
957,0.004135442684457689
958,0.004135442684457689
959,0.004135442684457689
960,0.004135442684457689
961,0.004135442684457689
962,0.004135442684457689
963,0.004135442684457689
964,0.004135442684457689
965,0.004135442684457689
966,0.004135442684457689
967,0.004135442684457689
968,0.004135442684457689
969,0.004135442684457689
970,0.004135442684457689
971,0.004135442684457689
972,0.004135442684457689
973,0.004135442684457689
974,0.004135442684457689
975,0.004135442684457689
976,0.004135442684457689
977,0.004135442684457689
978,0.004135442684457689
979,0.004135442684457689
980,0.004135442684457689
981,0.004135442684457689
982,0.004135442684457689
983,0.004135442684457689
984,0.004135442684457689
985,0.004135442684457689
986,0.004135442684457689
987,0.004135442684457689
988,0.004135442684457689
989,0.004135442684457689
990,0.004135442684457689
991,0.004135442684457689
992,0.004135442684457689
993,0.004135442684457689
994,0.004135442684457689
995,0.004135442684457689
996,0.004135442684457689
997,0.004135442684457689
998,0.004135442684457689
999,0.004135442684457689
1000,0.004135442684457689
1001,0.004135442684457689
1002,0.004135442684457689
1003,0.004135442684457689
1004,0.004135442684457689
1005,0.004135442684457689
1006,0.004135442684457689
1007,0.004135442684457689
1008,0.004135442684457689
1009,0.004135442684457689
1010,0.004135442684457689
1011,0.004135442684457689
1012,0.004135442684457689
1013,0.004135442684457689
1014,0.004135442684457689
1015,0.004135442684457689
1016,0.004135442684457689
1017,0.004135442684457689
1018,0.004135442684457689
1019,0.004135442684457689
1020,0.004135442684457689
1021,0.004135442684457689
1022,0.004135442684457689
1023,0.004135442684457689
1024,0.004135442684457689
1025,0.004135442684457689
1026,0.004135442684457689
1027,0.004135442684457689
1028,0.004135442684457689
1029,0.004135442684457689
1030,0.004135442684457689
1031,0.004135442684457689
1032,0.004135442684457689
1033,0.004135442684457689
1034,0.004135442684457689
1035,0.004135442684457689
1036,0.004135442684457689
1037,0.004135442684457689
1038,0.004135442684457689
1039,0.004135442684457689
1040,0.004135442684457689
1041,0.004135442684457689
1042,0.004135442684457689
1043,0.004135442684457689
1044,0.004135442684457689
1045,0.004135442684457689
1046,0.004135442684457689
1047,0.004135442684457689
1048,0.004135442684457689
1049,0.004135442684457689
1050,0.004135442684457689
1051,0.004135442684457689
1052,0.004135442684457689
1053,0.004135442684457689
1054,0.004135442684457689
1055,0.004135442684457689
1056,0.004135442684457689
1057,0.004135442684457689
1058,0.004135442684457689
1059,0.004135442684457689
1060,0.004135442684457689
1061,0.004135442684457689
1062,0.004135442684457689
1063,0.004135442684457689
1064,0.004135442684457689
1065,0.004135442684457689
1066,0.004135442684457689
1067,0.004135442684457689
1068,0.004135442684457689
1069,0.004135442684457689
1070,0.004135442684457689
1071,0.004135442684457689
1072,0.004135442684457689
1073,0.004135442684457689
1074,0.004135442684457689
1075,0.004135442684457689
1076,0.004135442684457689
1077,0.004135442684457689
1078,0.004135442684457689
1079,0.004135442684457689
1080,0.004135442684457689
1081,0.004135442684457689
1082,0.00372022339394386
1083,0.00372022339394386
1084,0.00372022339394386
1085,0.00372022339394386
1086,0.00372022339394386
1087,0.00372022339394386
1088,0.00372022339394386
1089,0.00372022339394386
1090,0.00372022339394386
1091,0.00372022339394386
1092,0.00372022339394386
1093,0.00372022339394386
1094,0.00372022339394386
1095,0.00372022339394386
1096,0.00372022339394386
1097,0.00372022339394386
1098,0.00372022339394386
1099,0.00372022339394386
1100,0.00372022339394386
1101,0.00372022339394386
1102,0.00372022339394386
1103,0.00372022339394386
1104,0.00372022339394386
1105,0.00372022339394386
1106,0.00372022339394386
1107,0.00372022339394386
1108,0.00372022339394386
1109,0.00372022339394386
1110,0.00372022339394386
1111,0.00372022339394386
1112,0.00372022339394386
1113,0.00372022339394386
1114,0.00372022339394386
1115,0.00372022339394386
1116,0.00372022339394386
1117,0.00372022339394386
1118,0.00372022339394386
1119,0.00372022339394386
1120,0.00372022339394386
1121,0.00372022339394386
1122,0.00372022339394386
1123,0.00372022339394386
1124,0.00372022339394386
1125,0.00372022339394386
1126,0.00372022339394386
1127,0.00372022339394386
1128,0.00372022339394386
1129,0.00372022339394386
1130,0.00372022339394386
1131,0.00372022339394386
1132,0.00372022339394386
1133,0.00372022339394386
1134,0.00372022339394386
1135,0.00372022339394386
1136,0.00372022339394386
1137,0.00372022339394386
1138,0.00372022339394386
1139,0.00372022339394386
1140,0.00372022339394386
1141,0.00372022339394386
1142,0.00372022339394386
1143,0.00372022339394386
1144,0.00372022339394386
1145,0.00372022339394386
1146,0.00372022339394386
1147,0.00372022339394386
1148,0.00372022339394386
1149,0.00372022339394386
1150,0.00372022339394386
1151,0.00372022339394386
1152,0.00372022339394386
1153,0.00372022339394386
1154,0.00372022339394386
1155,0.00372022339394386
1156,0.00372022339394386
1157,0.00372022339394386
1158,0.00372022339394386
1159,0.00372022339394386
1160,0.00372022339394386
1161,0.00372022339394386
1162,0.00372022339394386
1163,0.00372022339394386
1164,0.00372022339394386
1165,0.00372022339394386
1166,0.00372022339394386
1167,0.00372022339394386
1168,0.00372022339394386
1169,0.00372022339394386
1170,0.00372022339394386
1171,0.00372022339394386
1172,0.00372022339394386
1173,0.00372022339394386
1174,0.00372022339394386
1175,0.00372022339394386
1176,0.00372022339394386
1177,0.00372022339394386
1178,0.00372022339394386
1179,0.00372022339394386
1180,0.00372022339394386
1181,0.00372022339394386
1182,0.00372022339394386
1183,0.00372022339394386
1184,0.00372022339394386
1185,0.00372022339394386
1186,0.00372022339394386
1187,0.00372022339394386
1188,0.00372022339394386
1189,0.00372022339394386
1190,0.00372022339394386
1191,0.00372022339394386
1192,0.00372022339394386
1193,0.00372022339394386
1194,0.00372022339394386
1195,0.00372022339394386
1196,0.00372022339394386
1197,0.00372022339394386
1198,0.00372022339394386
1199,0.00372022339394386
1200,0.00372022339394386
1201,0.00372022339394386
1202,0.00372022339394386
1203,0.00372022339394386
1204,0.00372022339394386
1205,0.00372022339394386
1206,0.00372022339394386
1207,0.00372022339394386
1208,0.00372022339394386
1209,0.00372022339394386
1210,0.00372022339394386
1211,0.00372022339394386
1212,0.00372022339394386
1213,0.00372022339394386
1214,0.00372022339394386
1215,0.00372022339394386
1216,0.00372022339394386
1217,0.00372022339394386
1218,0.00372022339394386
1219,0.00372022339394386
1220,0.00372022339394386
1221,0.00372022339394386
1222,0.00372022339394386
1223,0.00372022339394386
1224,0.00372022339394386
1225,0.00372022339394386
1226,0.00372022339394386
1227,0.00372022339394386
1228,0.00372022339394386
1229,0.00372022339394386
1230,0.00372022339394386
1231,0.00372022339394386
1232,0.00372022339394386
1233,0.00372022339394386
1234,0.00372022339394386
1235,0.00372022339394386
1236,0.00372022339394386
1237,0.00372022339394386
1238,0.00372022339394386
1239,0.00372022339394386
1240,0.00372022339394386
1241,0.00372022339394386
1242,0.00372022339394386
1243,0.00372022339394386
1244,0.00372022339394386
1245,0.00372022339394386
1246,0.00372022339394386
1247,0.00372022339394386
1248,0.00372022339394386
1249,0.00372022339394386
1250,0.00372022339394386
1251,0.00372022339394386
1252,0.00372022339394386
1253,0.00372022339394386
1254,0.00372022339394386
1255,0.00372022339394386
1256,0.00372022339394386
1257,0.00372022339394386
1258,0.00372022339394386
1259,0.00372022339394386
1260,0.00372022339394386
1261,0.00372022339394386
1262,0.00372022339394386
1263,0.00372022339394386
1264,0.00372022339394386
1265,0.00372022339394386
1266,0.00372022339394386
1267,0.00372022339394386
1268,0.00372022339394386
1269,0.00372022339394386
1270,0.00372022339394386
1271,0.00372022339394386
1272,0.00372022339394386
1273,0.00372022339394386
1274,0.00372022339394386
1275,0.00372022339394386
1276,0.00372022339394386
1277,0.00372022339394386
1278,0.00372022339394386
1279,0.00372022339394386
1280,0.00372022339394386
1281,0.00372022339394386
1282,0.00372022339394386
1283,0.00372022339394386
1284,0.00372022339394386
1285,0.00372022339394386
1286,0.00372022339394386
1287,0.00372022339394386
1288,0.00372022339394386
1289,0.00372022339394386
1290,0.00372022339394386
1291,0.00372022339394386
1292,0.00372022339394386
1293,0.00372022339394386
1294,0.00372022339394386
1295,0.00372022339394386
1296,0.00372022339394386
1297,0.00372022339394386
1298,0.00372022339394386
1299,0.00372022339394386
1300,0.00372022339394386
1301,0.00372022339394386
1302,0.00372022339394386
1303,0.00372022339394386
1304,0.00372022339394386
1305,0.00372022339394386
1306,0.00372022339394386
1307,0.00372022339394386
1308,0.00372022339394386
1309,0.00372022339394386
1310,0.00372022339394386
1311,0.00372022339394386
1312,0.00372022339394386
1313,0.00372022339394386
1314,0.00372022339394386
1315,0.00372022339394386
1316,0.00372022339394386
1317,0.00372022339394386
1318,0.00372022339394386
1319,0.00372022339394386
1320,0.00372022339394386
1321,0.00372022339394386
1322,0.00372022339394386
1323,0.00372022339394386
1324,0.00372022339394386
1325,0.00372022339394386
1326,0.00372022339394386
1327,0.00372022339394386
1328,0.00372022339394386
1329,0.00372022339394386
1330,0.00372022339394386
1331,0.00372022339394386
1332,0.00372022339394386
1333,0.00372022339394386
1334,0.00372022339394386
1335,0.00372022339394386
1336,0.00372022339394386
1337,0.00372022339394386
1338,0.00372022339394386
1339,0.00372022339394386
1340,0.00372022339394386
1341,0.00372022339394386
1342,0.00372022339394386
1343,0.00372022339394386
1344,0.00372022339394386
1345,0.00372022339394386
1346,0.00372022339394386
1347,0.00372022339394386
1348,0.00372022339394386
1349,0.00372022339394386
1350,0.00372022339394386
1351,0.00372022339394386
1352,0.00372022339394386
1353,0.00372022339394386
1354,0.00372022339394386
1355,0.00372022339394386
1356,0.00372022339394386
1357,0.00372022339394386
1358,0.00372022339394386
1359,0.00372022339394386
1360,0.00372022339394386
1361,0.00372022339394386
1362,0.00372022339394386
1363,0.00372022339394386
1364,0.00372022339394386
1365,0.00372022339394386
1366,0.00372022339394386
1367,0.00372022339394386
1368,0.00372022339394386
1369,0.00372022339394386
1370,0.00372022339394386
1371,0.00372022339394386
1372,0.00372022339394386
1373,0.00372022339394386
1374,0.00372022339394386
1375,0.00372022339394386
1376,0.00372022339394386
1377,0.00372022339394386
1378,0.00372022339394386
1379,0.00372022339394386
1380,0.00372022339394386
1381,0.00372022339394386
1382,0.00372022339394386
1383,0.00372022339394386
1384,0.00372022339394386
1385,0.00372022339394386
1386,0.00372022339394386
1387,0.00372022339394386
1388,0.00372022339394386
1389,0.00372022339394386
1390,0.00372022339394386
1391,0.00372022339394386
1392,0.00372022339394386
1393,0.00372022339394386
1394,0.00372022339394386
1395,0.00372022339394386
1396,0.00372022339394386
1397,0.00372022339394386
1398,0.00372022339394386
1399,0.00372022339394386
1400,0.00372022339394386
1401,0.00372022339394386
1402,0.00372022339394386
1403,0.00372022339394386
1404,0.00372022339394386
1405,0.00372022339394386
1406,0.00372022339394386
1407,0.00372022339394386
1408,0.00372022339394386
1409,0.00372022339394386
1410,0.00372022339394386
1411,0.00372022339394386
1412,0.00372022339394386
1413,0.00372022339394386
1414,0.00372022339394386
1415,0.00372022339394386
1416,0.00372022339394386
1417,0.00372022339394386
1418,0.00372022339394386
1419,0.00372022339394386
1420,0.00372022339394386
1421,0.00372022339394386
1422,0.00372022339394386
1423,0.00372022339394386
1424,0.00372022339394386
1425,0.00372022339394386
1426,0.00372022339394386
1427,0.00372022339394386
1428,0.00372022339394386
1429,0.00372022339394386
1430,0.00372022339394386
1431,0.00372022339394386
1432,0.00372022339394386
1433,0.00372022339394386
1434,0.00372022339394386
1435,0.00372022339394386
1436,0.00372022339394386
1437,0.00372022339394386
1438,0.00372022339394386
1439,0.00372022339394386
1440,0.00372022339394386
1441,0.00372022339394386
1442,0.00372022339394386
1443,0.00372022339394386
1444,0.00372022339394386
1445,0.00372022339394386
1446,0.00372022339394386
1447,0.00372022339394386
1448,0.00372022339394386
1449,0.00372022339394386
1450,0.00372022339394386
1451,0.00372022339394386
1452,0.00372022339394386
1453,0.00372022339394386
1454,0.00372022339394386
1455,0.00372022339394386
1456,0.00372022339394386
1457,0.00372022339394386
1458,0.00372022339394386
1459,0.00372022339394386
1460,0.00372022339394386
1461,0.00372022339394386
1462,0.00372022339394386
1463,0.00372022339394386
1464,0.00372022339394386
1465,0.00372022339394386
1466,0.00372022339394386
1467,0.00372022339394386
1468,0.00372022339394386
1469,0.00372022339394386
1470,0.00372022339394386
1471,0.00372022339394386
1472,0.00372022339394386
1473,0.00372022339394386
1474,0.00372022339394386
1475,0.00372022339394386
1476,0.00372022339394386
1477,0.00372022339394386
1478,0.00372022339394386
1479,0.00372022339394386
1480,0.00372022339394386
1481,0.00372022339394386
1482,0.00372022339394386
1483,0.00372022339394386
1484,0.00372022339394386
1485,0.00372022339394386
1486,0.00372022339394386
1487,0.00372022339394386
1488,0.00372022339394386
1489,0.00372022339394386
1490,0.00372022339394386
1491,0.00372022339394386
1492,0.00372022339394386
1493,0.00372022339394386
1494,0.00372022339394386
1495,0.00372022339394386
1496,0.00372022339394386
1497,0.00372022339394386
1498,0.00372022339394386
1499,0.00372022339394386
1500,0.00372022339394386
1501,0.00372022339394386
1502,0.00372022339394386
1503,0.00372022339394386
1504,0.00372022339394386
1505,0.00372022339394386
1506,0.00372022339394386
1507,0.00372022339394386
1508,0.00372022339394386
1509,0.00372022339394386
1510,0.00372022339394386
1511,0.00372022339394386
1512,0.00372022339394386
1513,0.00372022339394386
1514,0.00372022339394386
1515,0.00372022339394386
1516,0.00372022339394386
1517,0.00372022339394386
1518,0.00372022339394386
1519,0.00372022339394386
1520,0.00372022339394386
1521,0.00372022339394386
1522,0.00372022339394386
1523,0.00372022339394386
1524,0.00372022339394386
1525,0.00372022339394386
1526,0.00372022339394386
1527,0.00372022339394386
1528,0.00372022339394386
1529,0.00372022339394386
1530,0.00372022339394386
1531,0.00372022339394386
1532,0.00372022339394386
1533,0.00372022339394386
1534,0.00372022339394386
1535,0.00372022339394386
1536,0.00372022339394386
1537,0.00372022339394386
1538,0.00372022339394386
1539,0.00372022339394386
1540,0.00372022339394386
1541,0.00372022339394386
1542,0.00372022339394386
1543,0.00372022339394386
1544,0.00372022339394386
1545,0.00372022339394386
1546,0.00372022339394386
1547,0.00372022339394386
1548,0.00372022339394386
1549,0.00372022339394386
1550,0.00372022339394386
1551,0.00372022339394386
1552,0.00372022339394386
1553,0.00372022339394386
1554,0.00372022339394386
1555,0.00372022339394386
1556,0.00372022339394386
1557,0.00372022339394386
1558,0.00372022339394386
1559,0.00372022339394386
1560,0.00372022339394386
1561,0.00372022339394386
1562,0.00372022339394386
1563,0.00372022339394386
1564,0.00372022339394386
1565,0.00372022339394386
1566,0.00372022339394386
1567,0.00372022339394386
1568,0.00372022339394386
1569,0.00372022339394386
1570,0.00372022339394386
1571,0.00372022339394386
1572,0.00372022339394386
1573,0.00372022339394386
1574,0.00372022339394386
1575,0.00372022339394386
1576,0.00372022339394386
1577,0.00372022339394386
1578,0.00372022339394386
1579,0.00372022339394386
1580,0.00372022339394386
1581,0.00372022339394386
1582,0.00372022339394386
1583,0.00372022339394386
1584,0.00372022339394386
1585,0.00372022339394386
1586,0.00372022339394386
1587,0.00372022339394386
1588,0.00372022339394386
1589,0.00372022339394386
1590,0.00372022339394386
1591,0.00372022339394386
1592,0.00372022339394386
1593,0.00372022339394386
1594,0.00372022339394386
1595,0.00372022339394386
1596,0.00372022339394386
1597,0.00372022339394386
1598,0.00372022339394386
1599,0.00372022339394386
1600,0.00372022339394386
1601,0.00372022339394386
1602,0.00372022339394386
1603,0.00372022339394386
1604,0.00372022339394386
1605,0.00372022339394386
1606,0.00372022339394386
1607,0.00372022339394386
1608,0.00372022339394386
1609,0.00372022339394386
1610,0.00372022339394386
1611,0.00372022339394386
1612,0.00372022339394386
1613,0.00372022339394386
1614,0.00372022339394386
1615,0.00372022339394386
1616,0.00372022339394386
1617,0.00372022339394386
1618,0.00372022339394386
1619,0.00372022339394386
1620,0.00372022339394386
1621,0.00372022339394386
1622,0.00372022339394386
1623,0.00372022339394386
1624,0.00372022339394386
1625,0.00372022339394386
1626,0.00372022339394386
1627,0.00372022339394386
1628,0.00372022339394386
1629,0.00372022339394386
1630,0.00372022339394386
1631,0.00372022339394386
1632,0.00372022339394386
1633,0.00372022339394386
1634,0.00372022339394386
1635,0.00372022339394386
1636,0.00372022339394386
1637,0.00372022339394386
1638,0.00372022339394386
1639,0.00372022339394386
1640,0.00372022339394386
1641,0.00372022339394386
1642,0.00372022339394386
1643,0.00372022339394386
1644,0.00372022339394386
1645,0.00372022339394386
1646,0.00372022339394386
1647,0.00372022339394386
1648,0.00372022339394386
1649,0.00372022339394386
1650,0.00372022339394386
1651,0.00372022339394386
1652,0.00372022339394386
1653,0.00372022339394386
1654,0.00372022339394386
1655,0.00372022339394386
1656,0.00372022339394386
1657,0.00372022339394386
1658,0.00372022339394386
1659,0.00372022339394386
1660,0.00372022339394386
1661,0.00372022339394386
1662,0.00372022339394386
1663,0.00372022339394386
1664,0.00372022339394386
1665,0.00372022339394386
1666,0.00372022339394386
1667,0.00372022339394386
1668,0.00372022339394386
1669,0.00372022339394386
1670,0.00372022339394386
1671,0.00372022339394386
1672,0.00372022339394386
1673,0.00372022339394386
1674,0.00372022339394386
1675,0.00372022339394386
1676,0.00372022339394386
1677,0.00372022339394386
1678,0.00372022339394386
1679,0.00372022339394386
1680,0.00372022339394386
1681,0.00372022339394386
1682,0.00372022339394386
1683,0.00372022339394386
1684,0.00372022339394386
1685,0.00372022339394386
1686,0.00372022339394386
1687,0.00372022339394386
1688,0.00372022339394386
1689,0.00372022339394386
1690,0.00372022339394386
1691,0.00372022339394386
1692,0.00372022339394386
1693,0.00372022339394386
1694,0.00372022339394386
1695,0.00372022339394386
1696,0.00372022339394386
1697,0.00372022339394386
1698,0.00372022339394386
1699,0.00372022339394386
1700,0.00372022339394386
1701,0.00372022339394386
1702,0.00372022339394386
1703,0.00372022339394386
1704,0.00372022339394386
1705,0.00372022339394386
1706,0.00372022339394386
1707,0.00372022339394386
1708,0.00372022339394386
1709,0.00372022339394386
1710,0.00372022339394386
1711,0.00372022339394386
1712,0.00372022339394386
1713,0.00372022339394386
1714,0.00372022339394386
1715,0.00372022339394386
1716,0.00372022339394386
1717,0.00372022339394386
1718,0.00372022339394386
1719,0.00372022339394386
1720,0.00372022339394386
1721,0.00372022339394386
1722,0.00372022339394386
1723,0.00372022339394386
1724,0.00372022339394386
1725,0.00372022339394386
1726,0.00372022339394386
1727,0.00372022339394386
1728,0.00372022339394386
1729,0.00372022339394386
1730,0.00372022339394386
1731,0.00372022339394386
1732,0.00372022339394386
1733,0.00372022339394386
1734,0.00372022339394386
1735,0.00372022339394386
1736,0.00372022339394386
1737,0.00372022339394386
1738,0.00372022339394386
1739,0.00372022339394386
1740,0.00372022339394386
1741,0.00372022339394386
1742,0.00372022339394386
1743,0.00372022339394386
1744,0.00372022339394386
1745,0.00372022339394386
1746,0.00372022339394386
1747,0.00372022339394386
1748,0.00372022339394386
1749,0.00372022339394386
1750,0.00372022339394386
1751,0.00372022339394386
1752,0.00372022339394386
1753,0.00372022339394386
1754,0.00372022339394386
1755,0.00372022339394386
1756,0.00372022339394386
1757,0.00372022339394386
1758,0.00372022339394386
1759,0.00372022339394386
1760,0.00372022339394386
1761,0.00372022339394386
1762,0.00372022339394386
1763,0.00372022339394386
1764,0.00372022339394386
1765,0.00372022339394386
1766,0.00372022339394386
1767,0.00372022339394386
1768,0.00372022339394386
1769,0.00372022339394386
1770,0.00372022339394386
1771,0.00372022339394386
1772,0.00372022339394386
1773,0.00372022339394386
1774,0.00372022339394386
1775,0.00372022339394386
1776,0.00372022339394386
1777,0.00372022339394386
1778,0.00372022339394386
1779,0.00372022339394386
1780,0.00372022339394386
1781,0.00372022339394386
1782,0.00372022339394386
1783,0.00372022339394386
1784,0.00372022339394386
1785,0.00372022339394386
1786,0.00372022339394386
1787,0.00372022339394386
1788,0.00372022339394386
1789,0.00372022339394386
1790,0.00372022339394386
1791,0.00372022339394386
1792,0.00372022339394386
1793,0.00372022339394386
1794,0.00372022339394386
1795,0.00372022339394386
1796,0.00372022339394386
1797,0.00372022339394386
1798,0.00372022339394386
1799,0.00372022339394386
1800,0.00372022339394386
1801,0.00372022339394386
1802,0.00372022339394386
1803,0.00372022339394386
1804,0.00372022339394386
1805,0.00372022339394386
1806,0.00372022339394386
1807,0.00372022339394386
1808,0.00372022339394386
1809,0.00372022339394386
1810,0.00372022339394386
1811,0.00372022339394386
1812,0.00372022339394386
1813,0.00372022339394386
1814,0.00372022339394386
1815,0.00372022339394386
1816,0.00372022339394386
1817,0.00372022339394386
1818,0.00372022339394386
1819,0.00372022339394386
1820,0.00372022339394386
1821,0.00372022339394386
1822,0.00372022339394386
1823,0.00372022339394386
1824,0.00372022339394386
1825,0.00372022339394386
1826,0.00372022339394386
1827,0.00372022339394386
1828,0.00372022339394386
1829,0.00372022339394386
1830,0.00372022339394386
1831,0.00372022339394386
1832,0.00372022339394386
1833,0.00372022339394386
1834,0.00372022339394386
1835,0.00372022339394386
1836,0.00372022339394386
1837,0.00372022339394386
1838,0.00372022339394386
1839,0.00372022339394386
1840,0.00372022339394386
1841,0.00372022339394386
1842,0.00372022339394386
1843,0.00372022339394386
1844,0.00372022339394386
1845,0.00372022339394386
1846,0.00372022339394386
1847,0.00372022339394386
1848,0.00372022339394386
1849,0.00372022339394386
1850,0.00372022339394386
1851,0.00372022339394386
1852,0.00372022339394386
1853,0.00372022339394386
1854,0.00372022339394386
1855,0.00372022339394386
1856,0.00372022339394386
1857,0.00372022339394386
1858,0.00372022339394386
1859,0.00372022339394386
1860,0.00372022339394386
1861,0.00372022339394386
1862,0.00372022339394386
1863,0.00372022339394386
1864,0.00372022339394386
1865,0.00372022339394386
1866,0.00372022339394386
1867,0.00372022339394386
1868,0.00372022339394386
1869,0.00372022339394386
1870,0.00372022339394386
1871,0.00372022339394386
1872,0.00372022339394386
1873,0.00372022339394386
1874,0.00372022339394386
1875,0.00372022339394386
1876,0.00372022339394386
1877,0.00372022339394386
1878,0.00372022339394386
1879,0.00372022339394386
1880,0.00372022339394386
1881,0.00372022339394386
1882,0.00372022339394386
1883,0.00372022339394386
1884,0.00372022339394386
1885,0.00372022339394386
1886,0.00372022339394386
1887,0.00372022339394386
1888,0.00372022339394386
1889,0.00372022339394386
1890,0.00372022339394386
1891,0.00372022339394386
1892,0.00372022339394386
1893,0.00372022339394386
1894,0.00372022339394386
1895,0.00372022339394386
1896,0.00372022339394386
1897,0.00372022339394386
1898,0.00372022339394386
1899,0.00372022339394386
1900,0.00372022339394386
1901,0.00372022339394386
1902,0.00372022339394386
1903,0.00372022339394386
1904,0.00372022339394386
1905,0.00372022339394386
1906,0.00372022339394386
1907,0.00372022339394386
1908,0.00372022339394386
1909,0.00372022339394386
1910,0.00372022339394386
1911,0.00372022339394386
1912,0.00372022339394386
1913,0.00372022339394386
1914,0.00372022339394386
1915,0.00372022339394386
1916,0.00372022339394386
1917,0.00372022339394386
1918,0.00372022339394386
1919,0.00372022339394386
1920,0.00372022339394386
1921,0.00372022339394386
1922,0.00372022339394386
1923,0.00372022339394386
1924,0.00372022339394386
1925,0.00372022339394386
1926,0.00372022339394386
1927,0.00372022339394386
1928,0.00372022339394386
1929,0.00372022339394386
1930,0.00372022339394386
1931,0.00372022339394386
1932,0.00372022339394386
1933,0.00372022339394386
1934,0.00372022339394386
1935,0.00372022339394386
1936,0.00372022339394386
1937,0.00372022339394386
1938,0.00372022339394386
1939,0.00372022339394386
1940,0.00372022339394386
1941,0.00372022339394386
1942,0.00372022339394386
1943,0.00372022339394386
1944,0.00372022339394386
1945,0.00372022339394386
1946,0.00372022339394386
1947,0.00372022339394386
1948,0.00372022339394386
1949,0.00372022339394386
1950,0.00372022339394386
1951,0.00372022339394386
1952,0.00372022339394386
1953,0.00372022339394386
1954,0.00372022339394386
1955,0.00372022339394386
1956,0.00372022339394386
1957,0.00372022339394386
1958,0.00372022339394386
1959,0.00372022339394386
1960,0.00372022339394386
1961,0.00372022339394386
1962,0.00372022339394386
1963,0.00372022339394386
1964,0.00372022339394386
1965,0.00372022339394386
1966,0.00372022339394386
1967,0.00372022339394386
1968,0.00372022339394386
1969,0.00372022339394386
1970,0.00372022339394386
1971,0.00372022339394386
1972,0.00372022339394386
1973,0.00372022339394386
1974,0.00372022339394386
1975,0.00372022339394386
1976,0.00372022339394386
1977,0.00372022339394386
1978,0.00372022339394386
1979,0.00372022339394386
1980,0.00372022339394386
1981,0.00372022339394386
1982,0.00372022339394386
1983,0.00372022339394386
1984,0.00372022339394386
1985,0.00372022339394386
1986,0.00372022339394386
1987,0.00372022339394386
1988,0.00372022339394386
1989,0.00372022339394386
1990,0.00372022339394386
1991,0.00372022339394386
1992,0.00372022339394386
1993,0.00372022339394386
1994,0.00372022339394386
1995,0.00372022339394386
1996,0.00372022339394386
1997,0.00372022339394386
1998,0.00372022339394386
1999,0.00372022339394386
2000,0.00372022339394386
2001,0.00372022339394386
2002,0.00372022339394386
2003,0.00372022339394386
2004,0.00372022339394386
2005,0.00372022339394386
2006,0.00372022339394386
2007,0.00372022339394386
2008,0.00372022339394386
2009,0.00372022339394386
2010,0.00372022339394386
2011,0.00372022339394386
2012,0.00372022339394386
2013,0.00372022339394386
2014,0.00372022339394386
2015,0.00372022339394386
2016,0.00372022339394386
2017,0.00372022339394386
2018,0.00372022339394386
2019,0.00372022339394386
2020,0.00372022339394386
2021,0.00372022339394386
2022,0.00372022339394386
2023,0.00372022339394386
2024,0.00372022339394386
2025,0.00372022339394386
2026,0.00372022339394386
2027,0.00372022339394386
2028,0.00372022339394386
2029,0.00372022339394386
2030,0.00372022339394386
2031,0.00372022339394386
2032,0.00372022339394386
2033,0.00372022339394386
2034,0.00372022339394386
2035,0.00372022339394386
2036,0.00372022339394386
2037,0.00372022339394386
2038,0.00372022339394386
2039,0.00372022339394386
2040,0.00372022339394386
2041,0.00372022339394386
2042,0.00372022339394386
2043,0.00372022339394386
2044,0.00372022339394386
2045,0.00372022339394386
2046,0.00372022339394386
2047,0.00372022339394386
2048,0.00372022339394386
2049,0.00372022339394386
2050,0.00372022339394386
2051,0.00372022339394386
2052,0.00372022339394386
2053,0.00372022339394386
2054,0.00372022339394386
2055,0.00372022339394386
2056,0.00372022339394386
2057,0.00372022339394386
2058,0.00372022339394386
2059,0.00372022339394386
2060,0.00372022339394386
2061,0.00372022339394386
2062,0.00372022339394386
2063,0.00372022339394386
2064,0.00372022339394386
2065,0.00372022339394386
2066,0.00372022339394386
2067,0.00372022339394386
2068,0.00372022339394386
2069,0.00372022339394386
2070,0.00372022339394386
2071,0.00372022339394386
2072,0.00372022339394386
2073,0.00372022339394386
2074,0.00372022339394386
2075,0.00372022339394386
2076,0.00372022339394386
2077,0.00372022339394386
2078,0.00372022339394386
2079,0.00372022339394386
2080,0.00372022339394386
2081,0.00372022339394386
2082,0.00372022339394386
2083,0.00372022339394386
2084,0.00372022339394386
2085,0.00372022339394386
2086,0.00372022339394386
2087,0.00372022339394386
2088,0.00372022339394386
2089,0.00372022339394386
2090,0.00372022339394386
2091,0.00372022339394386
2092,0.00372022339394386
2093,0.00372022339394386
2094,0.00372022339394386
2095,0.00372022339394386
2096,0.00372022339394386
2097,0.00372022339394386
2098,0.00372022339394386
2099,0.00372022339394386
2100,0.00372022339394386
2101,0.00372022339394386
2102,0.00372022339394386
2103,0.00372022339394386
2104,0.00372022339394386
2105,0.00372022339394386
2106,0.00372022339394386
2107,0.00372022339394386
2108,0.00372022339394386
2109,0.00372022339394386
2110,0.00372022339394386
2111,0.00372022339394386
2112,0.00372022339394386
2113,0.00372022339394386
2114,0.00372022339394386
2115,0.00372022339394386
2116,0.00372022339394386
2117,0.00372022339394386
2118,0.00372022339394386
2119,0.00372022339394386
2120,0.00372022339394386
2121,0.00372022339394386
2122,0.00372022339394386
2123,0.00372022339394386
2124,0.00372022339394386
2125,0.00372022339394386
2126,0.00372022339394386
2127,0.00372022339394386
2128,0.00372022339394386
2129,0.00372022339394386
2130,0.00372022339394386
2131,0.00372022339394386
2132,0.00372022339394386
2133,0.00372022339394386
2134,0.00372022339394386
2135,0.00372022339394386
2136,0.00372022339394386
2137,0.00372022339394386
2138,0.00372022339394386
2139,0.00372022339394386
2140,0.00372022339394386
2141,0.00372022339394386
2142,0.00372022339394386
2143,0.00372022339394386
2144,0.00372022339394386
2145,0.00372022339394386
2146,0.00372022339394386
2147,0.00372022339394386
2148,0.00372022339394386
2149,0.00372022339394386
2150,0.00372022339394386
2151,0.00372022339394386
2152,0.00372022339394386
2153,0.00372022339394386
2154,0.00372022339394386
2155,0.00372022339394386
2156,0.00372022339394386
2157,0.00372022339394386
2158,0.00372022339394386
2159,0.00372022339394386
2160,0.00372022339394386
2161,0.00372022339394386
2162,0.00372022339394386
2163,0.00372022339394386
2164,0.00372022339394386
2165,0.00372022339394386
2166,0.00372022339394386
2167,0.00372022339394386
2168,0.00372022339394386
2169,0.00372022339394386
2170,0.00372022339394386
2171,0.00372022339394386
2172,0.00372022339394386
2173,0.00372022339394386
2174,0.00372022339394386
2175,0.00372022339394386
2176,0.00372022339394386
2177,0.00372022339394386
2178,0.00372022339394386
2179,0.00372022339394386
2180,0.00372022339394386
2181,0.00372022339394386
2182,0.00372022339394386
2183,0.00372022339394386
2184,0.00372022339394386
2185,0.00372022339394386
2186,0.00372022339394386
2187,0.00372022339394386
2188,0.00372022339394386
2189,0.00372022339394386
2190,0.00372022339394386
2191,0.00372022339394386
2192,0.00372022339394386
2193,0.00372022339394386
2194,0.00372022339394386
2195,0.00372022339394386
2196,0.00372022339394386
2197,0.00372022339394386
2198,0.00372022339394386
2199,0.00372022339394386
2200,0.00372022339394386
2201,0.00372022339394386
2202,0.00372022339394386
2203,0.00372022339394386
2204,0.00372022339394386
2205,0.00372022339394386
2206,0.00372022339394386
2207,0.00372022339394386
2208,0.00372022339394386
2209,0.00372022339394386
2210,0.00372022339394386
2211,0.00372022339394386
2212,0.00372022339394386
2213,0.00372022339394386
2214,0.00372022339394386
2215,0.00372022339394386
2216,0.00372022339394386
2217,0.00372022339394386
2218,0.00372022339394386
2219,0.00372022339394386
2220,0.00372022339394386
2221,0.00372022339394386
2222,0.00372022339394386
2223,0.00372022339394386
2224,0.00372022339394386
2225,0.00372022339394386
2226,0.00372022339394386
2227,0.00372022339394386
2228,0.00372022339394386
2229,0.00372022339394386
2230,0.00372022339394386
2231,0.00372022339394386
2232,0.00372022339394386
2233,0.00372022339394386
2234,0.00372022339394386
2235,0.00372022339394386
2236,0.00372022339394386
2237,0.00372022339394386
2238,0.00372022339394386
2239,0.00372022339394386
2240,0.00372022339394386
2241,0.00372022339394386
2242,0.00372022339394386
2243,0.00372022339394386
2244,0.00372022339394386
2245,0.00372022339394386
2246,0.00372022339394386
2247,0.00372022339394386
2248,0.00372022339394386
2249,0.00372022339394386
2250,0.00372022339394386
2251,0.00372022339394386
2252,0.00372022339394386
2253,0.00372022339394386
2254,0.00372022339394386
2255,0.00372022339394386
2256,0.00372022339394386
2257,0.00372022339394386
2258,0.00372022339394386
2259,0.00372022339394386
2260,0.00372022339394386
2261,0.00372022339394386
2262,0.00372022339394386
2263,0.00372022339394386
2264,0.00372022339394386
2265,0.00372022339394386
2266,0.00372022339394386
2267,0.00372022339394386
2268,0.00372022339394386
2269,0.00372022339394386
2270,0.00372022339394386
2271,0.00372022339394386
2272,0.00372022339394386
2273,0.00372022339394386
2274,0.00372022339394386
2275,0.00372022339394386
2276,0.00372022339394386
2277,0.00372022339394386
2278,0.00372022339394386
2279,0.00372022339394386
2280,0.00372022339394386
2281,0.00372022339394386
2282,0.00372022339394386
2283,0.00372022339394386
2284,0.00372022339394386
2285,0.00372022339394386
2286,0.00372022339394386
2287,0.00372022339394386
2288,0.00372022339394386
2289,0.00372022339394386
2290,0.00372022339394386
2291,0.00372022339394386
2292,0.00372022339394386
2293,0.00372022339394386
2294,0.00372022339394386
2295,0.00372022339394386
2296,0.00372022339394386
2297,0.00372022339394386
2298,0.00372022339394386
2299,0.00372022339394386
2300,0.00372022339394386
2301,0.00372022339394386
2302,0.00372022339394386
2303,0.00372022339394386
2304,0.00372022339394386
2305,0.00372022339394386
2306,0.00372022339394386
2307,0.00372022339394386
2308,0.00372022339394386
2309,0.00372022339394386
2310,0.00372022339394386
2311,0.00372022339394386
2312,0.00372022339394386
2313,0.00372022339394386
2314,0.00372022339394386
2315,0.00372022339394386
2316,0.00372022339394386
2317,0.00372022339394386
2318,0.00372022339394386
2319,0.00372022339394386
2320,0.00372022339394386
2321,0.00372022339394386
2322,0.00372022339394386
2323,0.00372022339394386
2324,0.00372022339394386
2325,0.00372022339394386
2326,0.00372022339394386
2327,0.00372022339394386
2328,0.00372022339394386
2329,0.00372022339394386
2330,0.00372022339394386
2331,0.00372022339394386
2332,0.00372022339394386
2333,0.00372022339394386
2334,0.00372022339394386
2335,0.00372022339394386
2336,0.00372022339394386
2337,0.00372022339394386
2338,0.00372022339394386
2339,0.00372022339394386
2340,0.00372022339394386
2341,0.00372022339394386
2342,0.00372022339394386
2343,0.00372022339394386
2344,0.00372022339394386
2345,0.00372022339394386
2346,0.00372022339394386
2347,0.00372022339394386
2348,0.00372022339394386
2349,0.00372022339394386
2350,0.00372022339394386
2351,0.00372022339394386
2352,0.00372022339394386
2353,0.00372022339394386
2354,0.00372022339394386
2355,0.00372022339394386
2356,0.00372022339394386
2357,0.00372022339394386
2358,0.00372022339394386
2359,0.00372022339394386
2360,0.00372022339394386
2361,0.00372022339394386
2362,0.00372022339394386
2363,0.00372022339394386
2364,0.00372022339394386
2365,0.00372022339394386
2366,0.00372022339394386
2367,0.00372022339394386
2368,0.00372022339394386
2369,0.00372022339394386
2370,0.00372022339394386
2371,0.00372022339394386
2372,0.00372022339394386
2373,0.00372022339394386
2374,0.00372022339394386
2375,0.00372022339394386
2376,0.00372022339394386
2377,0.00372022339394386
2378,0.00372022339394386
2379,0.00372022339394386
2380,0.00372022339394386
2381,0.00372022339394386
2382,0.00372022339394386
2383,0.00372022339394386
2384,0.00372022339394386
2385,0.00372022339394386
2386,0.00372022339394386
2387,0.00372022339394386
2388,0.00372022339394386
2389,0.00372022339394386
2390,0.00372022339394386
2391,0.00372022339394386
2392,0.00372022339394386
2393,0.00372022339394386
2394,0.00372022339394386
2395,0.00372022339394386
2396,0.00372022339394386
2397,0.00372022339394386
2398,0.00372022339394386
2399,0.00372022339394386
2400,0.00372022339394386
2401,0.00372022339394386
2402,0.00372022339394386
2403,0.00372022339394386
2404,0.00372022339394386
2405,0.00372022339394386
2406,0.00372022339394386
2407,0.00372022339394386
2408,0.00372022339394386
2409,0.00372022339394386
2410,0.00372022339394386
2411,0.00372022339394386
2412,0.00372022339394386
2413,0.00372022339394386
2414,0.00372022339394386
2415,0.00372022339394386
2416,0.00372022339394386
2417,0.00372022339394386
2418,0.00372022339394386
2419,0.00372022339394386
2420,0.00372022339394386
2421,0.00372022339394386
2422,0.00372022339394386
2423,0.00372022339394386
2424,0.00372022339394386
2425,0.00372022339394386
2426,0.00372022339394386
2427,0.00372022339394386
2428,0.00372022339394386
2429,0.00372022339394386
2430,0.00372022339394386
2431,0.00372022339394386
2432,0.00372022339394386
2433,0.00372022339394386
2434,0.00372022339394386
2435,0.00372022339394386
2436,0.00372022339394386
2437,0.00372022339394386
2438,0.00372022339394386
2439,0.00372022339394386
2440,0.00372022339394386
2441,0.00372022339394386
2442,0.00372022339394386
2443,0.00372022339394386
2444,0.00372022339394386
2445,0.00372022339394386
2446,0.00372022339394386
2447,0.00372022339394386
2448,0.00372022339394386
2449,0.00372022339394386
2450,0.00372022339394386
2451,0.00372022339394386
2452,0.00372022339394386
2453,0.00372022339394386
2454,0.00372022339394386
2455,0.00372022339394386
2456,0.00372022339394386
2457,0.00372022339394386
2458,0.00372022339394386
2459,0.00372022339394386
2460,0.00372022339394386
2461,0.00372022339394386
2462,0.00372022339394386
2463,0.00372022339394386
2464,0.00372022339394386
2465,0.00372022339394386
2466,0.00372022339394386
2467,0.00372022339394386
2468,0.00372022339394386
2469,0.00372022339394386
2470,0.00372022339394386
2471,0.00372022339394386
2472,0.00372022339394386
2473,0.00372022339394386
2474,0.00372022339394386
2475,0.00372022339394386
2476,0.00372022339394386
2477,0.00372022339394386
2478,0.00372022339394386
2479,0.00372022339394386
2480,0.00372022339394386
2481,0.00372022339394386
2482,0.00372022339394386
2483,0.00372022339394386
2484,0.00372022339394386
2485,0.00372022339394386
2486,0.00372022339394386
2487,0.00372022339394386
2488,0.00372022339394386
2489,0.00372022339394386
2490,0.00372022339394386
2491,0.00372022339394386
2492,0.00372022339394386
2493,0.00372022339394386
2494,0.00372022339394386
2495,0.00372022339394386
2496,0.00372022339394386
2497,0.00372022339394386
2498,0.00372022339394386
2499,0.00372022339394386
2500,0.00372022339394386
2501,0.00372022339394386
2502,0.00372022339394386
2503,0.00372022339394386
2504,0.00372022339394386
2505,0.00372022339394386
2506,0.00372022339394386
2507,0.00372022339394386
2508,0.00372022339394386
2509,0.00372022339394386
2510,0.00372022339394386
2511,0.00372022339394386
2512,0.00372022339394386
2513,0.00372022339394386
2514,0.00372022339394386
2515,0.00372022339394386
2516,0.00372022339394386
2517,0.00372022339394386
2518,0.00372022339394386
2519,0.00372022339394386
2520,0.00372022339394386
2521,0.00372022339394386
2522,0.00372022339394386
2523,0.00372022339394386
2524,0.00372022339394386
2525,0.00372022339394386
2526,0.00372022339394386
2527,0.00372022339394386
2528,0.00372022339394386
2529,0.00372022339394386
2530,0.00372022339394386
2531,0.00372022339394386
2532,0.00372022339394386
2533,0.00372022339394386
2534,0.00372022339394386
2535,0.00372022339394386
2536,0.00372022339394386
2537,0.00372022339394386
2538,0.00372022339394386
2539,0.00372022339394386
2540,0.00372022339394386
2541,0.00372022339394386
2542,0.00372022339394386
2543,0.00372022339394386
2544,0.00372022339394386
2545,0.00372022339394386
2546,0.00372022339394386
2547,0.00372022339394386
2548,0.00372022339394386
2549,0.00372022339394386
2550,0.00372022339394386
2551,0.00372022339394386
2552,0.00372022339394386
2553,0.00372022339394386
2554,0.00372022339394386
2555,0.00372022339394386
2556,0.00372022339394386
2557,0.00372022339394386
2558,0.00372022339394386
2559,0.00372022339394386
2560,0.00372022339394386
2561,0.00372022339394386
2562,0.00372022339394386
2563,0.00372022339394386
2564,0.00372022339394386
2565,0.00372022339394386
2566,0.00372022339394386
2567,0.00372022339394386
2568,0.00372022339394386
2569,0.00372022339394386
2570,0.00372022339394386
2571,0.00372022339394386
2572,0.00372022339394386
2573,0.00372022339394386
2574,0.00372022339394386
2575,0.00372022339394386
2576,0.00372022339394386
2577,0.00372022339394386
2578,0.00372022339394386
2579,0.00372022339394386
2580,0.00372022339394386
2581,0.00372022339394386
2582,0.00372022339394386
2583,0.00372022339394386
2584,0.00372022339394386
2585,0.00372022339394386
2586,0.00372022339394386
2587,0.00372022339394386
2588,0.00372022339394386
2589,0.00372022339394386
2590,0.00372022339394386
2591,0.00372022339394386
2592,0.00372022339394386
2593,0.00372022339394386
2594,0.00372022339394386
2595,0.00372022339394386
2596,0.00372022339394386
2597,0.00372022339394386
2598,0.00372022339394386
2599,0.00372022339394386
2600,0.00372022339394386
2601,0.00372022339394386
2602,0.00372022339394386
2603,0.00372022339394386
2604,0.00372022339394386
2605,0.00372022339394386
2606,0.00372022339394386
2607,0.00372022339394386
2608,0.00372022339394386
2609,0.00372022339394386
2610,0.00372022339394386
2611,0.00372022339394386
2612,0.00372022339394386
2613,0.00372022339394386
2614,0.00372022339394386
2615,0.00372022339394386
2616,0.00372022339394386
2617,0.00372022339394386
2618,0.00372022339394386
2619,0.00372022339394386
2620,0.00372022339394386
2621,0.00372022339394386
2622,0.00372022339394386
2623,0.00372022339394386
2624,0.00372022339394386
2625,0.00372022339394386
2626,0.00372022339394386
2627,0.00372022339394386
2628,0.00372022339394386
2629,0.00372022339394386
2630,0.00372022339394386
2631,0.00372022339394386
2632,0.00372022339394386
2633,0.00372022339394386
2634,0.00372022339394386
2635,0.00372022339394386
2636,0.00372022339394386
2637,0.00372022339394386
2638,0.00372022339394386
2639,0.00372022339394386
2640,0.00372022339394386
2641,0.00372022339394386
2642,0.00372022339394386
2643,0.00372022339394386
2644,0.00372022339394386
2645,0.00372022339394386
2646,0.00372022339394386
2647,0.00372022339394386
2648,0.00372022339394386
2649,0.00372022339394386
2650,0.00372022339394386
2651,0.00372022339394386
2652,0.00372022339394386
2653,0.00372022339394386
2654,0.00372022339394386
2655,0.00372022339394386
2656,0.00372022339394386
2657,0.00372022339394386
2658,0.00372022339394386
2659,0.00372022339394386
2660,0.00372022339394386
2661,0.00372022339394386
2662,0.00372022339394386
2663,0.00372022339394386
2664,0.00372022339394386
2665,0.00372022339394386
2666,0.00372022339394386
2667,0.00372022339394386
2668,0.00372022339394386
2669,0.00372022339394386
2670,0.00372022339394386
2671,0.00372022339394386
2672,0.00372022339394386
2673,0.00372022339394386
2674,0.00372022339394386
2675,0.00372022339394386
2676,0.00372022339394386
2677,0.00372022339394386
2678,0.00372022339394386
2679,0.00372022339394386
2680,0.00372022339394386
2681,0.00372022339394386
2682,0.00372022339394386
2683,0.00372022339394386
2684,0.00372022339394386
2685,0.00372022339394386
2686,0.00372022339394386
2687,0.00372022339394386
2688,0.00372022339394386
2689,0.00372022339394386
2690,0.00372022339394386
2691,0.00372022339394386
2692,0.00372022339394386
2693,0.00372022339394386
2694,0.00372022339394386
2695,0.00372022339394386
2696,0.00372022339394386
2697,0.00372022339394386
2698,0.00372022339394386
2699,0.00372022339394386
2700,0.00372022339394386
2701,0.00372022339394386
2702,0.00372022339394386
2703,0.00372022339394386
2704,0.00372022339394386
2705,0.00372022339394386
2706,0.00372022339394386
2707,0.00372022339394386
2708,0.00372022339394386
2709,0.00372022339394386
2710,0.00372022339394386
2711,0.00372022339394386
2712,0.00372022339394386
2713,0.00372022339394386
2714,0.00372022339394386
2715,0.00372022339394386
2716,0.00372022339394386
2717,0.00372022339394386
2718,0.00372022339394386
2719,0.00372022339394386
2720,0.00372022339394386
2721,0.00372022339394386
2722,0.00372022339394386
2723,0.00372022339394386
2724,0.00372022339394386
2725,0.00372022339394386
2726,0.00372022339394386
2727,0.00372022339394386
2728,0.00372022339394386
2729,0.00372022339394386
2730,0.00372022339394386
2731,0.00372022339394386
2732,0.00372022339394386
2733,0.00372022339394386
2734,0.00372022339394386
2735,0.00372022339394386
2736,0.00372022339394386
2737,0.00372022339394386
2738,0.00372022339394386
2739,0.00372022339394386
2740,0.00372022339394386
2741,0.00372022339394386
2742,0.00372022339394386
2743,0.00372022339394386
2744,0.00372022339394386
2745,0.00372022339394386
2746,0.00372022339394386
2747,0.00372022339394386
2748,0.00372022339394386
2749,0.00372022339394386
2750,0.00372022339394386
2751,0.00372022339394386
2752,0.00372022339394386
2753,0.00372022339394386
2754,0.00372022339394386
2755,0.00372022339394386
2756,0.00372022339394386
2757,0.00372022339394386
2758,0.00372022339394386
2759,0.00372022339394386
2760,0.00372022339394386
2761,0.00372022339394386
2762,0.00372022339394386
2763,0.00372022339394386
2764,0.00372022339394386
2765,0.00372022339394386
2766,0.00372022339394386
2767,0.00372022339394386
2768,0.00372022339394386
2769,0.00372022339394386
2770,0.00372022339394386
2771,0.00372022339394386
2772,0.00372022339394386
2773,0.00372022339394386
2774,0.00372022339394386
2775,0.00372022339394386
2776,0.00372022339394386
2777,0.00372022339394386
2778,0.00372022339394386
2779,0.00372022339394386
2780,0.00372022339394386
2781,0.00372022339394386
2782,0.00372022339394386
2783,0.00372022339394386
2784,0.00372022339394386
2785,0.00372022339394386
2786,0.00372022339394386
2787,0.00372022339394386
2788,0.00372022339394386
2789,0.00372022339394386
2790,0.00372022339394386
2791,0.00372022339394386
2792,0.00372022339394386
2793,0.00372022339394386
2794,0.00372022339394386
2795,0.00372022339394386
2796,0.00372022339394386
2797,0.00372022339394386
2798,0.00372022339394386
2799,0.00372022339394386
2800,0.00372022339394386
2801,0.00372022339394386
2802,0.00372022339394386
2803,0.00372022339394386
2804,0.00372022339394386
2805,0.00372022339394386
2806,0.00372022339394386
2807,0.00372022339394386
2808,0.00372022339394386
2809,0.00372022339394386
2810,0.00372022339394386
2811,0.00372022339394386
2812,0.00372022339394386
2813,0.00372022339394386
2814,0.00372022339394386
2815,0.00372022339394386
2816,0.00372022339394386
2817,0.00372022339394386
2818,0.00372022339394386
2819,0.00372022339394386
2820,0.00372022339394386
2821,0.00372022339394386
2822,0.00372022339394386
2823,0.00372022339394386
2824,0.00372022339394386
2825,0.00372022339394386
2826,0.00372022339394386
2827,0.00372022339394386
2828,0.00372022339394386
2829,0.00372022339394386
2830,0.00372022339394386
2831,0.00372022339394386
2832,0.00372022339394386
2833,0.00372022339394386
2834,0.00372022339394386
2835,0.00372022339394386
2836,0.00372022339394386
2837,0.00372022339394386
2838,0.00372022339394386
2839,0.00372022339394386
2840,0.00372022339394386
2841,0.00372022339394386
2842,0.00372022339394386
2843,0.00372022339394386
2844,0.00372022339394386
2845,0.00372022339394386
2846,0.00372022339394386
2847,0.00372022339394386
2848,0.00372022339394386
2849,0.00372022339394386
2850,0.00372022339394386
2851,0.00372022339394386
2852,0.00372022339394386
2853,0.00372022339394386
2854,0.00372022339394386
2855,0.00372022339394386
2856,0.00372022339394386
2857,0.00372022339394386
2858,0.00372022339394386
2859,0.00372022339394386
2860,0.00372022339394386
2861,0.00372022339394386
2862,0.00372022339394386
2863,0.00372022339394386
2864,0.00372022339394386
2865,0.00372022339394386
2866,0.00372022339394386
2867,0.00372022339394386
2868,0.00372022339394386
2869,0.00372022339394386
2870,0.00372022339394386
2871,0.00372022339394386
2872,0.00372022339394386
2873,0.00372022339394386
2874,0.00372022339394386
2875,0.00372022339394386
2876,0.00372022339394386
2877,0.00372022339394386
2878,0.00372022339394386
2879,0.00372022339394386
2880,0.00372022339394386
2881,0.00372022339394386
2882,0.00372022339394386
2883,0.00372022339394386
2884,0.00372022339394386
2885,0.00372022339394386
2886,0.00372022339394386
2887,0.00372022339394386
2888,0.00372022339394386
2889,0.00372022339394386
2890,0.00372022339394386
2891,0.00372022339394386
2892,0.00372022339394386
2893,0.00372022339394386
2894,0.00372022339394386
2895,0.00372022339394386
2896,0.00372022339394386
2897,0.00372022339394386
2898,0.00372022339394386
2899,0.00372022339394386
2900,0.00372022339394386
2901,0.00372022339394386
2902,0.00372022339394386
2903,0.00372022339394386
2904,0.00372022339394386
2905,0.00372022339394386
2906,0.00372022339394386
2907,0.00372022339394386
2908,0.00372022339394386
2909,0.00372022339394386
2910,0.00372022339394386
2911,0.00372022339394386
2912,0.00372022339394386
2913,0.00372022339394386
2914,0.00372022339394386
2915,0.00372022339394386
2916,0.00372022339394386
2917,0.00372022339394386
2918,0.00372022339394386
2919,0.00372022339394386
2920,0.00372022339394386
2921,0.00372022339394386
2922,0.00372022339394386
2923,0.00372022339394386
2924,0.00372022339394386
2925,0.00372022339394386
2926,0.00372022339394386
2927,0.00372022339394386
2928,0.00372022339394386
2929,0.00372022339394386
2930,0.00372022339394386
2931,0.00372022339394386
2932,0.00372022339394386
2933,0.00372022339394386
2934,0.00372022339394386
2935,0.00372022339394386
2936,0.00372022339394386
2937,0.00372022339394386
2938,0.00372022339394386
2939,0.00372022339394386
2940,0.00372022339394386
2941,0.00372022339394386
2942,0.00372022339394386
2943,0.00372022339394386
2944,0.00372022339394386
2945,0.00372022339394386
2946,0.00372022339394386
2947,0.00372022339394386
2948,0.00372022339394386
2949,0.00372022339394386
2950,0.00372022339394386
2951,0.00372022339394386
2952,0.00372022339394386
2953,0.00372022339394386
2954,0.00372022339394386
2955,0.00372022339394386
2956,0.00372022339394386
2957,0.00372022339394386
2958,0.00372022339394386
2959,0.00372022339394386
2960,0.00372022339394386
2961,0.00372022339394386
2962,0.00372022339394386
2963,0.00372022339394386
2964,0.00372022339394386
2965,0.00372022339394386
2966,0.00372022339394386
2967,0.00372022339394386
2968,0.00372022339394386
2969,0.00372022339394386
2970,0.00372022339394386
2971,0.00372022339394386
2972,0.00372022339394386
2973,0.00372022339394386
2974,0.00372022339394386
2975,0.00372022339394386
2976,0.00372022339394386
2977,0.00372022339394386
2978,0.00372022339394386
2979,0.00372022339394386
2980,0.00372022339394386
2981,0.00372022339394386
2982,0.00372022339394386
2983,0.00372022339394386
2984,0.00372022339394386
2985,0.00372022339394386
2986,0.00372022339394386
2987,0.00372022339394386
2988,0.00372022339394386
2989,0.00372022339394386
2990,0.00372022339394386
2991,0.00372022339394386
2992,0.00372022339394386
2993,0.00372022339394386
2994,0.00372022339394386
2995,0.00372022339394386
2996,0.00372022339394386
2997,0.00372022339394386
2998,0.00372022339394386
2999,0.00372022339394386
3000,0.00372022339394386
3001,0.00372022339394386
3002,0.00372022339394386
3003,0.00372022339394386
3004,0.00372022339394386
3005,0.00372022339394386
3006,0.00372022339394386
3007,0.00372022339394386
3008,0.00372022339394386
3009,0.00372022339394386
3010,0.00372022339394386
3011,0.00372022339394386
3012,0.00372022339394386
3013,0.00372022339394386
3014,0.00372022339394386
3015,0.00372022339394386
3016,0.00372022339394386
3017,0.00372022339394386
3018,0.00372022339394386
3019,0.00372022339394386
3020,0.00372022339394386
3021,0.00372022339394386
3022,0.00372022339394386
3023,0.00372022339394386
3024,0.00372022339394386
3025,0.00372022339394386
3026,0.00372022339394386
3027,0.00372022339394386
3028,0.00372022339394386
3029,0.00372022339394386
3030,0.00372022339394386
3031,0.00372022339394386
3032,0.00372022339394386
3033,0.00372022339394386
3034,0.00372022339394386
3035,0.00372022339394386
3036,0.00372022339394386
3037,0.00372022339394386
3038,0.00372022339394386
3039,0.00372022339394386
3040,0.00372022339394386
3041,0.00372022339394386
3042,0.00372022339394386
3043,0.00372022339394386
3044,0.00372022339394386
3045,0.00372022339394386
3046,0.00372022339394386
3047,0.00372022339394386
3048,0.00372022339394386
3049,0.00372022339394386
3050,0.00372022339394386
3051,0.00372022339394386
3052,0.00372022339394386
3053,0.00372022339394386
3054,0.00372022339394386
3055,0.00372022339394386
3056,0.00372022339394386
3057,0.00372022339394386
3058,0.00372022339394386
3059,0.00372022339394386
3060,0.00372022339394386
3061,0.00372022339394386
3062,0.00372022339394386
3063,0.00372022339394386
3064,0.00372022339394386
3065,0.00372022339394386
3066,0.00372022339394386
3067,0.00372022339394386
3068,0.00372022339394386
3069,0.00372022339394386
3070,0.00372022339394386
3071,0.00372022339394386
3072,0.00372022339394386
3073,0.00372022339394386
3074,0.00372022339394386
3075,0.00372022339394386
3076,0.00372022339394386
3077,0.00372022339394386
3078,0.00372022339394386
3079,0.00372022339394386
3080,0.00372022339394386
3081,0.00372022339394386
3082,0.00372022339394386
3083,0.00372022339394386
3084,0.00372022339394386
3085,0.00372022339394386
3086,0.00372022339394386
3087,0.00372022339394386
3088,0.00372022339394386
3089,0.00372022339394386
3090,0.00372022339394386
3091,0.00372022339394386
3092,0.00372022339394386
3093,0.00372022339394386
3094,0.00372022339394386
3095,0.00372022339394386
3096,0.00372022339394386
3097,0.00372022339394386
3098,0.00372022339394386
3099,0.00372022339394386
3100,0.00372022339394386
3101,0.00372022339394386
3102,0.00372022339394386
3103,0.00372022339394386
3104,0.00372022339394386
3105,0.00372022339394386
3106,0.00372022339394386
3107,0.00372022339394386
3108,0.00372022339394386
3109,0.00372022339394386
3110,0.00372022339394386
3111,0.00372022339394386
3112,0.00372022339394386
3113,0.00372022339394386
3114,0.00372022339394386
3115,0.00372022339394386
3116,0.00372022339394386
3117,0.00372022339394386
3118,0.00372022339394386
3119,0.00372022339394386
3120,0.00372022339394386
3121,0.00372022339394386
3122,0.00372022339394386
3123,0.00372022339394386
3124,0.00372022339394386
3125,0.00372022339394386
3126,0.00372022339394386
3127,0.00372022339394386
3128,0.00372022339394386
3129,0.00372022339394386
3130,0.00372022339394386
3131,0.00372022339394386
3132,0.00372022339394386
3133,0.00372022339394386
3134,0.00372022339394386
3135,0.00372022339394386
3136,0.00372022339394386
3137,0.00372022339394386
3138,0.00372022339394386
3139,0.00372022339394386
3140,0.00372022339394386
3141,0.00372022339394386
3142,0.00372022339394386
3143,0.00372022339394386
3144,0.00372022339394386
3145,0.00372022339394386
3146,0.00372022339394386
3147,0.00372022339394386
3148,0.00372022339394386
3149,0.00372022339394386
3150,0.00372022339394386
3151,0.00372022339394386
3152,0.00372022339394386
3153,0.00372022339394386
3154,0.00372022339394386
3155,0.00372022339394386
3156,0.00372022339394386
3157,0.00372022339394386
3158,0.00372022339394386
3159,0.00372022339394386
3160,0.00372022339394386
3161,0.00372022339394386
3162,0.00372022339394386
3163,0.00372022339394386
3164,0.00372022339394386
3165,0.00372022339394386
3166,0.00372022339394386
3167,0.00372022339394386
3168,0.00372022339394386
3169,0.00372022339394386
3170,0.00372022339394386
3171,0.00372022339394386
3172,0.00372022339394386
3173,0.00372022339394386
3174,0.00372022339394386
3175,0.00372022339394386
3176,0.00372022339394386
3177,0.00372022339394386
3178,0.00372022339394386
3179,0.00372022339394386
3180,0.00372022339394386
3181,0.00372022339394386
3182,0.00372022339394386
3183,0.00372022339394386
3184,0.00372022339394386
3185,0.00372022339394386
3186,0.00372022339394386
3187,0.00372022339394386
3188,0.00372022339394386
3189,0.00372022339394386
3190,0.00372022339394386
3191,0.00372022339394386
3192,0.00372022339394386
3193,0.00372022339394386
3194,0.00372022339394386
3195,0.00372022339394386
3196,0.00372022339394386
3197,0.00372022339394386
3198,0.00372022339394386
3199,0.00372022339394386
3200,0.00372022339394386
3201,0.00372022339394386
3202,0.00372022339394386
3203,0.00372022339394386
3204,0.00372022339394386
3205,0.00372022339394386
3206,0.00372022339394386
3207,0.00372022339394386
3208,0.00372022339394386
3209,0.00372022339394386
3210,0.00372022339394386
3211,0.00372022339394386
3212,0.00372022339394386
3213,0.00372022339394386
3214,0.00372022339394386
3215,0.00372022339394386
3216,0.00372022339394386
3217,0.00372022339394386
3218,0.00372022339394386
3219,0.00372022339394386
3220,0.00372022339394386
3221,0.00372022339394386
3222,0.00372022339394386
3223,0.00372022339394386
3224,0.00372022339394386
3225,0.00372022339394386
3226,0.00372022339394386
3227,0.00372022339394386
3228,0.00372022339394386
3229,0.00372022339394386
3230,0.00372022339394386
3231,0.00372022339394386
3232,0.00372022339394386
3233,0.00372022339394386
3234,0.00372022339394386
3235,0.00372022339394386
3236,0.00372022339394386
3237,0.00372022339394386
3238,0.00372022339394386
3239,0.00372022339394386
3240,0.00372022339394386
3241,0.00372022339394386
3242,0.00372022339394386
3243,0.00372022339394386
3244,0.00372022339394386
3245,0.00372022339394386
3246,0.00372022339394386
3247,0.00372022339394386
3248,0.00372022339394386
3249,0.00372022339394386
3250,0.00372022339394386
3251,0.00372022339394386
3252,0.00372022339394386
3253,0.00372022339394386
3254,0.00372022339394386
3255,0.00372022339394386
3256,0.00372022339394386
3257,0.00372022339394386
3258,0.00372022339394386
3259,0.00372022339394386
3260,0.00372022339394386
3261,0.00372022339394386
3262,0.00372022339394386
3263,0.00372022339394386
3264,0.00372022339394386
3265,0.00372022339394386
3266,0.00372022339394386
3267,0.00372022339394386
3268,0.00372022339394386
3269,0.00372022339394386
3270,0.00372022339394386
3271,0.00372022339394386
3272,0.00372022339394386
3273,0.00372022339394386
3274,0.00372022339394386
3275,0.00372022339394386
3276,0.00372022339394386
3277,0.00372022339394386
3278,0.00372022339394386
3279,0.00372022339394386
3280,0.00372022339394386
3281,0.00372022339394386
3282,0.00372022339394386
3283,0.00372022339394386
3284,0.00372022339394386
3285,0.00372022339394386
3286,0.00372022339394386
3287,0.00372022339394386
3288,0.00372022339394386
3289,0.00372022339394386
3290,0.00372022339394386
3291,0.00372022339394386
3292,0.00372022339394386
3293,0.00372022339394386
3294,0.00372022339394386
3295,0.00372022339394386
3296,0.00372022339394386
3297,0.00372022339394386
3298,0.00372022339394386
3299,0.00372022339394386
3300,0.00372022339394386
3301,0.00372022339394386
3302,0.00372022339394386
3303,0.00372022339394386
3304,0.00372022339394386
3305,0.00372022339394386
3306,0.00372022339394386
3307,0.00372022339394386
3308,0.00372022339394386
3309,0.00372022339394386
3310,0.00372022339394386
3311,0.00372022339394386
3312,0.00372022339394386
3313,0.00372022339394386
3314,0.00372022339394386
3315,0.00372022339394386
3316,0.00372022339394386
3317,0.00372022339394386
3318,0.00372022339394386
3319,0.00372022339394386
3320,0.00372022339394386
3321,0.00372022339394386
3322,0.00372022339394386
3323,0.00372022339394386
3324,0.00372022339394386
3325,0.00372022339394386
3326,0.00372022339394386
3327,0.00372022339394386
3328,0.00372022339394386
3329,0.00372022339394386
3330,0.00372022339394386
3331,0.00372022339394386
3332,0.00372022339394386
3333,0.00372022339394386
3334,0.00372022339394386
3335,0.00372022339394386
3336,0.00372022339394386
3337,0.00372022339394386
3338,0.00372022339394386
3339,0.00372022339394386
3340,0.00372022339394386
3341,0.00372022339394386
3342,0.00372022339394386
3343,0.00372022339394386
3344,0.00372022339394386
3345,0.00372022339394386
3346,0.00372022339394386
3347,0.00372022339394386
3348,0.00372022339394386
3349,0.00372022339394386
3350,0.00372022339394386
3351,0.00372022339394386
3352,0.00372022339394386
3353,0.00372022339394386
3354,0.00372022339394386
3355,0.00372022339394386
3356,0.00372022339394386
3357,0.00372022339394386
3358,0.00372022339394386
3359,0.00372022339394386
3360,0.00372022339394386
3361,0.00372022339394386
3362,0.00372022339394386
3363,0.00372022339394386
3364,0.00372022339394386
3365,0.00372022339394386
3366,0.00372022339394386
3367,0.00372022339394386
3368,0.00372022339394386
3369,0.00372022339394386
3370,0.00372022339394386
3371,0.00372022339394386
3372,0.00372022339394386
3373,0.00372022339394386
3374,0.00372022339394386
3375,0.00372022339394386
3376,0.00372022339394386
3377,0.00372022339394386
3378,0.00372022339394386
3379,0.00372022339394386
3380,0.00372022339394386
3381,0.00372022339394386
3382,0.00372022339394386
3383,0.00372022339394386
3384,0.00372022339394386
3385,0.00372022339394386
3386,0.00372022339394386
3387,0.00372022339394386
3388,0.00372022339394386
3389,0.00372022339394386
3390,0.00372022339394386
3391,0.00372022339394386
3392,0.00372022339394386
3393,0.00372022339394386
3394,0.00372022339394386
3395,0.00372022339394386
3396,0.00372022339394386
3397,0.00372022339394386
3398,0.00372022339394386
3399,0.00372022339394386
3400,0.00372022339394386
3401,0.00372022339394386
3402,0.00372022339394386
3403,0.00372022339394386
3404,0.00372022339394386
3405,0.00372022339394386
3406,0.00372022339394386
3407,0.00372022339394386
3408,0.00372022339394386
3409,0.00372022339394386
3410,0.00372022339394386
3411,0.00372022339394386
3412,0.00372022339394386
3413,0.00372022339394386
3414,0.00372022339394386
3415,0.00372022339394386
3416,0.00372022339394386
3417,0.00372022339394386
3418,0.00372022339394386
3419,0.00372022339394386
3420,0.00372022339394386
3421,0.00372022339394386
3422,0.00372022339394386
3423,0.00372022339394386
3424,0.00372022339394386
3425,0.00372022339394386
3426,0.00372022339394386
3427,0.00372022339394386
3428,0.00372022339394386
3429,0.00372022339394386
3430,0.00372022339394386
3431,0.00372022339394386
3432,0.00372022339394386
3433,0.00372022339394386
3434,0.00372022339394386
3435,0.00372022339394386
3436,0.00372022339394386
3437,0.00372022339394386
3438,0.00372022339394386
3439,0.00372022339394386
3440,0.00372022339394386
3441,0.00372022339394386
3442,0.00372022339394386
3443,0.00372022339394386
3444,0.00372022339394386
3445,0.00372022339394386
3446,0.00372022339394386
3447,0.00372022339394386
3448,0.00372022339394386
3449,0.00372022339394386
3450,0.00372022339394386
3451,0.00372022339394386
3452,0.00372022339394386
3453,0.00372022339394386
3454,0.00372022339394386
3455,0.00372022339394386
3456,0.00372022339394386
3457,0.00372022339394386
3458,0.00372022339394386
3459,0.00372022339394386
3460,0.00372022339394386
3461,0.00372022339394386
3462,0.00372022339394386
3463,0.00372022339394386
3464,0.00372022339394386
3465,0.00372022339394386
3466,0.00372022339394386
3467,0.00372022339394386
3468,0.00372022339394386
3469,0.00372022339394386
3470,0.00372022339394386
3471,0.00372022339394386
3472,0.00372022339394386
3473,0.00372022339394386
3474,0.00372022339394386
3475,0.00372022339394386
3476,0.00372022339394386
3477,0.00372022339394386
3478,0.00372022339394386
3479,0.00372022339394386
3480,0.00372022339394386
3481,0.00372022339394386
3482,0.00372022339394386
3483,0.00372022339394386
3484,0.00372022339394386
3485,0.00372022339394386
3486,0.00372022339394386
3487,0.00372022339394386
3488,0.00372022339394386
3489,0.00372022339394386
3490,0.00372022339394386
3491,0.00372022339394386
3492,0.00372022339394386
3493,0.00372022339394386
3494,0.00372022339394386
3495,0.00372022339394386
3496,0.00372022339394386
3497,0.00372022339394386
3498,0.00372022339394386
3499,0.00372022339394386
3500,0.00372022339394386
3501,0.00372022339394386
3502,0.00372022339394386
3503,0.00372022339394386
3504,0.00372022339394386
3505,0.00372022339394386
3506,0.00372022339394386
3507,0.00372022339394386
3508,0.00372022339394386
3509,0.00372022339394386
3510,0.00372022339394386
3511,0.00372022339394386
3512,0.00372022339394386
3513,0.00372022339394386
3514,0.00372022339394386
3515,0.00372022339394386
3516,0.00372022339394386
3517,0.00372022339394386
3518,0.00372022339394386
3519,0.00372022339394386
3520,0.00372022339394386
3521,0.00372022339394386
3522,0.00372022339394386
3523,0.00372022339394386
3524,0.00372022339394386
3525,0.00372022339394386
3526,0.00372022339394386
3527,0.00372022339394386
3528,0.00372022339394386
3529,0.00372022339394386
3530,0.00372022339394386
3531,0.00372022339394386
3532,0.00372022339394386
3533,0.00372022339394386
3534,0.00372022339394386
3535,0.00372022339394386
3536,0.00372022339394386
3537,0.00372022339394386
3538,0.00372022339394386
3539,0.00372022339394386
3540,0.00372022339394386
3541,0.00372022339394386
3542,0.00372022339394386
3543,0.00372022339394386
3544,0.00372022339394386
3545,0.00372022339394386
3546,0.00372022339394386
3547,0.00372022339394386
3548,0.00372022339394386
3549,0.00372022339394386
3550,0.00372022339394386
3551,0.00372022339394386
3552,0.00372022339394386
3553,0.00372022339394386
3554,0.00372022339394386
3555,0.00372022339394386
3556,0.00372022339394386
3557,0.00372022339394386
3558,0.00372022339394386
3559,0.00372022339394386
3560,0.00372022339394386
3561,0.00372022339394386
3562,0.00372022339394386
3563,0.00372022339394386
3564,0.00372022339394386
3565,0.00372022339394386
3566,0.00372022339394386
3567,0.00372022339394386
3568,0.00372022339394386
3569,0.00372022339394386
3570,0.00372022339394386
3571,0.00372022339394386
3572,0.00372022339394386
3573,0.00372022339394386
3574,0.00372022339394386
3575,0.00372022339394386
3576,0.00372022339394386
3577,0.00372022339394386
3578,0.00372022339394386
3579,0.00372022339394386
3580,0.00372022339394386
3581,0.00372022339394386
3582,0.00372022339394386
3583,0.00372022339394386
3584,0.00372022339394386
3585,0.00372022339394386
3586,0.00372022339394386
3587,0.00372022339394386
3588,0.00372022339394386
3589,0.00372022339394386
3590,0.00372022339394386
3591,0.00372022339394386
3592,0.00372022339394386
3593,0.00372022339394386
3594,0.00372022339394386
3595,0.00372022339394386
3596,0.00372022339394386
3597,0.00372022339394386
3598,0.00372022339394386
3599,0.00372022339394386
3600,0.00372022339394386
3601,0.00372022339394386
3602,0.00372022339394386
3603,0.00372022339394386
3604,0.00372022339394386
3605,0.00372022339394386
3606,0.00372022339394386
3607,0.00372022339394386
3608,0.00372022339394386
3609,0.00372022339394386
3610,0.00372022339394386
3611,0.00372022339394386
3612,0.00372022339394386
3613,0.00372022339394386
3614,0.00372022339394386
3615,0.00372022339394386
3616,0.00372022339394386
3617,0.00372022339394386
3618,0.00372022339394386
3619,0.00372022339394386
3620,0.00372022339394386
3621,0.00372022339394386
3622,0.00372022339394386
3623,0.00372022339394386
3624,0.00372022339394386
3625,0.00372022339394386
3626,0.00372022339394386
3627,0.00372022339394386
3628,0.00372022339394386
3629,0.00372022339394386
3630,0.00372022339394386
3631,0.00372022339394386
3632,0.00372022339394386
3633,0.00372022339394386
3634,0.00372022339394386
3635,0.00372022339394386
3636,0.00372022339394386
3637,0.00372022339394386
3638,0.00372022339394386
3639,0.00372022339394386
3640,0.00372022339394386
3641,0.00372022339394386
3642,0.00372022339394386
3643,0.00372022339394386
3644,0.00372022339394386
3645,0.00372022339394386
3646,0.00372022339394386
3647,0.00372022339394386
3648,0.00372022339394386
3649,0.00372022339394386
3650,0.00372022339394386
3651,0.00372022339394386
3652,0.00372022339394386
3653,0.00372022339394386
3654,0.00372022339394386
3655,0.00372022339394386
3656,0.00372022339394386
3657,0.00372022339394386
3658,0.00372022339394386
3659,0.00372022339394386
3660,0.00372022339394386
3661,0.00372022339394386
3662,0.00372022339394386
3663,0.00372022339394386
3664,0.00372022339394386
3665,0.00372022339394386
3666,0.00372022339394386
3667,0.00372022339394386
3668,0.00372022339394386
3669,0.00372022339394386
3670,0.00372022339394386
3671,0.00372022339394386
3672,0.00372022339394386
3673,0.00372022339394386
3674,0.00372022339394386
3675,0.00372022339394386
3676,0.00372022339394386
3677,0.00372022339394386
3678,0.00372022339394386
3679,0.00372022339394386
3680,0.00372022339394386
3681,0.00372022339394386
3682,0.00372022339394386
3683,0.00372022339394386
3684,0.00372022339394386
3685,0.00372022339394386
3686,0.00372022339394386
3687,0.00372022339394386
3688,0.00372022339394386
3689,0.00372022339394386
3690,0.00372022339394386
3691,0.00372022339394386
3692,0.00372022339394386
3693,0.00372022339394386
3694,0.00372022339394386
3695,0.00372022339394386
3696,0.00372022339394386
3697,0.00372022339394386
3698,0.00372022339394386
3699,0.00372022339394386
3700,0.00372022339394386
3701,0.00372022339394386
3702,0.00372022339394386
3703,0.00372022339394386
3704,0.00372022339394386
3705,0.00372022339394386
3706,0.00372022339394386
3707,0.00372022339394386
3708,0.00372022339394386
3709,0.00372022339394386
3710,0.00372022339394386
3711,0.00372022339394386
3712,0.00372022339394386
3713,0.00372022339394386
3714,0.00372022339394386
3715,0.00372022339394386
3716,0.00372022339394386
3717,0.00372022339394386
3718,0.00372022339394386
3719,0.00372022339394386
3720,0.00372022339394386
3721,0.00372022339394386
3722,0.00372022339394386
3723,0.00372022339394386
3724,0.00372022339394386
3725,0.00372022339394386
3726,0.00372022339394386
3727,0.00372022339394386
3728,0.00372022339394386
3729,0.00372022339394386
3730,0.00372022339394386
3731,0.00372022339394386
3732,0.00372022339394386
3733,0.00372022339394386
3734,0.00372022339394386
3735,0.00372022339394386
3736,0.00372022339394386
3737,0.00372022339394386
3738,0.00372022339394386
3739,0.00372022339394386
3740,0.00372022339394386
3741,0.00372022339394386
3742,0.00372022339394386
3743,0.00372022339394386
3744,0.00372022339394386
3745,0.00372022339394386
3746,0.00372022339394386
3747,0.00372022339394386
3748,0.00372022339394386
3749,0.00372022339394386
3750,0.00372022339394386
3751,0.00372022339394386
3752,0.00372022339394386
3753,0.00372022339394386
3754,0.00372022339394386
3755,0.00372022339394386
3756,0.00372022339394386
3757,0.00372022339394386
3758,0.00372022339394386
3759,0.00372022339394386
3760,0.00372022339394386
3761,0.00372022339394386
3762,0.00372022339394386
3763,0.00372022339394386
3764,0.00372022339394386
3765,0.00372022339394386
3766,0.00372022339394386
3767,0.00372022339394386
3768,0.00372022339394386
3769,0.00372022339394386
3770,0.00372022339394386
3771,0.00372022339394386
3772,0.00372022339394386
3773,0.00372022339394386
3774,0.00372022339394386
3775,0.00372022339394386
3776,0.00372022339394386
3777,0.00372022339394386
3778,0.00372022339394386
3779,0.00372022339394386
3780,0.00372022339394386
3781,0.00372022339394386
3782,0.00372022339394386
3783,0.00372022339394386
3784,0.00372022339394386
3785,0.00372022339394386
3786,0.00372022339394386
3787,0.00372022339394386
3788,0.00372022339394386
3789,0.00372022339394386
3790,0.00372022339394386
3791,0.00372022339394386
3792,0.00372022339394386
3793,0.00372022339394386
3794,0.00372022339394386
3795,0.00372022339394386
3796,0.00372022339394386
3797,0.00372022339394386
3798,0.00372022339394386
3799,0.00372022339394386
3800,0.00372022339394386
3801,0.00372022339394386
3802,0.00372022339394386
3803,0.00372022339394386
3804,0.00372022339394386
3805,0.00372022339394386
3806,0.00372022339394386
3807,0.00372022339394386
3808,0.00372022339394386
3809,0.00372022339394386
3810,0.00372022339394386
3811,0.00372022339394386
3812,0.00372022339394386
3813,0.00372022339394386
3814,0.00372022339394386
3815,0.00372022339394386
3816,0.00372022339394386
3817,0.00372022339394386
3818,0.00372022339394386
3819,0.00372022339394386
3820,0.00372022339394386
3821,0.00372022339394386
3822,0.00372022339394386
3823,0.00372022339394386
3824,0.00372022339394386
3825,0.00372022339394386
3826,0.00372022339394386
3827,0.00372022339394386
3828,0.00372022339394386
3829,0.00372022339394386
3830,0.00372022339394386
3831,0.00372022339394386
3832,0.00372022339394386
3833,0.00372022339394386
3834,0.00372022339394386
3835,0.00372022339394386
3836,0.00372022339394386
3837,0.00372022339394386
3838,0.00372022339394386
3839,0.00372022339394386
3840,0.00372022339394386
3841,0.00372022339394386
3842,0.00372022339394386
3843,0.00372022339394386
3844,0.00372022339394386
3845,0.00372022339394386
3846,0.00372022339394386
3847,0.00372022339394386
3848,0.00372022339394386
3849,0.00372022339394386
3850,0.00372022339394386
3851,0.00372022339394386
3852,0.00372022339394386
3853,0.00372022339394386
3854,0.00372022339394386
3855,0.00372022339394386
3856,0.00372022339394386
3857,0.00372022339394386
3858,0.00372022339394386
3859,0.00372022339394386
3860,0.00372022339394386
3861,0.00372022339394386
3862,0.00372022339394386
3863,0.00372022339394386
3864,0.00372022339394386
3865,0.00372022339394386
3866,0.00372022339394386
3867,0.00372022339394386
3868,0.00372022339394386
3869,0.00372022339394386
3870,0.00372022339394386
3871,0.00372022339394386
3872,0.00372022339394386
3873,0.00372022339394386
3874,0.00372022339394386
3875,0.00372022339394386
3876,0.00372022339394386
3877,0.00372022339394386
3878,0.00372022339394386
3879,0.00372022339394386
3880,0.00372022339394386
3881,0.00372022339394386
3882,0.00372022339394386
3883,0.00372022339394386
3884,0.00372022339394386
3885,0.00372022339394386
3886,0.00372022339394386
3887,0.00372022339394386
3888,0.00372022339394386
3889,0.00372022339394386
3890,0.00372022339394386
3891,0.00372022339394386
3892,0.00372022339394386
3893,0.00372022339394386
3894,0.00372022339394386
3895,0.00372022339394386
3896,0.00372022339394386
3897,0.00372022339394386
3898,0.00372022339394386
3899,0.00372022339394386
3900,0.00372022339394386
3901,0.00372022339394386
3902,0.00372022339394386
3903,0.00372022339394386
3904,0.00372022339394386
3905,0.00372022339394386
3906,0.00372022339394386
3907,0.00372022339394386
3908,0.00372022339394386
3909,0.00372022339394386
3910,0.00372022339394386
3911,0.00372022339394386
3912,0.00372022339394386
3913,0.00372022339394386
3914,0.00372022339394386
3915,0.00372022339394386
3916,0.00372022339394386
3917,0.00372022339394386
3918,0.00372022339394386
3919,0.00372022339394386
3920,0.00372022339394386
3921,0.00372022339394386
3922,0.00372022339394386
3923,0.00372022339394386
3924,0.00372022339394386
3925,0.00372022339394386
3926,0.00372022339394386
3927,0.00372022339394386
3928,0.00372022339394386
3929,0.00372022339394386
3930,0.00372022339394386
3931,0.00372022339394386
3932,0.00372022339394386
3933,0.00372022339394386
3934,0.00372022339394386
3935,0.00372022339394386
3936,0.00372022339394386
3937,0.00372022339394386
3938,0.00372022339394386
3939,0.00372022339394386
3940,0.00372022339394386
3941,0.00372022339394386
3942,0.00372022339394386
3943,0.00372022339394386
3944,0.00372022339394386
3945,0.00372022339394386
3946,0.00372022339394386
3947,0.00372022339394386
3948,0.00372022339394386
3949,0.00372022339394386
3950,0.00372022339394386
3951,0.00372022339394386
3952,0.00372022339394386
3953,0.00372022339394386
3954,0.00372022339394386
3955,0.00372022339394386
3956,0.00372022339394386
3957,0.00372022339394386
3958,0.00372022339394386
3959,0.00372022339394386
3960,0.00372022339394386
3961,0.00372022339394386
3962,0.00372022339394386
3963,0.00372022339394386
3964,0.00372022339394386
3965,0.00372022339394386
3966,0.00372022339394386
3967,0.00372022339394386
3968,0.00372022339394386
3969,0.00372022339394386
3970,0.00372022339394386
3971,0.00372022339394386
3972,0.00372022339394386
3973,0.00372022339394386
3974,0.00372022339394386
3975,0.00372022339394386
3976,0.00372022339394386
3977,0.00372022339394386
3978,0.00372022339394386
3979,0.00372022339394386
3980,0.00372022339394386
3981,0.00372022339394386
3982,0.00372022339394386
3983,0.00372022339394386
3984,0.00372022339394386
3985,0.00372022339394386
3986,0.00372022339394386
3987,0.00372022339394386
3988,0.00372022339394386
3989,0.00372022339394386
3990,0.00372022339394386
3991,0.00372022339394386
3992,0.00372022339394386
3993,0.00372022339394386
3994,0.00372022339394386
3995,0.00372022339394386
3996,0.00372022339394386
3997,0.00372022339394386
3998,0.00372022339394386
3999,0.00372022339394386
4000,0.00372022339394386
4001,0.00372022339394386
4002,0.00372022339394386
4003,0.00372022339394386
4004,0.00372022339394386
4005,0.00372022339394386
4006,0.00372022339394386
4007,0.00372022339394386
4008,0.00372022339394386
4009,0.00372022339394386
4010,0.00372022339394386
4011,0.00372022339394386
4012,0.00372022339394386
4013,0.00372022339394386
4014,0.00372022339394386
4015,0.00372022339394386
4016,0.00372022339394386
4017,0.00372022339394386
4018,0.00372022339394386
4019,0.00372022339394386
4020,0.00372022339394386
4021,0.00372022339394386
4022,0.00372022339394386
4023,0.00372022339394386
4024,0.00372022339394386
4025,0.00372022339394386
4026,0.00372022339394386
4027,0.00372022339394386
4028,0.00372022339394386
4029,0.00372022339394386
4030,0.00372022339394386
4031,0.00372022339394386
4032,0.00372022339394386
4033,0.00372022339394386
4034,0.00372022339394386
4035,0.00372022339394386
4036,0.00372022339394386
4037,0.00372022339394386
4038,0.00372022339394386
4039,0.00372022339394386
4040,0.00372022339394386
4041,0.00372022339394386
4042,0.00372022339394386
4043,0.00372022339394386
4044,0.00372022339394386
4045,0.00372022339394386
4046,0.00372022339394386
4047,0.00372022339394386
4048,0.00372022339394386
4049,0.00372022339394386
4050,0.00372022339394386
4051,0.00372022339394386
4052,0.00372022339394386
4053,0.00372022339394386
4054,0.00372022339394386
4055,0.00372022339394386
4056,0.00372022339394386
4057,0.00372022339394386
4058,0.00372022339394386
4059,0.00372022339394386
4060,0.00372022339394386
4061,0.00372022339394386
4062,0.00372022339394386
4063,0.00372022339394386
4064,0.00372022339394386
4065,0.00372022339394386
4066,0.00372022339394386
4067,0.00372022339394386
4068,0.00372022339394386
4069,0.00372022339394386
4070,0.00372022339394386
4071,0.00372022339394386
4072,0.00372022339394386
4073,0.00372022339394386
4074,0.00372022339394386
4075,0.00372022339394386
4076,0.00372022339394386
4077,0.00372022339394386
4078,0.00372022339394386
4079,0.00372022339394386
4080,0.00372022339394386
4081,0.00372022339394386
4082,0.00372022339394386
4083,0.00372022339394386
4084,0.00372022339394386
4085,0.00372022339394386
4086,0.00372022339394386
4087,0.00372022339394386
4088,0.00372022339394386
4089,0.00372022339394386
4090,0.00372022339394386
4091,0.00372022339394386
4092,0.00372022339394386
4093,0.00372022339394386
4094,0.00372022339394386
4095,0.00372022339394386
4096,0.00372022339394386
4097,0.00372022339394386
4098,0.00372022339394386
4099,0.00372022339394386
4100,0.00372022339394386
4101,0.00372022339394386
4102,0.00372022339394386
4103,0.00372022339394386
4104,0.00372022339394386
4105,0.00372022339394386
4106,0.00372022339394386
4107,0.00372022339394386
4108,0.00372022339394386
4109,0.00372022339394386
4110,0.00372022339394386
4111,0.00372022339394386
4112,0.00372022339394386
4113,0.00372022339394386
4114,0.00372022339394386
4115,0.00372022339394386
4116,0.00372022339394386
4117,0.00372022339394386
4118,0.00372022339394386
4119,0.00372022339394386
4120,0.00372022339394386
4121,0.00372022339394386
4122,0.00372022339394386
4123,0.00372022339394386
4124,0.00372022339394386
4125,0.00372022339394386
4126,0.00372022339394386
4127,0.00372022339394386
4128,0.00372022339394386
4129,0.00372022339394386
4130,0.00372022339394386
4131,0.00372022339394386
4132,0.00372022339394386
4133,0.00372022339394386
4134,0.00372022339394386
4135,0.00372022339394386
4136,0.00372022339394386
4137,0.00372022339394386
4138,0.00372022339394386
4139,0.00372022339394386
4140,0.00372022339394386
4141,0.00372022339394386
4142,0.00372022339394386
4143,0.00372022339394386
4144,0.00372022339394386
4145,0.00372022339394386
4146,0.00372022339394386
4147,0.00372022339394386
4148,0.00372022339394386
4149,0.00372022339394386
4150,0.00372022339394386
4151,0.00372022339394386
4152,0.00372022339394386
4153,0.00372022339394386
4154,0.00372022339394386
4155,0.00372022339394386
4156,0.00372022339394386
4157,0.00372022339394386
4158,0.00372022339394386
4159,0.00372022339394386
4160,0.00372022339394386
4161,0.00372022339394386
4162,0.00372022339394386
4163,0.00372022339394386
4164,0.00372022339394386
4165,0.00372022339394386
4166,0.00372022339394386
4167,0.00372022339394386
4168,0.00372022339394386
4169,0.00372022339394386
4170,0.00372022339394386
4171,0.00372022339394386
4172,0.00372022339394386
4173,0.00372022339394386
4174,0.00372022339394386
4175,0.00372022339394386
4176,0.00372022339394386
4177,0.00372022339394386
4178,0.00372022339394386
4179,0.00372022339394386
4180,0.00372022339394386
4181,0.00372022339394386
4182,0.00372022339394386
4183,0.00372022339394386
4184,0.00372022339394386
4185,0.00372022339394386
4186,0.00372022339394386
4187,0.00372022339394386
4188,0.00372022339394386
4189,0.00372022339394386
4190,0.00372022339394386
4191,0.00372022339394386
4192,0.00372022339394386
4193,0.00372022339394386
4194,0.00372022339394386
4195,0.00372022339394386
4196,0.00372022339394386
4197,0.00372022339394386
4198,0.00372022339394386
4199,0.00372022339394386
4200,0.00372022339394386
4201,0.00372022339394386
4202,0.00372022339394386
4203,0.00372022339394386
4204,0.00372022339394386
4205,0.00372022339394386
4206,0.00372022339394386
4207,0.00372022339394386
4208,0.00372022339394386
4209,0.00372022339394386
4210,0.00372022339394386
4211,0.00372022339394386
4212,0.00372022339394386
4213,0.00372022339394386
4214,0.00372022339394386
4215,0.00372022339394386
4216,0.00372022339394386
4217,0.00372022339394386
4218,0.00372022339394386
4219,0.00372022339394386
4220,0.00372022339394386
4221,0.00372022339394386
4222,0.00372022339394386
4223,0.00372022339394386
4224,0.00372022339394386
4225,0.00372022339394386
4226,0.00372022339394386
4227,0.00372022339394386
4228,0.00372022339394386
4229,0.00372022339394386
4230,0.00372022339394386
4231,0.00372022339394386
4232,0.00372022339394386
4233,0.00372022339394386
4234,0.00372022339394386
4235,0.00372022339394386
4236,0.00372022339394386
4237,0.00372022339394386
4238,0.00372022339394386
4239,0.00372022339394386
4240,0.00372022339394386
4241,0.00372022339394386
4242,0.00372022339394386
4243,0.00372022339394386
4244,0.00372022339394386
4245,0.00372022339394386
4246,0.00372022339394386
4247,0.00372022339394386
4248,0.00372022339394386
4249,0.00372022339394386
4250,0.00372022339394386
4251,0.00372022339394386
4252,0.00372022339394386
4253,0.00372022339394386
4254,0.00372022339394386
4255,0.00372022339394386
4256,0.00372022339394386
4257,0.00372022339394386
4258,0.00372022339394386
4259,0.00372022339394386
4260,0.00372022339394386
4261,0.00372022339394386
4262,0.00372022339394386
4263,0.00372022339394386
4264,0.00372022339394386
4265,0.00372022339394386
4266,0.00372022339394386
4267,0.00372022339394386
4268,0.00372022339394386
4269,0.00372022339394386
4270,0.00372022339394386
4271,0.00372022339394386
4272,0.00372022339394386
4273,0.00372022339394386
4274,0.00372022339394386
4275,0.00372022339394386
4276,0.00372022339394386
4277,0.00372022339394386
4278,0.00372022339394386
4279,0.00372022339394386
4280,0.00372022339394386
4281,0.00372022339394386
4282,0.00372022339394386
4283,0.00372022339394386
4284,0.00372022339394386
4285,0.00372022339394386
4286,0.00372022339394386
4287,0.00372022339394386
4288,0.00372022339394386
4289,0.00372022339394386
4290,0.00372022339394386
4291,0.00372022339394386
4292,0.00372022339394386
4293,0.00372022339394386
4294,0.00372022339394386
4295,0.00372022339394386
4296,0.00372022339394386
4297,0.00372022339394386
4298,0.00372022339394386
4299,0.00372022339394386
4300,0.00372022339394386
4301,0.00372022339394386
4302,0.00372022339394386
4303,0.00372022339394386
4304,0.00372022339394386
4305,0.00372022339394386
4306,0.00372022339394386
4307,0.00372022339394386
4308,0.00372022339394386
4309,0.00372022339394386
4310,0.00372022339394386
4311,0.00372022339394386
4312,0.00372022339394386
4313,0.00372022339394386
4314,0.00372022339394386
4315,0.00372022339394386
4316,0.00372022339394386
4317,0.00372022339394386
4318,0.00372022339394386
4319,0.00372022339394386
4320,0.00372022339394386
4321,0.00372022339394386
4322,0.00372022339394386
4323,0.00372022339394386
4324,0.00372022339394386
4325,0.00372022339394386
4326,0.00372022339394386
4327,0.00372022339394386
4328,0.00372022339394386
4329,0.00372022339394386
4330,0.00372022339394386
4331,0.00372022339394386
4332,0.00372022339394386
4333,0.00372022339394386
4334,0.00372022339394386
4335,0.00372022339394386
4336,0.00372022339394386
4337,0.00372022339394386
4338,0.00372022339394386
4339,0.00372022339394386
4340,0.00372022339394386
4341,0.00372022339394386
4342,0.00372022339394386
4343,0.00372022339394386
4344,0.00372022339394386
4345,0.00372022339394386
4346,0.00372022339394386
4347,0.00372022339394386
4348,0.00372022339394386
4349,0.00372022339394386
4350,0.00372022339394386
4351,0.00372022339394386
4352,0.00372022339394386
4353,0.00372022339394386
4354,0.00372022339394386
4355,0.00372022339394386
4356,0.00372022339394386
4357,0.00372022339394386
4358,0.00372022339394386
4359,0.00372022339394386
4360,0.00372022339394386
4361,0.00372022339394386
4362,0.00372022339394386
4363,0.00372022339394386
4364,0.00372022339394386
4365,0.00372022339394386
4366,0.00372022339394386
4367,0.00372022339394386
4368,0.00372022339394386
4369,0.00372022339394386
4370,0.00372022339394386
4371,0.00372022339394386
4372,0.00372022339394386
4373,0.00372022339394386
4374,0.00372022339394386
4375,0.00372022339394386
4376,0.00372022339394386
4377,0.00372022339394386
4378,0.00372022339394386
4379,0.00372022339394386
4380,0.00372022339394386
4381,0.00372022339394386
4382,0.00372022339394386
4383,0.00372022339394386
4384,0.00372022339394386
4385,0.00372022339394386
4386,0.00372022339394386
4387,0.00372022339394386
4388,0.00372022339394386
4389,0.00372022339394386
4390,0.00372022339394386
4391,0.00372022339394386
4392,0.00372022339394386
4393,0.00372022339394386
4394,0.00372022339394386
4395,0.00372022339394386
4396,0.00372022339394386
4397,0.00372022339394386
4398,0.00372022339394386
4399,0.00372022339394386
4400,0.00372022339394386
4401,0.00372022339394386
4402,0.00372022339394386
4403,0.00372022339394386
4404,0.00372022339394386
4405,0.00372022339394386
4406,0.00372022339394386
4407,0.00372022339394386
4408,0.00372022339394386
4409,0.00372022339394386
4410,0.00372022339394386
4411,0.00372022339394386
4412,0.00372022339394386
4413,0.00372022339394386
4414,0.00372022339394386
4415,0.00372022339394386
4416,0.00372022339394386
4417,0.00372022339394386
4418,0.00372022339394386
4419,0.00372022339394386
4420,0.00372022339394386
4421,0.00372022339394386
4422,0.00372022339394386
4423,0.00372022339394386
4424,0.00372022339394386
4425,0.00372022339394386
4426,0.00372022339394386
4427,0.00372022339394386
4428,0.00372022339394386
4429,0.00372022339394386
4430,0.00372022339394386
4431,0.00372022339394386
4432,0.00372022339394386
4433,0.00372022339394386
4434,0.00372022339394386
4435,0.00372022339394386
4436,0.00372022339394386
4437,0.00372022339394386
4438,0.00372022339394386
4439,0.00372022339394386
4440,0.00372022339394386
4441,0.00372022339394386
4442,0.00372022339394386
4443,0.00372022339394386
4444,0.00372022339394386
4445,0.00372022339394386
4446,0.00372022339394386
4447,0.00372022339394386
4448,0.00372022339394386
4449,0.00372022339394386
4450,0.00372022339394386
4451,0.00372022339394386
4452,0.00372022339394386
4453,0.00372022339394386
4454,0.00372022339394386
4455,0.00372022339394386
4456,0.00372022339394386
4457,0.00372022339394386
4458,0.00372022339394386
4459,0.00372022339394386
4460,0.00372022339394386
4461,0.00372022339394386
4462,0.00372022339394386
4463,0.00372022339394386
4464,0.00372022339394386
4465,0.00372022339394386
4466,0.00372022339394386
4467,0.00372022339394386
4468,0.00372022339394386
4469,0.00372022339394386
4470,0.00372022339394386
4471,0.00372022339394386
4472,0.00372022339394386
4473,0.00372022339394386
4474,0.00372022339394386
4475,0.00372022339394386
4476,0.00372022339394386
4477,0.00372022339394386
4478,0.00372022339394386
4479,0.00372022339394386
4480,0.00372022339394386
4481,0.00372022339394386
4482,0.00372022339394386
4483,0.00372022339394386
4484,0.00372022339394386
4485,0.00372022339394386
4486,0.00372022339394386
4487,0.00372022339394386
4488,0.00372022339394386
4489,0.00372022339394386
4490,0.00372022339394386
4491,0.00372022339394386
4492,0.00372022339394386
4493,0.00372022339394386
4494,0.00372022339394386
4495,0.00372022339394386
4496,0.00372022339394386
4497,0.00372022339394386
4498,0.00372022339394386
4499,0.00372022339394386
4500,0.00372022339394386
4501,0.00372022339394386
4502,0.00372022339394386
4503,0.00372022339394386
4504,0.00372022339394386
4505,0.00372022339394386
4506,0.00372022339394386
4507,0.00372022339394386
4508,0.00372022339394386
4509,0.00372022339394386
4510,0.00372022339394386
4511,0.00372022339394386
4512,0.00372022339394386
4513,0.00372022339394386
4514,0.00372022339394386
4515,0.00372022339394386
4516,0.00372022339394386
4517,0.00372022339394386
4518,0.00372022339394386
4519,0.00372022339394386
4520,0.00372022339394386
4521,0.00372022339394386
4522,0.00372022339394386
4523,0.00372022339394386
4524,0.00372022339394386
4525,0.00372022339394386
4526,0.00372022339394386
4527,0.00372022339394386
4528,0.00372022339394386
4529,0.00372022339394386
4530,0.00372022339394386
4531,0.00372022339394386
4532,0.00372022339394386
4533,0.00372022339394386
4534,0.00372022339394386
4535,0.00372022339394386
4536,0.00372022339394386
4537,0.00372022339394386
4538,0.00372022339394386
4539,0.00372022339394386
4540,0.00372022339394386
4541,0.00372022339394386
4542,0.00372022339394386
4543,0.00372022339394386
4544,0.00372022339394386
4545,0.00372022339394386
4546,0.00372022339394386
4547,0.00372022339394386
4548,0.00372022339394386
4549,0.00372022339394386
4550,0.00372022339394386
4551,0.00372022339394386
4552,0.00372022339394386
4553,0.00372022339394386
4554,0.00372022339394386
4555,0.00372022339394386
4556,0.00372022339394386
4557,0.00372022339394386
4558,0.00372022339394386
4559,0.00372022339394386
4560,0.00372022339394386
4561,0.00372022339394386
4562,0.00372022339394386
4563,0.00372022339394386
4564,0.00372022339394386
4565,0.00372022339394386
4566,0.00372022339394386
4567,0.00372022339394386
4568,0.00372022339394386
4569,0.00372022339394386
4570,0.00372022339394386
4571,0.00372022339394386
4572,0.00372022339394386
4573,0.00372022339394386
4574,0.00372022339394386
4575,0.00372022339394386
4576,0.00372022339394386
4577,0.00372022339394386
4578,0.00372022339394386
4579,0.00372022339394386
4580,0.00372022339394386
4581,0.00372022339394386
4582,0.00372022339394386
4583,0.00372022339394386
4584,0.00372022339394386
4585,0.00372022339394386
4586,0.00372022339394386
4587,0.00372022339394386
4588,0.00372022339394386
4589,0.00372022339394386
4590,0.00372022339394386
4591,0.00372022339394386
4592,0.00372022339394386
4593,0.00372022339394386
4594,0.00372022339394386
4595,0.00372022339394386
4596,0.00372022339394386
4597,0.00372022339394386
4598,0.00372022339394386
4599,0.00372022339394386
4600,0.00372022339394386
4601,0.00372022339394386
4602,0.00372022339394386
4603,0.00372022339394386
4604,0.00372022339394386
4605,0.00372022339394386
4606,0.00372022339394386
4607,0.00372022339394386
4608,0.00372022339394386
4609,0.00372022339394386
4610,0.00372022339394386
4611,0.00372022339394386
4612,0.00372022339394386
4613,0.00372022339394386
4614,0.00372022339394386
4615,0.00372022339394386
4616,0.00372022339394386
4617,0.00372022339394386
4618,0.00372022339394386
4619,0.00372022339394386
4620,0.00372022339394386
4621,0.00372022339394386
4622,0.00372022339394386
4623,0.00372022339394386
4624,0.00372022339394386
4625,0.00372022339394386
4626,0.00372022339394386
4627,0.00372022339394386
4628,0.00372022339394386
4629,0.00372022339394386
4630,0.00372022339394386
4631,0.00372022339394386
4632,0.00372022339394386
4633,0.00372022339394386
4634,0.00372022339394386
4635,0.00372022339394386
4636,0.00372022339394386
4637,0.00372022339394386
4638,0.00372022339394386
4639,0.00372022339394386
4640,0.00372022339394386
4641,0.00372022339394386
4642,0.00372022339394386
4643,0.00372022339394386
4644,0.00372022339394386
4645,0.00372022339394386
4646,0.00372022339394386
4647,0.00372022339394386
4648,0.00372022339394386
4649,0.00372022339394386
4650,0.00372022339394386
4651,0.00372022339394386
4652,0.00372022339394386
4653,0.00372022339394386
4654,0.00372022339394386
4655,0.00372022339394386
4656,0.00372022339394386
4657,0.00372022339394386
4658,0.00372022339394386
4659,0.00372022339394386
4660,0.00372022339394386
4661,0.00372022339394386
4662,0.00372022339394386
4663,0.00372022339394386
4664,0.00372022339394386
4665,0.00372022339394386
4666,0.00372022339394386
4667,0.00372022339394386
4668,0.00372022339394386
4669,0.00372022339394386
4670,0.00372022339394386
4671,0.00372022339394386
4672,0.00372022339394386
4673,0.00372022339394386
4674,0.00372022339394386
4675,0.00372022339394386
4676,0.00372022339394386
4677,0.00372022339394386
4678,0.00372022339394386
4679,0.00372022339394386
4680,0.00372022339394386
4681,0.00372022339394386
4682,0.00372022339394386
4683,0.00372022339394386
4684,0.00372022339394386
4685,0.00372022339394386
4686,0.00372022339394386
4687,0.00372022339394386
4688,0.00372022339394386
4689,0.00372022339394386
4690,0.00372022339394386
4691,0.00372022339394386
4692,0.00372022339394386
4693,0.00372022339394386
4694,0.00372022339394386
4695,0.00372022339394386
4696,0.00372022339394386
4697,0.00372022339394386
4698,0.00372022339394386
4699,0.00372022339394386
4700,0.00372022339394386
4701,0.00372022339394386
4702,0.00372022339394386
4703,0.00372022339394386
4704,0.00372022339394386
4705,0.00372022339394386
4706,0.00372022339394386
4707,0.00372022339394386
4708,0.00372022339394386
4709,0.00372022339394386
4710,0.00372022339394386
4711,0.00372022339394386
4712,0.00372022339394386
4713,0.00372022339394386
4714,0.00372022339394386
4715,0.00372022339394386
4716,0.00372022339394386
4717,0.00372022339394386
4718,0.00372022339394386
4719,0.00372022339394386
4720,0.00372022339394386
4721,0.00372022339394386
4722,0.00372022339394386
4723,0.00372022339394386
4724,0.00372022339394386
4725,0.00372022339394386
4726,0.00372022339394386
4727,0.00372022339394386
4728,0.00372022339394386
4729,0.00372022339394386
4730,0.00372022339394386
4731,0.00372022339394386
4732,0.00372022339394386
4733,0.00372022339394386
4734,0.00372022339394386
4735,0.00372022339394386
4736,0.00372022339394386
4737,0.00372022339394386
4738,0.00372022339394386
4739,0.00372022339394386
4740,0.00372022339394386
4741,0.00372022339394386
4742,0.00372022339394386
4743,0.00372022339394386
4744,0.00372022339394386
4745,0.00372022339394386
4746,0.00372022339394386
4747,0.00372022339394386
4748,0.00372022339394386
4749,0.00372022339394386
4750,0.00372022339394386
4751,0.00372022339394386
4752,0.00372022339394386
4753,0.00372022339394386
4754,0.00372022339394386
4755,0.00372022339394386
4756,0.00372022339394386
4757,0.00372022339394386
4758,0.00372022339394386
4759,0.00372022339394386
4760,0.00372022339394386
4761,0.00372022339394386
4762,0.00372022339394386
4763,0.00372022339394386
4764,0.00372022339394386
4765,0.00372022339394386
4766,0.00372022339394386
4767,0.00372022339394386
4768,0.00372022339394386
4769,0.00372022339394386
4770,0.00372022339394386
4771,0.00372022339394386
4772,0.00372022339394386
4773,0.00372022339394386
4774,0.00372022339394386
4775,0.00372022339394386
4776,0.00372022339394386
4777,0.00372022339394386
4778,0.00372022339394386
4779,0.00372022339394386
4780,0.00372022339394386
4781,0.00372022339394386
4782,0.00372022339394386
4783,0.00372022339394386
4784,0.00372022339394386
4785,0.00372022339394386
4786,0.00372022339394386
4787,0.00372022339394386
4788,0.00372022339394386
4789,0.00372022339394386
4790,0.00372022339394386
4791,0.00372022339394386
4792,0.00372022339394386
4793,0.00372022339394386
4794,0.00372022339394386
4795,0.00372022339394386
4796,0.00372022339394386
4797,0.00372022339394386
4798,0.00372022339394386
4799,0.00372022339394386
4800,0.00372022339394386
4801,0.00372022339394386
4802,0.00372022339394386
4803,0.00372022339394386
4804,0.00372022339394386
4805,0.00372022339394386
4806,0.00372022339394386
4807,0.00372022339394386
4808,0.00372022339394386
4809,0.00372022339394386
4810,0.00372022339394386
4811,0.00372022339394386
4812,0.00372022339394386
4813,0.00372022339394386
4814,0.00372022339394386
4815,0.00372022339394386
4816,0.00372022339394386
4817,0.00372022339394386
4818,0.00372022339394386
4819,0.00372022339394386
4820,0.00372022339394386
4821,0.00372022339394386
4822,0.00372022339394386
4823,0.00372022339394386
4824,0.00372022339394386
4825,0.00372022339394386
4826,0.00372022339394386
4827,0.00372022339394386
4828,0.00372022339394386
4829,0.00372022339394386
4830,0.00372022339394386
4831,0.00372022339394386
4832,0.00372022339394386
4833,0.00372022339394386
4834,0.00372022339394386
4835,0.00372022339394386
4836,0.00372022339394386
4837,0.00372022339394386
4838,0.00372022339394386
4839,0.00372022339394386
4840,0.00372022339394386
4841,0.00372022339394386
4842,0.00372022339394386
4843,0.00372022339394386
4844,0.00372022339394386
4845,0.00372022339394386
4846,0.00372022339394386
4847,0.00372022339394386
4848,0.00372022339394386
4849,0.00372022339394386
4850,0.00372022339394386
4851,0.00372022339394386
4852,0.00372022339394386
4853,0.00372022339394386
4854,0.00372022339394386
4855,0.00372022339394386
4856,0.00372022339394386
4857,0.00372022339394386
4858,0.00372022339394386
4859,0.00372022339394386
4860,0.00372022339394386
4861,0.00372022339394386
4862,0.00372022339394386
4863,0.00372022339394386
4864,0.00372022339394386
4865,0.00372022339394386
4866,0.00372022339394386
4867,0.00372022339394386
4868,0.00372022339394386
4869,0.00372022339394386
4870,0.00372022339394386
4871,0.00372022339394386
4872,0.00372022339394386
4873,0.00372022339394386
4874,0.00372022339394386
4875,0.00372022339394386
4876,0.00372022339394386
4877,0.00372022339394386
4878,0.00372022339394386
4879,0.00372022339394386
4880,0.00372022339394386
4881,0.00372022339394386
4882,0.00372022339394386
4883,0.00372022339394386
4884,0.00372022339394386
4885,0.00372022339394386
4886,0.00372022339394386
4887,0.00372022339394386
4888,0.00372022339394386
4889,0.00372022339394386
4890,0.00372022339394386
4891,0.00372022339394386
4892,0.00372022339394386
4893,0.00372022339394386
4894,0.00372022339394386
4895,0.00372022339394386
4896,0.00372022339394386
4897,0.00372022339394386
4898,0.00372022339394386
4899,0.00372022339394386
4900,0.00372022339394386
4901,0.00372022339394386
4902,0.00372022339394386
4903,0.00372022339394386
4904,0.00372022339394386
4905,0.00372022339394386
4906,0.00372022339394386
4907,0.00372022339394386
4908,0.00372022339394386
4909,0.00372022339394386
4910,0.00372022339394386
4911,0.00372022339394386
4912,0.00372022339394386
4913,0.00372022339394386
4914,0.00372022339394386
4915,0.00372022339394386
4916,0.00372022339394386
4917,0.00372022339394386
4918,0.00372022339394386
4919,0.00372022339394386
4920,0.00372022339394386
4921,0.00372022339394386
4922,0.00372022339394386
4923,0.00372022339394386
4924,0.00372022339394386
4925,0.00372022339394386
4926,0.00372022339394386
4927,0.00372022339394386
4928,0.00372022339394386
4929,0.00372022339394386
4930,0.00372022339394386
4931,0.00372022339394386
4932,0.00372022339394386
4933,0.00372022339394386
4934,0.00372022339394386
4935,0.00372022339394386
4936,0.00372022339394386
4937,0.00372022339394386
4938,0.00372022339394386
4939,0.00372022339394386
4940,0.00372022339394386
4941,0.00372022339394386
4942,0.00372022339394386
4943,0.00372022339394386
4944,0.00372022339394386
4945,0.00372022339394386
4946,0.00372022339394386
4947,0.00372022339394386
4948,0.00372022339394386
4949,0.00372022339394386
4950,0.00372022339394386
4951,0.00372022339394386
4952,0.00372022339394386
4953,0.00372022339394386
4954,0.00372022339394386
4955,0.0035146346509389082
4956,0.0035146346509389082
4957,0.0035146346509389082
4958,0.0035146346509389082
4959,0.0035146346509389082
4960,0.0035146346509389082
4961,0.0035146346509389082
4962,0.0035146346509389082
4963,0.0035146346509389082
4964,0.0035146346509389082
4965,0.0035146346509389082
4966,0.0035146346509389082
4967,0.0035146346509389082
4968,0.0035146346509389082
4969,0.0035146346509389082
4970,0.0035146346509389082
4971,0.0035146346509389082
4972,0.0035146346509389082
4973,0.0035146346509389082
4974,0.0035146346509389082
4975,0.0035146346509389082
4976,0.0035146346509389082
4977,0.0035146346509389082
4978,0.0035146346509389082
4979,0.0035146346509389082
4980,0.0035146346509389082
4981,0.0035146346509389082
4982,0.0035146346509389082
4983,0.0035146346509389082
4984,0.0035146346509389082
4985,0.0035146346509389082
4986,0.0035146346509389082
4987,0.0035146346509389082
4988,0.0035146346509389082
4989,0.0035146346509389082
4990,0.0035146346509389082
4991,0.0035146346509389082
4992,0.0035146346509389082
4993,0.0035146346509389082
4994,0.0035146346509389082
4995,0.0035146346509389082
4996,0.0035146346509389082
4997,0.0035146346509389082
4998,0.0035146346509389082
4999,0.0035146346509389082
5000,0.0035146346509389082
5001,0.0035146346509389082
5002,0.0035146346509389082
5003,0.0035146346509389082
5004,0.0035146346509389082
5005,0.0035146346509389082
5006,0.0035146346509389082
5007,0.0035146346509389082
5008,0.0035146346509389082
5009,0.0035146346509389082
5010,0.0035146346509389082
5011,0.0035146346509389082
5012,0.0035146346509389082
5013,0.0035146346509389082
5014,0.0035146346509389082
5015,0.0035146346509389082
5016,0.0035146346509389082
5017,0.0035146346509389082
5018,0.0035146346509389082
5019,0.0035146346509389082
5020,0.0035146346509389082
5021,0.0035146346509389082
5022,0.0035146346509389082
5023,0.0035146346509389082
5024,0.0035146346509389082
5025,0.0035146346509389082
5026,0.0035146346509389082
5027,0.0035146346509389082
5028,0.0035146346509389082
5029,0.0035146346509389082
5030,0.0035146346509389082
5031,0.0035146346509389082
5032,0.0035146346509389082
5033,0.0035146346509389082
5034,0.0035146346509389082
5035,0.0035146346509389082
5036,0.0035146346509389082
5037,0.0035146346509389082
5038,0.0035146346509389082
5039,0.0035146346509389082
5040,0.0035146346509389082
5041,0.0035146346509389082
5042,0.0035146346509389082
5043,0.0035146346509389082
5044,0.0035146346509389082
5045,0.0035146346509389082
5046,0.0035146346509389082
5047,0.0035146346509389082
5048,0.0035146346509389082
5049,0.0035146346509389082
5050,0.0035146346509389082
5051,0.0035146346509389082
5052,0.0035146346509389082
5053,0.0035146346509389082
5054,0.0035146346509389082
5055,0.0035146346509389082
5056,0.0035146346509389082
5057,0.0035146346509389082
5058,0.0035146346509389082
5059,0.0035146346509389082
5060,0.0035146346509389082
5061,0.0035146346509389082
5062,0.0035146346509389082
5063,0.0035146346509389082
5064,0.0035146346509389082
5065,0.0035146346509389082
5066,0.0035146346509389082
5067,0.0035146346509389082
5068,0.0035146346509389082
5069,0.0035146346509389082
5070,0.0035146346509389082
5071,0.0035146346509389082
5072,0.0035146346509389082
5073,0.0035146346509389082
5074,0.0035146346509389082
5075,0.0035146346509389082
5076,0.0035146346509389082
5077,0.0035146346509389082
5078,0.0035146346509389082
5079,0.0035146346509389082
5080,0.0035146346509389082
5081,0.0035146346509389082
5082,0.0035146346509389082
5083,0.0035146346509389082
5084,0.0035146346509389082
5085,0.0035146346509389082
5086,0.0035146346509389082
5087,0.0035146346509389082
5088,0.0035146346509389082
5089,0.0035146346509389082
5090,0.0035146346509389082
5091,0.0035146346509389082
5092,0.0035146346509389082
5093,0.0035146346509389082
5094,0.0035146346509389082
5095,0.0035146346509389082
5096,0.0035146346509389082
5097,0.0035146346509389082
5098,0.0035146346509389082
5099,0.0035146346509389082
5100,0.0035146346509389082
5101,0.0035146346509389082
5102,0.0035146346509389082
5103,0.0035146346509389082
5104,0.0035146346509389082
5105,0.0035146346509389082
5106,0.0035146346509389082
5107,0.0035146346509389082
5108,0.0035146346509389082
5109,0.0035146346509389082
5110,0.0035146346509389082
5111,0.0035146346509389082
5112,0.0035146346509389082
5113,0.0035146346509389082
5114,0.0035146346509389082
5115,0.0035146346509389082
5116,0.0035146346509389082
5117,0.0035146346509389082
5118,0.0035146346509389082
5119,0.0035146346509389082
5120,0.0035146346509389082
5121,0.0035146346509389082
5122,0.0035146346509389082
5123,0.0035146346509389082
5124,0.0035146346509389082
5125,0.0035146346509389082
5126,0.0035146346509389082
5127,0.0035146346509389082
5128,0.0035146346509389082
5129,0.0035146346509389082
5130,0.0035146346509389082
5131,0.0035146346509389082
5132,0.0035146346509389082
5133,0.0035146346509389082
5134,0.0035146346509389082
5135,0.0035146346509389082
5136,0.0035146346509389082
5137,0.0035146346509389082
5138,0.0035146346509389082
5139,0.0035146346509389082
5140,0.0035146346509389082
5141,0.0035146346509389082
5142,0.0035146346509389082
5143,0.0035146346509389082
5144,0.0035146346509389082
5145,0.0035146346509389082
5146,0.0035146346509389082
5147,0.0035146346509389082
5148,0.0035146346509389082
5149,0.0035146346509389082
5150,0.0035146346509389082
5151,0.0035146346509389082
5152,0.0035146346509389082
5153,0.0035146346509389082
5154,0.0035146346509389082
5155,0.0035146346509389082
5156,0.0035146346509389082
5157,0.0035146346509389082
5158,0.0035146346509389082
5159,0.0035146346509389082
5160,0.0035146346509389082
5161,0.0035146346509389082
5162,0.0035146346509389082
5163,0.0035146346509389082
5164,0.0035146346509389082
5165,0.0035146346509389082
5166,0.0035146346509389082
5167,0.0035146346509389082
5168,0.0035146346509389082
5169,0.0035146346509389082
5170,0.0035146346509389082
5171,0.0035146346509389082
5172,0.0035146346509389082
5173,0.0035146346509389082
5174,0.0035146346509389082
5175,0.0035146346509389082
5176,0.0035146346509389082
5177,0.0035146346509389082
5178,0.0035146346509389082
5179,0.0035146346509389082
5180,0.0035146346509389082
5181,0.0035146346509389082
5182,0.0035146346509389082
5183,0.0035146346509389082
5184,0.0035146346509389082
5185,0.0035146346509389082
5186,0.0035146346509389082
5187,0.0035146346509389082
5188,0.0035146346509389082
5189,0.0035146346509389082
5190,0.0035146346509389082
5191,0.0035146346509389082
5192,0.0035146346509389082
5193,0.0035146346509389082
5194,0.0035146346509389082
5195,0.0035146346509389082
5196,0.0035146346509389082
5197,0.0035146346509389082
5198,0.0035146346509389082
5199,0.0035146346509389082
5200,0.0035146346509389082
5201,0.0035146346509389082
5202,0.0035146346509389082
5203,0.0035146346509389082
5204,0.0035146346509389082
5205,0.0035146346509389082
5206,0.0035146346509389082
5207,0.0035146346509389082
5208,0.0035146346509389082
5209,0.0035146346509389082
5210,0.0035146346509389082
5211,0.0035146346509389082
5212,0.0035146346509389082
5213,0.0035146346509389082
5214,0.0035146346509389082
5215,0.0035146346509389082
5216,0.0035146346509389082
5217,0.0035146346509389082
5218,0.0035146346509389082
5219,0.0035146346509389082
5220,0.0035146346509389082
5221,0.0035146346509389082
5222,0.0035146346509389082
5223,0.0035146346509389082
5224,0.0035146346509389082
5225,0.0035146346509389082
5226,0.0035146346509389082
5227,0.0035146346509389082
5228,0.0035146346509389082
5229,0.0035146346509389082
5230,0.0035146346509389082
5231,0.0035146346509389082
5232,0.0035146346509389082
5233,0.0035146346509389082
5234,0.0035146346509389082
5235,0.0035146346509389082
5236,0.0035146346509389082
5237,0.0035146346509389082
5238,0.0035146346509389082
5239,0.0035146346509389082
5240,0.0035146346509389082
5241,0.0035146346509389082
5242,0.0035146346509389082
5243,0.0035146346509389082
5244,0.0035146346509389082
5245,0.0035146346509389082
5246,0.0035146346509389082
5247,0.0035146346509389082
5248,0.0035146346509389082
5249,0.0035146346509389082
5250,0.0035146346509389082
5251,0.0035146346509389082
5252,0.0035146346509389082
5253,0.0035146346509389082
5254,0.0035146346509389082
5255,0.0035146346509389082
5256,0.0035146346509389082
5257,0.0035146346509389082
5258,0.0035146346509389082
5259,0.0035146346509389082
5260,0.0035146346509389082
5261,0.0035146346509389082
5262,0.0035146346509389082
5263,0.0035146346509389082
5264,0.0035146346509389082
5265,0.0035146346509389082
5266,0.0035146346509389082
5267,0.0035146346509389082
5268,0.0035146346509389082
5269,0.0035146346509389082
5270,0.0035146346509389082
5271,0.0035146346509389082
5272,0.0035146346509389082
5273,0.0035146346509389082
5274,0.0035146346509389082
5275,0.0035146346509389082
5276,0.0035146346509389082
5277,0.0035146346509389082
5278,0.0035146346509389082
5279,0.0035146346509389082
5280,0.0035146346509389082
5281,0.0035146346509389082
5282,0.0035146346509389082
5283,0.0035146346509389082
5284,0.0035146346509389082
5285,0.0035146346509389082
5286,0.0035146346509389082
5287,0.0035146346509389082
5288,0.0035146346509389082
5289,0.0035146346509389082
5290,0.0035146346509389082
5291,0.0035146346509389082
5292,0.0035146346509389082
5293,0.0035146346509389082
5294,0.0035146346509389082
5295,0.0035146346509389082
5296,0.0035146346509389082
5297,0.0035146346509389082
5298,0.0035146346509389082
5299,0.0035146346509389082
5300,0.0035146346509389082
5301,0.0035146346509389082
5302,0.0035146346509389082
5303,0.0035146346509389082
5304,0.0035146346509389082
5305,0.0035146346509389082
5306,0.0035146346509389082
5307,0.0035146346509389082
5308,0.0035146346509389082
5309,0.0035146346509389082
5310,0.0035146346509389082
5311,0.0035146346509389082
5312,0.0035146346509389082
5313,0.0035146346509389082
5314,0.0035146346509389082
5315,0.0035146346509389082
5316,0.0035146346509389082
5317,0.0035146346509389082
5318,0.0035146346509389082
5319,0.0035146346509389082
5320,0.0035146346509389082
5321,0.0035146346509389082
5322,0.0035146346509389082
5323,0.0035146346509389082
5324,0.0035146346509389082
5325,0.0035146346509389082
5326,0.0035146346509389082
5327,0.0035146346509389082
5328,0.0035146346509389082
5329,0.0035146346509389082
5330,0.0035146346509389082
5331,0.0035146346509389082
5332,0.0035146346509389082
5333,0.0035146346509389082
5334,0.0035146346509389082
5335,0.0035146346509389082
5336,0.0035146346509389082
5337,0.0035146346509389082
5338,0.0035146346509389082
5339,0.0035146346509389082
5340,0.0035146346509389082
5341,0.0035146346509389082
5342,0.0035146346509389082
5343,0.0035146346509389082
5344,0.0035146346509389082
5345,0.0035146346509389082
5346,0.0035146346509389082
5347,0.0035146346509389082
5348,0.0035146346509389082
5349,0.0035146346509389082
5350,0.0035146346509389082
5351,0.0035146346509389082
5352,0.0035146346509389082
5353,0.0035146346509389082
5354,0.0035146346509389082
5355,0.0035146346509389082
5356,0.0035146346509389082
5357,0.0035146346509389082
5358,0.0035146346509389082
5359,0.0035146346509389082
5360,0.0035146346509389082
5361,0.0035146346509389082
5362,0.0035146346509389082
5363,0.0035146346509389082
5364,0.0035146346509389082
5365,0.0035146346509389082
5366,0.0035146346509389082
5367,0.0035146346509389082
5368,0.0035146346509389082
5369,0.0035146346509389082
5370,0.0035146346509389082
5371,0.0035146346509389082
5372,0.0035146346509389082
5373,0.0035146346509389082
5374,0.0035146346509389082
5375,0.0035146346509389082
5376,0.0035146346509389082
5377,0.0035146346509389082
5378,0.0035146346509389082
5379,0.0035146346509389082
5380,0.0035146346509389082
5381,0.0035146346509389082
5382,0.0035146346509389082
5383,0.0035146346509389082
5384,0.0035146346509389082
5385,0.0035146346509389082
5386,0.0035146346509389082
5387,0.0035146346509389082
5388,0.0035146346509389082
5389,0.0035146346509389082
5390,0.0035146346509389082
5391,0.0035146346509389082
5392,0.0035146346509389082
5393,0.0035146346509389082
5394,0.0035146346509389082
5395,0.0035146346509389082
5396,0.0035146346509389082
5397,0.0035146346509389082
5398,0.0035146346509389082
5399,0.0035146346509389082
5400,0.0035146346509389082
5401,0.0035146346509389082
5402,0.0035146346509389082
5403,0.0035146346509389082
5404,0.0035146346509389082
5405,0.0035146346509389082
5406,0.0035146346509389082
5407,0.0035146346509389082
5408,0.0035146346509389082
5409,0.0035146346509389082
5410,0.0035146346509389082
5411,0.0035146346509389082
5412,0.0035146346509389082
5413,0.0035146346509389082
5414,0.0035146346509389082
5415,0.0035146346509389082
5416,0.0035146346509389082
5417,0.0035146346509389082
5418,0.0035146346509389082
5419,0.0035146346509389082
5420,0.0035146346509389082
5421,0.0035146346509389082
5422,0.0035146346509389082
5423,0.0035146346509389082
5424,0.0035146346509389082
5425,0.0035146346509389082
5426,0.0035146346509389082
5427,0.0035146346509389082
5428,0.0035146346509389082
5429,0.0035146346509389082
5430,0.0035146346509389082
5431,0.0035146346509389082
5432,0.0035146346509389082
5433,0.0035146346509389082
5434,0.0035146346509389082
5435,0.0035146346509389082
5436,0.0035146346509389082
5437,0.0035146346509389082
5438,0.0035146346509389082
5439,0.0035146346509389082
5440,0.0035146346509389082
5441,0.0035146346509389082
5442,0.0035146346509389082
5443,0.0035146346509389082
5444,0.0035146346509389082
5445,0.0035146346509389082
5446,0.0035146346509389082
5447,0.0035146346509389082
5448,0.0035146346509389082
5449,0.0035146346509389082
5450,0.0035146346509389082
5451,0.0035146346509389082
5452,0.0035146346509389082
5453,0.0035146346509389082
5454,0.0035146346509389082
5455,0.0035146346509389082
5456,0.0035146346509389082
5457,0.0035146346509389082
5458,0.0035146346509389082
5459,0.0035146346509389082
5460,0.0035146346509389082
5461,0.0035146346509389082
5462,0.0035146346509389082
5463,0.0035146346509389082
5464,0.0035146346509389082
5465,0.0035146346509389082
5466,0.0035146346509389082
5467,0.0035146346509389082
5468,0.0035146346509389082
5469,0.0035146346509389082
5470,0.0035146346509389082
5471,0.0035146346509389082
5472,0.0035146346509389082
5473,0.0035146346509389082
5474,0.0035146346509389082
5475,0.0035146346509389082
5476,0.0035146346509389082
5477,0.0035146346509389082
5478,0.0035146346509389082
5479,0.0035146346509389082
5480,0.0035146346509389082
5481,0.0035146346509389082
5482,0.0035146346509389082
5483,0.0035146346509389082
5484,0.0035146346509389082
5485,0.0035146346509389082
5486,0.0035146346509389082
5487,0.0035146346509389082
5488,0.0035146346509389082
5489,0.0035146346509389082
5490,0.0035146346509389082
5491,0.0035146346509389082
5492,0.0035146346509389082
5493,0.0035146346509389082
5494,0.0035146346509389082
5495,0.0035146346509389082
5496,0.0035146346509389082
5497,0.0035146346509389082
5498,0.0035146346509389082
5499,0.0035146346509389082
5500,0.0035146346509389082
5501,0.0035146346509389082
5502,0.0035146346509389082
5503,0.0035146346509389082
5504,0.0035146346509389082
5505,0.0035146346509389082
5506,0.0035146346509389082
5507,0.0035146346509389082
5508,0.0035146346509389082
5509,0.0035146346509389082
5510,0.0035146346509389082
5511,0.0035146346509389082
5512,0.0035146346509389082
5513,0.0035146346509389082
5514,0.0035146346509389082
5515,0.0035146346509389082
5516,0.0035146346509389082
5517,0.0035146346509389082
5518,0.0035146346509389082
5519,0.0035146346509389082
5520,0.0035146346509389082
5521,0.0035146346509389082
5522,0.0035146346509389082
5523,0.0035146346509389082
5524,0.0035146346509389082
5525,0.0035146346509389082
5526,0.0035146346509389082
5527,0.0035146346509389082
5528,0.0035146346509389082
5529,0.0035146346509389082
5530,0.0035146346509389082
5531,0.0035146346509389082
5532,0.0035146346509389082
5533,0.0035146346509389082
5534,0.0035146346509389082
5535,0.0035146346509389082
5536,0.0035146346509389082
5537,0.0035146346509389082
5538,0.0035146346509389082
5539,0.0035146346509389082
5540,0.0035146346509389082
5541,0.0035146346509389082
5542,0.0035146346509389082
5543,0.0035146346509389082
5544,0.0035146346509389082
5545,0.0035146346509389082
5546,0.0035146346509389082
5547,0.0035146346509389082
5548,0.0035146346509389082
5549,0.0035146346509389082
5550,0.0035146346509389082
5551,0.0035146346509389082
5552,0.0035146346509389082
5553,0.0035146346509389082
5554,0.0035146346509389082
5555,0.0035146346509389082
5556,0.0035146346509389082
5557,0.0035146346509389082
5558,0.0035146346509389082
5559,0.0035146346509389082
5560,0.0035146346509389082
5561,0.0035146346509389082
5562,0.0035146346509389082
5563,0.0035146346509389082
5564,0.0035146346509389082
5565,0.0035146346509389082
5566,0.0035146346509389082
5567,0.0035146346509389082
5568,0.0035146346509389082
5569,0.0035146346509389082
5570,0.0035146346509389082
5571,0.0035146346509389082
5572,0.0035146346509389082
5573,0.0035146346509389082
5574,0.0035146346509389082
5575,0.0035146346509389082
5576,0.0035146346509389082
5577,0.0035146346509389082
5578,0.0035146346509389082
5579,0.0035146346509389082
5580,0.0035146346509389082
5581,0.0035146346509389082
5582,0.0035146346509389082
5583,0.0035146346509389082
5584,0.0035146346509389082
5585,0.0035146346509389082
5586,0.0035146346509389082
5587,0.0035146346509389082
5588,0.0035146346509389082
5589,0.0035146346509389082
5590,0.0035146346509389082
5591,0.0035146346509389082
5592,0.0035146346509389082
5593,0.0035146346509389082
5594,0.0035146346509389082
5595,0.0035146346509389082
5596,0.0035146346509389082
5597,0.0035146346509389082
5598,0.0035146346509389082
5599,0.0035146346509389082
5600,0.0035146346509389082
5601,0.0035146346509389082
5602,0.0035146346509389082
5603,0.0035146346509389082
5604,0.0035146346509389082
5605,0.0035146346509389082
5606,0.0035146346509389082
5607,0.0035146346509389082
5608,0.0035146346509389082
5609,0.0035146346509389082
5610,0.0035146346509389082
5611,0.0035146346509389082
5612,0.0035146346509389082
5613,0.0035146346509389082
5614,0.0035146346509389082
5615,0.0035146346509389082
5616,0.0035146346509389082
5617,0.0035146346509389082
5618,0.0035146346509389082
5619,0.0035146346509389082
5620,0.0035146346509389082
5621,0.0035146346509389082
5622,0.0035146346509389082
5623,0.0035146346509389082
5624,0.0035146346509389082
5625,0.0035146346509389082
5626,0.0035146346509389082
5627,0.0035146346509389082
5628,0.0035146346509389082
5629,0.0035146346509389082
5630,0.0035146346509389082
5631,0.0035146346509389082
5632,0.0035146346509389082
5633,0.0035146346509389082
5634,0.0035146346509389082
5635,0.0035146346509389082
5636,0.0035146346509389082
5637,0.0035146346509389082
5638,0.0035146346509389082
5639,0.0035146346509389082
5640,0.0035146346509389082
5641,0.0035146346509389082
5642,0.0035146346509389082
5643,0.0035146346509389082
5644,0.0035146346509389082
5645,0.0035146346509389082
5646,0.0035146346509389082
5647,0.0035146346509389082
5648,0.0035146346509389082
5649,0.0035146346509389082
5650,0.0035146346509389082
5651,0.0035146346509389082
5652,0.0035146346509389082
5653,0.0035146346509389082
5654,0.0035146346509389082
5655,0.0035146346509389082
5656,0.0035146346509389082
5657,0.0035146346509389082
5658,0.0035146346509389082
5659,0.0035146346509389082
5660,0.0035146346509389082
5661,0.0035146346509389082
5662,0.0035146346509389082
5663,0.0035146346509389082
5664,0.0035146346509389082
5665,0.0035146346509389082
5666,0.0035146346509389082
5667,0.0035146346509389082
5668,0.0035146346509389082
5669,0.0035146346509389082
5670,0.0035146346509389082
5671,0.0035146346509389082
5672,0.0035146346509389082
5673,0.0035146346509389082
5674,0.0035146346509389082
5675,0.0035146346509389082
5676,0.0035146346509389082
5677,0.0035146346509389082
5678,0.0035146346509389082
5679,0.0035146346509389082
5680,0.0035146346509389082
5681,0.0035146346509389082
5682,0.0035146346509389082
5683,0.0035146346509389082
5684,0.0035146346509389082
5685,0.0035146346509389082
5686,0.0035146346509389082
5687,0.0035146346509389082
5688,0.0035146346509389082
5689,0.0035146346509389082
5690,0.0035146346509389082
5691,0.0035146346509389082
5692,0.0035146346509389082
5693,0.0035146346509389082
5694,0.0035146346509389082
5695,0.0035146346509389082
5696,0.0035146346509389082
5697,0.0035146346509389082
5698,0.0035146346509389082
5699,0.0035146346509389082
5700,0.0035146346509389082
5701,0.0035146346509389082
5702,0.0035146346509389082
5703,0.0035146346509389082
5704,0.0035146346509389082
5705,0.0035146346509389082
5706,0.0035146346509389082
5707,0.0035146346509389082
5708,0.0035146346509389082
5709,0.0035146346509389082
5710,0.0035146346509389082
5711,0.0035146346509389082
5712,0.0035146346509389082
5713,0.0035146346509389082
5714,0.0035146346509389082
5715,0.0035146346509389082
5716,0.0035146346509389082
5717,0.0035146346509389082
5718,0.0035146346509389082
5719,0.0035146346509389082
5720,0.0035146346509389082
5721,0.0035146346509389082
5722,0.0035146346509389082
5723,0.0035146346509389082
5724,0.0035146346509389082
5725,0.0035146346509389082
5726,0.0035146346509389082
5727,0.0035146346509389082
5728,0.0035146346509389082
5729,0.0035146346509389082
5730,0.0035146346509389082
5731,0.0035146346509389082
5732,0.0035146346509389082
5733,0.0035146346509389082
5734,0.0035146346509389082
5735,0.0035146346509389082
5736,0.0035146346509389082
5737,0.0035146346509389082
5738,0.0035146346509389082
5739,0.0035146346509389082
5740,0.0035146346509389082
5741,0.0035146346509389082
5742,0.0035146346509389082
5743,0.0035146346509389082
5744,0.0035146346509389082
5745,0.0035146346509389082
5746,0.0035146346509389082
5747,0.0035146346509389082
5748,0.0035146346509389082
5749,0.0035146346509389082
5750,0.0035146346509389082
5751,0.0035146346509389082
5752,0.0035146346509389082
5753,0.0035146346509389082
5754,0.0035146346509389082
5755,0.0035146346509389082
5756,0.0035146346509389082
5757,0.0035146346509389082
5758,0.0035146346509389082
5759,0.0035146346509389082
5760,0.0035146346509389082
5761,0.0035146346509389082
5762,0.0035146346509389082
5763,0.0035146346509389082
5764,0.0035146346509389082
5765,0.0035146346509389082
5766,0.0035146346509389082
5767,0.0035146346509389082
5768,0.0035146346509389082
5769,0.0035146346509389082
5770,0.0035146346509389082
5771,0.0035146346509389082
5772,0.0035146346509389082
5773,0.0035146346509389082
5774,0.0035146346509389082
5775,0.0035146346509389082
5776,0.0035146346509389082
5777,0.0035146346509389082
5778,0.0035146346509389082
5779,0.0035146346509389082
5780,0.0035146346509389082
5781,0.0035146346509389082
5782,0.0035146346509389082
5783,0.0035146346509389082
5784,0.0035146346509389082
5785,0.0035146346509389082
5786,0.0035146346509389082
5787,0.0035146346509389082
5788,0.0035146346509389082
5789,0.0035146346509389082
5790,0.0035146346509389082
5791,0.0035146346509389082
5792,0.0035146346509389082
5793,0.0035146346509389082
5794,0.0035146346509389082
5795,0.0035146346509389082
5796,0.0035146346509389082
5797,0.0035146346509389082
5798,0.0035146346509389082
5799,0.0035146346509389082
5800,0.0035146346509389082
5801,0.0035146346509389082
5802,0.0035146346509389082
5803,0.0035146346509389082
5804,0.0035146346509389082
5805,0.0035146346509389082
5806,0.0035146346509389082
5807,0.0035146346509389082
5808,0.0035146346509389082
5809,0.0035146346509389082
5810,0.0035146346509389082
5811,0.0035146346509389082
5812,0.0035146346509389082
5813,0.0035146346509389082
5814,0.0035146346509389082
5815,0.0035146346509389082
5816,0.0035146346509389082
5817,0.0035146346509389082
5818,0.0035146346509389082
5819,0.0035146346509389082
5820,0.0035146346509389082
5821,0.0035146346509389082
5822,0.0035146346509389082
5823,0.0035146346509389082
5824,0.0035146346509389082
5825,0.0035146346509389082
5826,0.0035146346509389082
5827,0.0035146346509389082
5828,0.0035146346509389082
5829,0.0035146346509389082
5830,0.0035146346509389082
5831,0.0035146346509389082
5832,0.0035146346509389082
5833,0.0035146346509389082
5834,0.0035146346509389082
5835,0.0035146346509389082
5836,0.0035146346509389082
5837,0.0035146346509389082
5838,0.0035146346509389082
5839,0.0035146346509389082
5840,0.0035146346509389082
5841,0.0035146346509389082
5842,0.0035146346509389082
5843,0.0035146346509389082
5844,0.0035146346509389082
5845,0.0035146346509389082
5846,0.0035146346509389082
5847,0.0035146346509389082
5848,0.0035146346509389082
5849,0.0035146346509389082
5850,0.0035146346509389082
5851,0.0035146346509389082
5852,0.0035146346509389082
5853,0.0035146346509389082
5854,0.0035146346509389082
5855,0.0035146346509389082
5856,0.0035146346509389082
5857,0.0035146346509389082
5858,0.0035146346509389082
5859,0.0035146346509389082
5860,0.0035146346509389082
5861,0.0035146346509389082
5862,0.0035146346509389082
5863,0.0035146346509389082
5864,0.0035146346509389082
5865,0.0035146346509389082
5866,0.0035146346509389082
5867,0.0035146346509389082
5868,0.0035146346509389082
5869,0.0035146346509389082
5870,0.0035146346509389082
5871,0.0035146346509389082
5872,0.0035146346509389082
5873,0.0035146346509389082
5874,0.0035146346509389082
5875,0.0035146346509389082
5876,0.0035146346509389082
5877,0.0035146346509389082
5878,0.0035146346509389082
5879,0.0035146346509389082
5880,0.0035146346509389082
5881,0.0035146346509389082
5882,0.0035146346509389082
5883,0.0035146346509389082
5884,0.0035146346509389082
5885,0.0035146346509389082
5886,0.0035146346509389082
5887,0.0035146346509389082
5888,0.0035146346509389082
5889,0.0035146346509389082
5890,0.0035146346509389082
5891,0.0035146346509389082
5892,0.0035146346509389082
5893,0.0035146346509389082
5894,0.0035146346509389082
5895,0.0035146346509389082
5896,0.0035146346509389082
5897,0.0035146346509389082
5898,0.0035146346509389082
5899,0.0035146346509389082
5900,0.0035146346509389082
5901,0.0035146346509389082
5902,0.0035146346509389082
5903,0.0035146346509389082
5904,0.0035146346509389082
5905,0.0035146346509389082
5906,0.0035146346509389082
5907,0.0035146346509389082
5908,0.0035146346509389082
5909,0.0035146346509389082
5910,0.0035146346509389082
5911,0.0035146346509389082
5912,0.0035146346509389082
5913,0.0035146346509389082
5914,0.0035146346509389082
5915,0.0035146346509389082
5916,0.0035146346509389082
5917,0.0035146346509389082
5918,0.0035146346509389082
5919,0.0035146346509389082
5920,0.0035146346509389082
5921,0.0035146346509389082
5922,0.0035146346509389082
5923,0.0035146346509389082
5924,0.0035146346509389082
5925,0.0035146346509389082
5926,0.0035146346509389082
5927,0.0035146346509389082
5928,0.0035146346509389082
5929,0.0035146346509389082
5930,0.0035146346509389082
5931,0.0035146346509389082
5932,0.0035146346509389082
5933,0.0035146346509389082
5934,0.0035146346509389082
5935,0.0035146346509389082
5936,0.0035146346509389082
5937,0.0035146346509389082
5938,0.0035146346509389082
5939,0.0035146346509389082
5940,0.0035146346509389082
5941,0.0035146346509389082
5942,0.0035146346509389082
5943,0.0035146346509389082
5944,0.0035146346509389082
5945,0.0035146346509389082
5946,0.0035146346509389082
5947,0.0035146346509389082
5948,0.0035146346509389082
5949,0.0035146346509389082
5950,0.0035146346509389082
5951,0.0035146346509389082
5952,0.0035146346509389082
5953,0.0035146346509389082
5954,0.0035146346509389082
5955,0.0035146346509389082
5956,0.0035146346509389082
5957,0.0035146346509389082
5958,0.0035146346509389082
5959,0.0035146346509389082
5960,0.0035146346509389082
5961,0.0035146346509389082
5962,0.0035146346509389082
5963,0.0035146346509389082
5964,0.0035146346509389082
5965,0.0035146346509389082
5966,0.0035146346509389082
5967,0.0035146346509389082
5968,0.0035146346509389082
5969,0.0035146346509389082
5970,0.0035146346509389082
5971,0.0035146346509389082
5972,0.0035146346509389082
5973,0.0035146346509389082
5974,0.0035146346509389082
5975,0.0035146346509389082
5976,0.0035146346509389082
5977,0.0035146346509389082
5978,0.0035146346509389082
5979,0.0035146346509389082
5980,0.0035146346509389082
5981,0.0035146346509389082
5982,0.0035146346509389082
5983,0.0035146346509389082
5984,0.0035146346509389082
5985,0.0035146346509389082
5986,0.0035146346509389082
5987,0.0035146346509389082
5988,0.0035146346509389082
5989,0.0035146346509389082
5990,0.0035146346509389082
5991,0.0035146346509389082
5992,0.0035146346509389082
5993,0.0035146346509389082
5994,0.0035146346509389082
5995,0.0035146346509389082
5996,0.0035146346509389082
5997,0.0035146346509389082
5998,0.0035146346509389082
5999,0.0035146346509389082
6000,0.0035146346509389082
6001,0.0035146346509389082
6002,0.0035146346509389082
6003,0.0035146346509389082
6004,0.0035146346509389082
6005,0.0035146346509389082
6006,0.0035146346509389082
6007,0.0035146346509389082
6008,0.0035146346509389082
6009,0.0035146346509389082
6010,0.0035146346509389082
6011,0.0035146346509389082
6012,0.0035146346509389082
6013,0.0035146346509389082
6014,0.0035146346509389082
6015,0.0035146346509389082
6016,0.0035146346509389082
6017,0.0035146346509389082
6018,0.0035146346509389082
6019,0.0035146346509389082
6020,0.0035146346509389082
6021,0.0035146346509389082
6022,0.0035146346509389082
6023,0.0035146346509389082
6024,0.0035146346509389082
6025,0.0035146346509389082
6026,0.0035146346509389082
6027,0.0035146346509389082
6028,0.0035146346509389082
6029,0.0035146346509389082
6030,0.0035146346509389082
6031,0.0035146346509389082
6032,0.0035146346509389082
6033,0.0035146346509389082
6034,0.0035146346509389082
6035,0.0035146346509389082
6036,0.0035146346509389082
6037,0.0035146346509389082
6038,0.0035146346509389082
6039,0.0035146346509389082
6040,0.0035146346509389082
6041,0.0035146346509389082
6042,0.0035146346509389082
6043,0.0035146346509389082
6044,0.0035146346509389082
6045,0.0035146346509389082
6046,0.0035146346509389082
6047,0.0035146346509389082
6048,0.0035146346509389082
6049,0.0035146346509389082
6050,0.0035146346509389082
6051,0.0035146346509389082
6052,0.0035146346509389082
6053,0.0035146346509389082
6054,0.0035146346509389082
6055,0.0035146346509389082
6056,0.0035146346509389082
6057,0.0035146346509389082
6058,0.0035146346509389082
6059,0.0035146346509389082
6060,0.0035146346509389082
6061,0.0035146346509389082
6062,0.0035146346509389082
6063,0.0035146346509389082
6064,0.0035146346509389082
6065,0.0035146346509389082
6066,0.0035146346509389082
6067,0.0035146346509389082
6068,0.0035146346509389082
6069,0.0035146346509389082
6070,0.0035146346509389082
6071,0.0035146346509389082
6072,0.0035146346509389082
6073,0.0035146346509389082
6074,0.0035146346509389082
6075,0.0035146346509389082
6076,0.0035146346509389082
6077,0.0035146346509389082
6078,0.0035146346509389082
6079,0.0035146346509389082
6080,0.0035146346509389082
6081,0.0035146346509389082
6082,0.0035146346509389082
6083,0.0035146346509389082
6084,0.0035146346509389082
6085,0.0035146346509389082
6086,0.0035146346509389082
6087,0.0035146346509389082
6088,0.0035146346509389082
6089,0.0035146346509389082
6090,0.0035146346509389082
6091,0.0035146346509389082
6092,0.0035146346509389082
6093,0.0035146346509389082
6094,0.0035146346509389082
6095,0.0035146346509389082
6096,0.0035146346509389082
6097,0.0035146346509389082
6098,0.0035146346509389082
6099,0.0035146346509389082
6100,0.0035146346509389082
6101,0.0035146346509389082
6102,0.0035146346509389082
6103,0.0035146346509389082
6104,0.0035146346509389082
6105,0.0035146346509389082
6106,0.0035146346509389082
6107,0.0035146346509389082
6108,0.0035146346509389082
6109,0.0035146346509389082
6110,0.0035146346509389082
6111,0.0035146346509389082
6112,0.0035146346509389082
6113,0.0035146346509389082
6114,0.0035146346509389082
6115,0.0035146346509389082
6116,0.0035146346509389082
6117,0.0035146346509389082
6118,0.0035146346509389082
6119,0.0035146346509389082
6120,0.0035146346509389082
6121,0.0035146346509389082
6122,0.0035146346509389082
6123,0.0035146346509389082
6124,0.0035146346509389082
6125,0.0035146346509389082
6126,0.0035146346509389082
6127,0.0035146346509389082
6128,0.0035146346509389082
6129,0.0035146346509389082
6130,0.0035146346509389082
6131,0.0035146346509389082
6132,0.0035146346509389082
6133,0.0035146346509389082
6134,0.0035146346509389082
6135,0.0035146346509389082
6136,0.0035146346509389082
6137,0.0035146346509389082
6138,0.0035146346509389082
6139,0.0035146346509389082
6140,0.0035146346509389082
6141,0.0035146346509389082
6142,0.0035146346509389082
6143,0.0035146346509389082
6144,0.0035146346509389082
6145,0.0035146346509389082
6146,0.0035146346509389082
6147,0.0035146346509389082
6148,0.0035146346509389082
6149,0.0035146346509389082
6150,0.0035146346509389082
6151,0.0035146346509389082
6152,0.0035146346509389082
6153,0.0035146346509389082
6154,0.0035146346509389082
6155,0.0035146346509389082
6156,0.0035146346509389082
6157,0.0035146346509389082
6158,0.0035146346509389082
6159,0.0035146346509389082
6160,0.0035146346509389082
6161,0.0035146346509389082
6162,0.0035146346509389082
6163,0.0035146346509389082
6164,0.0035146346509389082
6165,0.0035146346509389082
6166,0.0035146346509389082
6167,0.0035146346509389082
6168,0.0035146346509389082
6169,0.0035146346509389082
6170,0.0035146346509389082
6171,0.0035146346509389082
6172,0.0035146346509389082
6173,0.0035146346509389082
6174,0.0035146346509389082
6175,0.0035146346509389082
6176,0.0035146346509389082
6177,0.0035146346509389082
6178,0.0035146346509389082
6179,0.0035146346509389082
6180,0.0035146346509389082
6181,0.0035146346509389082
6182,0.0035146346509389082
6183,0.0035146346509389082
6184,0.0035146346509389082
6185,0.0035146346509389082
6186,0.0035146346509389082
6187,0.0035146346509389082
6188,0.0035146346509389082
6189,0.0035146346509389082
6190,0.0035146346509389082
6191,0.0035146346509389082
6192,0.0035146346509389082
6193,0.0035146346509389082
6194,0.0035146346509389082
6195,0.0035146346509389082
6196,0.0035146346509389082
6197,0.0035146346509389082
6198,0.0035146346509389082
6199,0.0035146346509389082
6200,0.0035146346509389082
6201,0.0035146346509389082
6202,0.0035146346509389082
6203,0.0035146346509389082
6204,0.0035146346509389082
6205,0.0035146346509389082
6206,0.0035146346509389082
6207,0.0035146346509389082
6208,0.0035146346509389082
6209,0.0035146346509389082
6210,0.0035146346509389082
6211,0.0035146346509389082
6212,0.0035146346509389082
6213,0.0035146346509389082
6214,0.0035146346509389082
6215,0.0035146346509389082
6216,0.0035146346509389082
6217,0.0035146346509389082
6218,0.0035146346509389082
6219,0.0035146346509389082
6220,0.0035146346509389082
6221,0.0035146346509389082
6222,0.0035146346509389082
6223,0.0035146346509389082
6224,0.0035146346509389082
6225,0.0035146346509389082
6226,0.0035146346509389082
6227,0.0035146346509389082
6228,0.0035146346509389082
6229,0.0035146346509389082
6230,0.0035146346509389082
6231,0.0035146346509389082
6232,0.0035146346509389082
6233,0.0035146346509389082
6234,0.0035146346509389082
6235,0.0035146346509389082
6236,0.0035146346509389082
6237,0.0035146346509389082
6238,0.0035146346509389082
6239,0.0035146346509389082
6240,0.0035146346509389082
6241,0.0035146346509389082
6242,0.0035146346509389082
6243,0.0035146346509389082
6244,0.0035146346509389082
6245,0.0035146346509389082
6246,0.0035146346509389082
6247,0.0035146346509389082
6248,0.0035146346509389082
6249,0.0035146346509389082
6250,0.0035146346509389082
6251,0.0035146346509389082
6252,0.0035146346509389082
6253,0.0035146346509389082
6254,0.0035146346509389082
6255,0.0035146346509389082
6256,0.0035146346509389082
6257,0.0035146346509389082
6258,0.0035146346509389082
6259,0.0035146346509389082
6260,0.0035146346509389082
6261,0.0035146346509389082
6262,0.0035146346509389082
6263,0.0035146346509389082
6264,0.0035146346509389082
6265,0.0035146346509389082
6266,0.0035146346509389082
6267,0.0035146346509389082
6268,0.0035146346509389082
6269,0.0035146346509389082
6270,0.0035146346509389082
6271,0.0035146346509389082
6272,0.0035146346509389082
6273,0.0035146346509389082
6274,0.0035146346509389082
6275,0.0035146346509389082
6276,0.0035146346509389082
6277,0.0035146346509389082
6278,0.0035146346509389082
6279,0.0035146346509389082
6280,0.0035146346509389082
6281,0.0035146346509389082
6282,0.0035146346509389082
6283,0.0035146346509389082
6284,0.0035146346509389082
6285,0.0035146346509389082
6286,0.0035146346509389082
6287,0.0035146346509389082
6288,0.0035146346509389082
6289,0.0035146346509389082
6290,0.0035146346509389082
6291,0.0035146346509389082
6292,0.0035146346509389082
6293,0.0035146346509389082
6294,0.0035146346509389082
6295,0.0035146346509389082
6296,0.0035146346509389082
6297,0.0035146346509389082
6298,0.0035146346509389082
6299,0.0035146346509389082
6300,0.0035146346509389082
6301,0.0035146346509389082
6302,0.0035146346509389082
6303,0.0035146346509389082
6304,0.0035146346509389082
6305,0.0035146346509389082
6306,0.0035146346509389082
6307,0.0035146346509389082
6308,0.0035146346509389082
6309,0.0035146346509389082
6310,0.0035146346509389082
6311,0.0035146346509389082
6312,0.0035146346509389082
6313,0.0035146346509389082
6314,0.0035146346509389082
6315,0.0035146346509389082
6316,0.0035146346509389082
6317,0.0035146346509389082
6318,0.0035146346509389082
6319,0.0035146346509389082
6320,0.0035146346509389082
6321,0.0035146346509389082
6322,0.0035146346509389082
6323,0.0035146346509389082
6324,0.0035146346509389082
6325,0.0035146346509389082
6326,0.0035146346509389082
6327,0.0035146346509389082
6328,0.0035146346509389082
6329,0.0035146346509389082
6330,0.0035146346509389082
6331,0.0035146346509389082
6332,0.0035146346509389082
6333,0.0035146346509389082
6334,0.0035146346509389082
6335,0.0035146346509389082
6336,0.0035146346509389082
6337,0.0035146346509389082
6338,0.0035146346509389082
6339,0.0035146346509389082
6340,0.0035146346509389082
6341,0.0035146346509389082
6342,0.0035146346509389082
6343,0.0035146346509389082
6344,0.0035146346509389082
6345,0.0035146346509389082
6346,0.0035146346509389082
6347,0.0035146346509389082
6348,0.0035146346509389082
6349,0.0035146346509389082
6350,0.0035146346509389082
6351,0.0035146346509389082
6352,0.0035146346509389082
6353,0.0035146346509389082
6354,0.0035146346509389082
6355,0.0035146346509389082
6356,0.0035146346509389082
6357,0.0035146346509389082
6358,0.0035146346509389082
6359,0.0035146346509389082
6360,0.0035146346509389082
6361,0.0035146346509389082
6362,0.0035146346509389082
6363,0.0035146346509389082
6364,0.0035146346509389082
6365,0.0035146346509389082
6366,0.0035146346509389082
6367,0.0035146346509389082
6368,0.0035146346509389082
6369,0.0035146346509389082
6370,0.0035146346509389082
6371,0.0035146346509389082
6372,0.0035146346509389082
6373,0.0035146346509389082
6374,0.0035146346509389082
6375,0.0035146346509389082
6376,0.0035146346509389082
6377,0.0035146346509389082
6378,0.0035146346509389082
6379,0.0035146346509389082
6380,0.0035146346509389082
6381,0.0035146346509389082
6382,0.0035146346509389082
6383,0.0035146346509389082
6384,0.0035146346509389082
6385,0.0035146346509389082
6386,0.0035146346509389082
6387,0.0035146346509389082
6388,0.0035146346509389082
6389,0.0035146346509389082
6390,0.0035146346509389082
6391,0.0035146346509389082
6392,0.0035146346509389082
6393,0.0035146346509389082
6394,0.0035146346509389082
6395,0.0035146346509389082
6396,0.0035146346509389082
6397,0.0035146346509389082
6398,0.0035146346509389082
6399,0.0035146346509389082
6400,0.0035146346509389082
6401,0.0035146346509389082
6402,0.0035146346509389082
6403,0.0035146346509389082
6404,0.0035146346509389082
6405,0.0035146346509389082
6406,0.0035146346509389082
6407,0.0035146346509389082
6408,0.0035146346509389082
6409,0.0035146346509389082
6410,0.0035146346509389082
6411,0.0035146346509389082
6412,0.0035146346509389082
6413,0.0035146346509389082
6414,0.0035146346509389082
6415,0.0035146346509389082
6416,0.0035146346509389082
6417,0.0035146346509389082
6418,0.0035146346509389082
6419,0.0035146346509389082
6420,0.0035146346509389082
6421,0.0035146346509389082
6422,0.0035146346509389082
6423,0.0035146346509389082
6424,0.0035146346509389082
6425,0.0035146346509389082
6426,0.0035146346509389082
6427,0.0035146346509389082
6428,0.0035146346509389082
6429,0.0035146346509389082
6430,0.0035146346509389082
6431,0.0035146346509389082
6432,0.0035146346509389082
6433,0.0035146346509389082
6434,0.0035146346509389082
6435,0.0035146346509389082
6436,0.0035146346509389082
6437,0.0035146346509389082
6438,0.0035146346509389082
6439,0.0035146346509389082
6440,0.0035146346509389082
6441,0.0035146346509389082
6442,0.0035146346509389082
6443,0.0035146346509389082
6444,0.0035146346509389082
6445,0.0035146346509389082
6446,0.0035146346509389082
6447,0.0035146346509389082
6448,0.0035146346509389082
6449,0.0035146346509389082
6450,0.0035146346509389082
6451,0.0035146346509389082
6452,0.0035146346509389082
6453,0.0035146346509389082
6454,0.0035146346509389082
6455,0.0035146346509389082
6456,0.0035146346509389082
6457,0.0035146346509389082
6458,0.0035146346509389082
6459,0.0035146346509389082
6460,0.0035146346509389082
6461,0.0035146346509389082
6462,0.0035146346509389082
6463,0.0035146346509389082
6464,0.0035146346509389082
6465,0.0035146346509389082
6466,0.0035146346509389082
6467,0.0035146346509389082
6468,0.0035146346509389082
6469,0.0035146346509389082
6470,0.0035146346509389082
6471,0.0035146346509389082
6472,0.0035146346509389082
6473,0.0035146346509389082
6474,0.0035146346509389082
6475,0.0035146346509389082
6476,0.0035146346509389082
6477,0.0035146346509389082
6478,0.0035146346509389082
6479,0.0035146346509389082
6480,0.0035146346509389082
6481,0.0035146346509389082
6482,0.0035146346509389082
6483,0.0035146346509389082
6484,0.0035146346509389082
6485,0.0035146346509389082
6486,0.0035146346509389082
6487,0.0035146346509389082
6488,0.0035146346509389082
6489,0.0035146346509389082
6490,0.0035146346509389082
6491,0.0035146346509389082
6492,0.0035146346509389082
6493,0.0035146346509389082
6494,0.0035146346509389082
6495,0.0035146346509389082
6496,0.0035146346509389082
6497,0.0035146346509389082
6498,0.0035146346509389082
6499,0.0035146346509389082
6500,0.0035146346509389082
6501,0.0035146346509389082
6502,0.0035146346509389082
6503,0.0035146346509389082
6504,0.0035146346509389082
6505,0.0035146346509389082
6506,0.0035146346509389082
6507,0.0035146346509389082
6508,0.0035146346509389082
6509,0.0035146346509389082
6510,0.0035146346509389082
6511,0.0035146346509389082
6512,0.0035146346509389082
6513,0.0035146346509389082
6514,0.0035146346509389082
6515,0.0035146346509389082
6516,0.0035146346509389082
6517,0.0035146346509389082
6518,0.0035146346509389082
6519,0.0035146346509389082
6520,0.0035146346509389082
6521,0.0035146346509389082
6522,0.0035146346509389082
6523,0.0035146346509389082
6524,0.0035146346509389082
6525,0.0035146346509389082
6526,0.0035146346509389082
6527,0.0035146346509389082
6528,0.0035146346509389082
6529,0.0035146346509389082
6530,0.0035146346509389082
6531,0.0035146346509389082
6532,0.0035146346509389082
6533,0.0035146346509389082
6534,0.0035146346509389082
6535,0.0035146346509389082
6536,0.0035146346509389082
6537,0.0035146346509389082
6538,0.0035146346509389082
6539,0.0035146346509389082
6540,0.0035146346509389082
6541,0.0035146346509389082
6542,0.0035146346509389082
6543,0.0035146346509389082
6544,0.0035146346509389082
6545,0.0035146346509389082
6546,0.0035146346509389082
6547,0.0035146346509389082
6548,0.0035146346509389082
6549,0.0035146346509389082
6550,0.0035146346509389082
6551,0.0035146346509389082
6552,0.0035146346509389082
6553,0.0035146346509389082
6554,0.0035146346509389082
6555,0.0035146346509389082
6556,0.0035146346509389082
6557,0.0035146346509389082
6558,0.0035146346509389082
6559,0.0035146346509389082
6560,0.0035146346509389082
6561,0.0035146346509389082
6562,0.0035146346509389082
6563,0.0035146346509389082
6564,0.0035146346509389082
6565,0.0035146346509389082
6566,0.0035146346509389082
6567,0.0035146346509389082
6568,0.0035146346509389082
6569,0.0035146346509389082
6570,0.0035146346509389082
6571,0.0035146346509389082
6572,0.0035146346509389082
6573,0.0035146346509389082
6574,0.0035146346509389082
6575,0.0035146346509389082
6576,0.0035146346509389082
6577,0.0035146346509389082
6578,0.0035146346509389082
6579,0.0035146346509389082
6580,0.0035146346509389082
6581,0.0035146346509389082
6582,0.0035146346509389082
6583,0.0035146346509389082
6584,0.0035146346509389082
6585,0.0035146346509389082
6586,0.0035146346509389082
6587,0.0035146346509389082
6588,0.0035146346509389082
6589,0.0035146346509389082
6590,0.0035146346509389082
6591,0.0035146346509389082
6592,0.0035146346509389082
6593,0.0035146346509389082
6594,0.0035146346509389082
6595,0.0035146346509389082
6596,0.0035146346509389082
6597,0.0035146346509389082
6598,0.0035146346509389082
6599,0.0035146346509389082
6600,0.0035146346509389082
6601,0.0035146346509389082
6602,0.0035146346509389082
6603,0.0035146346509389082
6604,0.0035146346509389082
6605,0.0035146346509389082
6606,0.0035146346509389082
6607,0.0035146346509389082
6608,0.0035146346509389082
6609,0.0035146346509389082
6610,0.0035146346509389082
6611,0.0035146346509389082
6612,0.0035146346509389082
6613,0.0035146346509389082
6614,0.0035146346509389082
6615,0.0035146346509389082
6616,0.0035146346509389082
6617,0.0035146346509389082
6618,0.0035146346509389082
6619,0.0035146346509389082
6620,0.0035146346509389082
6621,0.0035146346509389082
6622,0.0035146346509389082
6623,0.0035146346509389082
6624,0.0035146346509389082
6625,0.0035146346509389082
6626,0.0035146346509389082
6627,0.0035146346509389082
6628,0.0035146346509389082
6629,0.0035146346509389082
6630,0.0035146346509389082
6631,0.0035146346509389082
6632,0.0035146346509389082
6633,0.0035146346509389082
6634,0.0035146346509389082
6635,0.0035146346509389082
6636,0.0035146346509389082
6637,0.0035146346509389082
6638,0.0035146346509389082
6639,0.0035146346509389082
6640,0.0035146346509389082
6641,0.0035146346509389082
6642,0.0035146346509389082
6643,0.0035146346509389082
6644,0.0035146346509389082
6645,0.0035146346509389082
6646,0.0035146346509389082
6647,0.0035146346509389082
6648,0.0035146346509389082
6649,0.0035146346509389082
6650,0.0035146346509389082
6651,0.0035146346509389082
6652,0.0035146346509389082
6653,0.0035146346509389082
6654,0.0035146346509389082
6655,0.0035146346509389082
6656,0.0035146346509389082
6657,0.0035146346509389082
6658,0.0035146346509389082
6659,0.0035146346509389082
6660,0.0035146346509389082
6661,0.0035146346509389082
6662,0.0035146346509389082
6663,0.0035146346509389082
6664,0.0035146346509389082
6665,0.0035146346509389082
6666,0.0035146346509389082
6667,0.0035146346509389082
6668,0.0035146346509389082
6669,0.0035146346509389082
6670,0.0035146346509389082
6671,0.0035146346509389082
6672,0.0035146346509389082
6673,0.0035146346509389082
6674,0.0035146346509389082
6675,0.0035146346509389082
6676,0.0035146346509389082
6677,0.0035146346509389082
6678,0.0035146346509389082
6679,0.0035146346509389082
6680,0.0035146346509389082
6681,0.0035146346509389082
6682,0.0035146346509389082
6683,0.0035146346509389082
6684,0.0035146346509389082
6685,0.0035146346509389082
6686,0.0035146346509389082
6687,0.0035146346509389082
6688,0.0035146346509389082
6689,0.0035146346509389082
6690,0.0035146346509389082
6691,0.0035146346509389082
6692,0.0035146346509389082
6693,0.0035146346509389082
6694,0.0035146346509389082
6695,0.0035146346509389082
6696,0.0035146346509389082
6697,0.0035146346509389082
6698,0.0035146346509389082
6699,0.0035146346509389082
6700,0.0035146346509389082
6701,0.0035146346509389082
6702,0.0035146346509389082
6703,0.0035146346509389082
6704,0.0035146346509389082
6705,0.0035146346509389082
6706,0.0035146346509389082
6707,0.0035146346509389082
6708,0.0035146346509389082
6709,0.0035146346509389082
6710,0.0035146346509389082
6711,0.0035146346509389082
6712,0.0035146346509389082
6713,0.0035146346509389082
6714,0.0035146346509389082
6715,0.0035146346509389082
6716,0.0035146346509389082
6717,0.0035146346509389082
6718,0.0035146346509389082
6719,0.0035146346509389082
6720,0.0035146346509389082
6721,0.0035146346509389082
6722,0.0035146346509389082
6723,0.0035146346509389082
6724,0.0035146346509389082
6725,0.0035146346509389082
6726,0.0035146346509389082
6727,0.0035146346509389082
6728,0.0035146346509389082
6729,0.0035146346509389082
6730,0.0035146346509389082
6731,0.0035146346509389082
6732,0.0035146346509389082
6733,0.0035146346509389082
6734,0.0035146346509389082
6735,0.0035146346509389082
6736,0.0035146346509389082
6737,0.0035146346509389082
6738,0.0035146346509389082
6739,0.0035146346509389082
6740,0.0035146346509389082
6741,0.0035146346509389082
6742,0.0035146346509389082
6743,0.0035146346509389082
6744,0.0035146346509389082
6745,0.0035146346509389082
6746,0.0035146346509389082
6747,0.0035146346509389082
6748,0.0035146346509389082
6749,0.0035146346509389082
6750,0.0035146346509389082
6751,0.0035146346509389082
6752,0.0035146346509389082
6753,0.0035146346509389082
6754,0.0035146346509389082
6755,0.0035146346509389082
6756,0.0035146346509389082
6757,0.0035146346509389082
6758,0.0035146346509389082
6759,0.0035146346509389082
6760,0.0035146346509389082
6761,0.0035146346509389082
6762,0.0035146346509389082
6763,0.0035146346509389082
6764,0.0035146346509389082
6765,0.0035146346509389082
6766,0.0035146346509389082
6767,0.0035146346509389082
6768,0.0035146346509389082
6769,0.0035146346509389082
6770,0.0035146346509389082
6771,0.0035146346509389082
6772,0.0035146346509389082
6773,0.0035146346509389082
6774,0.0035146346509389082
6775,0.0035146346509389082
6776,0.0035146346509389082
6777,0.0035146346509389082
6778,0.0035146346509389082
6779,0.0035146346509389082
6780,0.0035146346509389082
6781,0.0035146346509389082
6782,0.0035146346509389082
6783,0.0035146346509389082
6784,0.0035146346509389082
6785,0.0035146346509389082
6786,0.0035146346509389082
6787,0.0035146346509389082
6788,0.0035146346509389082
6789,0.0035146346509389082
6790,0.0035146346509389082
6791,0.0035146346509389082
6792,0.0035146346509389082
6793,0.0035146346509389082
6794,0.0035146346509389082
6795,0.0035146346509389082
6796,0.0035146346509389082
6797,0.0035146346509389082
6798,0.0035146346509389082
6799,0.0035146346509389082
6800,0.0035146346509389082
6801,0.0035146346509389082
6802,0.0035146346509389082
6803,0.0035146346509389082
6804,0.0035146346509389082
6805,0.0035146346509389082
6806,0.0035146346509389082
6807,0.0035146346509389082
6808,0.0035146346509389082
6809,0.0035146346509389082
6810,0.0035146346509389082
6811,0.0035146346509389082
6812,0.0035146346509389082
6813,0.0035146346509389082
6814,0.0035146346509389082
6815,0.0035146346509389082
6816,0.0035146346509389082
6817,0.0035146346509389082
6818,0.0035146346509389082
6819,0.0035146346509389082
6820,0.0035146346509389082
6821,0.0035146346509389082
6822,0.0035146346509389082
6823,0.0035146346509389082
6824,0.0035146346509389082
6825,0.0035146346509389082
6826,0.0035146346509389082
6827,0.0035146346509389082
6828,0.0035146346509389082
6829,0.0035146346509389082
6830,0.0035146346509389082
6831,0.0035146346509389082
6832,0.0035146346509389082
6833,0.0035146346509389082
6834,0.0035146346509389082
6835,0.0035146346509389082
6836,0.0035146346509389082
6837,0.0035146346509389082
6838,0.0035146346509389082
6839,0.0035146346509389082
6840,0.0035146346509389082
6841,0.0035146346509389082
6842,0.0035146346509389082
6843,0.0035146346509389082
6844,0.0035146346509389082
6845,0.0035146346509389082
6846,0.0035146346509389082
6847,0.0035146346509389082
6848,0.0035146346509389082
6849,0.0035146346509389082
6850,0.0035146346509389082
6851,0.0035146346509389082
6852,0.0035146346509389082
6853,0.0035146346509389082
6854,0.0035146346509389082
6855,0.0035146346509389082
6856,0.0035146346509389082
6857,0.0035146346509389082
6858,0.0035146346509389082
6859,0.0035146346509389082
6860,0.0035146346509389082
6861,0.0035146346509389082
6862,0.0035146346509389082
6863,0.0035146346509389082
6864,0.0035146346509389082
6865,0.0035146346509389082
6866,0.0035146346509389082
6867,0.0035146346509389082
6868,0.0035146346509389082
6869,0.0035146346509389082
6870,0.0035146346509389082
6871,0.0035146346509389082
6872,0.0035146346509389082
6873,0.0035146346509389082
6874,0.0035146346509389082
6875,0.0035146346509389082
6876,0.0035146346509389082
6877,0.0035146346509389082
6878,0.0035146346509389082
6879,0.0035146346509389082
6880,0.0035146346509389082
6881,0.0035146346509389082
6882,0.0035146346509389082
6883,0.0035146346509389082
6884,0.0035146346509389082
6885,0.0035146346509389082
6886,0.0035146346509389082
6887,0.0035146346509389082
6888,0.0035146346509389082
6889,0.0035146346509389082
6890,0.0035146346509389082
6891,0.0035146346509389082
6892,0.0035146346509389082
6893,0.0035146346509389082
6894,0.0035146346509389082
6895,0.0035146346509389082
6896,0.0035146346509389082
6897,0.0035146346509389082
6898,0.0035146346509389082
6899,0.0035146346509389082
6900,0.0035146346509389082
6901,0.0035146346509389082
6902,0.0035146346509389082
6903,0.0035146346509389082
6904,0.0035146346509389082
6905,0.0035146346509389082
6906,0.0035146346509389082
6907,0.0035146346509389082
6908,0.0035146346509389082
6909,0.0035146346509389082
6910,0.0035146346509389082
6911,0.0035146346509389082
6912,0.0035146346509389082
6913,0.0035146346509389082
6914,0.0035146346509389082
6915,0.0035146346509389082
6916,0.0035146346509389082
6917,0.0035146346509389082
6918,0.0035146346509389082
6919,0.0035146346509389082
6920,0.0035146346509389082
6921,0.0035146346509389082
6922,0.0035146346509389082
6923,0.0035146346509389082
6924,0.0035146346509389082
6925,0.0035146346509389082
6926,0.0035146346509389082
6927,0.0035146346509389082
6928,0.0035146346509389082
6929,0.0035146346509389082
6930,0.0035146346509389082
6931,0.0035146346509389082
6932,0.0035146346509389082
6933,0.0035146346509389082
6934,0.0035146346509389082
6935,0.0035146346509389082
6936,0.0035146346509389082
6937,0.0035146346509389082
6938,0.0035146346509389082
6939,0.0035146346509389082
6940,0.0035146346509389082
6941,0.0035146346509389082
6942,0.0035146346509389082
6943,0.0035146346509389082
6944,0.0035146346509389082
6945,0.0035146346509389082
6946,0.0035146346509389082
6947,0.0035146346509389082
6948,0.0035146346509389082
6949,0.0035146346509389082
6950,0.0035146346509389082
6951,0.0035146346509389082
6952,0.0035146346509389082
6953,0.0035146346509389082
6954,0.0035146346509389082
6955,0.0035146346509389082
6956,0.0035146346509389082
6957,0.0035146346509389082
6958,0.0035146346509389082
6959,0.0035146346509389082
6960,0.0035146346509389082
6961,0.0035146346509389082
6962,0.0035146346509389082
6963,0.0035146346509389082
6964,0.0035146346509389082
6965,0.0035146346509389082
6966,0.0035146346509389082
6967,0.0035146346509389082
6968,0.0035146346509389082
6969,0.0035146346509389082
6970,0.0035146346509389082
6971,0.0035146346509389082
6972,0.0035146346509389082
6973,0.0035146346509389082
6974,0.0035146346509389082
6975,0.0035146346509389082
6976,0.0035146346509389082
6977,0.0035146346509389082
6978,0.0035146346509389082
6979,0.0035146346509389082
6980,0.0035146346509389082
6981,0.0035146346509389082
6982,0.0035146346509389082
6983,0.0035146346509389082
6984,0.0035146346509389082
6985,0.0035146346509389082
6986,0.0035146346509389082
6987,0.0035146346509389082
6988,0.0035146346509389082
6989,0.0035146346509389082
6990,0.0035146346509389082
6991,0.0035146346509389082
6992,0.0035146346509389082
6993,0.0035146346509389082
6994,0.0035146346509389082
6995,0.0035146346509389082
6996,0.0035146346509389082
6997,0.0035146346509389082
6998,0.0035146346509389082
6999,0.0035146346509389082
7000,0.0035146346509389082
7001,0.0035146346509389082
7002,0.0035146346509389082
7003,0.0035146346509389082
7004,0.0035146346509389082
7005,0.0035146346509389082
7006,0.0035146346509389082
7007,0.0035146346509389082
7008,0.0035146346509389082
7009,0.0035146346509389082
7010,0.0035146346509389082
7011,0.0035146346509389082
7012,0.0035146346509389082
7013,0.0035146346509389082
7014,0.0035146346509389082
7015,0.0035146346509389082
7016,0.0035146346509389082
7017,0.0035146346509389082
7018,0.0035146346509389082
7019,0.0035146346509389082
7020,0.0035146346509389082
7021,0.0035146346509389082
7022,0.0035146346509389082
7023,0.0035146346509389082
7024,0.0035146346509389082
7025,0.0035146346509389082
7026,0.0035146346509389082
7027,0.0035146346509389082
7028,0.0035146346509389082
7029,0.0035146346509389082
7030,0.0035146346509389082
7031,0.0035146346509389082
7032,0.0035146346509389082
7033,0.0035146346509389082
7034,0.0035146346509389082
7035,0.0035146346509389082
7036,0.0035146346509389082
7037,0.0035146346509389082
7038,0.0035146346509389082
7039,0.0035146346509389082
7040,0.0035146346509389082
7041,0.0035146346509389082
7042,0.0035146346509389082
7043,0.0035146346509389082
7044,0.0035146346509389082
7045,0.0035146346509389082
7046,0.0035146346509389082
7047,0.0035146346509389082
7048,0.0035146346509389082
7049,0.0035146346509389082
7050,0.0035146346509389082
7051,0.0035146346509389082
7052,0.0035146346509389082
7053,0.0035146346509389082
7054,0.0035146346509389082
7055,0.0035146346509389082
7056,0.0035146346509389082
7057,0.0035146346509389082
7058,0.0035146346509389082
7059,0.0035146346509389082
7060,0.0035146346509389082
7061,0.0035146346509389082
7062,0.0035146346509389082
7063,0.0035146346509389082
7064,0.0035146346509389082
7065,0.0035146346509389082
7066,0.0035146346509389082
7067,0.0035146346509389082
7068,0.0035146346509389082
7069,0.0035146346509389082
7070,0.0035146346509389082
7071,0.0035146346509389082
7072,0.0035146346509389082
7073,0.0035146346509389082
7074,0.0035146346509389082
7075,0.0035146346509389082
7076,0.0035146346509389082
7077,0.0035146346509389082
7078,0.0035146346509389082
7079,0.0035146346509389082
7080,0.0035146346509389082
7081,0.0035146346509389082
7082,0.0035146346509389082
7083,0.0035146346509389082
7084,0.0035146346509389082
7085,0.0035146346509389082
7086,0.0035146346509389082
7087,0.0035146346509389082
7088,0.0035146346509389082
7089,0.0035146346509389082
7090,0.0035146346509389082
7091,0.0035146346509389082
7092,0.0035146346509389082
7093,0.0035146346509389082
7094,0.0035146346509389082
7095,0.0035146346509389082
7096,0.0035146346509389082
7097,0.0035146346509389082
7098,0.0035146346509389082
7099,0.0035146346509389082
7100,0.0035146346509389082
7101,0.0035146346509389082
7102,0.0035146346509389082
7103,0.0035146346509389082
7104,0.0035146346509389082
7105,0.0035146346509389082
7106,0.0035146346509389082
7107,0.0035146346509389082
7108,0.0035146346509389082
7109,0.0035146346509389082
7110,0.0035146346509389082
7111,0.0035146346509389082
7112,0.0035146346509389082
7113,0.0035146346509389082
7114,0.0035146346509389082
7115,0.0035146346509389082
7116,0.0035146346509389082
7117,0.0035146346509389082
7118,0.0035146346509389082
7119,0.0035146346509389082
7120,0.0035146346509389082
7121,0.0035146346509389082
7122,0.0035146346509389082
7123,0.0035146346509389082
7124,0.0035146346509389082
7125,0.0035146346509389082
7126,0.0035146346509389082
7127,0.0035146346509389082
7128,0.0035146346509389082
7129,0.0035146346509389082
7130,0.0035146346509389082
7131,0.0035146346509389082
7132,0.0035146346509389082
7133,0.0035146346509389082
7134,0.0035146346509389082
7135,0.0035146346509389082
7136,0.0035146346509389082
7137,0.0035146346509389082
7138,0.0035146346509389082
7139,0.0035146346509389082
7140,0.0035146346509389082
7141,0.0035146346509389082
7142,0.0035146346509389082
7143,0.0035146346509389082
7144,0.0035146346509389082
7145,0.0035146346509389082
7146,0.0035146346509389082
7147,0.0035146346509389082
7148,0.0035146346509389082
7149,0.0035146346509389082
7150,0.0035146346509389082
7151,0.0035146346509389082
7152,0.0035146346509389082
7153,0.0035146346509389082
7154,0.0035146346509389082
7155,0.0035146346509389082
7156,0.0035146346509389082
7157,0.0035146346509389082
7158,0.0035146346509389082
7159,0.0035146346509389082
7160,0.0035146346509389082
7161,0.0035146346509389082
7162,0.0035146346509389082
7163,0.0035146346509389082
7164,0.0035146346509389082
7165,0.0035146346509389082
7166,0.0035146346509389082
7167,0.0035146346509389082
7168,0.0035146346509389082
7169,0.0035146346509389082
7170,0.0035146346509389082
7171,0.0035146346509389082
7172,0.0035146346509389082
7173,0.0035146346509389082
7174,0.0035146346509389082
7175,0.0035146346509389082
7176,0.0035146346509389082
7177,0.0035146346509389082
7178,0.0035146346509389082
7179,0.0035146346509389082
7180,0.0035146346509389082
7181,0.0035146346509389082
7182,0.0035146346509389082
7183,0.0035146346509389082
7184,0.0035146346509389082
7185,0.0035146346509389082
7186,0.0035146346509389082
7187,0.0035146346509389082
7188,0.0035146346509389082
7189,0.0035146346509389082
7190,0.0035146346509389082
7191,0.0035146346509389082
7192,0.0035146346509389082
7193,0.0035146346509389082
7194,0.0035146346509389082
7195,0.0035146346509389082
7196,0.0035146346509389082
7197,0.0035146346509389082
7198,0.0035146346509389082
7199,0.0035146346509389082
7200,0.0035146346509389082
7201,0.0035146346509389082
7202,0.0035146346509389082
7203,0.0035146346509389082
7204,0.0035146346509389082
7205,0.0035146346509389082
7206,0.0035146346509389082
7207,0.0035146346509389082
7208,0.0035146346509389082
7209,0.0035146346509389082
7210,0.0035146346509389082
7211,0.0035146346509389082
7212,0.0035146346509389082
7213,0.0035146346509389082
7214,0.0035146346509389082
7215,0.0035146346509389082
7216,0.0035146346509389082
7217,0.0035146346509389082
7218,0.0035146346509389082
7219,0.0035146346509389082
7220,0.0035146346509389082
7221,0.0035146346509389082
7222,0.0035146346509389082
7223,0.0035146346509389082
7224,0.0035146346509389082
7225,0.0035146346509389082
7226,0.0035146346509389082
7227,0.0035146346509389082
7228,0.0035146346509389082
7229,0.0035146346509389082
7230,0.0035146346509389082
7231,0.0035146346509389082
7232,0.0035146346509389082
7233,0.0035146346509389082
7234,0.0035146346509389082
7235,0.0035146346509389082
7236,0.0035146346509389082
7237,0.0035146346509389082
7238,0.0035146346509389082
7239,0.0035146346509389082
7240,0.0035146346509389082
7241,0.0035146346509389082
7242,0.0035146346509389082
7243,0.0035146346509389082
7244,0.0035146346509389082
7245,0.0035146346509389082
7246,0.0035146346509389082
7247,0.0035146346509389082
7248,0.0035146346509389082
7249,0.0035146346509389082
7250,0.0035146346509389082
7251,0.0035146346509389082
7252,0.0035146346509389082
7253,0.0035146346509389082
7254,0.0035146346509389082
7255,0.0035146346509389082
7256,0.0035146346509389082
7257,0.0035146346509389082
7258,0.0035146346509389082
7259,0.0035146346509389082
7260,0.0035146346509389082
7261,0.0035146346509389082
7262,0.0035146346509389082
7263,0.0035146346509389082
7264,0.0035146346509389082
7265,0.0035146346509389082
7266,0.0035146346509389082
7267,0.0035146346509389082
7268,0.0035146346509389082
7269,0.0035146346509389082
7270,0.0035146346509389082
7271,0.0035146346509389082
7272,0.0035146346509389082
7273,0.0035146346509389082
7274,0.0035146346509389082
7275,0.0035146346509389082
7276,0.0035146346509389082
7277,0.0035146346509389082
7278,0.0035146346509389082
7279,0.0035146346509389082
7280,0.0035146346509389082
7281,0.0035146346509389082
7282,0.0035146346509389082
7283,0.0035146346509389082
7284,0.0035146346509389082
7285,0.0035146346509389082
7286,0.0035146346509389082
7287,0.0035146346509389082
7288,0.0035146346509389082
7289,0.0035146346509389082
7290,0.0035146346509389082
7291,0.0035146346509389082
7292,0.0035146346509389082
7293,0.0035146346509389082
7294,0.0035146346509389082
7295,0.0035146346509389082
7296,0.0035146346509389082
7297,0.0035146346509389082
7298,0.0035146346509389082
7299,0.0035146346509389082
7300,0.0035146346509389082
7301,0.0035146346509389082
7302,0.0035146346509389082
7303,0.0035146346509389082
7304,0.0035146346509389082
7305,0.0035146346509389082
7306,0.0035146346509389082
7307,0.0035146346509389082
7308,0.0035146346509389082
7309,0.0035146346509389082
7310,0.0035146346509389082
7311,0.0035146346509389082
7312,0.0035146346509389082
7313,0.0035146346509389082
7314,0.0035146346509389082
7315,0.0035146346509389082
7316,0.0035146346509389082
7317,0.0035146346509389082
7318,0.0035146346509389082
7319,0.0035146346509389082
7320,0.0035146346509389082
7321,0.0035146346509389082
7322,0.0035146346509389082
7323,0.0035146346509389082
7324,0.0035146346509389082
7325,0.0035146346509389082
7326,0.0035146346509389082
7327,0.0035146346509389082
7328,0.0035146346509389082
7329,0.0035146346509389082
7330,0.0035146346509389082
7331,0.0035146346509389082
7332,0.0035146346509389082
7333,0.0035146346509389082
7334,0.0035146346509389082
7335,0.0035146346509389082
7336,0.0035146346509389082
7337,0.0035146346509389082
7338,0.0035146346509389082
7339,0.0035146346509389082
7340,0.0035146346509389082
7341,0.0035146346509389082
7342,0.0035146346509389082
7343,0.0035146346509389082
7344,0.0035146346509389082
7345,0.0035146346509389082
7346,0.0035146346509389082
7347,0.0035146346509389082
7348,0.0035146346509389082
7349,0.0035146346509389082
7350,0.0035146346509389082
7351,0.0035146346509389082
7352,0.0035146346509389082
7353,0.0035146346509389082
7354,0.0035146346509389082
7355,0.0035146346509389082
7356,0.0035146346509389082
7357,0.0035146346509389082
7358,0.0035146346509389082
7359,0.0035146346509389082
7360,0.0035146346509389082
7361,0.0035146346509389082
7362,0.0035146346509389082
7363,0.0035146346509389082
7364,0.0035146346509389082
7365,0.0035146346509389082
7366,0.0035146346509389082
7367,0.0035146346509389082
7368,0.0035146346509389082
7369,0.0035146346509389082
7370,0.0035146346509389082
7371,0.0035146346509389082
7372,0.0035146346509389082
7373,0.0035146346509389082
7374,0.0035146346509389082
7375,0.0035146346509389082
7376,0.0035146346509389082
7377,0.0035146346509389082
7378,0.0035146346509389082
7379,0.0035146346509389082
7380,0.0035146346509389082
7381,0.0035146346509389082
7382,0.0035146346509389082
7383,0.0035146346509389082
7384,0.0035146346509389082
7385,0.0035146346509389082
7386,0.0035146346509389082
7387,0.0035146346509389082
7388,0.0035146346509389082
7389,0.0035146346509389082
7390,0.0035146346509389082
7391,0.0035146346509389082
7392,0.0035146346509389082
7393,0.0035146346509389082
7394,0.0035146346509389082
7395,0.0035146346509389082
7396,0.0035146346509389082
7397,0.0035146346509389082
7398,0.0035146346509389082
7399,0.0035146346509389082
7400,0.0035146346509389082
7401,0.0035146346509389082
7402,0.0035146346509389082
7403,0.0035146346509389082
7404,0.0035146346509389082
7405,0.0035146346509389082
7406,0.0035146346509389082
7407,0.0035146346509389082
7408,0.0035146346509389082
7409,0.0035146346509389082
7410,0.0035146346509389082
7411,0.0035146346509389082
7412,0.0035146346509389082
7413,0.0035146346509389082
7414,0.0035146346509389082
7415,0.0035146346509389082
7416,0.0035146346509389082
7417,0.0035146346509389082
7418,0.0035146346509389082
7419,0.0035146346509389082
7420,0.0035146346509389082
7421,0.0035146346509389082
7422,0.0035146346509389082
7423,0.0035146346509389082
7424,0.0035146346509389082
7425,0.0035146346509389082
7426,0.0035146346509389082
7427,0.0035146346509389082
7428,0.0035146346509389082
7429,0.0035146346509389082
7430,0.0035146346509389082
7431,0.0035146346509389082
7432,0.0035146346509389082
7433,0.0035146346509389082
7434,0.0035146346509389082
7435,0.0035146346509389082
7436,0.0035146346509389082
7437,0.0035146346509389082
7438,0.0035146346509389082
7439,0.0035146346509389082
7440,0.0035146346509389082
7441,0.0035146346509389082
7442,0.0035146346509389082
7443,0.0035146346509389082
7444,0.0035146346509389082
7445,0.0035146346509389082
7446,0.0035146346509389082
7447,0.0035146346509389082
7448,0.0035146346509389082
7449,0.0035146346509389082
7450,0.0035146346509389082
7451,0.0035146346509389082
7452,0.0035146346509389082
7453,0.0035146346509389082
7454,0.0035146346509389082
7455,0.0035146346509389082
7456,0.0035146346509389082
7457,0.0035146346509389082
7458,0.0035146346509389082
7459,0.0035146346509389082
7460,0.0035146346509389082
7461,0.0035146346509389082
7462,0.0035146346509389082
7463,0.0035146346509389082
7464,0.0035146346509389082
7465,0.0035146346509389082
7466,0.0035146346509389082
7467,0.0035146346509389082
7468,0.0035146346509389082
7469,0.0035146346509389082
7470,0.0035146346509389082
7471,0.0035146346509389082
7472,0.0035146346509389082
7473,0.0035146346509389082
7474,0.0035146346509389082
7475,0.0035146346509389082
7476,0.0035146346509389082
7477,0.0035146346509389082
7478,0.0035146346509389082
7479,0.0035146346509389082
7480,0.0035146346509389082
7481,0.0035146346509389082
7482,0.0035146346509389082
7483,0.0035146346509389082
7484,0.0035146346509389082
7485,0.0035146346509389082
7486,0.0035146346509389082
7487,0.0035146346509389082
7488,0.0035146346509389082
7489,0.0035146346509389082
7490,0.0035146346509389082
7491,0.0035146346509389082
7492,0.0035146346509389082
7493,0.0035146346509389082
7494,0.0035146346509389082
7495,0.0035146346509389082
7496,0.0035146346509389082
7497,0.0035146346509389082
7498,0.0035146346509389082
7499,0.0035146346509389082
7500,0.0035146346509389082
7501,0.0035146346509389082
7502,0.0035146346509389082
7503,0.0035146346509389082
7504,0.0035146346509389082
7505,0.0035146346509389082
7506,0.0035146346509389082
7507,0.0035146346509389082
7508,0.0035146346509389082
7509,0.0035146346509389082
7510,0.0035146346509389082
7511,0.0035146346509389082
7512,0.0035146346509389082
7513,0.0035146346509389082
7514,0.0035146346509389082
7515,0.0035146346509389082
7516,0.0035146346509389082
7517,0.0035146346509389082
7518,0.0035146346509389082
7519,0.0035146346509389082
7520,0.0035146346509389082
7521,0.0035146346509389082
7522,0.0035146346509389082
7523,0.0035146346509389082
7524,0.0035146346509389082
7525,0.0035146346509389082
7526,0.0035146346509389082
7527,0.0035146346509389082
7528,0.0035146346509389082
7529,0.0035146346509389082
7530,0.0035146346509389082
7531,0.0035146346509389082
7532,0.0035146346509389082
7533,0.0035146346509389082
7534,0.0035146346509389082
7535,0.0035146346509389082
7536,0.0035146346509389082
7537,0.0035146346509389082
7538,0.0035146346509389082
7539,0.0035146346509389082
7540,0.0035146346509389082
7541,0.0035146346509389082
7542,0.0035146346509389082
7543,0.0035146346509389082
7544,0.0035146346509389082
7545,0.0035146346509389082
7546,0.0035146346509389082
7547,0.0035146346509389082
7548,0.0035146346509389082
7549,0.0035146346509389082
7550,0.0035146346509389082
7551,0.0035146346509389082
7552,0.0035146346509389082
7553,0.0035146346509389082
7554,0.0035146346509389082
7555,0.0035146346509389082
7556,0.0035146346509389082
7557,0.0035146346509389082
7558,0.0035146346509389082
7559,0.0035146346509389082
7560,0.0035146346509389082
7561,0.0035146346509389082
7562,0.0035146346509389082
7563,0.0035146346509389082
7564,0.0035146346509389082
7565,0.0035146346509389082
7566,0.0035146346509389082
7567,0.0035146346509389082
7568,0.0035146346509389082
7569,0.0035146346509389082
7570,0.0035146346509389082
7571,0.0035146346509389082
7572,0.0035146346509389082
7573,0.0035146346509389082
7574,0.0035146346509389082
7575,0.0035146346509389082
7576,0.0035146346509389082
7577,0.0035146346509389082
7578,0.0035146346509389082
7579,0.0035146346509389082
7580,0.0035146346509389082
7581,0.0035146346509389082
7582,0.0035146346509389082
7583,0.0035146346509389082
7584,0.0035146346509389082
7585,0.0035146346509389082
7586,0.0035146346509389082
7587,0.0035146346509389082
7588,0.0035146346509389082
7589,0.0035146346509389082
7590,0.0035146346509389082
7591,0.0035146346509389082
7592,0.0035146346509389082
7593,0.0035146346509389082
7594,0.0035146346509389082
7595,0.0035146346509389082
7596,0.0035146346509389082
7597,0.0035146346509389082
7598,0.0035146346509389082
7599,0.0035146346509389082
7600,0.0035146346509389082
7601,0.0035146346509389082
7602,0.0035146346509389082
7603,0.0035146346509389082
7604,0.0035146346509389082
7605,0.0035146346509389082
7606,0.0035146346509389082
7607,0.0035146346509389082
7608,0.0035146346509389082
7609,0.0035146346509389082
7610,0.0035146346509389082
7611,0.0035146346509389082
7612,0.0035146346509389082
7613,0.0035146346509389082
7614,0.0035146346509389082
7615,0.0035146346509389082
7616,0.0035146346509389082
7617,0.0035146346509389082
7618,0.0035146346509389082
7619,0.0035146346509389082
7620,0.0035146346509389082
7621,0.0035146346509389082
7622,0.0035146346509389082
7623,0.0035146346509389082
7624,0.0035146346509389082
7625,0.0035146346509389082
7626,0.0035146346509389082
7627,0.0035146346509389082
7628,0.0035146346509389082
7629,0.0035146346509389082
7630,0.0035146346509389082
7631,0.0035146346509389082
7632,0.0035146346509389082
7633,0.0035146346509389082
7634,0.0035146346509389082
7635,0.0035146346509389082
7636,0.0035146346509389082
7637,0.0035146346509389082
7638,0.0035146346509389082
7639,0.0035146346509389082
7640,0.0035146346509389082
7641,0.0035146346509389082
7642,0.0035146346509389082
7643,0.0035146346509389082
7644,0.0035146346509389082
7645,0.0035146346509389082
7646,0.0035146346509389082
7647,0.0035146346509389082
7648,0.0035146346509389082
7649,0.0035146346509389082
7650,0.0035146346509389082
7651,0.0035146346509389082
7652,0.0035146346509389082
7653,0.0035146346509389082
7654,0.0035146346509389082
7655,0.0035146346509389082
7656,0.0035146346509389082
7657,0.0035146346509389082
7658,0.0035146346509389082
7659,0.0035146346509389082
7660,0.0035146346509389082
7661,0.0035146346509389082
7662,0.0035146346509389082
7663,0.0035146346509389082
7664,0.0035146346509389082
7665,0.0035146346509389082
7666,0.0035146346509389082
7667,0.0035146346509389082
7668,0.0035146346509389082
7669,0.0035146346509389082
7670,0.0035146346509389082
7671,0.0035146346509389082
7672,0.0035146346509389082
7673,0.0035146346509389082
7674,0.0035146346509389082
7675,0.0035146346509389082
7676,0.0035146346509389082
7677,0.0035146346509389082
7678,0.0035146346509389082
7679,0.0035146346509389082
7680,0.0035146346509389082
7681,0.0035146346509389082
7682,0.0035146346509389082
7683,0.0035146346509389082
7684,0.0035146346509389082
7685,0.0035146346509389082
7686,0.0035146346509389082
7687,0.0035146346509389082
7688,0.0035146346509389082
7689,0.0035146346509389082
7690,0.0035146346509389082
7691,0.0035146346509389082
7692,0.0035146346509389082
7693,0.0035146346509389082
7694,0.0035146346509389082
7695,0.0035146346509389082
7696,0.0035146346509389082
7697,0.0035146346509389082
7698,0.0035146346509389082
7699,0.0035146346509389082
7700,0.0035146346509389082
7701,0.0035146346509389082
7702,0.0035146346509389082
7703,0.0035146346509389082
7704,0.0035146346509389082
7705,0.0035146346509389082
7706,0.0035146346509389082
7707,0.0035146346509389082
7708,0.0035146346509389082
7709,0.0035146346509389082
7710,0.0035146346509389082
7711,0.0035146346509389082
7712,0.0035146346509389082
7713,0.0035146346509389082
7714,0.0035146346509389082
7715,0.0035146346509389082
7716,0.0035146346509389082
7717,0.0035146346509389082
7718,0.0035146346509389082
7719,0.0035146346509389082
7720,0.0035146346509389082
7721,0.0035146346509389082
7722,0.0035146346509389082
7723,0.0035146346509389082
7724,0.0035146346509389082
7725,0.0035146346509389082
7726,0.0035146346509389082
7727,0.0035146346509389082
7728,0.0035146346509389082
7729,0.0035146346509389082
7730,0.0035146346509389082
7731,0.0035146346509389082
7732,0.0035146346509389082
7733,0.0035146346509389082
7734,0.0035146346509389082
7735,0.0035146346509389082
7736,0.0035146346509389082
7737,0.0035146346509389082
7738,0.0035146346509389082
7739,0.0035146346509389082
7740,0.0035146346509389082
7741,0.0035146346509389082
7742,0.0035146346509389082
7743,0.0035146346509389082
7744,0.0035146346509389082
7745,0.0035146346509389082
7746,0.0035146346509389082
7747,0.0035146346509389082
7748,0.0035146346509389082
7749,0.0035146346509389082
7750,0.0035146346509389082
7751,0.0035146346509389082
7752,0.0035146346509389082
7753,0.0035146346509389082
7754,0.0035146346509389082
7755,0.0035146346509389082
7756,0.0035146346509389082
7757,0.0035146346509389082
7758,0.0035146346509389082
7759,0.0035146346509389082
7760,0.0035146346509389082
7761,0.0035146346509389082
7762,0.0035146346509389082
7763,0.0035146346509389082
7764,0.0035146346509389082
7765,0.0035146346509389082
7766,0.0035146346509389082
7767,0.0035146346509389082
7768,0.0035146346509389082
7769,0.0035146346509389082
7770,0.0035146346509389082
7771,0.0035146346509389082
7772,0.0035146346509389082
7773,0.0035146346509389082
7774,0.0035146346509389082
7775,0.0035146346509389082
7776,0.0035146346509389082
7777,0.0035146346509389082
7778,0.0035146346509389082
7779,0.0035146346509389082
7780,0.0035146346509389082
7781,0.0035146346509389082
7782,0.0035146346509389082
7783,0.0035146346509389082
7784,0.0035146346509389082
7785,0.0035146346509389082
7786,0.0035146346509389082
7787,0.0035146346509389082
7788,0.0035146346509389082
7789,0.0035146346509389082
7790,0.0035146346509389082
7791,0.0035146346509389082
7792,0.0035146346509389082
7793,0.0035146346509389082
7794,0.0035146346509389082
7795,0.0035146346509389082
7796,0.0035146346509389082
7797,0.0035146346509389082
7798,0.0035146346509389082
7799,0.0035146346509389082
7800,0.0035146346509389082
7801,0.0035146346509389082
7802,0.0035146346509389082
7803,0.0035146346509389082
7804,0.0035146346509389082
7805,0.0035146346509389082
7806,0.0035146346509389082
7807,0.0035146346509389082
7808,0.0035146346509389082
7809,0.0035146346509389082
7810,0.0035146346509389082
7811,0.0035146346509389082
7812,0.0035146346509389082
7813,0.0035146346509389082
7814,0.0035146346509389082
7815,0.0035146346509389082
7816,0.0035146346509389082
7817,0.0035146346509389082
7818,0.0035146346509389082
7819,0.0035146346509389082
7820,0.0035146346509389082
7821,0.0035146346509389082
7822,0.0035146346509389082
7823,0.0035146346509389082
7824,0.0035146346509389082
7825,0.0035146346509389082
7826,0.0035146346509389082
7827,0.0035146346509389082
7828,0.0035146346509389082
7829,0.0035146346509389082
7830,0.0035146346509389082
7831,0.0035146346509389082
7832,0.0035146346509389082
7833,0.0035146346509389082
7834,0.0035146346509389082
7835,0.0035146346509389082
7836,0.0035146346509389082
7837,0.0035146346509389082
7838,0.0035146346509389082
7839,0.0035146346509389082
7840,0.0035146346509389082
7841,0.0035146346509389082
7842,0.0035146346509389082
7843,0.0035146346509389082
7844,0.0035146346509389082
7845,0.0035146346509389082
7846,0.0035146346509389082
7847,0.0035146346509389082
7848,0.0035146346509389082
7849,0.0035146346509389082
7850,0.0035146346509389082
7851,0.0035146346509389082
7852,0.0035146346509389082
7853,0.0035146346509389082
7854,0.0035146346509389082
7855,0.0035146346509389082
7856,0.0035146346509389082
7857,0.0035146346509389082
7858,0.0035146346509389082
7859,0.0035146346509389082
7860,0.0035146346509389082
7861,0.0035146346509389082
7862,0.0035146346509389082
7863,0.0035146346509389082
7864,0.0035146346509389082
7865,0.0035146346509389082
7866,0.0035146346509389082
7867,0.0035146346509389082
7868,0.0035146346509389082
7869,0.0035146346509389082
7870,0.0035146346509389082
7871,0.0035146346509389082
7872,0.0035146346509389082
7873,0.0035146346509389082
7874,0.0035146346509389082
7875,0.0035146346509389082
7876,0.0035146346509389082
7877,0.0035146346509389082
7878,0.0035146346509389082
7879,0.0035146346509389082
7880,0.0035146346509389082
7881,0.0035146346509389082
7882,0.0035146346509389082
7883,0.0035146346509389082
7884,0.0035146346509389082
7885,0.0035146346509389082
7886,0.0035146346509389082
7887,0.0035146346509389082
7888,0.0035146346509389082
7889,0.0035146346509389082
7890,0.0035146346509389082
7891,0.0035146346509389082
7892,0.0035146346509389082
7893,0.0035146346509389082
7894,0.0035146346509389082
7895,0.0035146346509389082
7896,0.0035146346509389082
7897,0.0035146346509389082
7898,0.0035146346509389082
7899,0.0035146346509389082
7900,0.0035146346509389082
7901,0.0035146346509389082
7902,0.0035146346509389082
7903,0.0035146346509389082
7904,0.0035146346509389082
7905,0.0035146346509389082
7906,0.0035146346509389082
7907,0.0035146346509389082
7908,0.0035146346509389082
7909,0.0035146346509389082
7910,0.0035146346509389082
7911,0.0035146346509389082
7912,0.0035146346509389082
7913,0.0035146346509389082
7914,0.0035146346509389082
7915,0.0035146346509389082
7916,0.0035146346509389082
7917,0.0035146346509389082
7918,0.0035146346509389082
7919,0.0035146346509389082
7920,0.0035146346509389082
7921,0.0035146346509389082
7922,0.0035146346509389082
7923,0.0035146346509389082
7924,0.0035146346509389082
7925,0.0035146346509389082
7926,0.0035146346509389082
7927,0.0035146346509389082
7928,0.0035146346509389082
7929,0.0035146346509389082
7930,0.0035146346509389082
7931,0.0035146346509389082
7932,0.0035146346509389082
7933,0.0035146346509389082
7934,0.0035146346509389082
7935,0.0035146346509389082
7936,0.0035146346509389082
7937,0.0035146346509389082
7938,0.0035146346509389082
7939,0.0035146346509389082
7940,0.0035146346509389082
7941,0.0035146346509389082
7942,0.0035146346509389082
7943,0.0035146346509389082
7944,0.0035146346509389082
7945,0.0035146346509389082
7946,0.0035146346509389082
7947,0.0035146346509389082
7948,0.0035146346509389082
7949,0.0035146346509389082
7950,0.0035146346509389082
7951,0.0035146346509389082
7952,0.0035146346509389082
7953,0.0035146346509389082
7954,0.0035146346509389082
7955,0.0035146346509389082
7956,0.0035146346509389082
7957,0.0035146346509389082
7958,0.0035146346509389082
7959,0.0035146346509389082
7960,0.0035146346509389082
7961,0.0035146346509389082
7962,0.0035146346509389082
7963,0.0035146346509389082
7964,0.0035146346509389082
7965,0.0035146346509389082
7966,0.0035146346509389082
7967,0.0035146346509389082
7968,0.0035146346509389082
7969,0.0035146346509389082
7970,0.0035146346509389082
7971,0.0035146346509389082
7972,0.0035146346509389082
7973,0.0035146346509389082
7974,0.0035146346509389082
7975,0.0035146346509389082
7976,0.0035146346509389082
7977,0.0035146346509389082
7978,0.0035146346509389082
7979,0.0035146346509389082
7980,0.0035146346509389082
7981,0.0035146346509389082
7982,0.0035146346509389082
7983,0.0035146346509389082
7984,0.0035146346509389082
7985,0.0035146346509389082
7986,0.0035146346509389082
7987,0.0035146346509389082
7988,0.0035146346509389082
7989,0.0035146346509389082
7990,0.0035146346509389082
7991,0.0035146346509389082
7992,0.0035146346509389082
7993,0.0035146346509389082
7994,0.0035146346509389082
7995,0.0035146346509389082
7996,0.0035146346509389082
7997,0.0035146346509389082
7998,0.0035146346509389082
7999,0.0035146346509389082
8000,0.0035146346509389082
8001,0.0035146346509389082
8002,0.0035146346509389082
8003,0.0035146346509389082
8004,0.0035146346509389082
8005,0.0035146346509389082
8006,0.0035146346509389082
8007,0.0035146346509389082
8008,0.0035146346509389082
8009,0.0035146346509389082
8010,0.0035146346509389082
8011,0.0035146346509389082
8012,0.0035146346509389082
8013,0.0035146346509389082
8014,0.0035146346509389082
8015,0.0035146346509389082
8016,0.0035146346509389082
8017,0.0035146346509389082
8018,0.0035146346509389082
8019,0.0035146346509389082
8020,0.0035146346509389082
8021,0.0035146346509389082
8022,0.0035146346509389082
8023,0.0035146346509389082
8024,0.0035146346509389082
8025,0.0035146346509389082
8026,0.0035146346509389082
8027,0.0035146346509389082
8028,0.0035146346509389082
8029,0.0035146346509389082
8030,0.0035146346509389082
8031,0.0035146346509389082
8032,0.0035146346509389082
8033,0.0035146346509389082
8034,0.0035146346509389082
8035,0.0035146346509389082
8036,0.0035146346509389082
8037,0.0035146346509389082
8038,0.0035146346509389082
8039,0.0035146346509389082
8040,0.0035146346509389082
8041,0.0035146346509389082
8042,0.0035146346509389082
8043,0.0035146346509389082
8044,0.0035146346509389082
8045,0.0035146346509389082
8046,0.0035146346509389082
8047,0.0035146346509389082
8048,0.0035146346509389082
8049,0.0035146346509389082
8050,0.0035146346509389082
8051,0.0035146346509389082
8052,0.0035146346509389082
8053,0.0035146346509389082
8054,0.0035146346509389082
8055,0.0035146346509389082
8056,0.0035146346509389082
8057,0.0035146346509389082
8058,0.0035146346509389082
8059,0.0035146346509389082
8060,0.0035146346509389082
8061,0.0035146346509389082
8062,0.0035146346509389082
8063,0.0035146346509389082
8064,0.0035146346509389082
8065,0.0035146346509389082
8066,0.0035146346509389082
8067,0.0035146346509389082
8068,0.0035146346509389082
8069,0.0035146346509389082
8070,0.0035146346509389082
8071,0.0035146346509389082
8072,0.0035146346509389082
8073,0.0035146346509389082
8074,0.0035146346509389082
8075,0.0035146346509389082
8076,0.0035146346509389082
8077,0.0035146346509389082
8078,0.0035146346509389082
8079,0.0035146346509389082
8080,0.0035146346509389082
8081,0.0035146346509389082
8082,0.0035146346509389082
8083,0.0035146346509389082
8084,0.0035146346509389082
8085,0.0035146346509389082
8086,0.0035146346509389082
8087,0.0035146346509389082
8088,0.0035146346509389082
8089,0.0035146346509389082
8090,0.0035146346509389082
8091,0.0035146346509389082
8092,0.0035146346509389082
8093,0.0035146346509389082
8094,0.0035146346509389082
8095,0.0035146346509389082
8096,0.0035146346509389082
8097,0.0035146346509389082
8098,0.0035146346509389082
8099,0.0035146346509389082
8100,0.0035146346509389082
8101,0.0035146346509389082
8102,0.0035146346509389082
8103,0.0035146346509389082
8104,0.0035146346509389082
8105,0.0035146346509389082
8106,0.0035146346509389082
8107,0.0035146346509389082
8108,0.0035146346509389082
8109,0.0035146346509389082
8110,0.0035146346509389082
8111,0.0035146346509389082
8112,0.0035146346509389082
8113,0.0035146346509389082
8114,0.0035146346509389082
8115,0.0035146346509389082
8116,0.0035146346509389082
8117,0.0035146346509389082
8118,0.0035146346509389082
8119,0.0035146346509389082
8120,0.0035146346509389082
8121,0.0035146346509389082
8122,0.0035146346509389082
8123,0.0035146346509389082
8124,0.0035146346509389082
8125,0.0035146346509389082
8126,0.0035146346509389082
8127,0.0035146346509389082
8128,0.0035146346509389082
8129,0.0035146346509389082
8130,0.0035146346509389082
8131,0.0035146346509389082
8132,0.0035146346509389082
8133,0.0035146346509389082
8134,0.0035146346509389082
8135,0.0035146346509389082
8136,0.0035146346509389082
8137,0.0035146346509389082
8138,0.0035146346509389082
8139,0.0035146346509389082
8140,0.0035146346509389082
8141,0.0035146346509389082
8142,0.0035146346509389082
8143,0.0035146346509389082
8144,0.0035146346509389082
8145,0.0035146346509389082
8146,0.0035146346509389082
8147,0.0035146346509389082
8148,0.0035146346509389082
8149,0.0035146346509389082
8150,0.0035146346509389082
8151,0.0035146346509389082
8152,0.0035146346509389082
8153,0.0035146346509389082
8154,0.0035146346509389082
8155,0.0035146346509389082
8156,0.0035146346509389082
8157,0.0035146346509389082
8158,0.0035146346509389082
8159,0.0035146346509389082
8160,0.0035146346509389082
8161,0.0035146346509389082
8162,0.0035146346509389082
8163,0.0035146346509389082
8164,0.0035146346509389082
8165,0.0035146346509389082
8166,0.0035146346509389082
8167,0.0035146346509389082
8168,0.0035146346509389082
8169,0.0035146346509389082
8170,0.0035146346509389082
8171,0.0035146346509389082
8172,0.0035146346509389082
8173,0.0035146346509389082
8174,0.0035146346509389082
8175,0.0035146346509389082
8176,0.0035146346509389082
8177,0.0035146346509389082
8178,0.0035146346509389082
8179,0.0035146346509389082
8180,0.0035146346509389082
8181,0.0035146346509389082
8182,0.0035146346509389082
8183,0.0035146346509389082
8184,0.0035146346509389082
8185,0.0035146346509389082
8186,0.0035146346509389082
8187,0.0035146346509389082
8188,0.0035146346509389082
8189,0.0035146346509389082
8190,0.0035146346509389082
8191,0.0035146346509389082
8192,0.0035146346509389082
8193,0.0035146346509389082
8194,0.0035146346509389082
8195,0.0035146346509389082
8196,0.0035146346509389082
8197,0.0035146346509389082
8198,0.0035146346509389082
8199,0.0035146346509389082
8200,0.0035146346509389082
8201,0.0035146346509389082
8202,0.0035146346509389082
8203,0.0035146346509389082
8204,0.0035146346509389082
8205,0.0035146346509389082
8206,0.0035146346509389082
8207,0.0035146346509389082
8208,0.0035146346509389082
8209,0.0035146346509389082
8210,0.0035146346509389082
8211,0.0035146346509389082
8212,0.0035146346509389082
8213,0.0035146346509389082
8214,0.0035146346509389082
8215,0.0035146346509389082
8216,0.0035146346509389082
8217,0.0035146346509389082
8218,0.0035146346509389082
8219,0.0035146346509389082
8220,0.0035146346509389082
8221,0.0035146346509389082
8222,0.0035146346509389082
8223,0.0035146346509389082
8224,0.0035146346509389082
8225,0.0035146346509389082
8226,0.0035146346509389082
8227,0.0035146346509389082
8228,0.0035146346509389082
8229,0.0035146346509389082
8230,0.0035146346509389082
8231,0.0035146346509389082
8232,0.0035146346509389082
8233,0.0035146346509389082
8234,0.0035146346509389082
8235,0.0035146346509389082
8236,0.0035146346509389082
8237,0.0035146346509389082
8238,0.0035146346509389082
8239,0.0035146346509389082
8240,0.0035146346509389082
8241,0.0035146346509389082
8242,0.0035146346509389082
8243,0.0035146346509389082
8244,0.0035146346509389082
8245,0.0035146346509389082
8246,0.0035146346509389082
8247,0.0035146346509389082
8248,0.0035146346509389082
8249,0.0035146346509389082
8250,0.0035146346509389082
8251,0.0035146346509389082
8252,0.0035146346509389082
8253,0.0035146346509389082
8254,0.0035146346509389082
8255,0.0035146346509389082
8256,0.0035146346509389082
8257,0.0035146346509389082
8258,0.0035146346509389082
8259,0.0035146346509389082
8260,0.0035146346509389082
8261,0.0035146346509389082
8262,0.0035146346509389082
8263,0.0035146346509389082
8264,0.0035146346509389082
8265,0.0035146346509389082
8266,0.0035146346509389082
8267,0.0035146346509389082
8268,0.0035146346509389082
8269,0.0035146346509389082
8270,0.0035146346509389082
8271,0.0035146346509389082
8272,0.0035146346509389082
8273,0.0035146346509389082
8274,0.0035146346509389082
8275,0.0035146346509389082
8276,0.0035146346509389082
8277,0.0035146346509389082
8278,0.0035146346509389082
8279,0.0035146346509389082
8280,0.0035146346509389082
8281,0.0035146346509389082
8282,0.0035146346509389082
8283,0.0035146346509389082
8284,0.0035146346509389082
8285,0.0035146346509389082
8286,0.0035146346509389082
8287,0.0035146346509389082
8288,0.0035146346509389082
8289,0.0035146346509389082
8290,0.0035146346509389082
8291,0.0035146346509389082
8292,0.0035146346509389082
8293,0.0035146346509389082
8294,0.0035146346509389082
8295,0.0035146346509389082
8296,0.0035146346509389082
8297,0.0035146346509389082
8298,0.0035146346509389082
8299,0.0035146346509389082
8300,0.0035146346509389082
8301,0.0035146346509389082
8302,0.0035146346509389082
8303,0.0035146346509389082
8304,0.0035146346509389082
8305,0.0035146346509389082
8306,0.0035146346509389082
8307,0.0035146346509389082
8308,0.0035146346509389082
8309,0.0035146346509389082
8310,0.0035146346509389082
8311,0.0035146346509389082
8312,0.0035146346509389082
8313,0.0035146346509389082
8314,0.0035146346509389082
8315,0.0035146346509389082
8316,0.0035146346509389082
8317,0.0035146346509389082
8318,0.0035146346509389082
8319,0.0035146346509389082
8320,0.0035146346509389082
8321,0.0035146346509389082
8322,0.0035146346509389082
8323,0.0035146346509389082
8324,0.0035146346509389082
8325,0.0035146346509389082
8326,0.0035146346509389082
8327,0.0035146346509389082
8328,0.0035146346509389082
8329,0.0035146346509389082
8330,0.0035146346509389082
8331,0.0035146346509389082
8332,0.0035146346509389082
8333,0.0035146346509389082
8334,0.0035146346509389082
8335,0.0035146346509389082
8336,0.0035146346509389082
8337,0.0035146346509389082
8338,0.0035146346509389082
8339,0.0035146346509389082
8340,0.0035146346509389082
8341,0.0035146346509389082
8342,0.0035146346509389082
8343,0.0035146346509389082
8344,0.0035146346509389082
8345,0.0035146346509389082
8346,0.0035146346509389082
8347,0.0035146346509389082
8348,0.0035146346509389082
8349,0.0035146346509389082
8350,0.0035146346509389082
8351,0.0035146346509389082
8352,0.0035146346509389082
8353,0.0035146346509389082
8354,0.0035146346509389082
8355,0.0035146346509389082
8356,0.0035146346509389082
8357,0.0035146346509389082
8358,0.0035146346509389082
8359,0.0035146346509389082
8360,0.0035146346509389082
8361,0.0035146346509389082
8362,0.0035146346509389082
8363,0.0035146346509389082
8364,0.0035146346509389082
8365,0.0035146346509389082
8366,0.0035146346509389082
8367,0.0035146346509389082
8368,0.0035146346509389082
8369,0.0035146346509389082
8370,0.0035146346509389082
8371,0.0035146346509389082
8372,0.0035146346509389082
8373,0.0035146346509389082
8374,0.0035146346509389082
8375,0.0035146346509389082
8376,0.0035146346509389082
8377,0.0035146346509389082
8378,0.0035146346509389082
8379,0.0035146346509389082
8380,0.0035146346509389082
8381,0.0035146346509389082
8382,0.0035146346509389082
8383,0.0035146346509389082
8384,0.0035146346509389082
8385,0.0035146346509389082
8386,0.0035146346509389082
8387,0.0035146346509389082
8388,0.0035146346509389082
8389,0.0035146346509389082
8390,0.0035146346509389082
8391,0.0035146346509389082
8392,0.0035146346509389082
8393,0.0035146346509389082
8394,0.0035146346509389082
8395,0.0035146346509389082
8396,0.0035146346509389082
8397,0.0035146346509389082
8398,0.0035146346509389082
8399,0.0035146346509389082
8400,0.0035146346509389082
8401,0.0035146346509389082
8402,0.0035146346509389082
8403,0.0035146346509389082
8404,0.0035146346509389082
8405,0.0035146346509389082
8406,0.0035146346509389082
8407,0.0035146346509389082
8408,0.0035146346509389082
8409,0.0035146346509389082
8410,0.0035146346509389082
8411,0.0035146346509389082
8412,0.0035146346509389082
8413,0.0035146346509389082
8414,0.0035146346509389082
8415,0.0035146346509389082
8416,0.0035146346509389082
8417,0.0035146346509389082
8418,0.0035146346509389082
8419,0.0035146346509389082
8420,0.0035146346509389082
8421,0.0035146346509389082
8422,0.0035146346509389082
8423,0.0035146346509389082
8424,0.0035146346509389082
8425,0.0035146346509389082
8426,0.0035146346509389082
8427,0.0035146346509389082
8428,0.0035146346509389082
8429,0.0035146346509389082
8430,0.0035146346509389082
8431,0.0035146346509389082
8432,0.0035146346509389082
8433,0.0035146346509389082
8434,0.0035146346509389082
8435,0.0035146346509389082
8436,0.0035146346509389082
8437,0.0035146346509389082
8438,0.0035146346509389082
8439,0.0035146346509389082
8440,0.0035146346509389082
8441,0.0035146346509389082
8442,0.0035146346509389082
8443,0.0035146346509389082
8444,0.0035146346509389082
8445,0.0035146346509389082
8446,0.0035146346509389082
8447,0.0035146346509389082
8448,0.0035146346509389082
8449,0.0035146346509389082
8450,0.0035146346509389082
8451,0.0035146346509389082
8452,0.0035146346509389082
8453,0.0035146346509389082
8454,0.0035146346509389082
8455,0.0035146346509389082
8456,0.0035146346509389082
8457,0.0035146346509389082
8458,0.0035146346509389082
8459,0.0035146346509389082
8460,0.0035146346509389082
8461,0.0035146346509389082
8462,0.0035146346509389082
8463,0.0035146346509389082
8464,0.0035146346509389082
8465,0.0035146346509389082
8466,0.0035146346509389082
8467,0.0035146346509389082
8468,0.0035146346509389082
8469,0.0035146346509389082
8470,0.0035146346509389082
8471,0.0035146346509389082
8472,0.0035146346509389082
8473,0.0035146346509389082
8474,0.0035146346509389082
8475,0.0035146346509389082
8476,0.0035146346509389082
8477,0.0035146346509389082
8478,0.0035146346509389082
8479,0.0035146346509389082
8480,0.0035146346509389082
8481,0.0035146346509389082
8482,0.0035146346509389082
8483,0.0035146346509389082
8484,0.0035146346509389082
8485,0.0035146346509389082
8486,0.0035146346509389082
8487,0.0035146346509389082
8488,0.0035146346509389082
8489,0.0035146346509389082
8490,0.0035146346509389082
8491,0.0035146346509389082
8492,0.0035146346509389082
8493,0.0035146346509389082
8494,0.0035146346509389082
8495,0.0035146346509389082
8496,0.0035146346509389082
8497,0.0035146346509389082
8498,0.0035146346509389082
8499,0.0035146346509389082
8500,0.0035146346509389082
8501,0.0035146346509389082
8502,0.0035146346509389082
8503,0.0035146346509389082
8504,0.0035146346509389082
8505,0.0035146346509389082
8506,0.0035146346509389082
8507,0.0035146346509389082
8508,0.0035146346509389082
8509,0.0035146346509389082
8510,0.0035146346509389082
8511,0.0035146346509389082
8512,0.0035146346509389082
8513,0.0035146346509389082
8514,0.0035146346509389082
8515,0.0035146346509389082
8516,0.0035146346509389082
8517,0.0035146346509389082
8518,0.0035146346509389082
8519,0.0035146346509389082
8520,0.0035146346509389082
8521,0.0035146346509389082
8522,0.0035146346509389082
8523,0.0035146346509389082
8524,0.0035146346509389082
8525,0.0035146346509389082
8526,0.0035146346509389082
8527,0.0035146346509389082
8528,0.0035146346509389082
8529,0.0035146346509389082
8530,0.0035146346509389082
8531,0.0035146346509389082
8532,0.0035146346509389082
8533,0.0035146346509389082
8534,0.0035146346509389082
8535,0.0035146346509389082
8536,0.0035146346509389082
8537,0.0035146346509389082
8538,0.0035146346509389082
8539,0.0035146346509389082
8540,0.0035146346509389082
8541,0.0035146346509389082
8542,0.0035146346509389082
8543,0.0035146346509389082
8544,0.0035146346509389082
8545,0.0035146346509389082
8546,0.0035146346509389082
8547,0.0035146346509389082
8548,0.0035146346509389082
8549,0.0035146346509389082
8550,0.0035146346509389082
8551,0.0035146346509389082
8552,0.0035146346509389082
8553,0.0035146346509389082
8554,0.0035146346509389082
8555,0.0035146346509389082
8556,0.0035146346509389082
8557,0.0035146346509389082
8558,0.0035146346509389082
8559,0.0035146346509389082
8560,0.0035146346509389082
8561,0.0035146346509389082
8562,0.0035146346509389082
8563,0.0035146346509389082
8564,0.0035146346509389082
8565,0.0035146346509389082
8566,0.0035146346509389082
8567,0.0035146346509389082
8568,0.0035146346509389082
8569,0.0035146346509389082
8570,0.0035146346509389082
8571,0.0035146346509389082
8572,0.0035146346509389082
8573,0.0035146346509389082
8574,0.0035146346509389082
8575,0.0035146346509389082
8576,0.0035146346509389082
8577,0.0035146346509389082
8578,0.0035146346509389082
8579,0.0035146346509389082
8580,0.0035146346509389082
8581,0.0035146346509389082
8582,0.0035146346509389082
8583,0.0035146346509389082
8584,0.0035146346509389082
8585,0.0035146346509389082
8586,0.0035146346509389082
8587,0.0035146346509389082
8588,0.0035146346509389082
8589,0.0035146346509389082
8590,0.0035146346509389082
8591,0.0035146346509389082
8592,0.0035146346509389082
8593,0.0035146346509389082
8594,0.0035146346509389082
8595,0.0035146346509389082
8596,0.0035146346509389082
8597,0.0035146346509389082
8598,0.0035146346509389082
8599,0.0035146346509389082
8600,0.0035146346509389082
8601,0.0035146346509389082
8602,0.0035146346509389082
8603,0.0035146346509389082
8604,0.0035146346509389082
8605,0.0035146346509389082
8606,0.0035146346509389082
8607,0.0035146346509389082
8608,0.0035146346509389082
8609,0.0035146346509389082
8610,0.0035146346509389082
8611,0.0035146346509389082
8612,0.0035146346509389082
8613,0.0035146346509389082
8614,0.0035146346509389082
8615,0.0035146346509389082
8616,0.0035146346509389082
8617,0.0035146346509389082
8618,0.0035146346509389082
8619,0.0035146346509389082
8620,0.0035146346509389082
8621,0.0035146346509389082
8622,0.0035146346509389082
8623,0.0035146346509389082
8624,0.0035146346509389082
8625,0.0035146346509389082
8626,0.0035146346509389082
8627,0.0035146346509389082
8628,0.0035146346509389082
8629,0.0035146346509389082
8630,0.0035146346509389082
8631,0.0035146346509389082
8632,0.0035146346509389082
8633,0.0035146346509389082
8634,0.0035146346509389082
8635,0.0035146346509389082
8636,0.0035146346509389082
8637,0.0035146346509389082
8638,0.0035146346509389082
8639,0.0035146346509389082
8640,0.0035146346509389082
8641,0.0035146346509389082
8642,0.0035146346509389082
8643,0.0035146346509389082
8644,0.0035146346509389082
8645,0.0035146346509389082
8646,0.0035146346509389082
8647,0.0035146346509389082
8648,0.0035146346509389082
8649,0.0035146346509389082
8650,0.0035146346509389082
8651,0.0035146346509389082
8652,0.0035146346509389082
8653,0.0035146346509389082
8654,0.0035146346509389082
8655,0.0035146346509389082
8656,0.0035146346509389082
8657,0.0035146346509389082
8658,0.0035146346509389082
8659,0.0035146346509389082
8660,0.0035146346509389082
8661,0.0035146346509389082
8662,0.0035146346509389082
8663,0.0035146346509389082
8664,0.0035146346509389082
8665,0.0035146346509389082
8666,0.0035146346509389082
8667,0.0035146346509389082
8668,0.0035146346509389082
8669,0.0035146346509389082
8670,0.0035146346509389082
8671,0.0035146346509389082
8672,0.0035146346509389082
8673,0.0035146346509389082
8674,0.0035146346509389082
8675,0.0035146346509389082
8676,0.0035146346509389082
8677,0.0035146346509389082
8678,0.0035146346509389082
8679,0.0035146346509389082
8680,0.0035146346509389082
8681,0.0035146346509389082
8682,0.0035146346509389082
8683,0.0035146346509389082
8684,0.0035146346509389082
8685,0.0035146346509389082
8686,0.0035146346509389082
8687,0.0035146346509389082
8688,0.0035146346509389082
8689,0.0035146346509389082
8690,0.0035146346509389082
8691,0.0035146346509389082
8692,0.0035146346509389082
8693,0.0035146346509389082
8694,0.0035146346509389082
8695,0.0035146346509389082
8696,0.0035146346509389082
8697,0.0035146346509389082
8698,0.0035146346509389082
8699,0.0035146346509389082
8700,0.0035146346509389082
8701,0.0035146346509389082
8702,0.0035146346509389082
8703,0.0035146346509389082
8704,0.0035146346509389082
8705,0.0035146346509389082
8706,0.0035146346509389082
8707,0.0035146346509389082
8708,0.0035146346509389082
8709,0.0035146346509389082
8710,0.0035146346509389082
8711,0.0035146346509389082
8712,0.0035146346509389082
8713,0.0035146346509389082
8714,0.0035146346509389082
8715,0.0035146346509389082
8716,0.0035146346509389082
8717,0.0035146346509389082
8718,0.0035146346509389082
8719,0.0035146346509389082
8720,0.0035146346509389082
8721,0.0035146346509389082
8722,0.0035146346509389082
8723,0.0035146346509389082
8724,0.0035146346509389082
8725,0.0035146346509389082
8726,0.0035146346509389082
8727,0.0035146346509389082
8728,0.0035146346509389082
8729,0.0035146346509389082
8730,0.0035146346509389082
8731,0.0035146346509389082
8732,0.0035146346509389082
8733,0.0035146346509389082
8734,0.0035146346509389082
8735,0.0035146346509389082
8736,0.0035146346509389082
8737,0.0035146346509389082
8738,0.0035146346509389082
8739,0.0035146346509389082
8740,0.0035146346509389082
8741,0.0035146346509389082
8742,0.0035146346509389082
8743,0.0035146346509389082
8744,0.0035146346509389082
8745,0.0035146346509389082
8746,0.0035146346509389082
8747,0.0035146346509389082
8748,0.0035146346509389082
8749,0.0035146346509389082
8750,0.0035146346509389082
8751,0.0035146346509389082
8752,0.0035146346509389082
8753,0.0035146346509389082
8754,0.0035146346509389082
8755,0.0035146346509389082
8756,0.0035146346509389082
8757,0.0035146346509389082
8758,0.0035146346509389082
8759,0.0035146346509389082
8760,0.0035146346509389082
8761,0.0035146346509389082
8762,0.0035146346509389082
8763,0.0035146346509389082
8764,0.0035146346509389082
8765,0.0035146346509389082
8766,0.0035146346509389082
8767,0.0035146346509389082
8768,0.0035146346509389082
8769,0.0035146346509389082
8770,0.0035146346509389082
8771,0.0035146346509389082
8772,0.0035146346509389082
8773,0.0035146346509389082
8774,0.0035146346509389082
8775,0.0035146346509389082
8776,0.0035146346509389082
8777,0.0035146346509389082
8778,0.0035146346509389082
8779,0.0035146346509389082
8780,0.0035146346509389082
8781,0.0035146346509389082
8782,0.0035146346509389082
8783,0.0035146346509389082
8784,0.0035146346509389082
8785,0.0035146346509389082
8786,0.0035146346509389082
8787,0.0035146346509389082
8788,0.0035146346509389082
8789,0.0035146346509389082
8790,0.0035146346509389082
8791,0.0035146346509389082
8792,0.0035146346509389082
8793,0.0035146346509389082
8794,0.0035146346509389082
8795,0.0035146346509389082
8796,0.0035146346509389082
8797,0.0035146346509389082
8798,0.0035146346509389082
8799,0.0035146346509389082
8800,0.0035146346509389082
8801,0.0035146346509389082
8802,0.0035146346509389082
8803,0.0035146346509389082
8804,0.0035146346509389082
8805,0.0035146346509389082
8806,0.0035146346509389082
8807,0.0035146346509389082
8808,0.0035146346509389082
8809,0.0035146346509389082
8810,0.0035146346509389082
8811,0.0035146346509389082
8812,0.0035146346509389082
8813,0.0035146346509389082
8814,0.0035146346509389082
8815,0.0035146346509389082
8816,0.0035146346509389082
8817,0.0035146346509389082
8818,0.0035146346509389082
8819,0.0035146346509389082
8820,0.0035146346509389082
8821,0.0035146346509389082
8822,0.0035146346509389082
8823,0.0035146346509389082
8824,0.0035146346509389082
8825,0.0035146346509389082
8826,0.0035146346509389082
8827,0.0035146346509389082
8828,0.0035146346509389082
8829,0.0035146346509389082
8830,0.0035146346509389082
8831,0.0035146346509389082
8832,0.0035146346509389082
8833,0.0035146346509389082
8834,0.0035146346509389082
8835,0.0035146346509389082
8836,0.0035146346509389082
8837,0.0035146346509389082
8838,0.0035146346509389082
8839,0.0035146346509389082
8840,0.0035146346509389082
8841,0.0035146346509389082
8842,0.0035146346509389082
8843,0.0035146346509389082
8844,0.0035146346509389082
8845,0.0035146346509389082
8846,0.0035146346509389082
8847,0.0035146346509389082
8848,0.0035146346509389082
8849,0.0035146346509389082
8850,0.0035146346509389082
8851,0.0035146346509389082
8852,0.0035146346509389082
8853,0.0035146346509389082
8854,0.0035146346509389082
8855,0.0035146346509389082
8856,0.0035146346509389082
8857,0.0035146346509389082
8858,0.0035146346509389082
8859,0.0035146346509389082
8860,0.0035146346509389082
8861,0.0035146346509389082
8862,0.0035146346509389082
8863,0.0035146346509389082
8864,0.0035146346509389082
8865,0.0035146346509389082
8866,0.0035146346509389082
8867,0.0035146346509389082
8868,0.0035146346509389082
8869,0.0035146346509389082
8870,0.0035146346509389082
8871,0.0035146346509389082
8872,0.0035146346509389082
8873,0.0035146346509389082
8874,0.0035146346509389082
8875,0.0035146346509389082
8876,0.0035146346509389082
8877,0.0035146346509389082
8878,0.0035146346509389082
8879,0.0035146346509389082
8880,0.0035146346509389082
8881,0.0035146346509389082
8882,0.0035146346509389082
8883,0.0035146346509389082
8884,0.0035146346509389082
8885,0.0035146346509389082
8886,0.0035146346509389082
8887,0.0035146346509389082
8888,0.0035146346509389082
8889,0.0035146346509389082
8890,0.0035146346509389082
8891,0.0035146346509389082
8892,0.0035146346509389082
8893,0.0035146346509389082
8894,0.0035146346509389082
8895,0.0035146346509389082
8896,0.0035146346509389082
8897,0.0035146346509389082
8898,0.0035146346509389082
8899,0.0035146346509389082
8900,0.0035146346509389082
8901,0.0035146346509389082
8902,0.0035146346509389082
8903,0.0035146346509389082
8904,0.0035146346509389082
8905,0.0035146346509389082
8906,0.0035146346509389082
8907,0.0035146346509389082
8908,0.0035146346509389082
8909,0.0035146346509389082
8910,0.0035146346509389082
8911,0.0035146346509389082
8912,0.0035146346509389082
8913,0.0035146346509389082
8914,0.0035146346509389082
8915,0.0035146346509389082
8916,0.0035146346509389082
8917,0.0035146346509389082
8918,0.0035146346509389082
8919,0.0035146346509389082
8920,0.0035146346509389082
8921,0.0035146346509389082
8922,0.0035146346509389082
8923,0.0035146346509389082
8924,0.0035146346509389082
8925,0.0035146346509389082
8926,0.0035146346509389082
8927,0.0035146346509389082
8928,0.0035146346509389082
8929,0.0035146346509389082
8930,0.0035146346509389082
8931,0.0035146346509389082
8932,0.0035146346509389082
8933,0.0035146346509389082
8934,0.0035146346509389082
8935,0.0035146346509389082
8936,0.0035146346509389082
8937,0.0035146346509389082
8938,0.0035146346509389082
8939,0.0035146346509389082
8940,0.0035146346509389082
8941,0.0035146346509389082
8942,0.0035146346509389082
8943,0.0035146346509389082
8944,0.0035146346509389082
8945,0.0035146346509389082
8946,0.0035146346509389082
8947,0.0035146346509389082
8948,0.0035146346509389082
8949,0.0035146346509389082
8950,0.0035146346509389082
8951,0.0035146346509389082
8952,0.0035146346509389082
8953,0.0035146346509389082
8954,0.0035146346509389082
8955,0.0035146346509389082
8956,0.0033864894312698266
8957,0.0033864894312698266
8958,0.0033864894312698266
8959,0.0033864894312698266
8960,0.0033864894312698266
8961,0.0033864894312698266
8962,0.0033864894312698266
8963,0.0033864894312698266
8964,0.0033864894312698266
8965,0.0033864894312698266
8966,0.0033864894312698266
8967,0.0033864894312698266
8968,0.0033864894312698266
8969,0.0033864894312698266
8970,0.0033864894312698266
8971,0.0033864894312698266
8972,0.0033864894312698266
8973,0.0033864894312698266
8974,0.0033864894312698266
8975,0.0033864894312698266
8976,0.0033864894312698266
8977,0.0033864894312698266
8978,0.0033864894312698266
8979,0.0033864894312698266
8980,0.0033864894312698266
8981,0.0033864894312698266
8982,0.0033864894312698266
8983,0.0033864894312698266
8984,0.0033864894312698266
8985,0.0033864894312698266
8986,0.0033864894312698266
8987,0.0033864894312698266
8988,0.0033864894312698266
8989,0.0033864894312698266
8990,0.0033864894312698266
8991,0.0033864894312698266
8992,0.0033864894312698266
8993,0.0033864894312698266
8994,0.0033864894312698266
8995,0.0033864894312698266
8996,0.0033864894312698266
8997,0.0033864894312698266
8998,0.0033864894312698266
8999,0.0033864894312698266
9000,0.0033864894312698266
9001,0.0033864894312698266
9002,0.0033864894312698266
9003,0.0033864894312698266
9004,0.0033864894312698266
9005,0.0033864894312698266
9006,0.0033864894312698266
9007,0.0033864894312698266
9008,0.0033864894312698266
9009,0.0033864894312698266
9010,0.0033864894312698266
9011,0.0033864894312698266
9012,0.0033864894312698266
9013,0.0033864894312698266
9014,0.0033864894312698266
9015,0.0033864894312698266
9016,0.0033864894312698266
9017,0.0033864894312698266
9018,0.0033864894312698266
9019,0.0033864894312698266
9020,0.0033864894312698266
9021,0.0033864894312698266
9022,0.0033864894312698266
9023,0.0033864894312698266
9024,0.0033864894312698266
9025,0.0033864894312698266
9026,0.0033864894312698266
9027,0.0033864894312698266
9028,0.0033864894312698266
9029,0.0033864894312698266
9030,0.0033864894312698266
9031,0.0033864894312698266
9032,0.0033864894312698266
9033,0.0033864894312698266
9034,0.0033864894312698266
9035,0.0033864894312698266
9036,0.0033864894312698266
9037,0.0033864894312698266
9038,0.0033864894312698266
9039,0.0033864894312698266
9040,0.0033864894312698266
9041,0.0033864894312698266
9042,0.0033864894312698266
9043,0.0033864894312698266
9044,0.0033864894312698266
9045,0.0033864894312698266
9046,0.0033864894312698266
9047,0.0033864894312698266
9048,0.0033864894312698266
9049,0.0033864894312698266
9050,0.0033864894312698266
9051,0.0033864894312698266
9052,0.0033864894312698266
9053,0.0033864894312698266
9054,0.0033864894312698266
9055,0.0033864894312698266
9056,0.0033864894312698266
9057,0.0033864894312698266
9058,0.0033864894312698266
9059,0.0033864894312698266
9060,0.0033864894312698266
9061,0.0033864894312698266
9062,0.0033864894312698266
9063,0.0033864894312698266
9064,0.0033864894312698266
9065,0.0033864894312698266
9066,0.0033864894312698266
9067,0.0033864894312698266
9068,0.0033864894312698266
9069,0.0033864894312698266
9070,0.0033864894312698266
9071,0.0033864894312698266
9072,0.0033864894312698266
9073,0.0033864894312698266
9074,0.0033864894312698266
9075,0.0033864894312698266
9076,0.0033864894312698266
9077,0.0033864894312698266
9078,0.0033864894312698266
9079,0.0033864894312698266
9080,0.0033864894312698266
9081,0.0033864894312698266
9082,0.0033864894312698266
9083,0.0033864894312698266
9084,0.0033864894312698266
9085,0.0033864894312698266
9086,0.0033864894312698266
9087,0.0033864894312698266
9088,0.0033864894312698266
9089,0.0033864894312698266
9090,0.0033864894312698266
9091,0.0033864894312698266
9092,0.0033864894312698266
9093,0.0033864894312698266
9094,0.0033864894312698266
9095,0.0033864894312698266
9096,0.0033864894312698266
9097,0.0033864894312698266
9098,0.0033864894312698266
9099,0.0033864894312698266
9100,0.0033864894312698266
9101,0.0033864894312698266
9102,0.0033864894312698266
9103,0.0033864894312698266
9104,0.0033864894312698266
9105,0.0033864894312698266
9106,0.0033864894312698266
9107,0.0033864894312698266
9108,0.0033864894312698266
9109,0.0033864894312698266
9110,0.0033864894312698266
9111,0.0033864894312698266
9112,0.0033864894312698266
9113,0.0033864894312698266
9114,0.0033864894312698266
9115,0.0033864894312698266
9116,0.0033864894312698266
9117,0.0033864894312698266
9118,0.0033864894312698266
9119,0.0033864894312698266
9120,0.0033864894312698266
9121,0.0033864894312698266
9122,0.0033864894312698266
9123,0.0033864894312698266
9124,0.0033864894312698266
9125,0.0033864894312698266
9126,0.0033864894312698266
9127,0.0033864894312698266
9128,0.0033864894312698266
9129,0.0033864894312698266
9130,0.0033864894312698266
9131,0.0033864894312698266
9132,0.0033864894312698266
9133,0.0033864894312698266
9134,0.0033864894312698266
9135,0.0033864894312698266
9136,0.0033864894312698266
9137,0.0033864894312698266
9138,0.0033864894312698266
9139,0.0033864894312698266
9140,0.0033864894312698266
9141,0.0033864894312698266
9142,0.0033864894312698266
9143,0.0033864894312698266
9144,0.0033864894312698266
9145,0.0033864894312698266
9146,0.0033864894312698266
9147,0.0033864894312698266
9148,0.0033864894312698266
9149,0.0033864894312698266
9150,0.0033864894312698266
9151,0.0033864894312698266
9152,0.0033864894312698266
9153,0.0033864894312698266
9154,0.0033864894312698266
9155,0.0033864894312698266
9156,0.0033864894312698266
9157,0.0033864894312698266
9158,0.0033864894312698266
9159,0.0033864894312698266
9160,0.0033864894312698266
9161,0.0033864894312698266
9162,0.0033864894312698266
9163,0.0033864894312698266
9164,0.0033864894312698266
9165,0.0033864894312698266
9166,0.0033864894312698266
9167,0.0033864894312698266
9168,0.0033864894312698266
9169,0.0033864894312698266
9170,0.0033864894312698266
9171,0.0033864894312698266
9172,0.0033864894312698266
9173,0.0033864894312698266
9174,0.0033864894312698266
9175,0.0033864894312698266
9176,0.0033864894312698266
9177,0.0033864894312698266
9178,0.0033864894312698266
9179,0.0033864894312698266
9180,0.0033864894312698266
9181,0.0033864894312698266
9182,0.0033864894312698266
9183,0.0033864894312698266
9184,0.0033864894312698266
9185,0.0033864894312698266
9186,0.0033864894312698266
9187,0.0033864894312698266
9188,0.0033864894312698266
9189,0.0033864894312698266
9190,0.0033864894312698266
9191,0.0033864894312698266
9192,0.0033864894312698266
9193,0.0033864894312698266
9194,0.0033864894312698266
9195,0.0033864894312698266
9196,0.0033864894312698266
9197,0.0033864894312698266
9198,0.0033864894312698266
9199,0.0033864894312698266
9200,0.0033864894312698266
9201,0.0033864894312698266
9202,0.0033864894312698266
9203,0.0033864894312698266
9204,0.0033864894312698266
9205,0.0033864894312698266
9206,0.0033864894312698266
9207,0.0033864894312698266
9208,0.0033864894312698266
9209,0.0033864894312698266
9210,0.0033864894312698266
9211,0.0033864894312698266
9212,0.0033864894312698266
9213,0.0033864894312698266
9214,0.0033864894312698266
9215,0.0033864894312698266
9216,0.0033864894312698266
9217,0.0033864894312698266
9218,0.0033864894312698266
9219,0.0033864894312698266
9220,0.0033864894312698266
9221,0.0033864894312698266
9222,0.0033864894312698266
9223,0.0033864894312698266
9224,0.0033864894312698266
9225,0.0033864894312698266
9226,0.0033864894312698266
9227,0.0033864894312698266
9228,0.0033864894312698266
9229,0.0033864894312698266
9230,0.0033864894312698266
9231,0.0033864894312698266
9232,0.0033864894312698266
9233,0.0033864894312698266
9234,0.0033864894312698266
9235,0.0033864894312698266
9236,0.0033864894312698266
9237,0.0033864894312698266
9238,0.0033864894312698266
9239,0.0033864894312698266
9240,0.0033864894312698266
9241,0.0033864894312698266
9242,0.0033864894312698266
9243,0.0033864894312698266
9244,0.0033864894312698266
9245,0.0033864894312698266
9246,0.0033864894312698266
9247,0.0033864894312698266
9248,0.0033864894312698266
9249,0.0033864894312698266
9250,0.0033864894312698266
9251,0.0033864894312698266
9252,0.0033864894312698266
9253,0.0033864894312698266
9254,0.0033864894312698266
9255,0.0033864894312698266
9256,0.0033864894312698266
9257,0.0033864894312698266
9258,0.0033864894312698266
9259,0.0033864894312698266
9260,0.0033864894312698266
9261,0.0033864894312698266
9262,0.0033864894312698266
9263,0.0033864894312698266
9264,0.0033864894312698266
9265,0.0033864894312698266
9266,0.0033864894312698266
9267,0.0033864894312698266
9268,0.0033864894312698266
9269,0.0033864894312698266
9270,0.0033864894312698266
9271,0.0033864894312698266
9272,0.0033864894312698266
9273,0.0033864894312698266
9274,0.0033864894312698266
9275,0.0033864894312698266
9276,0.0033864894312698266
9277,0.0033864894312698266
9278,0.0033864894312698266
9279,0.0033864894312698266
9280,0.0033864894312698266
9281,0.0033864894312698266
9282,0.0033864894312698266
9283,0.0033864894312698266
9284,0.0033864894312698266
9285,0.0033864894312698266
9286,0.0033864894312698266
9287,0.0033864894312698266
9288,0.0033864894312698266
9289,0.0033864894312698266
9290,0.0033864894312698266
9291,0.0033864894312698266
9292,0.0033864894312698266
9293,0.0033864894312698266
9294,0.0033864894312698266
9295,0.0033864894312698266
9296,0.0033864894312698266
9297,0.0033864894312698266
9298,0.0033864894312698266
9299,0.0033864894312698266
9300,0.0033864894312698266
9301,0.0033864894312698266
9302,0.0033864894312698266
9303,0.0033864894312698266
9304,0.0033864894312698266
9305,0.0033864894312698266
9306,0.0033864894312698266
9307,0.0033864894312698266
9308,0.0033864894312698266
9309,0.0033864894312698266
9310,0.0033864894312698266
9311,0.0033864894312698266
9312,0.0033864894312698266
9313,0.0033864894312698266
9314,0.0033864894312698266
9315,0.0033864894312698266
9316,0.0033864894312698266
9317,0.0033864894312698266
9318,0.0033864894312698266
9319,0.0033864894312698266
9320,0.0033864894312698266
9321,0.0033864894312698266
9322,0.0033864894312698266
9323,0.0033864894312698266
9324,0.0033864894312698266
9325,0.0033864894312698266
9326,0.0033864894312698266
9327,0.0033864894312698266
9328,0.0033864894312698266
9329,0.0033864894312698266
9330,0.0033864894312698266
9331,0.0033864894312698266
9332,0.0033864894312698266
9333,0.0033864894312698266
9334,0.0033864894312698266
9335,0.0033864894312698266
9336,0.0033864894312698266
9337,0.0033864894312698266
9338,0.0033864894312698266
9339,0.0033864894312698266
9340,0.0033864894312698266
9341,0.0033864894312698266
9342,0.0033864894312698266
9343,0.0033864894312698266
9344,0.0033864894312698266
9345,0.0033864894312698266
9346,0.0033864894312698266
9347,0.0033864894312698266
9348,0.0033864894312698266
9349,0.0033864894312698266
9350,0.0033864894312698266
9351,0.0033864894312698266
9352,0.0033864894312698266
9353,0.0033864894312698266
9354,0.0033864894312698266
9355,0.0033864894312698266
9356,0.0033864894312698266
9357,0.0033864894312698266
9358,0.0033864894312698266
9359,0.0033864894312698266
9360,0.0033864894312698266
9361,0.0033864894312698266
9362,0.0033864894312698266
9363,0.0033864894312698266
9364,0.0033864894312698266
9365,0.0033864894312698266
9366,0.0033864894312698266
9367,0.0033864894312698266
9368,0.0033864894312698266
9369,0.0033864894312698266
9370,0.0033864894312698266
9371,0.0033864894312698266
9372,0.0033864894312698266
9373,0.0033864894312698266
9374,0.0033864894312698266
9375,0.0033864894312698266
9376,0.0033864894312698266
9377,0.0033864894312698266
9378,0.0033864894312698266
9379,0.0033864894312698266
9380,0.0033864894312698266
9381,0.0033864894312698266
9382,0.0033864894312698266
9383,0.0033864894312698266
9384,0.0033864894312698266
9385,0.0033864894312698266
9386,0.0033864894312698266
9387,0.0033864894312698266
9388,0.0033864894312698266
9389,0.0033864894312698266
9390,0.0033864894312698266
9391,0.0033864894312698266
9392,0.0033864894312698266
9393,0.0033864894312698266
9394,0.0033864894312698266
9395,0.0033864894312698266
9396,0.0033864894312698266
9397,0.0033864894312698266
9398,0.0033864894312698266
9399,0.0033864894312698266
9400,0.0033864894312698266
9401,0.0033864894312698266
9402,0.0033864894312698266
9403,0.0033864894312698266
9404,0.0033864894312698266
9405,0.0033864894312698266
9406,0.0033864894312698266
9407,0.0033864894312698266
9408,0.0033864894312698266
9409,0.0033864894312698266
9410,0.0033864894312698266
9411,0.0033864894312698266
9412,0.0033864894312698266
9413,0.0033864894312698266
9414,0.0033864894312698266
9415,0.0033864894312698266
9416,0.0033864894312698266
9417,0.0033864894312698266
9418,0.0033864894312698266
9419,0.0033864894312698266
9420,0.0033864894312698266
9421,0.0033864894312698266
9422,0.0033864894312698266
9423,0.0033864894312698266
9424,0.0033864894312698266
9425,0.0033864894312698266
9426,0.0033864894312698266
9427,0.0033864894312698266
9428,0.0033864894312698266
9429,0.0033864894312698266
9430,0.0033864894312698266
9431,0.0033864894312698266
9432,0.0033864894312698266
9433,0.0033864894312698266
9434,0.0033864894312698266
9435,0.0033864894312698266
9436,0.0033864894312698266
9437,0.0033864894312698266
9438,0.0033864894312698266
9439,0.0033864894312698266
9440,0.0033864894312698266
9441,0.0033864894312698266
9442,0.0033864894312698266
9443,0.0033864894312698266
9444,0.0033864894312698266
9445,0.0033864894312698266
9446,0.0033864894312698266
9447,0.0033864894312698266
9448,0.0033864894312698266
9449,0.0033864894312698266
9450,0.0033864894312698266
9451,0.0033864894312698266
9452,0.0033864894312698266
9453,0.0033864894312698266
9454,0.0033864894312698266
9455,0.0033864894312698266
9456,0.0033864894312698266
9457,0.0033864894312698266
9458,0.0033864894312698266
9459,0.0033864894312698266
9460,0.0033864894312698266
9461,0.0033864894312698266
9462,0.0033864894312698266
9463,0.0033864894312698266
9464,0.0033864894312698266
9465,0.0033864894312698266
9466,0.0033864894312698266
9467,0.0033864894312698266
9468,0.0033864894312698266
9469,0.0033864894312698266
9470,0.0033864894312698266
9471,0.0033864894312698266
9472,0.0033864894312698266
9473,0.0033864894312698266
9474,0.0033864894312698266
9475,0.0033864894312698266
9476,0.0033864894312698266
9477,0.0033864894312698266
9478,0.0033864894312698266
9479,0.0033864894312698266
9480,0.0033864894312698266
9481,0.0033864894312698266
9482,0.0033864894312698266
9483,0.0033864894312698266
9484,0.0033864894312698266
9485,0.0033864894312698266
9486,0.0033864894312698266
9487,0.0033864894312698266
9488,0.0033864894312698266
9489,0.0033864894312698266
9490,0.0033864894312698266
9491,0.0033864894312698266
9492,0.0033864894312698266
9493,0.0033864894312698266
9494,0.0033864894312698266
9495,0.0033864894312698266
9496,0.0033864894312698266
9497,0.0033864894312698266
9498,0.0033864894312698266
9499,0.0033864894312698266
9500,0.0033864894312698266
9501,0.0033864894312698266
9502,0.0033864894312698266
9503,0.0033864894312698266
9504,0.0033864894312698266
9505,0.0033864894312698266
9506,0.0033864894312698266
9507,0.0033864894312698266
9508,0.0033864894312698266
9509,0.0033864894312698266
9510,0.0033864894312698266
9511,0.0033864894312698266
9512,0.0033864894312698266
9513,0.0033864894312698266
9514,0.0033864894312698266
9515,0.0033864894312698266
9516,0.0033864894312698266
9517,0.0033864894312698266
9518,0.0033864894312698266
9519,0.0033864894312698266
9520,0.0033864894312698266
9521,0.0033864894312698266
9522,0.0033864894312698266
9523,0.0033864894312698266
9524,0.0033864894312698266
9525,0.0033864894312698266
9526,0.0033864894312698266
9527,0.0033864894312698266
9528,0.0033864894312698266
9529,0.0033864894312698266
9530,0.0033864894312698266
9531,0.0033864894312698266
9532,0.0033864894312698266
9533,0.0033864894312698266
9534,0.0033864894312698266
9535,0.0033864894312698266
9536,0.0033864894312698266
9537,0.0033864894312698266
9538,0.0033864894312698266
9539,0.0033864894312698266
9540,0.0033864894312698266
9541,0.0033864894312698266
9542,0.0033864894312698266
9543,0.0033864894312698266
9544,0.0033864894312698266
9545,0.0033864894312698266
9546,0.0033864894312698266
9547,0.0033864894312698266
9548,0.0033864894312698266
9549,0.0033864894312698266
9550,0.0033864894312698266
9551,0.0033864894312698266
9552,0.0033864894312698266
9553,0.0033864894312698266
9554,0.0033864894312698266
9555,0.0033864894312698266
9556,0.0033864894312698266
9557,0.0033864894312698266
9558,0.0033864894312698266
9559,0.0033864894312698266
9560,0.0033864894312698266
9561,0.0033864894312698266
9562,0.0033864894312698266
9563,0.0033864894312698266
9564,0.0033864894312698266
9565,0.0033864894312698266
9566,0.0033864894312698266
9567,0.0033864894312698266
9568,0.0033864894312698266
9569,0.0033864894312698266
9570,0.0033864894312698266
9571,0.0033864894312698266
9572,0.0033864894312698266
9573,0.0033864894312698266
9574,0.0033864894312698266
9575,0.0033864894312698266
9576,0.0033864894312698266
9577,0.0033864894312698266
9578,0.0033864894312698266
9579,0.0033864894312698266
9580,0.0033864894312698266
9581,0.0033864894312698266
9582,0.0033864894312698266
9583,0.0033864894312698266
9584,0.0033864894312698266
9585,0.0033864894312698266
9586,0.0033864894312698266
9587,0.0033864894312698266
9588,0.0033864894312698266
9589,0.0033864894312698266
9590,0.0033864894312698266
9591,0.0033864894312698266
9592,0.0033864894312698266
9593,0.0033864894312698266
9594,0.0033864894312698266
9595,0.0033864894312698266
9596,0.0033864894312698266
9597,0.0033864894312698266
9598,0.0033864894312698266
9599,0.0033864894312698266
9600,0.0033864894312698266
9601,0.0033864894312698266
9602,0.0033864894312698266
9603,0.0033864894312698266
9604,0.0033864894312698266
9605,0.0033864894312698266
9606,0.0033864894312698266
9607,0.0033864894312698266
9608,0.0033864894312698266
9609,0.0033864894312698266
9610,0.0033864894312698266
9611,0.0033864894312698266
9612,0.0033864894312698266
9613,0.0033864894312698266
9614,0.0033864894312698266
9615,0.0033864894312698266
9616,0.0033864894312698266
9617,0.0033864894312698266
9618,0.0033864894312698266
9619,0.0033864894312698266
9620,0.0033864894312698266
9621,0.0033864894312698266
9622,0.0033864894312698266
9623,0.0033864894312698266
9624,0.0033864894312698266
9625,0.0033864894312698266
9626,0.0033864894312698266
9627,0.0033864894312698266
9628,0.0033864894312698266
9629,0.0033864894312698266
9630,0.0033864894312698266
9631,0.0033864894312698266
9632,0.0033864894312698266
9633,0.0033864894312698266
9634,0.0033864894312698266
9635,0.0033864894312698266
9636,0.0033864894312698266
9637,0.0033864894312698266
9638,0.0033864894312698266
9639,0.0033864894312698266
9640,0.0033864894312698266
9641,0.0033864894312698266
9642,0.0033864894312698266
9643,0.0033864894312698266
9644,0.0033864894312698266
9645,0.0033864894312698266
9646,0.0033864894312698266
9647,0.0033864894312698266
9648,0.0033864894312698266
9649,0.0033864894312698266
9650,0.0033864894312698266
9651,0.0033864894312698266
9652,0.0033864894312698266
9653,0.0033864894312698266
9654,0.0033864894312698266
9655,0.0033864894312698266
9656,0.0033864894312698266
9657,0.0033864894312698266
9658,0.0033864894312698266
9659,0.0033864894312698266
9660,0.0033864894312698266
9661,0.0033864894312698266
9662,0.0033864894312698266
9663,0.0033864894312698266
9664,0.0033864894312698266
9665,0.0033864894312698266
9666,0.0033864894312698266
9667,0.0033864894312698266
9668,0.0033864894312698266
9669,0.0033864894312698266
9670,0.0033864894312698266
9671,0.0033864894312698266
9672,0.0033864894312698266
9673,0.0033864894312698266
9674,0.0033864894312698266
9675,0.0033864894312698266
9676,0.0033864894312698266
9677,0.0033864894312698266
9678,0.0033864894312698266
9679,0.0033864894312698266
9680,0.0033864894312698266
9681,0.0033864894312698266
9682,0.0033864894312698266
9683,0.0033864894312698266
9684,0.0033864894312698266
9685,0.0033864894312698266
9686,0.0033864894312698266
9687,0.0033864894312698266
9688,0.0033864894312698266
9689,0.0033864894312698266
9690,0.0033864894312698266
9691,0.0033864894312698266
9692,0.0033864894312698266
9693,0.0033864894312698266
9694,0.0033864894312698266
9695,0.0033864894312698266
9696,0.0033864894312698266
9697,0.0033864894312698266
9698,0.0033864894312698266
9699,0.0033864894312698266
9700,0.0033864894312698266
9701,0.0033864894312698266
9702,0.0033864894312698266
9703,0.0033864894312698266
9704,0.0033864894312698266
9705,0.0033864894312698266
9706,0.0033864894312698266
9707,0.0033864894312698266
9708,0.0033864894312698266
9709,0.0033864894312698266
9710,0.0033864894312698266
9711,0.0033864894312698266
9712,0.0033864894312698266
9713,0.0033864894312698266
9714,0.0033864894312698266
9715,0.0033864894312698266
9716,0.0033864894312698266
9717,0.0033864894312698266
9718,0.0033864894312698266
9719,0.0033864894312698266
9720,0.0033864894312698266
9721,0.0033864894312698266
9722,0.0033864894312698266
9723,0.0033864894312698266
9724,0.0033864894312698266
9725,0.0033864894312698266
9726,0.0033864894312698266
9727,0.0033864894312698266
9728,0.0033864894312698266
9729,0.0033864894312698266
9730,0.0033864894312698266
9731,0.0033864894312698266
9732,0.0033864894312698266
9733,0.0033864894312698266
9734,0.0033864894312698266
9735,0.0033864894312698266
9736,0.0033864894312698266
9737,0.0033864894312698266
9738,0.0033864894312698266
9739,0.0033864894312698266
9740,0.0033864894312698266
9741,0.0033864894312698266
9742,0.0033864894312698266
9743,0.0033864894312698266
9744,0.0033864894312698266
9745,0.0033864894312698266
9746,0.0033864894312698266
9747,0.0033864894312698266
9748,0.0033864894312698266
9749,0.0033864894312698266
9750,0.0033864894312698266
9751,0.0033864894312698266
9752,0.0033864894312698266
9753,0.0033864894312698266
9754,0.0033864894312698266
9755,0.0033864894312698266
9756,0.0033864894312698266
9757,0.0033864894312698266
9758,0.0033864894312698266
9759,0.0033864894312698266
9760,0.0033864894312698266
9761,0.0033864894312698266
9762,0.0033864894312698266
9763,0.0033864894312698266
9764,0.0033864894312698266
9765,0.0033864894312698266
9766,0.0033864894312698266
9767,0.0033864894312698266
9768,0.0033864894312698266
9769,0.0033864894312698266
9770,0.0033864894312698266
9771,0.0033864894312698266
9772,0.0033864894312698266
9773,0.0033864894312698266
9774,0.0033864894312698266
9775,0.0033864894312698266
9776,0.0033864894312698266
9777,0.0033864894312698266
9778,0.0033864894312698266
9779,0.0033864894312698266
9780,0.0033864894312698266
9781,0.0033864894312698266
9782,0.0033864894312698266
9783,0.0033864894312698266
9784,0.0033864894312698266
9785,0.0033864894312698266
9786,0.0033864894312698266
9787,0.0033864894312698266
9788,0.0033864894312698266
9789,0.0033864894312698266
9790,0.0033864894312698266
9791,0.0033864894312698266
9792,0.0033864894312698266
9793,0.0033864894312698266
9794,0.0033864894312698266
9795,0.0033864894312698266
9796,0.0033864894312698266
9797,0.0033864894312698266
9798,0.0033864894312698266
9799,0.0033864894312698266
9800,0.0033864894312698266
9801,0.0033864894312698266
9802,0.0033864894312698266
9803,0.0033864894312698266
9804,0.0033864894312698266
9805,0.0033864894312698266
9806,0.0033864894312698266
9807,0.0033864894312698266
9808,0.0033864894312698266
9809,0.0033864894312698266
9810,0.0033864894312698266
9811,0.0033864894312698266
9812,0.0033864894312698266
9813,0.0033864894312698266
9814,0.0033864894312698266
9815,0.0033864894312698266
9816,0.0033864894312698266
9817,0.0033864894312698266
9818,0.0033864894312698266
9819,0.0033864894312698266
9820,0.0033864894312698266
9821,0.0033864894312698266
9822,0.0033864894312698266
9823,0.0033864894312698266
9824,0.0033864894312698266
9825,0.0033864894312698266
9826,0.0033864894312698266
9827,0.0033864894312698266
9828,0.0033864894312698266
9829,0.0033864894312698266
9830,0.0033864894312698266
9831,0.0033864894312698266
9832,0.0033864894312698266
9833,0.0033864894312698266
9834,0.0033864894312698266
9835,0.0033864894312698266
9836,0.0033864894312698266
9837,0.0033864894312698266
9838,0.0033864894312698266
9839,0.0033864894312698266
9840,0.0033864894312698266
9841,0.0033864894312698266
9842,0.0033864894312698266
9843,0.0033864894312698266
9844,0.0033864894312698266
9845,0.0033864894312698266
9846,0.0033864894312698266
9847,0.0033864894312698266
9848,0.0033864894312698266
9849,0.0033864894312698266
9850,0.0033864894312698266
9851,0.0033864894312698266
9852,0.0033864894312698266
9853,0.0033864894312698266
9854,0.0033864894312698266
9855,0.0033864894312698266
9856,0.0033864894312698266
9857,0.0033864894312698266
9858,0.0033864894312698266
9859,0.0033864894312698266
9860,0.0033864894312698266
9861,0.0033864894312698266
9862,0.0033864894312698266
9863,0.0033864894312698266
9864,0.0033864894312698266
9865,0.0033864894312698266
9866,0.0033864894312698266
9867,0.0033864894312698266
9868,0.0033864894312698266
9869,0.0033864894312698266
9870,0.0033864894312698266
9871,0.0033864894312698266
9872,0.0033864894312698266
9873,0.0033864894312698266
9874,0.0033864894312698266
9875,0.0033864894312698266
9876,0.0033864894312698266
9877,0.0033864894312698266
9878,0.0033864894312698266
9879,0.0033864894312698266
9880,0.0033864894312698266
9881,0.0033864894312698266
9882,0.0033864894312698266
9883,0.0033864894312698266
9884,0.0033864894312698266
9885,0.0033864894312698266
9886,0.0033864894312698266
9887,0.0033864894312698266
9888,0.0033864894312698266
9889,0.0033864894312698266
9890,0.0033864894312698266
9891,0.0033864894312698266
9892,0.0033864894312698266
9893,0.0033864894312698266
9894,0.0033864894312698266
9895,0.0033864894312698266
9896,0.0033864894312698266
9897,0.0033864894312698266
9898,0.0033864894312698266
9899,0.0033864894312698266
9900,0.0033864894312698266
9901,0.0033864894312698266
9902,0.0033864894312698266
9903,0.0033864894312698266
9904,0.0033864894312698266
9905,0.0033864894312698266
9906,0.0033864894312698266
9907,0.0033864894312698266
9908,0.0033864894312698266
9909,0.0033864894312698266
9910,0.0033864894312698266
9911,0.0033864894312698266
9912,0.0033864894312698266
9913,0.0033864894312698266
9914,0.0033864894312698266
9915,0.0033864894312698266
9916,0.0033864894312698266
9917,0.0033864894312698266
9918,0.0033864894312698266
9919,0.0033864894312698266
9920,0.0033864894312698266
9921,0.0033864894312698266
9922,0.0033864894312698266
9923,0.0033864894312698266
9924,0.0033864894312698266
9925,0.0033864894312698266
9926,0.0033864894312698266
9927,0.0033864894312698266
9928,0.0033864894312698266
9929,0.0033864894312698266
9930,0.0033864894312698266
9931,0.0033864894312698266
9932,0.0033864894312698266
9933,0.0033864894312698266
9934,0.0033864894312698266
9935,0.0033864894312698266
9936,0.0033864894312698266
9937,0.0033864894312698266
9938,0.0033864894312698266
9939,0.0033864894312698266
9940,0.0033864894312698266
9941,0.0033864894312698266
9942,0.0033864894312698266
9943,0.0033864894312698266
9944,0.0033864894312698266
9945,0.0033864894312698266
9946,0.0033864894312698266
9947,0.0033864894312698266
9948,0.0033864894312698266
9949,0.0033864894312698266
9950,0.0033864894312698266
9951,0.0033864894312698266
9952,0.0033864894312698266
9953,0.003365220778326757
9954,0.003365220778326757
9955,0.003365220778326757
9956,0.003365220778326757
9957,0.003365220778326757
9958,0.003365220778326757
9959,0.003365220778326757
9960,0.003365220778326757
9961,0.003365220778326757
9962,0.003365220778326757
9963,0.003365220778326757
9964,0.003365220778326757
9965,0.003365220778326757
9966,0.003365220778326757
9967,0.003365220778326757
9968,0.003365220778326757
9969,0.003365220778326757
9970,0.003365220778326757
9971,0.003365220778326757
9972,0.003365220778326757
9973,0.003365220778326757
9974,0.003365220778326757
9975,0.003365220778326757
9976,0.003365220778326757
9977,0.003365220778326757
9978,0.003365220778326757
9979,0.003365220778326757
9980,0.003365220778326757
9981,0.003365220778326757
9982,0.003365220778326757
9983,0.003365220778326757
9984,0.003365220778326757
9985,0.003365220778326757
9986,0.003365220778326757
9987,0.003365220778326757
9988,0.003365220778326757
9989,0.003365220778326757
9990,0.003365220778326757
9991,0.003365220778326757
9992,0.003365220778326757
9993,0.003365220778326757
9994,0.003365220778326757
9995,0.003365220778326757
9996,0.003365220778326757
9997,0.003365220778326757
9998,0.003365220778326757
9999,0.003365220778326757
10000,0.003365220778326757
10001,0.003365220778326757
10002,0.003365220778326757
10003,0.003365220778326757
10004,0.003365220778326757
10005,0.003365220778326757
10006,0.003365220778326757
10007,0.003365220778326757
10008,0.003365220778326757
10009,0.003365220778326757
10010,0.003365220778326757
10011,0.003365220778326757
10012,0.003365220778326757
10013,0.003365220778326757
10014,0.003365220778326757
10015,0.003365220778326757
10016,0.003365220778326757
10017,0.003365220778326757
10018,0.003365220778326757
10019,0.003365220778326757
10020,0.003365220778326757
10021,0.003365220778326757
10022,0.003365220778326757
10023,0.003365220778326757
10024,0.003365220778326757
10025,0.003365220778326757
10026,0.003365220778326757
10027,0.003365220778326757
10028,0.003365220778326757
10029,0.003365220778326757
10030,0.003365220778326757
10031,0.003365220778326757
10032,0.003365220778326757
10033,0.003365220778326757
10034,0.003365220778326757
10035,0.003365220778326757
10036,0.003365220778326757
10037,0.003365220778326757
10038,0.003365220778326757
10039,0.003365220778326757
10040,0.003365220778326757
10041,0.003365220778326757
10042,0.003365220778326757
10043,0.003365220778326757
10044,0.003365220778326757
10045,0.003365220778326757
10046,0.003365220778326757
10047,0.003365220778326757
10048,0.003365220778326757
10049,0.003365220778326757
10050,0.003365220778326757
10051,0.003365220778326757
10052,0.003365220778326757
10053,0.003365220778326757
10054,0.003365220778326757
10055,0.003365220778326757
10056,0.003365220778326757
10057,0.003365220778326757
10058,0.003365220778326757
10059,0.003365220778326757
10060,0.003365220778326757
10061,0.003365220778326757
10062,0.003365220778326757
10063,0.003365220778326757
10064,0.003365220778326757
10065,0.003365220778326757
10066,0.003365220778326757
10067,0.003365220778326757
10068,0.003365220778326757
10069,0.003365220778326757
10070,0.003365220778326757
10071,0.003365220778326757
10072,0.003365220778326757
10073,0.003365220778326757
10074,0.003365220778326757
10075,0.003365220778326757
10076,0.003365220778326757
10077,0.003365220778326757
10078,0.003365220778326757
10079,0.003365220778326757
10080,0.003365220778326757
10081,0.003365220778326757
10082,0.003365220778326757
10083,0.003365220778326757
10084,0.003365220778326757
10085,0.003365220778326757
10086,0.003365220778326757
10087,0.003365220778326757
10088,0.003365220778326757
10089,0.003365220778326757
10090,0.003365220778326757
10091,0.003365220778326757
10092,0.003365220778326757
10093,0.003365220778326757
10094,0.003365220778326757
10095,0.003365220778326757
10096,0.003365220778326757
10097,0.003365220778326757
10098,0.003365220778326757
10099,0.003365220778326757
10100,0.003365220778326757
10101,0.003365220778326757
10102,0.003365220778326757
10103,0.003365220778326757
10104,0.003365220778326757
10105,0.003365220778326757
10106,0.003365220778326757
10107,0.003365220778326757
10108,0.003365220778326757
10109,0.003365220778326757
10110,0.003365220778326757
10111,0.003365220778326757
10112,0.003365220778326757
10113,0.003365220778326757
10114,0.003365220778326757
10115,0.003365220778326757
10116,0.003365220778326757
10117,0.003365220778326757
10118,0.003365220778326757
10119,0.003365220778326757
10120,0.003365220778326757
10121,0.003365220778326757
10122,0.003365220778326757
10123,0.003365220778326757
10124,0.003365220778326757
10125,0.003365220778326757
10126,0.003365220778326757
10127,0.003365220778326757
10128,0.003365220778326757
10129,0.003365220778326757
10130,0.003365220778326757
10131,0.003365220778326757
10132,0.003365220778326757
10133,0.003365220778326757
10134,0.003365220778326757
10135,0.003365220778326757
10136,0.003365220778326757
10137,0.003365220778326757
10138,0.003365220778326757
10139,0.003365220778326757
10140,0.003365220778326757
10141,0.003365220778326757
10142,0.003365220778326757
10143,0.003365220778326757
10144,0.003365220778326757
10145,0.003365220778326757
10146,0.003365220778326757
10147,0.003365220778326757
10148,0.003365220778326757
10149,0.003365220778326757
10150,0.003365220778326757
10151,0.003365220778326757
10152,0.003365220778326757
10153,0.003365220778326757
10154,0.003365220778326757
10155,0.003365220778326757
10156,0.003365220778326757
10157,0.003365220778326757
10158,0.003365220778326757
10159,0.003365220778326757
10160,0.003365220778326757
10161,0.003365220778326757
10162,0.003365220778326757
10163,0.003365220778326757
10164,0.003365220778326757
10165,0.003365220778326757
10166,0.003365220778326757
10167,0.003365220778326757
10168,0.003365220778326757
10169,0.003365220778326757
10170,0.003365220778326757
10171,0.003365220778326757
10172,0.003365220778326757
10173,0.003365220778326757
10174,0.003365220778326757
10175,0.003365220778326757
10176,0.003365220778326757
10177,0.003365220778326757
10178,0.003365220778326757
10179,0.003365220778326757
10180,0.003365220778326757
10181,0.003365220778326757
10182,0.003365220778326757
10183,0.003365220778326757
10184,0.003365220778326757
10185,0.003365220778326757
10186,0.003365220778326757
10187,0.003365220778326757
10188,0.003365220778326757
10189,0.003365220778326757
10190,0.003365220778326757
10191,0.003365220778326757
10192,0.003365220778326757
10193,0.003365220778326757
10194,0.003365220778326757
10195,0.003365220778326757
10196,0.003365220778326757
10197,0.003365220778326757
10198,0.003365220778326757
10199,0.003365220778326757
10200,0.003365220778326757
10201,0.003365220778326757
10202,0.003365220778326757
10203,0.003365220778326757
10204,0.003365220778326757
10205,0.003365220778326757
10206,0.003365220778326757
10207,0.003365220778326757
10208,0.003365220778326757
10209,0.003365220778326757
10210,0.003365220778326757
10211,0.003365220778326757
10212,0.003365220778326757
10213,0.003365220778326757
10214,0.003365220778326757
10215,0.003365220778326757
10216,0.003365220778326757
10217,0.003365220778326757
10218,0.003365220778326757
10219,0.003365220778326757
10220,0.003365220778326757
10221,0.003365220778326757
10222,0.003365220778326757
10223,0.003365220778326757
10224,0.003365220778326757
10225,0.003365220778326757
10226,0.003365220778326757
10227,0.003365220778326757
10228,0.003365220778326757
10229,0.003365220778326757
10230,0.003365220778326757
10231,0.003365220778326757
10232,0.003365220778326757
10233,0.003365220778326757
10234,0.003365220778326757
10235,0.003365220778326757
10236,0.003365220778326757
10237,0.003365220778326757
10238,0.003365220778326757
10239,0.003365220778326757
10240,0.003365220778326757
10241,0.003365220778326757
10242,0.003365220778326757
10243,0.003365220778326757
10244,0.003365220778326757
10245,0.003365220778326757
10246,0.003365220778326757
10247,0.003365220778326757
10248,0.003365220778326757
10249,0.003365220778326757
10250,0.003365220778326757
10251,0.003365220778326757
10252,0.003365220778326757
10253,0.003365220778326757
10254,0.003365220778326757
10255,0.003365220778326757
10256,0.003365220778326757
10257,0.003365220778326757
10258,0.003365220778326757
10259,0.003365220778326757
10260,0.003365220778326757
10261,0.003365220778326757
10262,0.003365220778326757
10263,0.003365220778326757
10264,0.003365220778326757
10265,0.003365220778326757
10266,0.003365220778326757
10267,0.003365220778326757
10268,0.003365220778326757
10269,0.003365220778326757
10270,0.003365220778326757
10271,0.003365220778326757
10272,0.003365220778326757
10273,0.003365220778326757
10274,0.003365220778326757
10275,0.003365220778326757
10276,0.003365220778326757
10277,0.003365220778326757
10278,0.003365220778326757
10279,0.003365220778326757
10280,0.003365220778326757
10281,0.003365220778326757
10282,0.003365220778326757
10283,0.003365220778326757
10284,0.003365220778326757
10285,0.003365220778326757
10286,0.003365220778326757
10287,0.003365220778326757
10288,0.003365220778326757
10289,0.003365220778326757
10290,0.003365220778326757
10291,0.003365220778326757
10292,0.003365220778326757
10293,0.003365220778326757
10294,0.003365220778326757
10295,0.003365220778326757
10296,0.003365220778326757
10297,0.003365220778326757
10298,0.003365220778326757
10299,0.003365220778326757
10300,0.003365220778326757
10301,0.003365220778326757
10302,0.003365220778326757
10303,0.003365220778326757
10304,0.003365220778326757
10305,0.003365220778326757
10306,0.003365220778326757
10307,0.003365220778326757
10308,0.003365220778326757
10309,0.003365220778326757
10310,0.003365220778326757
10311,0.003365220778326757
10312,0.003365220778326757
10313,0.003365220778326757
10314,0.003365220778326757
10315,0.003365220778326757
10316,0.003365220778326757
10317,0.003365220778326757
10318,0.003365220778326757
10319,0.003365220778326757
10320,0.003365220778326757
10321,0.003365220778326757
10322,0.003365220778326757
10323,0.003365220778326757
10324,0.003365220778326757
10325,0.003365220778326757
10326,0.003365220778326757
10327,0.003365220778326757
10328,0.003365220778326757
10329,0.003365220778326757
10330,0.003365220778326757
10331,0.003365220778326757
10332,0.003365220778326757
10333,0.003365220778326757
10334,0.003365220778326757
10335,0.003365220778326757
10336,0.003365220778326757
10337,0.003365220778326757
10338,0.003365220778326757
10339,0.003365220778326757
10340,0.003365220778326757
10341,0.003365220778326757
10342,0.003365220778326757
10343,0.003365220778326757
10344,0.003365220778326757
10345,0.003365220778326757
10346,0.003365220778326757
10347,0.003365220778326757
10348,0.003365220778326757
10349,0.003365220778326757
10350,0.003365220778326757
10351,0.003365220778326757
10352,0.003365220778326757
10353,0.003365220778326757
10354,0.003365220778326757
10355,0.003365220778326757
10356,0.003365220778326757
10357,0.003365220778326757
10358,0.003365220778326757
10359,0.003365220778326757
10360,0.003365220778326757
10361,0.003365220778326757
10362,0.003365220778326757
10363,0.003365220778326757
10364,0.003365220778326757
10365,0.003365220778326757
10366,0.003365220778326757
10367,0.003365220778326757
10368,0.003365220778326757
10369,0.003365220778326757
10370,0.003365220778326757
10371,0.003365220778326757
10372,0.003365220778326757
10373,0.003365220778326757
10374,0.003365220778326757
10375,0.003365220778326757
10376,0.003365220778326757
10377,0.003365220778326757
10378,0.003365220778326757
10379,0.003365220778326757
10380,0.003365220778326757
10381,0.003365220778326757
10382,0.003365220778326757
10383,0.003365220778326757
10384,0.003365220778326757
10385,0.003365220778326757
10386,0.003365220778326757
10387,0.003365220778326757
10388,0.003365220778326757
10389,0.003365220778326757
10390,0.003365220778326757
10391,0.003365220778326757
10392,0.003365220778326757
10393,0.003365220778326757
10394,0.003365220778326757
10395,0.003365220778326757
10396,0.003365220778326757
10397,0.003365220778326757
10398,0.003365220778326757
10399,0.003365220778326757
10400,0.003365220778326757
10401,0.003365220778326757
10402,0.003365220778326757
10403,0.003365220778326757
10404,0.003365220778326757
10405,0.003365220778326757
10406,0.003365220778326757
10407,0.003365220778326757
10408,0.003365220778326757
10409,0.003365220778326757
10410,0.003365220778326757
10411,0.003365220778326757
10412,0.003365220778326757
10413,0.003365220778326757
10414,0.003365220778326757
10415,0.003365220778326757
10416,0.003365220778326757
10417,0.003365220778326757
10418,0.003365220778326757
10419,0.003365220778326757
10420,0.003365220778326757
10421,0.003365220778326757
10422,0.003365220778326757
10423,0.003365220778326757
10424,0.003365220778326757
10425,0.003365220778326757
10426,0.003365220778326757
10427,0.003365220778326757
10428,0.003365220778326757
10429,0.003365220778326757
10430,0.003365220778326757
10431,0.003365220778326757
10432,0.003365220778326757
10433,0.003365220778326757
10434,0.003365220778326757
10435,0.003365220778326757
10436,0.003365220778326757
10437,0.003365220778326757
10438,0.003365220778326757
10439,0.003365220778326757
10440,0.003365220778326757
10441,0.003365220778326757
10442,0.003365220778326757
10443,0.003365220778326757
10444,0.003365220778326757
10445,0.003365220778326757
10446,0.003365220778326757
10447,0.003365220778326757
10448,0.003365220778326757
10449,0.003365220778326757
10450,0.003365220778326757
10451,0.003365220778326757
10452,0.003365220778326757
10453,0.003365220778326757
10454,0.003365220778326757
10455,0.003365220778326757
10456,0.003365220778326757
10457,0.003365220778326757
10458,0.003365220778326757
10459,0.003365220778326757
10460,0.003365220778326757
10461,0.003365220778326757
10462,0.003365220778326757
10463,0.003365220778326757
10464,0.003365220778326757
10465,0.003365220778326757
10466,0.003365220778326757
10467,0.003365220778326757
10468,0.003365220778326757
10469,0.003365220778326757
10470,0.003365220778326757
10471,0.003365220778326757
10472,0.003365220778326757
10473,0.003365220778326757
10474,0.003365220778326757
10475,0.003365220778326757
10476,0.003365220778326757
10477,0.003365220778326757
10478,0.003365220778326757
10479,0.003365220778326757
10480,0.003365220778326757
10481,0.003365220778326757
10482,0.003365220778326757
10483,0.003365220778326757
10484,0.003365220778326757
10485,0.003365220778326757
10486,0.003365220778326757
10487,0.003365220778326757
10488,0.003365220778326757
10489,0.003365220778326757
10490,0.003365220778326757
10491,0.003365220778326757
10492,0.003365220778326757
10493,0.003365220778326757
10494,0.003365220778326757
10495,0.003365220778326757
10496,0.003365220778326757
10497,0.003365220778326757
10498,0.003365220778326757
10499,0.003365220778326757
10500,0.003365220778326757
10501,0.003365220778326757
10502,0.003365220778326757
10503,0.003365220778326757
10504,0.003365220778326757
10505,0.003365220778326757
10506,0.003365220778326757
10507,0.003365220778326757
10508,0.003365220778326757
10509,0.003365220778326757
10510,0.003365220778326757
10511,0.003365220778326757
10512,0.003365220778326757
10513,0.003365220778326757
10514,0.003365220778326757
10515,0.003365220778326757
10516,0.003365220778326757
10517,0.003365220778326757
10518,0.003365220778326757
10519,0.003365220778326757
10520,0.003365220778326757
10521,0.003365220778326757
10522,0.003365220778326757
10523,0.003365220778326757
10524,0.003365220778326757
10525,0.003365220778326757
10526,0.003365220778326757
10527,0.003365220778326757
10528,0.003365220778326757
10529,0.003365220778326757
10530,0.003365220778326757
10531,0.003365220778326757
10532,0.003365220778326757
10533,0.003365220778326757
10534,0.003365220778326757
10535,0.003365220778326757
10536,0.003365220778326757
10537,0.003365220778326757
10538,0.003365220778326757
10539,0.003365220778326757
10540,0.003365220778326757
10541,0.003365220778326757
10542,0.003365220778326757
10543,0.003365220778326757
10544,0.003365220778326757
10545,0.003365220778326757
10546,0.003365220778326757
10547,0.003365220778326757
10548,0.003365220778326757
10549,0.003365220778326757
10550,0.003365220778326757
10551,0.003365220778326757
10552,0.003365220778326757
10553,0.003365220778326757
10554,0.003365220778326757
10555,0.003365220778326757
10556,0.003365220778326757
10557,0.003365220778326757
10558,0.003365220778326757
10559,0.003365220778326757
10560,0.003365220778326757
10561,0.003365220778326757
10562,0.003365220778326757
10563,0.003365220778326757
10564,0.003365220778326757
10565,0.003365220778326757
10566,0.003365220778326757
10567,0.003365220778326757
10568,0.003365220778326757
10569,0.003365220778326757
10570,0.003365220778326757
10571,0.003365220778326757
10572,0.003365220778326757
10573,0.003365220778326757
10574,0.003365220778326757
10575,0.003365220778326757
10576,0.003365220778326757
10577,0.003365220778326757
10578,0.003365220778326757
10579,0.003365220778326757
10580,0.003365220778326757
10581,0.003365220778326757
10582,0.003365220778326757
10583,0.003365220778326757
10584,0.003365220778326757
10585,0.003365220778326757
10586,0.003365220778326757
10587,0.003365220778326757
10588,0.003365220778326757
10589,0.003365220778326757
10590,0.003365220778326757
10591,0.003365220778326757
10592,0.003365220778326757
10593,0.003365220778326757
10594,0.003365220778326757
10595,0.003365220778326757
10596,0.003365220778326757
10597,0.003365220778326757
10598,0.003365220778326757
10599,0.003365220778326757
10600,0.003365220778326757
10601,0.003365220778326757
10602,0.003365220778326757
10603,0.003365220778326757
10604,0.003365220778326757
10605,0.003365220778326757
10606,0.003365220778326757
10607,0.003365220778326757
10608,0.003365220778326757
10609,0.003365220778326757
10610,0.003365220778326757
10611,0.003365220778326757
10612,0.003365220778326757
10613,0.003365220778326757
10614,0.003365220778326757
10615,0.003365220778326757
10616,0.003365220778326757
10617,0.003365220778326757
10618,0.003365220778326757
10619,0.003365220778326757
10620,0.003365220778326757
10621,0.003365220778326757
10622,0.003365220778326757
10623,0.003365220778326757
10624,0.003365220778326757
10625,0.003365220778326757
10626,0.003365220778326757
10627,0.003365220778326757
10628,0.003365220778326757
10629,0.003365220778326757
10630,0.003365220778326757
10631,0.003365220778326757
10632,0.003365220778326757
10633,0.003365220778326757
10634,0.003365220778326757
10635,0.003365220778326757
10636,0.003365220778326757
10637,0.003365220778326757
10638,0.003365220778326757
10639,0.003365220778326757
10640,0.003365220778326757
10641,0.003365220778326757
10642,0.003365220778326757
10643,0.003365220778326757
10644,0.003365220778326757
10645,0.003365220778326757
10646,0.003365220778326757
10647,0.003365220778326757
10648,0.003365220778326757
10649,0.003365220778326757
10650,0.003365220778326757
10651,0.003365220778326757
10652,0.003365220778326757
10653,0.003365220778326757
10654,0.003365220778326757
10655,0.003365220778326757
10656,0.003365220778326757
10657,0.003365220778326757
10658,0.003365220778326757
10659,0.003365220778326757
10660,0.003365220778326757
10661,0.003365220778326757
10662,0.003365220778326757
10663,0.003365220778326757
10664,0.003365220778326757
10665,0.003365220778326757
10666,0.003365220778326757
10667,0.003365220778326757
10668,0.003365220778326757
10669,0.003365220778326757
10670,0.003365220778326757
10671,0.003365220778326757
10672,0.003365220778326757
10673,0.003365220778326757
10674,0.003365220778326757
10675,0.003365220778326757
10676,0.003365220778326757
10677,0.003365220778326757
10678,0.003365220778326757
10679,0.003365220778326757
10680,0.003365220778326757
10681,0.003365220778326757
10682,0.003365220778326757
10683,0.003365220778326757
10684,0.003365220778326757
10685,0.003365220778326757
10686,0.003365220778326757
10687,0.003365220778326757
10688,0.003365220778326757
10689,0.003365220778326757
10690,0.003365220778326757
10691,0.003365220778326757
10692,0.003365220778326757
10693,0.003365220778326757
10694,0.003365220778326757
10695,0.003365220778326757
10696,0.003365220778326757
10697,0.003365220778326757
10698,0.003365220778326757
10699,0.003365220778326757
10700,0.003365220778326757
10701,0.003365220778326757
10702,0.003365220778326757
10703,0.003365220778326757
10704,0.003365220778326757
10705,0.003365220778326757
10706,0.003365220778326757
10707,0.003365220778326757
10708,0.003365220778326757
10709,0.003365220778326757
10710,0.003365220778326757
10711,0.003365220778326757
10712,0.003365220778326757
10713,0.003365220778326757
10714,0.003365220778326757
10715,0.003365220778326757
10716,0.003365220778326757
10717,0.003365220778326757
10718,0.003365220778326757
10719,0.003365220778326757
10720,0.003365220778326757
10721,0.003365220778326757
10722,0.003365220778326757
10723,0.003365220778326757
10724,0.003365220778326757
10725,0.003365220778326757
10726,0.003365220778326757
10727,0.003365220778326757
10728,0.003365220778326757
10729,0.003365220778326757
10730,0.003365220778326757
10731,0.003365220778326757
10732,0.003365220778326757
10733,0.003365220778326757
10734,0.003365220778326757
10735,0.003365220778326757
10736,0.003365220778326757
10737,0.003365220778326757
10738,0.003365220778326757
10739,0.003365220778326757
10740,0.003365220778326757
10741,0.003365220778326757
10742,0.003365220778326757
10743,0.003365220778326757
10744,0.003365220778326757
10745,0.003365220778326757
10746,0.003365220778326757
10747,0.003365220778326757
10748,0.003365220778326757
10749,0.003365220778326757
10750,0.003365220778326757
10751,0.003365220778326757
10752,0.003365220778326757
10753,0.003365220778326757
10754,0.003365220778326757
10755,0.003365220778326757
10756,0.003365220778326757
10757,0.003365220778326757
10758,0.003365220778326757
10759,0.003365220778326757
10760,0.003365220778326757
10761,0.003365220778326757
10762,0.003365220778326757
10763,0.003365220778326757
10764,0.003365220778326757
10765,0.003365220778326757
10766,0.003365220778326757
10767,0.003365220778326757
10768,0.003365220778326757
10769,0.003365220778326757
10770,0.003365220778326757
10771,0.003365220778326757
10772,0.003365220778326757
10773,0.003365220778326757
10774,0.003365220778326757
10775,0.003365220778326757
10776,0.003365220778326757
10777,0.003365220778326757
10778,0.003365220778326757
10779,0.003365220778326757
10780,0.003365220778326757
10781,0.003365220778326757
10782,0.003365220778326757
10783,0.003365220778326757
10784,0.003365220778326757
10785,0.003365220778326757
10786,0.003365220778326757
10787,0.003365220778326757
10788,0.003365220778326757
10789,0.003365220778326757
10790,0.003365220778326757
10791,0.003365220778326757
10792,0.003365220778326757
10793,0.003365220778326757
10794,0.003365220778326757
10795,0.003365220778326757
10796,0.003365220778326757
10797,0.003365220778326757
10798,0.003365220778326757
10799,0.003365220778326757
10800,0.003365220778326757
10801,0.003365220778326757
10802,0.003365220778326757
10803,0.003365220778326757
10804,0.003365220778326757
10805,0.003365220778326757
10806,0.003365220778326757
10807,0.003365220778326757
10808,0.003365220778326757
10809,0.003365220778326757
10810,0.003365220778326757
10811,0.003365220778326757
10812,0.003365220778326757
10813,0.003365220778326757
10814,0.003365220778326757
10815,0.003365220778326757
10816,0.003365220778326757
10817,0.003365220778326757
10818,0.003365220778326757
10819,0.003365220778326757
10820,0.003365220778326757
10821,0.003365220778326757
10822,0.003365220778326757
10823,0.003365220778326757
10824,0.003365220778326757
10825,0.003365220778326757
10826,0.003365220778326757
10827,0.003365220778326757
10828,0.003365220778326757
10829,0.003365220778326757
10830,0.003365220778326757
10831,0.003365220778326757
10832,0.003365220778326757
10833,0.003365220778326757
10834,0.003365220778326757
10835,0.003365220778326757
10836,0.003365220778326757
10837,0.003365220778326757
10838,0.003365220778326757
10839,0.003365220778326757
10840,0.003365220778326757
10841,0.003365220778326757
10842,0.003365220778326757
10843,0.003365220778326757
10844,0.003365220778326757
10845,0.003365220778326757
10846,0.003365220778326757
10847,0.003365220778326757
10848,0.003365220778326757
10849,0.003365220778326757
10850,0.003365220778326757
10851,0.003365220778326757
10852,0.003365220778326757
10853,0.003365220778326757
10854,0.003365220778326757
10855,0.003365220778326757
10856,0.003365220778326757
10857,0.003365220778326757
10858,0.003365220778326757
10859,0.003365220778326757
10860,0.003365220778326757
10861,0.003365220778326757
10862,0.003365220778326757
10863,0.003365220778326757
10864,0.003365220778326757
10865,0.003365220778326757
10866,0.003365220778326757
10867,0.003365220778326757
10868,0.003365220778326757
10869,0.003365220778326757
10870,0.003365220778326757
10871,0.003365220778326757
10872,0.003365220778326757
10873,0.003365220778326757
10874,0.003365220778326757
10875,0.003365220778326757
10876,0.003365220778326757
10877,0.003365220778326757
10878,0.003365220778326757
10879,0.003365220778326757
10880,0.003365220778326757
10881,0.003365220778326757
10882,0.003365220778326757
10883,0.003365220778326757
10884,0.003365220778326757
10885,0.003365220778326757
10886,0.003365220778326757
10887,0.003365220778326757
10888,0.003365220778326757
10889,0.003365220778326757
10890,0.003365220778326757
10891,0.003365220778326757
10892,0.003365220778326757
10893,0.003365220778326757
10894,0.003365220778326757
10895,0.003365220778326757
10896,0.003365220778326757
10897,0.003365220778326757
10898,0.003365220778326757
10899,0.003365220778326757
10900,0.003365220778326757
10901,0.003365220778326757
10902,0.003365220778326757
10903,0.003365220778326757
10904,0.003365220778326757
10905,0.003365220778326757
10906,0.003365220778326757
10907,0.003365220778326757
10908,0.003365220778326757
10909,0.003365220778326757
10910,0.003365220778326757
10911,0.003365220778326757
10912,0.003365220778326757
10913,0.003365220778326757
10914,0.003365220778326757
10915,0.003365220778326757
10916,0.003365220778326757
10917,0.003365220778326757
10918,0.003365220778326757
10919,0.003365220778326757
10920,0.003365220778326757
10921,0.003365220778326757
10922,0.003365220778326757
10923,0.003365220778326757
10924,0.003365220778326757
10925,0.003365220778326757
10926,0.003365220778326757
10927,0.003365220778326757
10928,0.003365220778326757
10929,0.003365220778326757
10930,0.003365220778326757
10931,0.003365220778326757
10932,0.003365220778326757
10933,0.003365220778326757
10934,0.003365220778326757
10935,0.003365220778326757
10936,0.003365220778326757
10937,0.003365220778326757
10938,0.003365220778326757
10939,0.003365220778326757
10940,0.003365220778326757
10941,0.003365220778326757
10942,0.003365220778326757
10943,0.003365220778326757
10944,0.003365220778326757
10945,0.003365220778326757
10946,0.003365220778326757
10947,0.003365220778326757
10948,0.003365220778326757
10949,0.003365220778326757
10950,0.003365220778326757
10951,0.003365220778326757
10952,0.003365220778326757
10953,0.003365220778326757
10954,0.003365220778326757
10955,0.003365220778326757
10956,0.003365220778326757
10957,0.003365220778326757
10958,0.003365220778326757
10959,0.003365220778326757
10960,0.003365220778326757
10961,0.003365220778326757
10962,0.003365220778326757
10963,0.003365220778326757
10964,0.003365220778326757
10965,0.003365220778326757
10966,0.003365220778326757
10967,0.003365220778326757
10968,0.003365220778326757
10969,0.003365220778326757
10970,0.003365220778326757
10971,0.003365220778326757
10972,0.003365220778326757
10973,0.003365220778326757
10974,0.003365220778326757
10975,0.003365220778326757
10976,0.003365220778326757
10977,0.003365220778326757
10978,0.003365220778326757
10979,0.003365220778326757
10980,0.003365220778326757
10981,0.003365220778326757
10982,0.003365220778326757
10983,0.003365220778326757
10984,0.003365220778326757
10985,0.003365220778326757
10986,0.003365220778326757
10987,0.003365220778326757
10988,0.003365220778326757
10989,0.003365220778326757
10990,0.003365220778326757
10991,0.003365220778326757
10992,0.003365220778326757
10993,0.003365220778326757
10994,0.003365220778326757
10995,0.003365220778326757
10996,0.003365220778326757
10997,0.003365220778326757
10998,0.003365220778326757
10999,0.003365220778326757
11000,0.003365220778326757
11001,0.003365220778326757
11002,0.003365220778326757
11003,0.003365220778326757
11004,0.003365220778326757
11005,0.003365220778326757
11006,0.003365220778326757
11007,0.003365220778326757
11008,0.003365220778326757
11009,0.003365220778326757
11010,0.003365220778326757
11011,0.003365220778326757
11012,0.003365220778326757
11013,0.003365220778326757
11014,0.003365220778326757
11015,0.003365220778326757
11016,0.003365220778326757
11017,0.003365220778326757
11018,0.003365220778326757
11019,0.003365220778326757
11020,0.003365220778326757
11021,0.003365220778326757
11022,0.003365220778326757
11023,0.003365220778326757
11024,0.003365220778326757
11025,0.003365220778326757
11026,0.003365220778326757
11027,0.003365220778326757
11028,0.003365220778326757
11029,0.003365220778326757
11030,0.003365220778326757
11031,0.003365220778326757
11032,0.003365220778326757
11033,0.003365220778326757
11034,0.003365220778326757
11035,0.003365220778326757
11036,0.003365220778326757
11037,0.003365220778326757
11038,0.003365220778326757
11039,0.003365220778326757
11040,0.003365220778326757
11041,0.003365220778326757
11042,0.003365220778326757
11043,0.003365220778326757
11044,0.003365220778326757
11045,0.003365220778326757
11046,0.003365220778326757
11047,0.003365220778326757
11048,0.003365220778326757
11049,0.003365220778326757
11050,0.003365220778326757
11051,0.003365220778326757
11052,0.003365220778326757
11053,0.003365220778326757
11054,0.003365220778326757
11055,0.003365220778326757
11056,0.003365220778326757
11057,0.003365220778326757
11058,0.003365220778326757
11059,0.003365220778326757
11060,0.003365220778326757
11061,0.003365220778326757
11062,0.003365220778326757
11063,0.003365220778326757
11064,0.003365220778326757
11065,0.003365220778326757
11066,0.003365220778326757
11067,0.003365220778326757
11068,0.003365220778326757
11069,0.003365220778326757
11070,0.003365220778326757
11071,0.003365220778326757
11072,0.003365220778326757
11073,0.003365220778326757
11074,0.003365220778326757
11075,0.003365220778326757
11076,0.003365220778326757
11077,0.003365220778326757
11078,0.003365220778326757
11079,0.003365220778326757
11080,0.003365220778326757
11081,0.003365220778326757
11082,0.003365220778326757
11083,0.003365220778326757
11084,0.003365220778326757
11085,0.003365220778326757
11086,0.003365220778326757
11087,0.003365220778326757
11088,0.003365220778326757
11089,0.003365220778326757
11090,0.003365220778326757
11091,0.003365220778326757
11092,0.003365220778326757
11093,0.003365220778326757
11094,0.003365220778326757
11095,0.003365220778326757
11096,0.003365220778326757
11097,0.003365220778326757
11098,0.003365220778326757
11099,0.003365220778326757
11100,0.003365220778326757
11101,0.003365220778326757
11102,0.003365220778326757
11103,0.003365220778326757
11104,0.003365220778326757
11105,0.003365220778326757
11106,0.003365220778326757
11107,0.003365220778326757
11108,0.003365220778326757
11109,0.003365220778326757
11110,0.003365220778326757
11111,0.003365220778326757
11112,0.003365220778326757
11113,0.003365220778326757
11114,0.003365220778326757
11115,0.003365220778326757
11116,0.003365220778326757
11117,0.003365220778326757
11118,0.003365220778326757
11119,0.003365220778326757
11120,0.003365220778326757
11121,0.003365220778326757
11122,0.003365220778326757
11123,0.003365220778326757
11124,0.003365220778326757
11125,0.003365220778326757
11126,0.003365220778326757
11127,0.003365220778326757
11128,0.003365220778326757
11129,0.003365220778326757
11130,0.003365220778326757
11131,0.003365220778326757
11132,0.003365220778326757
11133,0.003365220778326757
11134,0.003365220778326757
11135,0.003365220778326757
11136,0.003365220778326757
11137,0.003365220778326757
11138,0.003365220778326757
11139,0.003365220778326757
11140,0.003365220778326757
11141,0.003365220778326757
11142,0.003365220778326757
11143,0.003365220778326757
11144,0.003365220778326757
11145,0.003365220778326757
11146,0.003365220778326757
11147,0.003365220778326757
11148,0.003365220778326757
11149,0.003365220778326757
11150,0.003365220778326757
11151,0.003365220778326757
11152,0.003365220778326757
11153,0.003365220778326757
11154,0.003365220778326757
11155,0.003365220778326757
11156,0.003365220778326757
11157,0.003365220778326757
11158,0.003365220778326757
11159,0.003365220778326757
11160,0.003365220778326757
11161,0.003365220778326757
11162,0.003365220778326757
11163,0.003365220778326757
11164,0.003365220778326757
11165,0.003365220778326757
11166,0.003365220778326757
11167,0.003365220778326757
11168,0.003365220778326757
11169,0.003365220778326757
11170,0.003365220778326757
11171,0.003365220778326757
11172,0.003365220778326757
11173,0.003365220778326757
11174,0.003365220778326757
11175,0.003365220778326757
11176,0.003365220778326757
11177,0.003365220778326757
11178,0.003365220778326757
11179,0.003365220778326757
11180,0.003365220778326757
11181,0.003365220778326757
11182,0.003365220778326757
11183,0.003365220778326757
11184,0.003365220778326757
11185,0.003365220778326757
11186,0.003365220778326757
11187,0.003365220778326757
11188,0.003365220778326757
11189,0.003365220778326757
11190,0.003365220778326757
11191,0.003365220778326757
11192,0.003365220778326757
11193,0.003365220778326757
11194,0.003365220778326757
11195,0.003365220778326757
11196,0.003365220778326757
11197,0.003365220778326757
11198,0.003365220778326757
11199,0.003365220778326757
11200,0.003365220778326757
11201,0.003365220778326757
11202,0.003365220778326757
11203,0.003365220778326757
11204,0.003365220778326757
11205,0.003365220778326757
11206,0.003365220778326757
11207,0.003365220778326757
11208,0.003365220778326757
11209,0.003365220778326757
11210,0.003365220778326757
11211,0.003365220778326757
11212,0.003365220778326757
11213,0.003365220778326757
11214,0.003365220778326757
11215,0.003365220778326757
11216,0.003365220778326757
11217,0.003365220778326757
11218,0.003365220778326757
11219,0.003365220778326757
11220,0.003365220778326757
11221,0.003365220778326757
11222,0.003365220778326757
11223,0.003365220778326757
11224,0.003365220778326757
11225,0.003365220778326757
11226,0.003365220778326757
11227,0.003365220778326757
11228,0.003365220778326757
11229,0.003365220778326757
11230,0.003365220778326757
11231,0.003365220778326757
11232,0.003365220778326757
11233,0.003365220778326757
11234,0.003365220778326757
11235,0.003365220778326757
11236,0.003365220778326757
11237,0.003365220778326757
11238,0.003365220778326757
11239,0.003365220778326757
11240,0.003365220778326757
11241,0.003365220778326757
11242,0.003365220778326757
11243,0.003365220778326757
11244,0.003365220778326757
11245,0.003365220778326757
11246,0.003365220778326757
11247,0.003365220778326757
11248,0.003365220778326757
11249,0.003365220778326757
11250,0.003365220778326757
11251,0.003365220778326757
11252,0.003365220778326757
11253,0.003365220778326757
11254,0.003365220778326757
11255,0.003365220778326757
11256,0.003365220778326757
11257,0.003365220778326757
11258,0.003365220778326757
11259,0.003365220778326757
11260,0.003365220778326757
11261,0.003365220778326757
11262,0.003365220778326757
11263,0.003365220778326757
11264,0.003365220778326757
11265,0.003365220778326757
11266,0.003365220778326757
11267,0.003365220778326757
11268,0.003365220778326757
11269,0.003365220778326757
11270,0.003365220778326757
11271,0.003365220778326757
11272,0.003365220778326757
11273,0.003365220778326757
11274,0.003365220778326757
11275,0.003365220778326757
11276,0.003365220778326757
11277,0.003365220778326757
11278,0.003365220778326757
11279,0.003365220778326757
11280,0.003365220778326757
11281,0.003365220778326757
11282,0.003365220778326757
11283,0.003365220778326757
11284,0.003365220778326757
11285,0.003365220778326757
11286,0.003365220778326757
11287,0.003365220778326757
11288,0.003365220778326757
11289,0.003365220778326757
11290,0.003365220778326757
11291,0.003365220778326757
11292,0.003365220778326757
11293,0.003365220778326757
11294,0.003365220778326757
11295,0.003365220778326757
11296,0.003365220778326757
11297,0.003365220778326757
11298,0.003365220778326757
11299,0.003365220778326757
11300,0.003365220778326757
11301,0.003365220778326757
11302,0.003365220778326757
11303,0.003365220778326757
11304,0.003365220778326757
11305,0.003365220778326757
11306,0.003365220778326757
11307,0.003365220778326757
11308,0.003365220778326757
11309,0.003365220778326757
11310,0.003365220778326757
11311,0.003365220778326757
11312,0.003365220778326757
11313,0.003365220778326757
11314,0.003365220778326757
11315,0.003365220778326757
11316,0.003365220778326757
11317,0.003365220778326757
11318,0.003365220778326757
11319,0.003365220778326757
11320,0.003365220778326757
11321,0.003365220778326757
11322,0.003365220778326757
11323,0.003365220778326757
11324,0.003365220778326757
11325,0.003365220778326757
11326,0.003365220778326757
11327,0.003365220778326757
11328,0.003365220778326757
11329,0.003365220778326757
11330,0.003365220778326757
11331,0.003365220778326757
11332,0.003365220778326757
11333,0.003365220778326757
11334,0.003365220778326757
11335,0.003365220778326757
11336,0.003365220778326757
11337,0.003365220778326757
11338,0.003365220778326757
11339,0.003365220778326757
11340,0.003365220778326757
11341,0.003365220778326757
11342,0.003365220778326757
11343,0.003365220778326757
11344,0.003365220778326757
11345,0.003365220778326757
11346,0.003365220778326757
11347,0.003365220778326757
11348,0.003365220778326757
11349,0.003365220778326757
11350,0.003365220778326757
11351,0.003365220778326757
11352,0.003365220778326757
11353,0.003365220778326757
11354,0.003365220778326757
11355,0.003365220778326757
11356,0.003365220778326757
11357,0.003365220778326757
11358,0.003365220778326757
11359,0.003365220778326757
11360,0.003365220778326757
11361,0.003365220778326757
11362,0.003365220778326757
11363,0.003365220778326757
11364,0.003365220778326757
11365,0.003365220778326757
11366,0.003365220778326757
11367,0.003365220778326757
11368,0.003365220778326757
11369,0.003365220778326757
11370,0.003365220778326757
11371,0.003365220778326757
11372,0.003365220778326757
11373,0.003365220778326757
11374,0.003365220778326757
11375,0.003365220778326757
11376,0.003365220778326757
11377,0.003365220778326757
11378,0.003365220778326757
11379,0.003365220778326757
11380,0.003365220778326757
11381,0.003365220778326757
11382,0.003365220778326757
11383,0.003365220778326757
11384,0.003365220778326757
11385,0.003365220778326757
11386,0.003365220778326757
11387,0.003365220778326757
11388,0.003365220778326757
11389,0.003365220778326757
11390,0.003365220778326757
11391,0.003365220778326757
11392,0.003365220778326757
11393,0.003365220778326757
11394,0.003365220778326757
11395,0.003365220778326757
11396,0.003365220778326757
11397,0.003365220778326757
11398,0.003365220778326757
11399,0.003365220778326757
11400,0.003365220778326757
11401,0.003365220778326757
11402,0.003365220778326757
11403,0.003365220778326757
11404,0.003365220778326757
11405,0.003365220778326757
11406,0.003365220778326757
11407,0.003365220778326757
11408,0.003365220778326757
11409,0.003365220778326757
11410,0.003365220778326757
11411,0.003365220778326757
11412,0.003365220778326757
11413,0.003365220778326757
11414,0.003365220778326757
11415,0.003365220778326757
11416,0.003365220778326757
11417,0.003365220778326757
11418,0.003365220778326757
11419,0.003365220778326757
11420,0.003365220778326757
11421,0.003365220778326757
11422,0.003365220778326757
11423,0.003365220778326757
11424,0.003365220778326757
11425,0.003365220778326757
11426,0.003365220778326757
11427,0.003365220778326757
11428,0.003365220778326757
11429,0.003365220778326757
11430,0.003365220778326757
11431,0.003365220778326757
11432,0.003365220778326757
11433,0.003365220778326757
11434,0.003365220778326757
11435,0.003365220778326757
11436,0.003365220778326757
11437,0.003365220778326757
11438,0.003365220778326757
11439,0.003365220778326757
11440,0.003365220778326757
11441,0.003365220778326757
11442,0.003365220778326757
11443,0.003365220778326757
11444,0.003365220778326757
11445,0.003365220778326757
11446,0.003365220778326757
11447,0.003365220778326757
11448,0.003365220778326757
11449,0.003365220778326757
11450,0.003365220778326757
11451,0.003365220778326757
11452,0.003365220778326757
11453,0.003365220778326757
11454,0.003365220778326757
11455,0.003365220778326757
11456,0.003365220778326757
11457,0.003365220778326757
11458,0.003365220778326757
11459,0.003365220778326757
11460,0.003365220778326757
11461,0.003365220778326757
11462,0.003365220778326757
11463,0.003365220778326757
11464,0.003365220778326757
11465,0.003365220778326757
11466,0.003365220778326757
11467,0.003365220778326757
11468,0.003365220778326757
11469,0.003365220778326757
11470,0.003365220778326757
11471,0.003365220778326757
11472,0.003365220778326757
11473,0.003365220778326757
11474,0.003365220778326757
11475,0.003365220778326757
11476,0.003365220778326757
11477,0.003365220778326757
11478,0.003365220778326757
11479,0.003365220778326757
11480,0.003365220778326757
11481,0.003365220778326757
11482,0.003365220778326757
11483,0.003365220778326757
11484,0.003365220778326757
11485,0.003365220778326757
11486,0.003365220778326757
11487,0.003365220778326757
11488,0.003365220778326757
11489,0.003365220778326757
11490,0.003365220778326757
11491,0.003365220778326757
11492,0.003365220778326757
11493,0.003365220778326757
11494,0.003365220778326757
11495,0.003365220778326757
11496,0.003365220778326757
11497,0.003365220778326757
11498,0.003365220778326757
11499,0.003365220778326757
11500,0.003365220778326757
11501,0.003365220778326757
11502,0.003365220778326757
11503,0.003365220778326757
11504,0.003365220778326757
11505,0.003365220778326757
11506,0.003365220778326757
11507,0.003365220778326757
11508,0.003365220778326757
11509,0.003365220778326757
11510,0.003365220778326757
11511,0.003365220778326757
11512,0.003365220778326757
11513,0.003365220778326757
11514,0.003365220778326757
11515,0.003365220778326757
11516,0.003365220778326757
11517,0.003365220778326757
11518,0.003365220778326757
11519,0.003365220778326757
11520,0.003365220778326757
11521,0.003365220778326757
11522,0.003365220778326757
11523,0.003365220778326757
11524,0.003365220778326757
11525,0.003365220778326757
11526,0.003365220778326757
11527,0.003365220778326757
11528,0.003365220778326757
11529,0.003365220778326757
11530,0.003365220778326757
11531,0.003365220778326757
11532,0.003365220778326757
11533,0.003365220778326757
11534,0.003365220778326757
11535,0.003365220778326757
11536,0.003365220778326757
11537,0.003365220778326757
11538,0.003365220778326757
11539,0.003365220778326757
11540,0.003365220778326757
11541,0.003365220778326757
11542,0.003365220778326757
11543,0.003365220778326757
11544,0.003365220778326757
11545,0.003365220778326757
11546,0.003365220778326757
11547,0.003365220778326757
11548,0.003365220778326757
11549,0.003365220778326757
11550,0.003365220778326757
11551,0.003365220778326757
11552,0.003365220778326757
11553,0.003365220778326757
11554,0.003365220778326757
11555,0.003365220778326757
11556,0.003365220778326757
11557,0.003365220778326757
11558,0.003365220778326757
11559,0.003365220778326757
11560,0.003365220778326757
11561,0.003365220778326757
11562,0.003365220778326757
11563,0.003365220778326757
11564,0.003365220778326757
11565,0.003365220778326757
11566,0.003365220778326757
11567,0.003365220778326757
11568,0.003365220778326757
11569,0.003365220778326757
11570,0.003365220778326757
11571,0.003365220778326757
11572,0.003365220778326757
11573,0.003365220778326757
11574,0.003365220778326757
11575,0.003365220778326757
11576,0.003365220778326757
11577,0.003365220778326757
11578,0.003365220778326757
11579,0.003365220778326757
11580,0.003365220778326757
11581,0.003365220778326757
11582,0.003365220778326757
11583,0.003365220778326757
11584,0.003365220778326757
11585,0.003365220778326757
11586,0.003365220778326757
11587,0.003365220778326757
11588,0.003365220778326757
11589,0.003365220778326757
11590,0.003365220778326757
11591,0.003365220778326757
11592,0.003365220778326757
11593,0.003365220778326757
11594,0.003365220778326757
11595,0.003365220778326757
11596,0.003365220778326757
11597,0.003365220778326757
11598,0.003365220778326757
11599,0.003365220778326757
11600,0.003365220778326757
11601,0.003365220778326757
11602,0.003365220778326757
11603,0.003365220778326757
11604,0.003365220778326757
11605,0.003365220778326757
11606,0.003365220778326757
11607,0.003365220778326757
11608,0.003365220778326757
11609,0.003365220778326757
11610,0.003365220778326757
11611,0.003365220778326757
11612,0.003365220778326757
11613,0.003365220778326757
11614,0.003365220778326757
11615,0.003365220778326757
11616,0.003365220778326757
11617,0.003365220778326757
11618,0.003365220778326757
11619,0.003365220778326757
11620,0.003365220778326757
11621,0.003365220778326757
11622,0.003365220778326757
11623,0.003365220778326757
11624,0.003365220778326757
11625,0.003365220778326757
11626,0.003365220778326757
11627,0.003365220778326757
11628,0.003365220778326757
11629,0.003365220778326757
11630,0.003365220778326757
11631,0.003365220778326757
11632,0.003365220778326757
11633,0.003365220778326757
11634,0.003365220778326757
11635,0.003365220778326757
11636,0.003365220778326757
11637,0.003365220778326757
11638,0.003365220778326757
11639,0.003365220778326757
11640,0.003365220778326757
11641,0.003365220778326757
11642,0.003365220778326757
11643,0.003365220778326757
11644,0.003365220778326757
11645,0.003365220778326757
11646,0.003365220778326757
11647,0.003365220778326757
11648,0.003365220778326757
11649,0.003365220778326757
11650,0.003365220778326757
11651,0.003365220778326757
11652,0.003365220778326757
11653,0.003365220778326757
11654,0.003365220778326757
11655,0.003365220778326757
11656,0.003365220778326757
11657,0.003365220778326757
11658,0.003365220778326757
11659,0.003365220778326757
11660,0.003365220778326757
11661,0.003365220778326757
11662,0.003365220778326757
11663,0.003365220778326757
11664,0.003365220778326757
11665,0.003365220778326757
11666,0.003365220778326757
11667,0.003365220778326757
11668,0.003365220778326757
11669,0.003365220778326757
11670,0.003365220778326757
11671,0.003365220778326757
11672,0.003365220778326757
11673,0.003365220778326757
11674,0.003365220778326757
11675,0.003365220778326757
11676,0.003365220778326757
11677,0.003365220778326757
11678,0.003365220778326757
11679,0.003365220778326757
11680,0.003365220778326757
11681,0.003365220778326757
11682,0.003365220778326757
11683,0.003365220778326757
11684,0.003365220778326757
11685,0.003365220778326757
11686,0.003365220778326757
11687,0.003365220778326757
11688,0.003365220778326757
11689,0.003365220778326757
11690,0.003365220778326757
11691,0.003365220778326757
11692,0.003365220778326757
11693,0.003365220778326757
11694,0.003365220778326757
11695,0.003365220778326757
11696,0.003365220778326757
11697,0.003365220778326757
11698,0.003365220778326757
11699,0.003365220778326757
11700,0.003365220778326757
11701,0.003365220778326757
11702,0.003365220778326757
11703,0.003365220778326757
11704,0.003365220778326757
11705,0.003365220778326757
11706,0.003365220778326757
11707,0.003365220778326757
11708,0.003365220778326757
11709,0.003365220778326757
11710,0.003365220778326757
11711,0.003365220778326757
11712,0.003365220778326757
11713,0.003365220778326757
11714,0.003365220778326757
11715,0.003365220778326757
11716,0.003365220778326757
11717,0.003365220778326757
11718,0.003365220778326757
11719,0.003365220778326757
11720,0.003365220778326757
11721,0.003365220778326757
11722,0.003365220778326757
11723,0.003365220778326757
11724,0.003365220778326757
11725,0.003365220778326757
11726,0.003365220778326757
11727,0.003365220778326757
11728,0.003365220778326757
11729,0.003365220778326757
11730,0.003365220778326757
11731,0.003365220778326757
11732,0.003365220778326757
11733,0.003365220778326757
11734,0.003365220778326757
11735,0.003365220778326757
11736,0.003365220778326757
11737,0.003365220778326757
11738,0.003365220778326757
11739,0.003365220778326757
11740,0.003365220778326757
11741,0.003365220778326757
11742,0.003365220778326757
11743,0.003365220778326757
11744,0.003365220778326757
11745,0.003365220778326757
11746,0.003365220778326757
11747,0.003365220778326757
11748,0.003365220778326757
11749,0.003365220778326757
11750,0.003365220778326757
11751,0.003365220778326757
11752,0.003365220778326757
11753,0.003365220778326757
11754,0.003365220778326757
11755,0.003365220778326757
11756,0.003365220778326757
11757,0.003365220778326757
11758,0.003365220778326757
11759,0.003365220778326757
11760,0.003365220778326757
11761,0.003365220778326757
11762,0.003365220778326757
11763,0.003365220778326757
11764,0.003365220778326757
11765,0.003365220778326757
11766,0.003365220778326757
11767,0.003365220778326757
11768,0.003365220778326757
11769,0.003365220778326757
11770,0.003365220778326757
11771,0.003365220778326757
11772,0.003365220778326757
11773,0.003365220778326757
11774,0.003365220778326757
11775,0.003365220778326757
11776,0.003365220778326757
11777,0.003365220778326757
11778,0.003365220778326757
11779,0.003365220778326757
11780,0.003365220778326757
11781,0.003365220778326757
11782,0.003365220778326757
11783,0.003365220778326757
11784,0.003365220778326757
11785,0.003365220778326757
11786,0.003365220778326757
11787,0.003365220778326757
11788,0.003365220778326757
11789,0.003365220778326757
11790,0.003365220778326757
11791,0.003365220778326757
11792,0.003365220778326757
11793,0.003365220778326757
11794,0.003365220778326757
11795,0.003365220778326757
11796,0.003365220778326757
11797,0.003365220778326757
11798,0.003365220778326757
11799,0.003365220778326757
11800,0.003365220778326757
11801,0.003365220778326757
11802,0.003365220778326757
11803,0.003365220778326757
11804,0.003365220778326757
11805,0.003365220778326757
11806,0.003365220778326757
11807,0.003365220778326757
11808,0.003365220778326757
11809,0.003365220778326757
11810,0.003365220778326757
11811,0.003365220778326757
11812,0.003365220778326757
11813,0.003365220778326757
11814,0.003365220778326757
11815,0.003365220778326757
11816,0.003365220778326757
11817,0.003365220778326757
11818,0.003365220778326757
11819,0.003365220778326757
11820,0.003365220778326757
11821,0.003365220778326757
11822,0.003365220778326757
11823,0.003365220778326757
11824,0.003365220778326757
11825,0.003365220778326757
11826,0.003365220778326757
11827,0.003365220778326757
11828,0.003365220778326757
11829,0.003365220778326757
11830,0.003365220778326757
11831,0.003365220778326757
11832,0.003365220778326757
11833,0.003365220778326757
11834,0.003365220778326757
11835,0.003365220778326757
11836,0.003365220778326757
11837,0.003365220778326757
11838,0.003365220778326757
11839,0.003365220778326757
11840,0.003365220778326757
11841,0.003365220778326757
11842,0.003365220778326757
11843,0.003365220778326757
11844,0.003365220778326757
11845,0.003365220778326757
11846,0.003365220778326757
11847,0.003365220778326757
11848,0.003365220778326757
11849,0.003365220778326757
11850,0.003365220778326757
11851,0.003365220778326757
11852,0.003365220778326757
11853,0.003365220778326757
11854,0.003365220778326757
11855,0.003365220778326757
11856,0.003365220778326757
11857,0.003365220778326757
11858,0.003365220778326757
11859,0.003365220778326757
11860,0.003365220778326757
11861,0.003365220778326757
11862,0.003365220778326757
11863,0.003365220778326757
11864,0.003365220778326757
11865,0.003365220778326757
11866,0.003365220778326757
11867,0.003365220778326757
11868,0.003365220778326757
11869,0.003365220778326757
11870,0.003365220778326757
11871,0.003365220778326757
11872,0.003365220778326757
11873,0.003365220778326757
11874,0.003365220778326757
11875,0.003365220778326757
11876,0.003365220778326757
11877,0.003365220778326757
11878,0.003365220778326757
11879,0.003365220778326757
11880,0.003365220778326757
11881,0.003365220778326757
11882,0.003365220778326757
11883,0.003365220778326757
11884,0.003365220778326757
11885,0.003365220778326757
11886,0.003365220778326757
11887,0.003365220778326757
11888,0.003365220778326757
11889,0.003365220778326757
11890,0.003365220778326757
11891,0.003365220778326757
11892,0.003365220778326757
11893,0.003365220778326757
11894,0.003365220778326757
11895,0.003365220778326757
11896,0.003365220778326757
11897,0.003365220778326757
11898,0.003365220778326757
11899,0.003365220778326757
11900,0.003365220778326757
11901,0.003365220778326757
11902,0.003365220778326757
11903,0.003365220778326757
11904,0.003365220778326757
11905,0.003365220778326757
11906,0.003365220778326757
11907,0.003365220778326757
11908,0.003365220778326757
11909,0.003365220778326757
11910,0.003365220778326757
11911,0.003365220778326757
11912,0.003365220778326757
11913,0.003365220778326757
11914,0.003365220778326757
11915,0.003365220778326757
11916,0.003365220778326757
11917,0.003365220778326757
11918,0.003365220778326757
11919,0.003365220778326757
11920,0.003365220778326757
11921,0.003365220778326757
11922,0.003365220778326757
11923,0.003365220778326757
11924,0.003365220778326757
11925,0.003365220778326757
11926,0.003365220778326757
11927,0.003365220778326757
11928,0.003365220778326757
11929,0.003365220778326757
11930,0.003365220778326757
11931,0.003365220778326757
11932,0.003365220778326757
11933,0.003365220778326757
11934,0.003365220778326757
11935,0.003365220778326757
11936,0.003365220778326757
11937,0.003365220778326757
11938,0.003365220778326757
11939,0.003365220778326757
11940,0.003365220778326757
11941,0.003365220778326757
11942,0.003365220778326757
11943,0.003365220778326757
11944,0.003365220778326757
11945,0.003365220778326757
11946,0.003365220778326757
11947,0.003365220778326757
11948,0.003365220778326757
11949,0.003365220778326757
11950,0.003365220778326757
11951,0.003365220778326757
11952,0.003365220778326757
11953,0.003365220778326757
11954,0.003365220778326757
11955,0.003365220778326757
11956,0.003365220778326757
11957,0.003365220778326757
11958,0.003365220778326757
11959,0.003365220778326757
11960,0.003365220778326757
11961,0.003365220778326757
11962,0.003365220778326757
11963,0.003365220778326757
11964,0.003365220778326757
11965,0.003365220778326757
11966,0.003365220778326757
11967,0.003365220778326757
11968,0.003365220778326757
11969,0.003365220778326757
11970,0.003365220778326757
11971,0.003365220778326757
11972,0.003365220778326757
11973,0.003365220778326757
11974,0.003365220778326757
11975,0.003365220778326757
11976,0.003365220778326757
11977,0.003365220778326757
11978,0.003365220778326757
11979,0.003365220778326757
11980,0.003365220778326757
11981,0.003365220778326757
11982,0.003365220778326757
11983,0.003365220778326757
11984,0.003365220778326757
11985,0.003365220778326757
11986,0.003365220778326757
11987,0.003365220778326757
11988,0.003365220778326757
11989,0.003365220778326757
11990,0.003365220778326757
11991,0.003365220778326757
11992,0.003365220778326757
11993,0.003365220778326757
11994,0.003365220778326757
11995,0.003365220778326757
11996,0.003365220778326757
11997,0.003365220778326757
11998,0.003365220778326757
11999,0.003365220778326757
12000,0.003365220778326757
12001,0.003365220778326757
12002,0.003365220778326757
12003,0.003365220778326757
12004,0.003365220778326757
12005,0.003365220778326757
12006,0.003365220778326757
12007,0.003365220778326757
12008,0.003365220778326757
12009,0.003365220778326757
12010,0.003365220778326757
12011,0.003365220778326757
12012,0.003365220778326757
12013,0.003365220778326757
12014,0.003365220778326757
12015,0.003365220778326757
12016,0.003365220778326757
12017,0.003365220778326757
12018,0.003365220778326757
12019,0.003365220778326757
12020,0.003365220778326757
12021,0.003365220778326757
12022,0.003365220778326757
12023,0.003365220778326757
12024,0.003365220778326757
12025,0.003365220778326757
12026,0.003365220778326757
12027,0.003365220778326757
12028,0.003365220778326757
12029,0.003365220778326757
12030,0.003365220778326757
12031,0.003365220778326757
12032,0.003365220778326757
12033,0.003365220778326757
12034,0.003365220778326757
12035,0.003365220778326757
12036,0.003365220778326757
12037,0.003365220778326757
12038,0.003365220778326757
12039,0.003365220778326757
12040,0.003365220778326757
12041,0.003365220778326757
12042,0.003365220778326757
12043,0.003365220778326757
12044,0.003365220778326757
12045,0.003365220778326757
12046,0.003365220778326757
12047,0.003365220778326757
12048,0.003365220778326757
12049,0.003365220778326757
12050,0.003365220778326757
12051,0.003365220778326757
12052,0.003365220778326757
12053,0.003365220778326757
12054,0.003365220778326757
12055,0.003365220778326757
12056,0.003365220778326757
12057,0.003365220778326757
12058,0.003365220778326757
12059,0.003365220778326757
12060,0.003365220778326757
12061,0.003365220778326757
12062,0.003365220778326757
12063,0.003365220778326757
12064,0.003365220778326757
12065,0.003365220778326757
12066,0.003365220778326757
12067,0.003365220778326757
12068,0.003365220778326757
12069,0.003365220778326757
12070,0.003365220778326757
12071,0.003365220778326757
12072,0.003365220778326757
12073,0.003365220778326757
12074,0.003365220778326757
12075,0.003365220778326757
12076,0.003365220778326757
12077,0.003365220778326757
12078,0.003365220778326757
12079,0.003365220778326757
12080,0.003365220778326757
12081,0.003365220778326757
12082,0.003365220778326757
12083,0.003365220778326757
12084,0.003365220778326757
12085,0.003365220778326757
12086,0.003365220778326757
12087,0.003365220778326757
12088,0.003365220778326757
12089,0.003365220778326757
12090,0.003365220778326757
12091,0.003365220778326757
12092,0.003365220778326757
12093,0.003365220778326757
12094,0.003365220778326757
12095,0.003365220778326757
12096,0.003365220778326757
12097,0.003365220778326757
12098,0.003365220778326757
12099,0.003365220778326757
12100,0.003365220778326757
12101,0.003365220778326757
12102,0.003365220778326757
12103,0.003365220778326757
12104,0.003365220778326757
12105,0.003365220778326757
12106,0.003365220778326757
12107,0.003365220778326757
12108,0.003365220778326757
12109,0.003365220778326757
12110,0.003365220778326757
12111,0.003365220778326757
12112,0.003365220778326757
12113,0.003365220778326757
12114,0.003365220778326757
12115,0.003365220778326757
12116,0.003365220778326757
12117,0.003365220778326757
12118,0.003365220778326757
12119,0.003365220778326757
12120,0.003365220778326757
12121,0.003365220778326757
12122,0.003365220778326757
12123,0.003365220778326757
12124,0.003365220778326757
12125,0.003365220778326757
12126,0.003365220778326757
12127,0.003365220778326757
12128,0.003365220778326757
12129,0.003365220778326757
12130,0.003365220778326757
12131,0.003365220778326757
12132,0.003365220778326757
12133,0.003365220778326757
12134,0.003365220778326757
12135,0.003365220778326757
12136,0.003365220778326757
12137,0.003365220778326757
12138,0.003365220778326757
12139,0.003365220778326757
12140,0.003365220778326757
12141,0.003365220778326757
12142,0.003365220778326757
12143,0.003365220778326757
12144,0.003365220778326757
12145,0.003365220778326757
12146,0.003365220778326757
12147,0.003365220778326757
12148,0.003365220778326757
12149,0.003365220778326757
12150,0.003365220778326757
12151,0.003365220778326757
12152,0.003365220778326757
12153,0.003365220778326757
12154,0.003365220778326757
12155,0.003365220778326757
12156,0.003365220778326757
12157,0.003365220778326757
12158,0.003365220778326757
12159,0.003365220778326757
12160,0.003365220778326757
12161,0.003365220778326757
12162,0.003365220778326757
12163,0.003365220778326757
12164,0.003365220778326757
12165,0.003365220778326757
12166,0.003365220778326757
12167,0.003365220778326757
12168,0.003365220778326757
12169,0.003365220778326757
12170,0.003365220778326757
12171,0.003365220778326757
12172,0.003365220778326757
12173,0.003365220778326757
12174,0.003365220778326757
12175,0.003365220778326757
12176,0.003365220778326757
12177,0.003365220778326757
12178,0.003365220778326757
12179,0.003365220778326757
12180,0.003365220778326757
12181,0.003365220778326757
12182,0.003365220778326757
12183,0.003365220778326757
12184,0.003365220778326757
12185,0.003365220778326757
12186,0.003365220778326757
12187,0.003365220778326757
12188,0.003365220778326757
12189,0.003365220778326757
12190,0.003365220778326757
12191,0.003365220778326757
12192,0.003365220778326757
12193,0.003365220778326757
12194,0.003365220778326757
12195,0.003365220778326757
12196,0.003365220778326757
12197,0.003365220778326757
12198,0.003365220778326757
12199,0.003365220778326757
12200,0.003365220778326757
12201,0.003365220778326757
12202,0.003365220778326757
12203,0.003365220778326757
12204,0.003365220778326757
12205,0.003365220778326757
12206,0.003365220778326757
12207,0.003365220778326757
12208,0.003365220778326757
12209,0.003365220778326757
12210,0.003365220778326757
12211,0.003365220778326757
12212,0.003365220778326757
12213,0.003365220778326757
12214,0.003365220778326757
12215,0.003365220778326757
12216,0.003365220778326757
12217,0.003365220778326757
12218,0.003365220778326757
12219,0.003365220778326757
12220,0.003365220778326757
12221,0.003365220778326757
12222,0.003365220778326757
12223,0.003365220778326757
12224,0.003365220778326757
12225,0.003365220778326757
12226,0.003365220778326757
12227,0.003365220778326757
12228,0.003365220778326757
12229,0.003365220778326757
12230,0.003365220778326757
12231,0.003365220778326757
12232,0.003365220778326757
12233,0.003365220778326757
12234,0.003365220778326757
12235,0.003365220778326757
12236,0.003365220778326757
12237,0.003365220778326757
12238,0.003365220778326757
12239,0.003365220778326757
12240,0.003365220778326757
12241,0.003365220778326757
12242,0.003365220778326757
12243,0.003365220778326757
12244,0.003365220778326757
12245,0.003365220778326757
12246,0.003365220778326757
12247,0.003365220778326757
12248,0.003365220778326757
12249,0.003365220778326757
12250,0.003365220778326757
12251,0.003365220778326757
12252,0.003365220778326757
12253,0.003365220778326757
12254,0.003365220778326757
12255,0.003365220778326757
12256,0.003365220778326757
12257,0.003365220778326757
12258,0.003365220778326757
12259,0.003365220778326757
12260,0.003365220778326757
12261,0.003365220778326757
12262,0.003365220778326757
12263,0.003365220778326757
12264,0.003365220778326757
12265,0.003365220778326757
12266,0.003365220778326757
12267,0.003365220778326757
12268,0.003365220778326757
12269,0.003365220778326757
12270,0.003365220778326757
12271,0.003365220778326757
12272,0.003365220778326757
12273,0.003365220778326757
12274,0.003365220778326757
12275,0.003365220778326757
12276,0.003365220778326757
12277,0.003365220778326757
12278,0.003365220778326757
12279,0.003365220778326757
12280,0.003365220778326757
12281,0.003365220778326757
12282,0.003365220778326757
12283,0.003365220778326757
12284,0.003365220778326757
12285,0.003365220778326757
12286,0.003365220778326757
12287,0.003365220778326757
12288,0.003365220778326757
12289,0.003365220778326757
12290,0.003365220778326757
12291,0.003365220778326757
12292,0.003365220778326757
12293,0.003365220778326757
12294,0.003365220778326757
12295,0.003365220778326757
12296,0.003365220778326757
12297,0.003365220778326757
12298,0.003365220778326757
12299,0.003365220778326757
12300,0.003365220778326757
12301,0.003365220778326757
12302,0.003365220778326757
12303,0.003365220778326757
12304,0.003365220778326757
12305,0.003365220778326757
12306,0.003365220778326757
12307,0.003365220778326757
12308,0.003365220778326757
12309,0.003365220778326757
12310,0.003365220778326757
12311,0.003365220778326757
12312,0.003365220778326757
12313,0.003365220778326757
12314,0.003365220778326757
12315,0.003365220778326757
12316,0.003365220778326757
12317,0.003365220778326757
12318,0.003365220778326757
12319,0.003365220778326757
12320,0.003365220778326757
12321,0.003365220778326757
12322,0.003365220778326757
12323,0.003365220778326757
12324,0.003365220778326757
12325,0.003365220778326757
12326,0.003365220778326757
12327,0.003365220778326757
12328,0.003365220778326757
12329,0.003365220778326757
12330,0.003365220778326757
12331,0.003365220778326757
12332,0.003365220778326757
12333,0.003365220778326757
12334,0.003365220778326757
12335,0.003365220778326757
12336,0.003365220778326757
12337,0.003365220778326757
12338,0.003365220778326757
12339,0.003365220778326757
12340,0.003365220778326757
12341,0.003365220778326757
12342,0.003365220778326757
12343,0.003365220778326757
12344,0.003365220778326757
12345,0.003365220778326757
12346,0.003365220778326757
12347,0.003365220778326757
12348,0.003365220778326757
12349,0.003365220778326757
12350,0.003365220778326757
12351,0.003365220778326757
12352,0.003365220778326757
12353,0.003365220778326757
12354,0.003365220778326757
12355,0.003365220778326757
12356,0.003365220778326757
12357,0.003365220778326757
12358,0.003365220778326757
12359,0.003365220778326757
12360,0.003365220778326757
12361,0.003365220778326757
12362,0.003365220778326757
12363,0.003365220778326757
12364,0.003365220778326757
12365,0.003365220778326757
12366,0.003365220778326757
12367,0.003365220778326757
12368,0.003365220778326757
12369,0.003365220778326757
12370,0.003365220778326757
12371,0.003365220778326757
12372,0.003365220778326757
12373,0.003365220778326757
12374,0.003365220778326757
12375,0.003365220778326757
12376,0.003365220778326757
12377,0.003365220778326757
12378,0.003365220778326757
12379,0.003365220778326757
12380,0.003365220778326757
12381,0.003365220778326757
12382,0.003365220778326757
12383,0.003365220778326757
12384,0.003365220778326757
12385,0.003365220778326757
12386,0.003365220778326757
12387,0.003365220778326757
12388,0.003365220778326757
12389,0.003365220778326757
12390,0.003365220778326757
12391,0.003365220778326757
12392,0.003365220778326757
12393,0.003365220778326757
12394,0.003365220778326757
12395,0.003365220778326757
12396,0.003365220778326757
12397,0.003365220778326757
12398,0.003365220778326757
12399,0.003365220778326757
12400,0.003365220778326757
12401,0.003365220778326757
12402,0.003365220778326757
12403,0.003365220778326757
12404,0.003365220778326757
12405,0.003365220778326757
12406,0.003365220778326757
12407,0.003365220778326757
12408,0.003365220778326757
12409,0.003365220778326757
12410,0.003365220778326757
12411,0.003365220778326757
12412,0.003365220778326757
12413,0.003365220778326757
12414,0.003365220778326757
12415,0.003365220778326757
12416,0.003365220778326757
12417,0.003365220778326757
12418,0.003365220778326757
12419,0.003365220778326757
12420,0.003365220778326757
12421,0.003365220778326757
12422,0.003365220778326757
12423,0.003365220778326757
12424,0.003365220778326757
12425,0.003365220778326757
12426,0.003365220778326757
12427,0.003365220778326757
12428,0.003365220778326757
12429,0.003365220778326757
12430,0.003365220778326757
12431,0.003365220778326757
12432,0.003365220778326757
12433,0.003365220778326757
12434,0.003365220778326757
12435,0.003365220778326757
12436,0.003365220778326757
12437,0.003365220778326757
12438,0.003365220778326757
12439,0.003365220778326757
12440,0.003365220778326757
12441,0.003365220778326757
12442,0.003365220778326757
12443,0.003365220778326757
12444,0.003365220778326757
12445,0.003365220778326757
12446,0.003365220778326757
12447,0.003365220778326757
12448,0.003365220778326757
12449,0.003365220778326757
12450,0.003365220778326757
12451,0.003365220778326757
12452,0.003365220778326757
12453,0.003365220778326757
12454,0.003365220778326757
12455,0.003365220778326757
12456,0.003365220778326757
12457,0.003365220778326757
12458,0.003365220778326757
12459,0.003365220778326757
12460,0.003365220778326757
12461,0.003365220778326757
12462,0.003365220778326757
12463,0.003365220778326757
12464,0.003365220778326757
12465,0.003365220778326757
12466,0.003365220778326757
12467,0.003365220778326757
12468,0.003365220778326757
12469,0.003365220778326757
12470,0.003365220778326757
12471,0.003365220778326757
12472,0.003365220778326757
12473,0.003365220778326757
12474,0.003365220778326757
12475,0.003365220778326757
12476,0.003365220778326757
12477,0.003365220778326757
12478,0.003365220778326757
12479,0.003365220778326757
12480,0.003365220778326757
12481,0.003365220778326757
12482,0.003365220778326757
12483,0.003365220778326757
12484,0.003365220778326757
12485,0.003365220778326757
12486,0.003365220778326757
12487,0.003365220778326757
12488,0.003365220778326757
12489,0.003365220778326757
12490,0.003365220778326757
12491,0.003365220778326757
12492,0.003365220778326757
12493,0.003365220778326757
12494,0.003365220778326757
12495,0.003365220778326757
12496,0.003365220778326757
12497,0.003365220778326757
12498,0.003365220778326757
12499,0.003365220778326757
12500,0.003365220778326757
12501,0.003365220778326757
12502,0.003365220778326757
12503,0.003365220778326757
12504,0.003365220778326757
12505,0.003365220778326757
12506,0.003365220778326757
12507,0.003365220778326757
12508,0.003365220778326757
12509,0.003365220778326757
12510,0.003365220778326757
12511,0.003365220778326757
12512,0.003365220778326757
12513,0.003365220778326757
12514,0.003365220778326757
12515,0.003365220778326757
12516,0.003365220778326757
12517,0.003365220778326757
12518,0.003365220778326757
12519,0.003365220778326757
12520,0.003365220778326757
12521,0.003365220778326757
12522,0.003365220778326757
12523,0.003365220778326757
12524,0.003365220778326757
12525,0.003365220778326757
12526,0.003365220778326757
12527,0.003365220778326757
12528,0.003365220778326757
12529,0.003365220778326757
12530,0.003365220778326757
12531,0.003365220778326757
12532,0.003365220778326757
12533,0.003365220778326757
12534,0.003365220778326757
12535,0.003365220778326757
12536,0.003365220778326757
12537,0.003365220778326757
12538,0.003365220778326757
12539,0.003365220778326757
12540,0.003365220778326757
12541,0.003365220778326757
12542,0.003365220778326757
12543,0.003365220778326757
12544,0.003365220778326757
12545,0.003365220778326757
12546,0.003365220778326757
12547,0.003365220778326757
12548,0.003365220778326757
12549,0.003365220778326757
12550,0.003365220778326757
12551,0.003365220778326757
12552,0.003365220778326757
12553,0.003365220778326757
12554,0.003365220778326757
12555,0.003365220778326757
12556,0.003365220778326757
12557,0.003365220778326757
12558,0.003365220778326757
12559,0.003365220778326757
12560,0.003365220778326757
12561,0.003365220778326757
12562,0.003365220778326757
12563,0.003365220778326757
12564,0.003365220778326757
12565,0.003365220778326757
12566,0.003365220778326757
12567,0.003365220778326757
12568,0.003365220778326757
12569,0.003365220778326757
12570,0.003365220778326757
12571,0.003365220778326757
12572,0.003365220778326757
12573,0.003365220778326757
12574,0.003365220778326757
12575,0.003365220778326757
12576,0.003365220778326757
12577,0.003365220778326757
12578,0.003365220778326757
12579,0.003365220778326757
12580,0.003365220778326757
12581,0.003365220778326757
12582,0.003365220778326757
12583,0.003365220778326757
12584,0.003365220778326757
12585,0.003365220778326757
12586,0.003365220778326757
12587,0.003365220778326757
12588,0.003365220778326757
12589,0.003365220778326757
12590,0.003365220778326757
12591,0.003365220778326757
12592,0.003365220778326757
12593,0.003365220778326757
12594,0.003365220778326757
12595,0.003365220778326757
12596,0.003365220778326757
12597,0.003365220778326757
12598,0.003365220778326757
12599,0.003365220778326757
12600,0.003365220778326757
12601,0.003365220778326757
12602,0.003365220778326757
12603,0.003365220778326757
12604,0.003365220778326757
12605,0.003365220778326757
12606,0.003365220778326757
12607,0.003365220778326757
12608,0.003365220778326757
12609,0.003365220778326757
12610,0.003365220778326757
12611,0.003365220778326757
12612,0.003365220778326757
12613,0.003365220778326757
12614,0.003365220778326757
12615,0.003365220778326757
12616,0.003365220778326757
12617,0.003365220778326757
12618,0.003365220778326757
12619,0.003365220778326757
12620,0.003365220778326757
12621,0.003365220778326757
12622,0.003365220778326757
12623,0.003365220778326757
12624,0.003365220778326757
12625,0.003365220778326757
12626,0.003365220778326757
12627,0.003365220778326757
12628,0.003365220778326757
12629,0.003365220778326757
12630,0.003365220778326757
12631,0.003365220778326757
12632,0.003365220778326757
12633,0.003365220778326757
12634,0.003365220778326757
12635,0.003365220778326757
12636,0.003365220778326757
12637,0.003365220778326757
12638,0.003365220778326757
12639,0.003365220778326757
12640,0.003365220778326757
12641,0.003365220778326757
12642,0.003365220778326757
12643,0.003365220778326757
12644,0.003365220778326757
12645,0.003365220778326757
12646,0.003365220778326757
12647,0.003365220778326757
12648,0.003365220778326757
12649,0.003365220778326757
12650,0.003365220778326757
12651,0.003365220778326757
12652,0.003365220778326757
12653,0.003365220778326757
12654,0.003365220778326757
12655,0.003365220778326757
12656,0.003365220778326757
12657,0.003365220778326757
12658,0.003365220778326757
12659,0.003365220778326757
12660,0.003365220778326757
12661,0.003365220778326757
12662,0.003365220778326757
12663,0.003365220778326757
12664,0.003365220778326757
12665,0.003365220778326757
12666,0.003365220778326757
12667,0.003365220778326757
12668,0.003365220778326757
12669,0.003365220778326757
12670,0.003365220778326757
12671,0.003365220778326757
12672,0.003365220778326757
12673,0.003365220778326757
12674,0.003365220778326757
12675,0.003365220778326757
12676,0.003365220778326757
12677,0.003365220778326757
12678,0.003365220778326757
12679,0.003365220778326757
12680,0.003365220778326757
12681,0.003365220778326757
12682,0.003365220778326757
12683,0.003365220778326757
12684,0.003365220778326757
12685,0.003365220778326757
12686,0.003365220778326757
12687,0.003365220778326757
12688,0.003365220778326757
12689,0.003365220778326757
12690,0.003365220778326757
12691,0.003365220778326757
12692,0.003365220778326757
12693,0.003365220778326757
12694,0.003365220778326757
12695,0.003365220778326757
12696,0.003365220778326757
12697,0.003365220778326757
12698,0.003365220778326757
12699,0.003365220778326757
12700,0.003365220778326757
12701,0.003365220778326757
12702,0.003365220778326757
12703,0.003365220778326757
12704,0.003365220778326757
12705,0.003365220778326757
12706,0.003365220778326757
12707,0.003365220778326757
12708,0.003365220778326757
12709,0.003365220778326757
12710,0.003365220778326757
12711,0.003365220778326757
12712,0.003365220778326757
12713,0.003365220778326757
12714,0.003365220778326757
12715,0.003365220778326757
12716,0.003365220778326757
12717,0.003365220778326757
12718,0.003365220778326757
12719,0.003365220778326757
12720,0.003365220778326757
12721,0.003365220778326757
12722,0.003365220778326757
12723,0.003365220778326757
12724,0.003365220778326757
12725,0.003365220778326757
12726,0.003365220778326757
12727,0.003365220778326757
12728,0.003365220778326757
12729,0.003365220778326757
12730,0.003365220778326757
12731,0.003365220778326757
12732,0.003365220778326757
12733,0.003365220778326757
12734,0.003365220778326757
12735,0.003365220778326757
12736,0.003365220778326757
12737,0.003365220778326757
12738,0.003365220778326757
12739,0.003365220778326757
12740,0.003365220778326757
12741,0.003365220778326757
12742,0.003365220778326757
12743,0.003365220778326757
12744,0.003365220778326757
12745,0.003365220778326757
12746,0.003365220778326757
12747,0.003365220778326757
12748,0.003365220778326757
12749,0.003365220778326757
12750,0.003365220778326757
12751,0.003365220778326757
12752,0.003365220778326757
12753,0.003365220778326757
12754,0.003365220778326757
12755,0.003365220778326757
12756,0.003365220778326757
12757,0.003365220778326757
12758,0.003365220778326757
12759,0.003365220778326757
12760,0.003365220778326757
12761,0.003365220778326757
12762,0.003365220778326757
12763,0.003365220778326757
12764,0.003365220778326757
12765,0.003365220778326757
12766,0.003365220778326757
12767,0.003365220778326757
12768,0.003365220778326757
12769,0.003365220778326757
12770,0.003365220778326757
12771,0.003365220778326757
12772,0.003365220778326757
12773,0.003365220778326757
12774,0.003365220778326757
12775,0.003365220778326757
12776,0.003365220778326757
12777,0.003365220778326757
12778,0.003365220778326757
12779,0.003365220778326757
12780,0.003365220778326757
12781,0.003365220778326757
12782,0.003365220778326757
12783,0.003365220778326757
12784,0.003365220778326757
12785,0.003365220778326757
12786,0.003365220778326757
12787,0.003365220778326757
12788,0.003365220778326757
12789,0.003365220778326757
12790,0.003365220778326757
12791,0.003365220778326757
12792,0.003365220778326757
12793,0.003365220778326757
12794,0.003365220778326757
12795,0.003365220778326757
12796,0.003365220778326757
12797,0.003365220778326757
12798,0.003365220778326757
12799,0.003365220778326757
12800,0.003365220778326757
12801,0.003365220778326757
12802,0.003365220778326757
12803,0.003365220778326757
12804,0.003365220778326757
12805,0.003365220778326757
12806,0.003365220778326757
12807,0.003365220778326757
12808,0.003365220778326757
12809,0.003365220778326757
12810,0.003365220778326757
12811,0.003365220778326757
12812,0.003365220778326757
12813,0.003365220778326757
12814,0.003365220778326757
12815,0.003365220778326757
12816,0.003365220778326757
12817,0.003365220778326757
12818,0.003365220778326757
12819,0.003365220778326757
12820,0.003365220778326757
12821,0.003365220778326757
12822,0.003365220778326757
12823,0.003365220778326757
12824,0.003365220778326757
12825,0.003365220778326757
12826,0.003365220778326757
12827,0.003365220778326757
12828,0.003365220778326757
12829,0.003365220778326757
12830,0.003365220778326757
12831,0.003365220778326757
12832,0.003365220778326757
12833,0.003365220778326757
12834,0.003365220778326757
12835,0.003365220778326757
12836,0.003365220778326757
12837,0.003365220778326757
12838,0.003365220778326757
12839,0.003365220778326757
12840,0.003365220778326757
12841,0.003365220778326757
12842,0.003365220778326757
12843,0.003365220778326757
12844,0.003365220778326757
12845,0.003365220778326757
12846,0.003365220778326757
12847,0.003365220778326757
12848,0.003365220778326757
12849,0.003365220778326757
12850,0.003365220778326757
12851,0.003365220778326757
12852,0.003365220778326757
12853,0.003365220778326757
12854,0.003365220778326757
12855,0.003365220778326757
12856,0.003365220778326757
12857,0.003365220778326757
12858,0.003365220778326757
12859,0.003365220778326757
12860,0.003365220778326757
12861,0.003365220778326757
12862,0.003365220778326757
12863,0.003365220778326757
12864,0.003365220778326757
12865,0.003365220778326757
12866,0.003365220778326757
12867,0.003365220778326757
12868,0.003365220778326757
12869,0.003365220778326757
12870,0.003365220778326757
12871,0.003365220778326757
12872,0.003365220778326757
12873,0.003365220778326757
12874,0.003365220778326757
12875,0.003365220778326757
12876,0.003365220778326757
12877,0.003365220778326757
12878,0.003365220778326757
12879,0.003365220778326757
12880,0.003365220778326757
12881,0.003365220778326757
12882,0.003365220778326757
12883,0.003365220778326757
12884,0.003365220778326757
12885,0.003365220778326757
12886,0.003365220778326757
12887,0.003365220778326757
12888,0.003365220778326757
12889,0.003365220778326757
12890,0.003365220778326757
12891,0.003365220778326757
12892,0.003365220778326757
12893,0.003365220778326757
12894,0.003365220778326757
12895,0.003365220778326757
12896,0.003365220778326757
12897,0.003365220778326757
12898,0.003365220778326757
12899,0.003365220778326757
12900,0.003365220778326757
12901,0.003365220778326757
12902,0.003365220778326757
12903,0.003365220778326757
12904,0.003365220778326757
12905,0.003365220778326757
12906,0.003365220778326757
12907,0.003365220778326757
12908,0.003365220778326757
12909,0.003365220778326757
12910,0.003365220778326757
12911,0.003365220778326757
12912,0.003365220778326757
12913,0.003365220778326757
12914,0.003365220778326757
12915,0.003365220778326757
12916,0.003365220778326757
12917,0.003365220778326757
12918,0.003365220778326757
12919,0.003365220778326757
12920,0.003365220778326757
12921,0.003365220778326757
12922,0.003365220778326757
12923,0.003365220778326757
12924,0.003365220778326757
12925,0.003365220778326757
12926,0.003365220778326757
12927,0.003365220778326757
12928,0.003365220778326757
12929,0.003365220778326757
12930,0.003365220778326757
12931,0.003365220778326757
12932,0.003365220778326757
12933,0.003365220778326757
12934,0.003365220778326757
12935,0.003365220778326757
12936,0.003365220778326757
12937,0.003365220778326757
12938,0.003365220778326757
12939,0.003365220778326757
12940,0.003365220778326757
12941,0.003365220778326757
12942,0.003365220778326757
12943,0.003365220778326757
12944,0.003365220778326757
12945,0.003365220778326757
12946,0.003365220778326757
12947,0.003365220778326757
12948,0.003365220778326757
12949,0.003365220778326757
12950,0.003365220778326757
12951,0.003365220778326757
12952,0.003365220778326757
12953,0.003365220778326757
12954,0.003365220778326757
12955,0.003365220778326757
12956,0.003365220778326757
12957,0.003365220778326757
12958,0.003365220778326757
12959,0.003365220778326757
12960,0.003365220778326757
12961,0.003365220778326757
12962,0.003365220778326757
12963,0.003365220778326757
12964,0.003365220778326757
12965,0.003365220778326757
12966,0.003365220778326757
12967,0.003365220778326757
12968,0.003365220778326757
12969,0.003365220778326757
12970,0.003365220778326757
12971,0.003365220778326757
12972,0.003365220778326757
12973,0.003365220778326757
12974,0.003365220778326757
12975,0.003365220778326757
12976,0.003365220778326757
12977,0.003365220778326757
12978,0.003365220778326757
12979,0.003365220778326757
12980,0.003365220778326757
12981,0.003365220778326757
12982,0.003365220778326757
12983,0.003365220778326757
12984,0.003365220778326757
12985,0.003365220778326757
12986,0.003365220778326757
12987,0.003365220778326757
12988,0.003365220778326757
12989,0.003365220778326757
12990,0.003365220778326757
12991,0.003365220778326757
12992,0.003365220778326757
12993,0.003365220778326757
12994,0.003365220778326757
12995,0.003365220778326757
12996,0.003365220778326757
12997,0.003365220778326757
12998,0.003365220778326757
12999,0.003365220778326757
13000,0.003365220778326757
13001,0.003365220778326757
13002,0.003365220778326757
13003,0.003365220778326757
13004,0.003365220778326757
13005,0.003365220778326757
13006,0.003365220778326757
13007,0.003365220778326757
13008,0.003365220778326757
13009,0.003365220778326757
13010,0.003365220778326757
13011,0.003365220778326757
13012,0.003365220778326757
13013,0.003365220778326757
13014,0.003365220778326757
13015,0.003365220778326757
13016,0.003365220778326757
13017,0.003365220778326757
13018,0.003365220778326757
13019,0.003365220778326757
13020,0.003365220778326757
13021,0.003365220778326757
13022,0.003365220778326757
13023,0.003365220778326757
13024,0.003365220778326757
13025,0.003365220778326757
13026,0.003365220778326757
13027,0.003365220778326757
13028,0.003365220778326757
13029,0.003365220778326757
13030,0.003365220778326757
13031,0.003365220778326757
13032,0.003365220778326757
13033,0.003365220778326757
13034,0.003365220778326757
13035,0.003365220778326757
13036,0.003365220778326757
13037,0.003365220778326757
13038,0.003365220778326757
13039,0.003365220778326757
13040,0.003365220778326757
13041,0.003365220778326757
13042,0.003365220778326757
13043,0.003365220778326757
13044,0.003365220778326757
13045,0.003365220778326757
13046,0.003365220778326757
13047,0.003365220778326757
13048,0.003365220778326757
13049,0.003365220778326757
13050,0.003365220778326757
13051,0.003365220778326757
13052,0.003365220778326757
13053,0.003365220778326757
13054,0.003365220778326757
13055,0.003365220778326757
13056,0.003365220778326757
13057,0.003365220778326757
13058,0.003365220778326757
13059,0.003365220778326757
13060,0.003365220778326757
13061,0.003365220778326757
13062,0.003365220778326757
13063,0.003365220778326757
13064,0.003365220778326757
13065,0.003365220778326757
13066,0.003365220778326757
13067,0.003365220778326757
13068,0.003365220778326757
13069,0.003365220778326757
13070,0.003365220778326757
13071,0.003365220778326757
13072,0.003365220778326757
13073,0.003365220778326757
13074,0.003365220778326757
13075,0.003365220778326757
13076,0.003365220778326757
13077,0.003365220778326757
13078,0.003365220778326757
13079,0.003365220778326757
13080,0.003365220778326757
13081,0.003365220778326757
13082,0.003365220778326757
13083,0.003365220778326757
13084,0.003365220778326757
13085,0.003365220778326757
13086,0.003365220778326757
13087,0.003365220778326757
13088,0.003365220778326757
13089,0.003365220778326757
13090,0.003365220778326757
13091,0.003365220778326757
13092,0.003365220778326757
13093,0.003365220778326757
13094,0.003365220778326757
13095,0.003365220778326757
13096,0.003365220778326757
13097,0.003365220778326757
13098,0.003365220778326757
13099,0.003365220778326757
13100,0.003365220778326757
13101,0.003365220778326757
13102,0.003365220778326757
13103,0.003365220778326757
13104,0.003365220778326757
13105,0.003365220778326757
13106,0.003365220778326757
13107,0.003365220778326757
13108,0.003365220778326757
13109,0.003365220778326757
13110,0.003365220778326757
13111,0.003365220778326757
13112,0.003365220778326757
13113,0.003365220778326757
13114,0.003365220778326757
13115,0.003365220778326757
13116,0.003365220778326757
13117,0.003365220778326757
13118,0.003365220778326757
13119,0.003365220778326757
13120,0.003365220778326757
13121,0.003365220778326757
13122,0.003365220778326757
13123,0.003365220778326757
13124,0.003365220778326757
13125,0.003365220778326757
13126,0.003365220778326757
13127,0.003365220778326757
13128,0.003365220778326757
13129,0.003365220778326757
13130,0.003365220778326757
13131,0.003365220778326757
13132,0.003365220778326757
13133,0.003365220778326757
13134,0.003365220778326757
13135,0.003365220778326757
13136,0.003365220778326757
13137,0.003365220778326757
13138,0.003365220778326757
13139,0.003365220778326757
13140,0.003365220778326757
13141,0.003365220778326757
13142,0.003365220778326757
13143,0.003365220778326757
13144,0.003365220778326757
13145,0.003365220778326757
13146,0.003365220778326757
13147,0.003365220778326757
13148,0.003365220778326757
13149,0.003365220778326757
13150,0.003365220778326757
13151,0.003365220778326757
13152,0.003365220778326757
13153,0.003365220778326757
13154,0.003365220778326757
13155,0.003365220778326757
13156,0.003365220778326757
13157,0.003365220778326757
13158,0.003365220778326757
13159,0.003365220778326757
13160,0.003365220778326757
13161,0.003365220778326757
13162,0.003365220778326757
13163,0.003365220778326757
13164,0.003365220778326757
13165,0.003365220778326757
13166,0.003365220778326757
13167,0.003365220778326757
13168,0.003365220778326757
13169,0.003365220778326757
13170,0.003365220778326757
13171,0.003365220778326757
13172,0.003365220778326757
13173,0.003365220778326757
13174,0.003365220778326757
13175,0.003365220778326757
13176,0.003365220778326757
13177,0.003365220778326757
13178,0.003365220778326757
13179,0.003365220778326757
13180,0.003365220778326757
13181,0.003365220778326757
13182,0.003365220778326757
13183,0.003365220778326757
13184,0.003365220778326757
13185,0.003365220778326757
13186,0.003365220778326757
13187,0.003365220778326757
13188,0.003365220778326757
13189,0.003365220778326757
13190,0.003365220778326757
13191,0.003365220778326757
13192,0.003365220778326757
13193,0.003365220778326757
13194,0.003365220778326757
13195,0.003365220778326757
13196,0.003365220778326757
13197,0.003365220778326757
13198,0.003365220778326757
13199,0.003365220778326757
13200,0.003365220778326757
13201,0.003365220778326757
13202,0.003365220778326757
13203,0.003365220778326757
13204,0.003365220778326757
13205,0.003365220778326757
13206,0.003365220778326757
13207,0.003365220778326757
13208,0.003365220778326757
13209,0.003365220778326757
13210,0.003365220778326757
13211,0.003365220778326757
13212,0.003365220778326757
13213,0.003365220778326757
13214,0.003365220778326757
13215,0.003365220778326757
13216,0.003365220778326757
13217,0.003365220778326757
13218,0.003365220778326757
13219,0.003365220778326757
13220,0.003365220778326757
13221,0.003365220778326757
13222,0.003365220778326757
13223,0.003365220778326757
13224,0.003365220778326757
13225,0.003365220778326757
13226,0.003365220778326757
13227,0.003365220778326757
13228,0.003365220778326757
13229,0.003365220778326757
13230,0.003365220778326757
13231,0.003365220778326757
13232,0.003365220778326757
13233,0.003365220778326757
13234,0.003365220778326757
13235,0.003365220778326757
13236,0.003365220778326757
13237,0.003365220778326757
13238,0.003365220778326757
13239,0.003365220778326757
13240,0.003365220778326757
13241,0.003365220778326757
13242,0.003365220778326757
13243,0.003365220778326757
13244,0.003365220778326757
13245,0.003365220778326757
13246,0.003365220778326757
13247,0.003365220778326757
13248,0.003365220778326757
13249,0.003365220778326757
13250,0.003365220778326757
13251,0.003365220778326757
13252,0.003365220778326757
13253,0.003365220778326757
13254,0.003365220778326757
13255,0.003365220778326757
13256,0.003365220778326757
13257,0.003365220778326757
13258,0.003365220778326757
13259,0.003365220778326757
13260,0.003365220778326757
13261,0.003365220778326757
13262,0.003365220778326757
13263,0.003365220778326757
13264,0.003365220778326757
13265,0.003365220778326757
13266,0.003365220778326757
13267,0.003365220778326757
13268,0.003365220778326757
13269,0.003365220778326757
13270,0.003365220778326757
13271,0.003365220778326757
13272,0.003365220778326757
13273,0.003365220778326757
13274,0.003365220778326757
13275,0.003365220778326757
13276,0.003365220778326757
13277,0.003365220778326757
13278,0.003365220778326757
13279,0.003365220778326757
13280,0.003365220778326757
13281,0.003365220778326757
13282,0.003365220778326757
13283,0.003365220778326757
13284,0.003365220778326757
13285,0.003365220778326757
13286,0.003365220778326757
13287,0.003365220778326757
13288,0.003365220778326757
13289,0.003365220778326757
13290,0.003365220778326757
13291,0.003365220778326757
13292,0.003365220778326757
13293,0.003365220778326757
13294,0.003365220778326757
13295,0.003365220778326757
13296,0.003365220778326757
13297,0.003365220778326757
13298,0.003365220778326757
13299,0.003365220778326757
13300,0.003365220778326757
13301,0.003365220778326757
13302,0.003365220778326757
13303,0.003365220778326757
13304,0.003365220778326757
13305,0.003365220778326757
13306,0.003365220778326757
13307,0.003365220778326757
13308,0.003365220778326757
13309,0.003365220778326757
13310,0.003365220778326757
13311,0.003365220778326757
13312,0.003365220778326757
13313,0.003365220778326757
13314,0.003365220778326757
13315,0.003365220778326757
13316,0.003365220778326757
13317,0.003365220778326757
13318,0.003365220778326757
13319,0.003365220778326757
13320,0.003365220778326757
13321,0.003365220778326757
13322,0.003365220778326757
13323,0.003365220778326757
13324,0.003365220778326757
13325,0.003365220778326757
13326,0.003365220778326757
13327,0.003365220778326757
13328,0.003365220778326757
13329,0.003365220778326757
13330,0.003365220778326757
13331,0.003365220778326757
13332,0.003365220778326757
13333,0.003365220778326757
13334,0.003365220778326757
13335,0.003365220778326757
13336,0.003365220778326757
13337,0.003365220778326757
13338,0.003365220778326757
13339,0.003365220778326757
13340,0.003365220778326757
13341,0.003365220778326757
13342,0.003365220778326757
13343,0.003365220778326757
13344,0.003365220778326757
13345,0.003365220778326757
13346,0.003365220778326757
13347,0.003365220778326757
13348,0.003365220778326757
13349,0.003365220778326757
13350,0.003365220778326757
13351,0.003365220778326757
13352,0.003365220778326757
13353,0.003365220778326757
13354,0.003365220778326757
13355,0.003365220778326757
13356,0.003365220778326757
13357,0.003365220778326757
13358,0.003365220778326757
13359,0.003365220778326757
13360,0.003365220778326757
13361,0.003365220778326757
13362,0.003365220778326757
13363,0.003365220778326757
13364,0.003365220778326757
13365,0.003365220778326757
13366,0.003365220778326757
13367,0.003365220778326757
13368,0.003365220778326757
13369,0.003365220778326757
13370,0.003365220778326757
13371,0.003365220778326757
13372,0.003365220778326757
13373,0.003365220778326757
13374,0.003365220778326757
13375,0.003365220778326757
13376,0.003365220778326757
13377,0.003365220778326757
13378,0.003365220778326757
13379,0.003365220778326757
13380,0.003365220778326757
13381,0.003365220778326757
13382,0.003365220778326757
13383,0.003365220778326757
13384,0.003365220778326757
13385,0.003365220778326757
13386,0.003365220778326757
13387,0.003365220778326757
13388,0.003365220778326757
13389,0.003365220778326757
13390,0.003365220778326757
13391,0.003365220778326757
13392,0.003365220778326757
13393,0.003365220778326757
13394,0.003365220778326757
13395,0.003365220778326757
13396,0.003365220778326757
13397,0.003365220778326757
13398,0.003365220778326757
13399,0.003365220778326757
13400,0.003365220778326757
13401,0.003365220778326757
13402,0.003365220778326757
13403,0.003365220778326757
13404,0.003365220778326757
13405,0.003365220778326757
13406,0.003365220778326757
13407,0.003365220778326757
13408,0.003365220778326757
13409,0.003365220778326757
13410,0.003365220778326757
13411,0.003365220778326757
13412,0.003365220778326757
13413,0.003365220778326757
13414,0.003365220778326757
13415,0.003365220778326757
13416,0.003365220778326757
13417,0.003365220778326757
13418,0.003365220778326757
13419,0.003365220778326757
13420,0.003365220778326757
13421,0.003365220778326757
13422,0.003365220778326757
13423,0.003365220778326757
13424,0.003365220778326757
13425,0.003365220778326757
13426,0.003365220778326757
13427,0.003365220778326757
13428,0.003365220778326757
13429,0.003365220778326757
13430,0.003365220778326757
13431,0.003365220778326757
13432,0.003365220778326757
13433,0.003365220778326757
13434,0.003365220778326757
13435,0.003365220778326757
13436,0.003365220778326757
13437,0.003365220778326757
13438,0.003365220778326757
13439,0.003365220778326757
13440,0.003365220778326757
13441,0.003365220778326757
13442,0.003365220778326757
13443,0.003365220778326757
13444,0.003365220778326757
13445,0.003365220778326757
13446,0.003365220778326757
13447,0.003365220778326757
13448,0.003365220778326757
13449,0.003365220778326757
13450,0.003365220778326757
13451,0.003365220778326757
13452,0.003365220778326757
13453,0.003365220778326757
13454,0.003365220778326757
13455,0.003365220778326757
13456,0.003365220778326757
13457,0.003365220778326757
13458,0.003365220778326757
13459,0.003365220778326757
13460,0.003365220778326757
13461,0.003365220778326757
13462,0.003365220778326757
13463,0.003365220778326757
13464,0.003365220778326757
13465,0.003365220778326757
13466,0.003365220778326757
13467,0.003365220778326757
13468,0.003365220778326757
13469,0.003365220778326757
13470,0.003365220778326757
13471,0.003365220778326757
13472,0.003365220778326757
13473,0.003365220778326757
13474,0.003365220778326757
13475,0.003365220778326757
13476,0.003365220778326757
13477,0.003365220778326757
13478,0.003365220778326757
13479,0.003365220778326757
13480,0.003365220778326757
13481,0.003365220778326757
13482,0.003365220778326757
13483,0.003365220778326757
13484,0.003365220778326757
13485,0.003365220778326757
13486,0.003365220778326757
13487,0.003365220778326757
13488,0.003365220778326757
13489,0.003365220778326757
13490,0.003365220778326757
13491,0.003365220778326757
13492,0.003365220778326757
13493,0.003365220778326757
13494,0.003365220778326757
13495,0.003365220778326757
13496,0.003365220778326757
13497,0.003365220778326757
13498,0.003365220778326757
13499,0.003365220778326757
13500,0.003365220778326757
13501,0.003365220778326757
13502,0.003365220778326757
13503,0.003365220778326757
13504,0.003365220778326757
13505,0.003365220778326757
13506,0.003365220778326757
13507,0.003365220778326757
13508,0.003365220778326757
13509,0.003365220778326757
13510,0.003365220778326757
13511,0.003365220778326757
13512,0.003365220778326757
13513,0.003365220778326757
13514,0.003365220778326757
13515,0.003365220778326757
13516,0.003365220778326757
13517,0.003365220778326757
13518,0.003365220778326757
13519,0.003365220778326757
13520,0.003365220778326757
13521,0.003365220778326757
13522,0.003365220778326757
13523,0.003365220778326757
13524,0.003365220778326757
13525,0.003365220778326757
13526,0.003365220778326757
13527,0.003365220778326757
13528,0.003365220778326757
13529,0.003365220778326757
13530,0.003365220778326757
13531,0.003365220778326757
13532,0.003365220778326757
13533,0.003365220778326757
13534,0.003365220778326757
13535,0.003365220778326757
13536,0.003365220778326757
13537,0.003365220778326757
13538,0.003365220778326757
13539,0.003365220778326757
13540,0.003365220778326757
13541,0.003365220778326757
13542,0.003365220778326757
13543,0.003365220778326757
13544,0.003365220778326757
13545,0.003365220778326757
13546,0.003365220778326757
13547,0.003365220778326757
13548,0.003365220778326757
13549,0.003365220778326757
13550,0.003365220778326757
13551,0.003365220778326757
13552,0.003365220778326757
13553,0.003365220778326757
13554,0.003365220778326757
13555,0.003365220778326757
13556,0.003365220778326757
13557,0.003365220778326757
13558,0.003365220778326757
13559,0.003365220778326757
13560,0.003365220778326757
13561,0.003365220778326757
13562,0.003365220778326757
13563,0.003365220778326757
13564,0.003365220778326757
13565,0.003365220778326757
13566,0.003365220778326757
13567,0.003365220778326757
13568,0.003365220778326757
13569,0.003365220778326757
13570,0.003365220778326757
13571,0.003365220778326757
13572,0.003365220778326757
13573,0.003365220778326757
13574,0.003365220778326757
13575,0.003365220778326757
13576,0.003365220778326757
13577,0.003365220778326757
13578,0.003365220778326757
13579,0.003365220778326757
13580,0.003365220778326757
13581,0.003365220778326757
13582,0.003365220778326757
13583,0.003365220778326757
13584,0.003365220778326757
13585,0.003365220778326757
13586,0.003365220778326757
13587,0.003365220778326757
13588,0.003365220778326757
13589,0.003365220778326757
13590,0.003365220778326757
13591,0.003365220778326757
13592,0.003365220778326757
13593,0.003365220778326757
13594,0.003365220778326757
13595,0.003365220778326757
13596,0.003365220778326757
13597,0.003365220778326757
13598,0.003365220778326757
13599,0.003365220778326757
13600,0.003365220778326757
13601,0.003365220778326757
13602,0.003365220778326757
13603,0.003365220778326757
13604,0.003365220778326757
13605,0.003365220778326757
13606,0.003365220778326757
13607,0.003365220778326757
13608,0.003365220778326757
13609,0.003365220778326757
13610,0.003365220778326757
13611,0.003365220778326757
13612,0.003365220778326757
13613,0.003365220778326757
13614,0.003365220778326757
13615,0.003365220778326757
13616,0.003365220778326757
13617,0.003365220778326757
13618,0.003365220778326757
13619,0.003365220778326757
13620,0.003365220778326757
13621,0.003365220778326757
13622,0.003365220778326757
13623,0.003365220778326757
13624,0.003365220778326757
13625,0.003365220778326757
13626,0.003365220778326757
13627,0.003365220778326757
13628,0.003365220778326757
13629,0.003365220778326757
13630,0.003365220778326757
13631,0.003365220778326757
13632,0.003365220778326757
13633,0.003365220778326757
13634,0.003365220778326757
13635,0.003365220778326757
13636,0.003365220778326757
13637,0.003365220778326757
13638,0.003365220778326757
13639,0.003365220778326757
13640,0.003365220778326757
13641,0.003365220778326757
13642,0.003365220778326757
13643,0.003365220778326757
13644,0.003365220778326757
13645,0.003365220778326757
13646,0.003365220778326757
13647,0.003365220778326757
13648,0.003365220778326757
13649,0.003365220778326757
13650,0.003365220778326757
13651,0.003365220778326757
13652,0.003365220778326757
13653,0.003365220778326757
13654,0.003365220778326757
13655,0.003365220778326757
13656,0.003365220778326757
13657,0.003365220778326757
13658,0.003365220778326757
13659,0.003365220778326757
13660,0.003365220778326757
13661,0.003365220778326757
13662,0.003365220778326757
13663,0.003365220778326757
13664,0.003365220778326757
13665,0.003365220778326757
13666,0.003365220778326757
13667,0.003365220778326757
13668,0.003365220778326757
13669,0.003365220778326757
13670,0.003365220778326757
13671,0.003365220778326757
13672,0.003365220778326757
13673,0.003365220778326757
13674,0.003365220778326757
13675,0.003365220778326757
13676,0.003365220778326757
13677,0.003365220778326757
13678,0.003365220778326757
13679,0.003365220778326757
13680,0.003365220778326757
13681,0.003365220778326757
13682,0.003365220778326757
13683,0.003365220778326757
13684,0.003365220778326757
13685,0.003365220778326757
13686,0.003365220778326757
13687,0.003365220778326757
13688,0.003365220778326757
13689,0.003365220778326757
13690,0.003365220778326757
13691,0.003365220778326757
13692,0.003365220778326757
13693,0.003365220778326757
13694,0.003365220778326757
13695,0.003365220778326757
13696,0.003365220778326757
13697,0.003365220778326757
13698,0.003365220778326757
13699,0.003365220778326757
13700,0.003365220778326757
13701,0.003365220778326757
13702,0.003365220778326757
13703,0.003365220778326757
13704,0.003365220778326757
13705,0.003365220778326757
13706,0.003365220778326757
13707,0.003365220778326757
13708,0.003365220778326757
13709,0.003365220778326757
13710,0.003365220778326757
13711,0.003365220778326757
13712,0.003365220778326757
13713,0.003365220778326757
13714,0.003365220778326757
13715,0.003365220778326757
13716,0.003365220778326757
13717,0.003365220778326757
13718,0.003365220778326757
13719,0.003365220778326757
13720,0.003365220778326757
13721,0.003365220778326757
13722,0.003365220778326757
13723,0.003365220778326757
13724,0.003365220778326757
13725,0.003365220778326757
13726,0.003365220778326757
13727,0.003365220778326757
13728,0.003365220778326757
13729,0.003365220778326757
13730,0.003365220778326757
13731,0.003365220778326757
13732,0.003365220778326757
13733,0.003365220778326757
13734,0.003365220778326757
13735,0.003365220778326757
13736,0.003365220778326757
13737,0.003365220778326757
13738,0.003365220778326757
13739,0.003365220778326757
13740,0.003365220778326757
13741,0.003365220778326757
13742,0.003365220778326757
13743,0.003365220778326757
13744,0.003365220778326757
13745,0.003365220778326757
13746,0.003365220778326757
13747,0.003365220778326757
13748,0.003365220778326757
13749,0.003365220778326757
13750,0.003365220778326757
13751,0.003365220778326757
13752,0.003365220778326757
13753,0.003365220778326757
13754,0.003365220778326757
13755,0.003365220778326757
13756,0.003365220778326757
13757,0.003365220778326757
13758,0.003365220778326757
13759,0.003365220778326757
13760,0.003365220778326757
13761,0.003365220778326757
13762,0.003365220778326757
13763,0.003365220778326757
13764,0.003365220778326757
13765,0.003365220778326757
13766,0.003365220778326757
13767,0.003365220778326757
13768,0.003365220778326757
13769,0.003365220778326757
13770,0.003365220778326757
13771,0.003365220778326757
13772,0.003365220778326757
13773,0.003365220778326757
13774,0.003365220778326757
13775,0.003365220778326757
13776,0.003365220778326757
13777,0.003365220778326757
13778,0.003365220778326757
13779,0.003365220778326757
13780,0.003365220778326757
13781,0.003365220778326757
13782,0.003365220778326757
13783,0.003365220778326757
13784,0.003365220778326757
13785,0.003365220778326757
13786,0.003365220778326757
13787,0.003365220778326757
13788,0.003365220778326757
13789,0.003365220778326757
13790,0.003365220778326757
13791,0.003365220778326757
13792,0.003365220778326757
13793,0.003365220778326757
13794,0.003365220778326757
13795,0.003365220778326757
13796,0.003365220778326757
13797,0.003365220778326757
13798,0.003365220778326757
13799,0.003365220778326757
13800,0.003365220778326757
13801,0.003365220778326757
13802,0.003365220778326757
13803,0.003365220778326757
13804,0.003365220778326757
13805,0.003365220778326757
13806,0.003365220778326757
13807,0.003365220778326757
13808,0.003365220778326757
13809,0.003365220778326757
13810,0.003365220778326757
13811,0.003365220778326757
13812,0.003365220778326757
13813,0.003365220778326757
13814,0.003365220778326757
13815,0.003365220778326757
13816,0.003365220778326757
13817,0.003365220778326757
13818,0.003365220778326757
13819,0.003365220778326757
13820,0.003365220778326757
13821,0.003365220778326757
13822,0.003365220778326757
13823,0.003365220778326757
13824,0.003365220778326757
13825,0.003365220778326757
13826,0.003365220778326757
13827,0.003365220778326757
13828,0.003365220778326757
13829,0.003365220778326757
13830,0.003365220778326757
13831,0.003365220778326757
13832,0.003365220778326757
13833,0.003365220778326757
13834,0.003365220778326757
13835,0.003365220778326757
13836,0.003365220778326757
13837,0.003365220778326757
13838,0.003365220778326757
13839,0.003365220778326757
13840,0.003365220778326757
13841,0.003365220778326757
13842,0.003365220778326757
13843,0.003365220778326757
13844,0.003365220778326757
13845,0.003365220778326757
13846,0.003365220778326757
13847,0.003365220778326757
13848,0.003365220778326757
13849,0.003365220778326757
13850,0.003365220778326757
13851,0.003365220778326757
13852,0.003365220778326757
13853,0.003365220778326757
13854,0.003365220778326757
13855,0.003365220778326757
13856,0.003365220778326757
13857,0.003365220778326757
13858,0.003365220778326757
13859,0.003365220778326757
13860,0.003365220778326757
13861,0.003365220778326757
13862,0.003365220778326757
13863,0.003365220778326757
13864,0.003365220778326757
13865,0.003365220778326757
13866,0.003365220778326757
13867,0.003365220778326757
13868,0.003365220778326757
13869,0.003365220778326757
13870,0.003365220778326757
13871,0.003365220778326757
13872,0.003365220778326757
13873,0.003365220778326757
13874,0.003365220778326757
13875,0.003365220778326757
13876,0.003365220778326757
13877,0.003365220778326757
13878,0.003365220778326757
13879,0.003365220778326757
13880,0.003365220778326757
13881,0.003365220778326757
13882,0.003365220778326757
13883,0.003365220778326757
13884,0.003365220778326757
13885,0.003365220778326757
13886,0.003365220778326757
13887,0.003365220778326757
13888,0.003365220778326757
13889,0.003365220778326757
13890,0.003365220778326757
13891,0.003365220778326757
13892,0.003365220778326757
13893,0.003365220778326757
13894,0.003365220778326757
13895,0.003365220778326757
13896,0.003365220778326757
13897,0.003365220778326757
13898,0.003365220778326757
13899,0.003365220778326757
13900,0.003365220778326757
13901,0.003365220778326757
13902,0.003365220778326757
13903,0.003365220778326757
13904,0.003365220778326757
13905,0.003365220778326757
13906,0.003365220778326757
13907,0.003365220778326757
13908,0.003365220778326757
13909,0.003365220778326757
13910,0.003365220778326757
13911,0.003365220778326757
13912,0.003365220778326757
13913,0.003365220778326757
13914,0.003365220778326757
13915,0.003365220778326757
13916,0.003365220778326757
13917,0.003365220778326757
13918,0.003365220778326757
13919,0.003365220778326757
13920,0.003365220778326757
13921,0.003365220778326757
13922,0.003365220778326757
13923,0.003365220778326757
13924,0.003365220778326757
13925,0.003365220778326757
13926,0.003365220778326757
13927,0.003365220778326757
13928,0.003365220778326757
13929,0.003365220778326757
13930,0.003365220778326757
13931,0.003365220778326757
13932,0.003365220778326757
13933,0.003365220778326757
13934,0.003365220778326757
13935,0.003365220778326757
13936,0.003365220778326757
13937,0.003365220778326757
13938,0.003365220778326757
13939,0.003365220778326757
13940,0.003365220778326757
13941,0.003365220778326757
13942,0.003365220778326757
13943,0.003365220778326757
13944,0.003365220778326757
13945,0.003365220778326757
13946,0.003365220778326757
13947,0.003365220778326757
13948,0.003365220778326757
13949,0.003365220778326757
13950,0.003365220778326757
13951,0.003365220778326757
13952,0.003365220778326757
13953,0.003365220778326757
13954,0.003365220778326757
13955,0.003365220778326757
13956,0.003365220778326757
13957,0.003365220778326757
13958,0.003365220778326757
13959,0.003365220778326757
13960,0.003365220778326757
13961,0.003365220778326757
13962,0.003365220778326757
13963,0.003365220778326757
13964,0.003365220778326757
13965,0.003365220778326757
13966,0.003365220778326757
13967,0.003365220778326757
13968,0.003365220778326757
13969,0.003365220778326757
13970,0.003365220778326757
13971,0.003365220778326757
13972,0.003365220778326757
13973,0.003365220778326757
13974,0.003365220778326757
13975,0.003365220778326757
13976,0.003365220778326757
13977,0.003365220778326757
13978,0.003365220778326757
13979,0.003365220778326757
13980,0.003365220778326757
13981,0.003365220778326757
13982,0.003365220778326757
13983,0.003365220778326757
13984,0.003365220778326757
13985,0.003365220778326757
13986,0.003365220778326757
13987,0.003365220778326757
13988,0.003365220778326757
13989,0.003365220778326757
13990,0.003365220778326757
13991,0.003365220778326757
13992,0.003365220778326757
13993,0.003365220778326757
13994,0.003365220778326757
13995,0.003365220778326757
13996,0.003365220778326757
13997,0.003365220778326757
13998,0.003365220778326757
13999,0.003365220778326757
14000,0.003365220778326757
14001,0.003365220778326757
14002,0.003365220778326757
14003,0.003365220778326757
14004,0.003365220778326757
14005,0.003365220778326757
14006,0.003365220778326757
14007,0.003365220778326757
14008,0.003365220778326757
14009,0.003365220778326757
14010,0.003365220778326757
14011,0.003365220778326757
14012,0.003365220778326757
14013,0.003365220778326757
14014,0.003365220778326757
14015,0.003365220778326757
14016,0.003365220778326757
14017,0.003365220778326757
14018,0.003365220778326757
14019,0.003365220778326757
14020,0.003365220778326757
14021,0.003365220778326757
14022,0.003365220778326757
14023,0.003365220778326757
14024,0.003365220778326757
14025,0.003365220778326757
14026,0.003365220778326757
14027,0.003365220778326757
14028,0.003365220778326757
14029,0.003365220778326757
14030,0.003365220778326757
14031,0.003365220778326757
14032,0.003365220778326757
14033,0.003365220778326757
14034,0.003365220778326757
14035,0.003365220778326757
14036,0.003365220778326757
14037,0.003365220778326757
14038,0.003365220778326757
14039,0.003365220778326757
14040,0.003365220778326757
14041,0.003365220778326757
14042,0.003365220778326757
14043,0.003365220778326757
14044,0.003365220778326757
14045,0.003365220778326757
14046,0.003365220778326757
14047,0.003365220778326757
14048,0.003365220778326757
14049,0.003365220778326757
14050,0.003365220778326757
14051,0.003365220778326757
14052,0.003365220778326757
14053,0.003365220778326757
14054,0.003365220778326757
14055,0.003365220778326757
14056,0.003365220778326757
14057,0.003365220778326757
14058,0.003365220778326757
14059,0.003365220778326757
14060,0.003365220778326757
14061,0.003365220778326757
14062,0.003365220778326757
14063,0.003365220778326757
14064,0.003365220778326757
14065,0.003365220778326757
14066,0.003365220778326757
14067,0.003365220778326757
14068,0.003365220778326757
14069,0.003365220778326757
14070,0.003365220778326757
14071,0.003365220778326757
14072,0.003365220778326757
14073,0.003365220778326757
14074,0.003365220778326757
14075,0.003365220778326757
14076,0.003365220778326757
14077,0.003365220778326757
14078,0.003365220778326757
14079,0.003365220778326757
14080,0.003365220778326757
14081,0.003365220778326757
14082,0.003365220778326757
14083,0.003365220778326757
14084,0.003365220778326757
14085,0.003365220778326757
14086,0.003365220778326757
14087,0.003365220778326757
14088,0.003365220778326757
14089,0.003365220778326757
14090,0.003365220778326757
14091,0.003365220778326757
14092,0.003365220778326757
14093,0.003365220778326757
14094,0.003365220778326757
14095,0.003365220778326757
14096,0.003365220778326757
14097,0.003365220778326757
14098,0.003365220778326757
14099,0.003365220778326757
14100,0.003365220778326757
14101,0.003365220778326757
14102,0.003365220778326757
14103,0.003365220778326757
14104,0.003365220778326757
14105,0.003365220778326757
14106,0.003365220778326757
14107,0.003365220778326757
14108,0.003365220778326757
14109,0.003365220778326757
14110,0.003365220778326757
14111,0.003365220778326757
14112,0.003365220778326757
14113,0.003365220778326757
14114,0.003365220778326757
14115,0.003365220778326757
14116,0.003365220778326757
14117,0.003365220778326757
14118,0.003365220778326757
14119,0.003365220778326757
14120,0.003365220778326757
14121,0.003365220778326757
14122,0.003365220778326757
14123,0.003365220778326757
14124,0.003365220778326757
14125,0.003365220778326757
14126,0.003365220778326757
14127,0.003365220778326757
14128,0.003365220778326757
14129,0.003365220778326757
14130,0.003365220778326757
14131,0.003365220778326757
14132,0.003365220778326757
14133,0.003365220778326757
14134,0.003365220778326757
14135,0.003365220778326757
14136,0.003365220778326757
14137,0.003365220778326757
14138,0.003365220778326757
14139,0.003365220778326757
14140,0.003365220778326757
14141,0.003365220778326757
14142,0.003365220778326757
14143,0.003365220778326757
14144,0.003365220778326757
14145,0.003365220778326757
14146,0.003365220778326757
14147,0.003365220778326757
14148,0.003365220778326757
14149,0.003365220778326757
14150,0.003365220778326757
14151,0.003365220778326757
14152,0.003365220778326757
14153,0.003365220778326757
14154,0.003365220778326757
14155,0.003365220778326757
14156,0.003365220778326757
14157,0.003365220778326757
14158,0.003365220778326757
14159,0.003365220778326757
14160,0.003365220778326757
14161,0.003365220778326757
14162,0.003365220778326757
14163,0.003365220778326757
14164,0.003365220778326757
14165,0.003365220778326757
14166,0.003365220778326757
14167,0.003365220778326757
14168,0.003365220778326757
14169,0.003365220778326757
14170,0.003365220778326757
14171,0.003365220778326757
14172,0.003365220778326757
14173,0.003365220778326757
14174,0.003365220778326757
14175,0.003365220778326757
14176,0.003365220778326757
14177,0.003365220778326757
14178,0.003365220778326757
14179,0.003365220778326757
14180,0.003365220778326757
14181,0.003365220778326757
14182,0.003365220778326757
14183,0.003365220778326757
14184,0.003365220778326757
14185,0.003365220778326757
14186,0.003365220778326757
14187,0.003365220778326757
14188,0.003365220778326757
14189,0.003365220778326757
14190,0.003365220778326757
14191,0.003365220778326757
14192,0.003365220778326757
14193,0.003365220778326757
14194,0.003365220778326757
14195,0.003365220778326757
14196,0.003365220778326757
14197,0.003365220778326757
14198,0.003365220778326757
14199,0.003365220778326757
14200,0.003365220778326757
14201,0.003365220778326757
14202,0.003365220778326757
14203,0.003365220778326757
14204,0.003365220778326757
14205,0.003365220778326757
14206,0.003365220778326757
14207,0.003365220778326757
14208,0.003365220778326757
14209,0.003365220778326757
14210,0.003365220778326757
14211,0.003365220778326757
14212,0.003365220778326757
14213,0.003365220778326757
14214,0.003365220778326757
14215,0.003365220778326757
14216,0.003365220778326757
14217,0.003365220778326757
14218,0.003365220778326757
14219,0.003365220778326757
14220,0.003365220778326757
14221,0.003365220778326757
14222,0.003365220778326757
14223,0.003365220778326757
14224,0.003365220778326757
14225,0.003365220778326757
14226,0.003365220778326757
14227,0.003365220778326757
14228,0.003365220778326757
14229,0.003365220778326757
14230,0.003365220778326757
14231,0.003365220778326757
14232,0.003365220778326757
14233,0.003365220778326757
14234,0.003365220778326757
14235,0.003365220778326757
14236,0.003365220778326757
14237,0.003365220778326757
14238,0.003365220778326757
14239,0.003365220778326757
14240,0.003365220778326757
14241,0.003365220778326757
14242,0.003365220778326757
14243,0.003365220778326757
14244,0.003365220778326757
14245,0.003365220778326757
14246,0.003365220778326757
14247,0.003365220778326757
14248,0.003365220778326757
14249,0.003365220778326757
14250,0.003365220778326757
14251,0.003365220778326757
14252,0.003365220778326757
14253,0.003365220778326757
14254,0.003365220778326757
14255,0.003365220778326757
14256,0.003365220778326757
14257,0.003365220778326757
14258,0.003365220778326757
14259,0.003365220778326757
14260,0.003365220778326757
14261,0.003365220778326757
14262,0.003365220778326757
14263,0.003365220778326757
14264,0.003365220778326757
14265,0.003365220778326757
14266,0.003365220778326757
14267,0.003365220778326757
14268,0.003365220778326757
14269,0.003365220778326757
14270,0.003365220778326757
14271,0.003365220778326757
14272,0.003365220778326757
14273,0.003365220778326757
14274,0.003365220778326757
14275,0.003365220778326757
14276,0.003365220778326757
14277,0.003365220778326757
14278,0.003365220778326757
14279,0.003365220778326757
14280,0.003365220778326757
14281,0.003365220778326757
14282,0.003365220778326757
14283,0.003365220778326757
14284,0.003365220778326757
14285,0.003365220778326757
14286,0.003365220778326757
14287,0.003365220778326757
14288,0.003365220778326757
14289,0.003365220778326757
14290,0.003365220778326757
14291,0.003365220778326757
14292,0.003365220778326757
14293,0.003365220778326757
14294,0.003365220778326757
14295,0.003365220778326757
14296,0.003365220778326757
14297,0.003365220778326757
14298,0.003365220778326757
14299,0.003365220778326757
14300,0.003365220778326757
14301,0.003365220778326757
14302,0.003365220778326757
14303,0.003365220778326757
14304,0.003365220778326757
14305,0.003365220778326757
14306,0.003365220778326757
14307,0.003365220778326757
14308,0.003365220778326757
14309,0.003365220778326757
14310,0.003365220778326757
14311,0.003365220778326757
14312,0.003365220778326757
14313,0.003365220778326757
14314,0.003365220778326757
14315,0.003365220778326757
14316,0.003365220778326757
14317,0.003365220778326757
14318,0.003365220778326757
14319,0.003365220778326757
14320,0.003365220778326757
14321,0.003365220778326757
14322,0.003365220778326757
14323,0.003365220778326757
14324,0.003365220778326757
14325,0.003365220778326757
14326,0.003365220778326757
14327,0.003365220778326757
14328,0.003365220778326757
14329,0.003365220778326757
14330,0.003365220778326757
14331,0.003365220778326757
14332,0.003365220778326757
14333,0.003365220778326757
14334,0.003365220778326757
14335,0.003365220778326757
14336,0.003365220778326757
14337,0.003365220778326757
14338,0.003365220778326757
14339,0.003365220778326757
14340,0.003365220778326757
14341,0.003365220778326757
14342,0.003365220778326757
14343,0.003365220778326757
14344,0.003365220778326757
14345,0.003365220778326757
14346,0.003365220778326757
14347,0.003365220778326757
14348,0.003365220778326757
14349,0.003365220778326757
14350,0.003365220778326757
14351,0.003365220778326757
14352,0.003365220778326757
14353,0.003365220778326757
14354,0.003365220778326757
14355,0.003365220778326757
14356,0.003365220778326757
14357,0.003365220778326757
14358,0.003365220778326757
14359,0.003365220778326757
14360,0.003365220778326757
14361,0.003365220778326757
14362,0.003365220778326757
14363,0.003365220778326757
14364,0.003365220778326757
14365,0.003365220778326757
14366,0.003365220778326757
14367,0.003365220778326757
14368,0.003365220778326757
14369,0.003365220778326757
14370,0.003365220778326757
14371,0.003365220778326757
14372,0.003365220778326757
14373,0.003365220778326757
14374,0.003365220778326757
14375,0.003365220778326757
14376,0.003365220778326757
14377,0.003365220778326757
14378,0.003365220778326757
14379,0.003365220778326757
14380,0.003365220778326757
14381,0.003365220778326757
14382,0.003365220778326757
14383,0.003365220778326757
14384,0.003365220778326757
14385,0.003365220778326757
14386,0.003365220778326757
14387,0.003365220778326757
14388,0.003365220778326757
14389,0.003365220778326757
14390,0.003365220778326757
14391,0.003365220778326757
14392,0.003365220778326757
14393,0.003365220778326757
14394,0.003365220778326757
14395,0.003365220778326757
14396,0.003365220778326757
14397,0.003365220778326757
14398,0.003365220778326757
14399,0.003365220778326757
14400,0.003365220778326757
14401,0.003365220778326757
14402,0.003365220778326757
14403,0.003365220778326757
14404,0.003365220778326757
14405,0.003365220778326757
14406,0.003365220778326757
14407,0.003365220778326757
14408,0.003365220778326757
14409,0.003365220778326757
14410,0.003365220778326757
14411,0.003365220778326757
14412,0.003365220778326757
14413,0.003365220778326757
14414,0.003365220778326757
14415,0.003365220778326757
14416,0.003365220778326757
14417,0.003365220778326757
14418,0.003365220778326757
14419,0.003365220778326757
14420,0.003365220778326757
14421,0.003365220778326757
14422,0.003365220778326757
14423,0.003365220778326757
14424,0.003365220778326757
14425,0.003365220778326757
14426,0.003365220778326757
14427,0.003365220778326757
14428,0.003365220778326757
14429,0.003365220778326757
14430,0.003365220778326757
14431,0.003365220778326757
14432,0.003365220778326757
14433,0.003365220778326757
14434,0.003365220778326757
14435,0.003365220778326757
14436,0.003365220778326757
14437,0.003365220778326757
14438,0.003365220778326757
14439,0.003365220778326757
14440,0.003365220778326757
14441,0.003365220778326757
14442,0.003365220778326757
14443,0.003365220778326757
14444,0.003365220778326757
14445,0.003365220778326757
14446,0.003365220778326757
14447,0.003365220778326757
14448,0.003365220778326757
14449,0.003365220778326757
14450,0.003365220778326757
14451,0.003365220778326757
14452,0.003365220778326757
14453,0.003365220778326757
14454,0.003365220778326757
14455,0.003365220778326757
14456,0.003365220778326757
14457,0.003365220778326757
14458,0.003365220778326757
14459,0.003365220778326757
14460,0.003365220778326757
14461,0.003365220778326757
14462,0.003365220778326757
14463,0.003365220778326757
14464,0.003365220778326757
14465,0.003365220778326757
14466,0.003365220778326757
14467,0.003365220778326757
14468,0.003365220778326757
14469,0.003365220778326757
14470,0.003365220778326757
14471,0.003365220778326757
14472,0.003365220778326757
14473,0.003365220778326757
14474,0.003365220778326757
14475,0.003365220778326757
14476,0.003365220778326757
14477,0.003365220778326757
14478,0.003365220778326757
14479,0.003365220778326757
14480,0.003365220778326757
14481,0.003365220778326757
14482,0.003365220778326757
14483,0.003365220778326757
14484,0.003365220778326757
14485,0.003365220778326757
14486,0.003365220778326757
14487,0.003365220778326757
14488,0.003365220778326757
14489,0.003365220778326757
14490,0.003365220778326757
14491,0.003365220778326757
14492,0.003365220778326757
14493,0.003365220778326757
14494,0.003365220778326757
14495,0.003365220778326757
14496,0.003365220778326757
14497,0.003365220778326757
14498,0.003365220778326757
14499,0.003365220778326757
14500,0.003365220778326757
14501,0.003365220778326757
14502,0.003365220778326757
14503,0.003365220778326757
14504,0.003365220778326757
14505,0.003365220778326757
14506,0.003365220778326757
14507,0.003365220778326757
14508,0.003365220778326757
14509,0.003365220778326757
14510,0.003365220778326757
14511,0.003365220778326757
14512,0.003365220778326757
14513,0.003365220778326757
14514,0.003365220778326757
14515,0.003365220778326757
14516,0.003365220778326757
14517,0.003365220778326757
14518,0.003365220778326757
14519,0.003365220778326757
14520,0.003365220778326757
14521,0.003365220778326757
14522,0.003365220778326757
14523,0.003365220778326757
14524,0.003365220778326757
14525,0.003365220778326757
14526,0.003365220778326757
14527,0.003365220778326757
14528,0.003365220778326757
14529,0.003365220778326757
14530,0.003365220778326757
14531,0.003365220778326757
14532,0.003365220778326757
14533,0.003365220778326757
14534,0.003365220778326757
14535,0.003365220778326757
14536,0.003365220778326757
14537,0.003365220778326757
14538,0.003365220778326757
14539,0.003365220778326757
14540,0.003365220778326757
14541,0.003365220778326757
14542,0.003365220778326757
14543,0.003365220778326757
14544,0.003365220778326757
14545,0.003365220778326757
14546,0.003365220778326757
14547,0.003365220778326757
14548,0.003365220778326757
14549,0.003365220778326757
14550,0.003365220778326757
14551,0.003365220778326757
14552,0.003365220778326757
14553,0.003365220778326757
14554,0.003365220778326757
14555,0.003365220778326757
14556,0.003365220778326757
14557,0.003365220778326757
14558,0.003365220778326757
14559,0.003365220778326757
14560,0.003365220778326757
14561,0.003365220778326757
14562,0.003365220778326757
14563,0.003365220778326757
14564,0.003365220778326757
14565,0.003365220778326757
14566,0.003365220778326757
14567,0.003365220778326757
14568,0.003365220778326757
14569,0.003365220778326757
14570,0.003365220778326757
14571,0.003365220778326757
14572,0.003365220778326757
14573,0.003365220778326757
14574,0.003365220778326757
14575,0.003365220778326757
14576,0.003365220778326757
14577,0.003365220778326757
14578,0.003365220778326757
14579,0.003365220778326757
14580,0.003365220778326757
14581,0.003365220778326757
14582,0.003365220778326757
14583,0.003365220778326757
14584,0.003365220778326757
14585,0.003365220778326757
14586,0.003365220778326757
14587,0.003365220778326757
14588,0.003365220778326757
14589,0.003365220778326757
14590,0.003365220778326757
14591,0.003365220778326757
14592,0.003365220778326757
14593,0.003365220778326757
14594,0.003365220778326757
14595,0.003365220778326757
14596,0.003365220778326757
14597,0.003365220778326757
14598,0.003365220778326757
14599,0.003365220778326757
14600,0.003365220778326757
14601,0.003365220778326757
14602,0.003365220778326757
14603,0.003365220778326757
14604,0.003365220778326757
14605,0.003365220778326757
14606,0.003365220778326757
14607,0.003365220778326757
14608,0.003365220778326757
14609,0.003365220778326757
14610,0.003365220778326757
14611,0.003365220778326757
14612,0.003365220778326757
14613,0.003365220778326757
14614,0.003365220778326757
14615,0.003365220778326757
14616,0.003365220778326757
14617,0.003365220778326757
14618,0.003365220778326757
14619,0.003365220778326757
14620,0.003365220778326757
14621,0.003365220778326757
14622,0.003365220778326757
14623,0.003365220778326757
14624,0.003365220778326757
14625,0.003365220778326757
14626,0.003365220778326757
14627,0.003365220778326757
14628,0.003365220778326757
14629,0.003365220778326757
14630,0.003365220778326757
14631,0.003365220778326757
14632,0.003365220778326757
14633,0.003365220778326757
14634,0.003365220778326757
14635,0.003365220778326757
14636,0.003365220778326757
14637,0.003365220778326757
14638,0.003365220778326757
14639,0.003365220778326757
14640,0.003365220778326757
14641,0.003365220778326757
14642,0.003365220778326757
14643,0.003365220778326757
14644,0.003365220778326757
14645,0.003365220778326757
14646,0.003365220778326757
14647,0.003365220778326757
14648,0.003365220778326757
14649,0.003365220778326757
14650,0.003365220778326757
14651,0.003365220778326757
14652,0.003365220778326757
14653,0.003365220778326757
14654,0.003365220778326757
14655,0.003365220778326757
14656,0.003365220778326757
14657,0.003365220778326757
14658,0.003365220778326757
14659,0.003365220778326757
14660,0.003365220778326757
14661,0.003365220778326757
14662,0.003365220778326757
14663,0.003365220778326757
14664,0.003365220778326757
14665,0.003365220778326757
14666,0.003365220778326757
14667,0.003365220778326757
14668,0.003365220778326757
14669,0.003365220778326757
14670,0.003365220778326757
14671,0.003365220778326757
14672,0.003365220778326757
14673,0.003365220778326757
14674,0.003365220778326757
14675,0.003365220778326757
14676,0.003365220778326757
14677,0.003365220778326757
14678,0.003365220778326757
14679,0.003365220778326757
14680,0.003365220778326757
14681,0.003365220778326757
14682,0.003365220778326757
14683,0.003365220778326757
14684,0.003365220778326757
14685,0.003365220778326757
14686,0.003365220778326757
14687,0.003365220778326757
14688,0.003365220778326757
14689,0.003365220778326757
14690,0.003365220778326757
14691,0.003365220778326757
14692,0.003365220778326757
14693,0.003365220778326757
14694,0.003365220778326757
14695,0.003365220778326757
14696,0.003365220778326757
14697,0.003365220778326757
14698,0.003365220778326757
14699,0.003365220778326757
14700,0.003365220778326757
14701,0.003365220778326757
14702,0.003365220778326757
14703,0.003365220778326757
14704,0.003365220778326757
14705,0.003365220778326757
14706,0.003365220778326757
14707,0.003365220778326757
14708,0.003365220778326757
14709,0.003365220778326757
14710,0.003365220778326757
14711,0.003365220778326757
14712,0.003365220778326757
14713,0.003365220778326757
14714,0.003365220778326757
14715,0.003365220778326757
14716,0.003365220778326757
14717,0.003365220778326757
14718,0.003365220778326757
14719,0.003365220778326757
14720,0.003365220778326757
14721,0.003365220778326757
14722,0.003365220778326757
14723,0.003365220778326757
14724,0.003365220778326757
14725,0.003365220778326757
14726,0.003365220778326757
14727,0.003365220778326757
14728,0.003365220778326757
14729,0.003365220778326757
14730,0.003365220778326757
14731,0.003365220778326757
14732,0.003365220778326757
14733,0.003365220778326757
14734,0.003365220778326757
14735,0.003365220778326757
14736,0.003365220778326757
14737,0.003365220778326757
14738,0.003365220778326757
14739,0.003365220778326757
14740,0.003365220778326757
14741,0.003365220778326757
14742,0.003365220778326757
14743,0.003365220778326757
14744,0.003365220778326757
14745,0.003365220778326757
14746,0.003365220778326757
14747,0.003365220778326757
14748,0.003365220778326757
14749,0.003365220778326757
14750,0.003365220778326757
14751,0.003365220778326757
14752,0.003365220778326757
14753,0.003365220778326757
14754,0.003365220778326757
14755,0.003365220778326757
14756,0.003365220778326757
14757,0.003365220778326757
14758,0.003365220778326757
14759,0.003365220778326757
14760,0.003365220778326757
14761,0.003365220778326757
14762,0.003365220778326757
14763,0.003365220778326757
14764,0.003365220778326757
14765,0.003365220778326757
14766,0.003365220778326757
14767,0.003365220778326757
14768,0.003365220778326757
14769,0.003365220778326757
14770,0.003365220778326757
14771,0.003365220778326757
14772,0.003365220778326757
14773,0.003365220778326757
14774,0.003365220778326757
14775,0.003365220778326757
14776,0.003365220778326757
14777,0.003365220778326757
14778,0.003365220778326757
14779,0.003365220778326757
14780,0.003365220778326757
14781,0.003365220778326757
14782,0.003365220778326757
14783,0.003365220778326757
14784,0.003365220778326757
14785,0.003365220778326757
14786,0.003365220778326757
14787,0.003365220778326757
14788,0.003365220778326757
14789,0.003365220778326757
14790,0.003365220778326757
14791,0.003365220778326757
14792,0.003365220778326757
14793,0.003365220778326757
14794,0.003365220778326757
14795,0.003365220778326757
14796,0.003365220778326757
14797,0.003365220778326757
14798,0.003365220778326757
14799,0.003365220778326757
14800,0.003365220778326757
14801,0.003365220778326757
14802,0.003365220778326757
14803,0.003365220778326757
14804,0.003365220778326757
14805,0.003365220778326757
14806,0.003365220778326757
14807,0.003365220778326757
14808,0.003365220778326757
14809,0.003365220778326757
14810,0.003365220778326757
14811,0.003365220778326757
14812,0.003365220778326757
14813,0.003365220778326757
14814,0.003365220778326757
14815,0.003365220778326757
14816,0.003365220778326757
14817,0.003365220778326757
14818,0.003365220778326757
14819,0.003365220778326757
14820,0.003365220778326757
14821,0.003365220778326757
14822,0.003365220778326757
14823,0.003365220778326757
14824,0.003365220778326757
14825,0.003365220778326757
14826,0.003365220778326757
14827,0.003365220778326757
14828,0.003365220778326757
14829,0.003365220778326757
14830,0.003365220778326757
14831,0.003365220778326757
14832,0.003365220778326757
14833,0.003365220778326757
14834,0.003365220778326757
14835,0.003365220778326757
14836,0.003365220778326757
14837,0.003365220778326757
14838,0.003365220778326757
14839,0.003365220778326757
14840,0.003365220778326757
14841,0.003365220778326757
14842,0.003365220778326757
14843,0.003365220778326757
14844,0.003365220778326757
14845,0.003365220778326757
14846,0.003365220778326757
14847,0.003365220778326757
14848,0.003365220778326757
14849,0.003365220778326757
14850,0.003365220778326757
14851,0.003365220778326757
14852,0.003365220778326757
14853,0.003365220778326757
14854,0.003365220778326757
14855,0.003365220778326757
14856,0.003365220778326757
14857,0.003365220778326757
14858,0.003365220778326757
14859,0.003365220778326757
14860,0.003365220778326757
14861,0.003365220778326757
14862,0.003365220778326757
14863,0.003365220778326757
14864,0.003365220778326757
14865,0.003365220778326757
14866,0.003365220778326757
14867,0.003365220778326757
14868,0.003365220778326757
14869,0.003365220778326757
14870,0.003365220778326757
14871,0.003365220778326757
14872,0.003365220778326757
14873,0.003365220778326757
14874,0.003365220778326757
14875,0.003365220778326757
14876,0.003365220778326757
14877,0.003365220778326757
14878,0.003365220778326757
14879,0.003365220778326757
14880,0.003365220778326757
14881,0.003365220778326757
14882,0.003365220778326757
14883,0.003365220778326757
14884,0.003365220778326757
14885,0.003365220778326757
14886,0.003365220778326757
14887,0.003365220778326757
14888,0.003365220778326757
14889,0.003365220778326757
14890,0.003365220778326757
14891,0.003365220778326757
14892,0.003365220778326757
14893,0.003365220778326757
14894,0.003365220778326757
14895,0.003365220778326757
14896,0.003365220778326757
14897,0.003365220778326757
14898,0.003365220778326757
14899,0.003365220778326757
14900,0.003365220778326757
14901,0.003365220778326757
14902,0.003365220778326757
14903,0.003365220778326757
14904,0.003365220778326757
14905,0.003365220778326757
14906,0.003365220778326757
14907,0.003365220778326757
14908,0.003365220778326757
14909,0.003365220778326757
14910,0.003365220778326757
14911,0.003365220778326757
14912,0.003365220778326757
14913,0.003365220778326757
14914,0.003365220778326757
14915,0.003365220778326757
14916,0.003365220778326757
14917,0.003365220778326757
14918,0.003365220778326757
14919,0.003365220778326757
14920,0.003365220778326757
14921,0.003365220778326757
14922,0.003365220778326757
14923,0.003365220778326757
14924,0.003365220778326757
14925,0.003365220778326757
14926,0.003365220778326757
14927,0.003365220778326757
14928,0.003365220778326757
14929,0.003365220778326757
14930,0.003365220778326757
14931,0.003365220778326757
14932,0.003365220778326757
14933,0.003365220778326757
14934,0.003365220778326757
14935,0.003365220778326757
14936,0.003365220778326757
14937,0.003365220778326757
14938,0.003365220778326757
14939,0.003365220778326757
14940,0.003365220778326757
14941,0.003365220778326757
14942,0.003365220778326757
14943,0.003365220778326757
14944,0.003365220778326757
14945,0.003365220778326757
14946,0.003365220778326757
14947,0.003365220778326757
14948,0.003365220778326757
14949,0.003365220778326757
14950,0.003365220778326757
14951,0.003365220778326757
14952,0.003365220778326757
14953,0.003365220778326757
14954,0.003365220778326757
14955,0.003365220778326757
14956,0.003365220778326757
14957,0.003365220778326757
14958,0.003365220778326757
14959,0.003365220778326757
14960,0.003365220778326757
14961,0.003365220778326757
14962,0.003365220778326757
14963,0.003365220778326757
14964,0.003365220778326757
14965,0.003365220778326757
14966,0.003365220778326757
14967,0.003365220778326757
14968,0.003365220778326757
14969,0.003365220778326757
14970,0.003365220778326757
14971,0.003365220778326757
14972,0.003365220778326757
14973,0.003365220778326757
14974,0.003365220778326757
14975,0.003365220778326757
14976,0.003365220778326757
14977,0.003365220778326757
14978,0.003365220778326757
14979,0.003365220778326757
14980,0.003365220778326757
14981,0.003365220778326757
14982,0.003365220778326757
14983,0.003365220778326757
14984,0.003365220778326757
14985,0.003365220778326757
14986,0.003365220778326757
14987,0.003365220778326757
14988,0.003365220778326757
14989,0.003365220778326757
14990,0.003365220778326757
14991,0.003365220778326757
14992,0.003365220778326757
14993,0.003365220778326757
14994,0.003365220778326757
14995,0.003365220778326757
14996,0.003365220778326757
14997,0.003365220778326757
14998,0.003365220778326757
14999,0.003365220778326757
15000,0.003365220778326757
15001,0.003365220778326757
15002,0.003365220778326757
15003,0.003365220778326757
15004,0.003365220778326757
15005,0.003365220778326757
15006,0.003365220778326757
15007,0.003365220778326757
15008,0.003365220778326757
15009,0.003365220778326757
15010,0.003365220778326757
15011,0.003365220778326757
15012,0.003365220778326757
15013,0.003365220778326757
15014,0.003365220778326757
15015,0.003365220778326757
15016,0.003365220778326757
15017,0.003365220778326757
15018,0.003365220778326757
15019,0.003365220778326757
15020,0.003365220778326757
15021,0.003365220778326757
15022,0.003365220778326757
15023,0.003365220778326757
15024,0.003365220778326757
15025,0.003365220778326757
15026,0.003365220778326757
15027,0.003365220778326757
15028,0.003365220778326757
15029,0.003365220778326757
15030,0.003365220778326757
15031,0.003365220778326757
15032,0.003365220778326757
15033,0.003365220778326757
15034,0.003365220778326757
15035,0.003365220778326757
15036,0.003365220778326757
15037,0.003365220778326757
15038,0.003365220778326757
15039,0.003365220778326757
15040,0.003365220778326757
15041,0.003365220778326757
15042,0.003365220778326757
15043,0.003365220778326757
15044,0.003365220778326757
15045,0.003365220778326757
15046,0.003365220778326757
15047,0.003365220778326757
15048,0.003365220778326757
15049,0.003365220778326757
15050,0.003365220778326757
15051,0.003365220778326757
15052,0.003365220778326757
15053,0.003365220778326757
15054,0.003365220778326757
15055,0.003365220778326757
15056,0.003365220778326757
15057,0.003365220778326757
15058,0.003365220778326757
15059,0.003365220778326757
15060,0.003365220778326757
15061,0.003365220778326757
15062,0.003365220778326757
15063,0.003365220778326757
15064,0.003365220778326757
15065,0.003365220778326757
15066,0.003365220778326757
15067,0.003365220778326757
15068,0.003365220778326757
15069,0.003365220778326757
15070,0.003365220778326757
15071,0.003365220778326757
15072,0.003365220778326757
15073,0.003365220778326757
15074,0.003365220778326757
15075,0.003365220778326757
15076,0.003365220778326757
15077,0.003365220778326757
15078,0.003365220778326757
15079,0.003365220778326757
15080,0.003365220778326757
15081,0.003365220778326757
15082,0.003365220778326757
15083,0.003365220778326757
15084,0.003365220778326757
15085,0.003365220778326757
15086,0.003365220778326757
15087,0.003365220778326757
15088,0.003365220778326757
15089,0.003365220778326757
15090,0.003365220778326757
15091,0.003365220778326757
15092,0.003365220778326757
15093,0.003365220778326757
15094,0.003365220778326757
15095,0.003365220778326757
15096,0.003365220778326757
15097,0.003365220778326757
15098,0.003365220778326757
15099,0.003365220778326757
15100,0.003365220778326757
15101,0.003365220778326757
15102,0.003365220778326757
15103,0.003365220778326757
15104,0.003365220778326757
15105,0.003365220778326757
15106,0.003365220778326757
15107,0.003365220778326757
15108,0.003365220778326757
15109,0.003365220778326757
15110,0.003365220778326757
15111,0.003365220778326757
15112,0.003365220778326757
15113,0.003365220778326757
15114,0.003365220778326757
15115,0.003365220778326757
15116,0.003365220778326757
15117,0.003365220778326757
15118,0.003365220778326757
15119,0.003365220778326757
15120,0.003365220778326757
15121,0.003365220778326757
15122,0.003365220778326757
15123,0.003365220778326757
15124,0.003365220778326757
15125,0.003365220778326757
15126,0.003365220778326757
15127,0.003365220778326757
15128,0.003365220778326757
15129,0.003365220778326757
15130,0.003365220778326757
15131,0.003365220778326757
15132,0.003365220778326757
15133,0.003365220778326757
15134,0.003365220778326757
15135,0.003365220778326757
15136,0.003365220778326757
15137,0.003365220778326757
15138,0.003365220778326757
15139,0.003365220778326757
15140,0.003365220778326757
15141,0.003365220778326757
15142,0.003365220778326757
15143,0.003365220778326757
15144,0.003365220778326757
15145,0.003365220778326757
15146,0.003365220778326757
15147,0.003365220778326757
15148,0.003365220778326757
15149,0.003365220778326757
15150,0.003365220778326757
15151,0.003365220778326757
15152,0.003365220778326757
15153,0.003365220778326757
15154,0.003365220778326757
15155,0.003365220778326757
15156,0.003365220778326757
15157,0.003365220778326757
15158,0.003365220778326757
15159,0.003365220778326757
15160,0.003365220778326757
15161,0.003365220778326757
15162,0.003365220778326757
15163,0.003365220778326757
15164,0.003365220778326757
15165,0.003365220778326757
15166,0.003365220778326757
15167,0.003365220778326757
15168,0.003365220778326757
15169,0.003365220778326757
15170,0.003365220778326757
15171,0.003365220778326757
15172,0.003365220778326757
15173,0.003365220778326757
15174,0.003365220778326757
15175,0.003365220778326757
15176,0.003365220778326757
15177,0.003365220778326757
15178,0.003365220778326757
15179,0.003365220778326757
15180,0.003365220778326757
15181,0.003365220778326757
15182,0.003365220778326757
15183,0.003365220778326757
15184,0.003365220778326757
15185,0.003365220778326757
15186,0.003365220778326757
15187,0.003365220778326757
15188,0.003365220778326757
15189,0.003365220778326757
15190,0.003365220778326757
15191,0.003365220778326757
15192,0.003365220778326757
15193,0.003365220778326757
15194,0.003365220778326757
15195,0.003365220778326757
15196,0.003365220778326757
15197,0.003365220778326757
15198,0.003365220778326757
15199,0.003365220778326757
15200,0.003365220778326757
15201,0.003365220778326757
15202,0.003365220778326757
15203,0.003365220778326757
15204,0.003365220778326757
15205,0.003365220778326757
15206,0.003365220778326757
15207,0.003365220778326757
15208,0.003365220778326757
15209,0.003365220778326757
15210,0.003365220778326757
15211,0.003365220778326757
15212,0.003365220778326757
15213,0.003365220778326757
15214,0.003365220778326757
15215,0.003365220778326757
15216,0.003365220778326757
15217,0.003365220778326757
15218,0.003365220778326757
15219,0.003365220778326757
15220,0.003365220778326757
15221,0.003365220778326757
15222,0.003365220778326757
15223,0.003365220778326757
15224,0.003365220778326757
15225,0.003365220778326757
15226,0.003365220778326757
15227,0.003365220778326757
15228,0.003365220778326757
15229,0.003365220778326757
15230,0.003365220778326757
15231,0.003365220778326757
15232,0.003365220778326757
15233,0.003365220778326757
15234,0.003365220778326757
15235,0.003365220778326757
15236,0.003365220778326757
15237,0.003365220778326757
15238,0.003365220778326757
15239,0.003365220778326757
15240,0.003365220778326757
15241,0.003365220778326757
15242,0.003365220778326757
15243,0.003365220778326757
15244,0.003365220778326757
15245,0.003365220778326757
15246,0.003365220778326757
15247,0.003365220778326757
15248,0.003365220778326757
15249,0.003365220778326757
15250,0.003365220778326757
15251,0.003365220778326757
15252,0.003365220778326757
15253,0.003365220778326757
15254,0.003365220778326757
15255,0.003365220778326757
15256,0.003365220778326757
15257,0.003365220778326757
15258,0.003365220778326757
15259,0.003365220778326757
15260,0.003365220778326757
15261,0.003365220778326757
15262,0.003365220778326757
15263,0.003365220778326757
15264,0.003365220778326757
15265,0.003365220778326757
15266,0.003365220778326757
15267,0.003365220778326757
15268,0.003365220778326757
15269,0.003365220778326757
15270,0.003365220778326757
15271,0.003365220778326757
15272,0.003365220778326757
15273,0.003365220778326757
15274,0.003365220778326757
15275,0.003365220778326757
15276,0.003365220778326757
15277,0.003365220778326757
15278,0.003365220778326757
15279,0.003365220778326757
15280,0.003365220778326757
15281,0.003365220778326757
15282,0.003365220778326757
15283,0.003365220778326757
15284,0.003365220778326757
15285,0.003365220778326757
15286,0.003365220778326757
15287,0.003365220778326757
15288,0.003365220778326757
15289,0.003365220778326757
15290,0.003365220778326757
15291,0.003365220778326757
15292,0.003365220778326757
15293,0.003365220778326757
15294,0.003365220778326757
15295,0.003365220778326757
15296,0.003365220778326757
15297,0.003365220778326757
15298,0.003365220778326757
15299,0.003365220778326757
15300,0.003365220778326757
15301,0.003365220778326757
15302,0.003365220778326757
15303,0.003365220778326757
15304,0.003365220778326757
15305,0.003365220778326757
15306,0.003365220778326757
15307,0.003365220778326757
15308,0.003365220778326757
15309,0.003365220778326757
15310,0.003365220778326757
15311,0.003365220778326757
15312,0.003365220778326757
15313,0.003365220778326757
15314,0.003365220778326757
15315,0.003365220778326757
15316,0.003365220778326757
15317,0.003365220778326757
15318,0.003365220778326757
15319,0.003365220778326757
15320,0.003365220778326757
15321,0.003365220778326757
15322,0.003365220778326757
15323,0.003365220778326757
15324,0.003365220778326757
15325,0.003365220778326757
15326,0.003365220778326757
15327,0.003365220778326757
15328,0.003365220778326757
15329,0.003365220778326757
15330,0.003365220778326757
15331,0.003365220778326757
15332,0.003365220778326757
15333,0.003365220778326757
15334,0.003365220778326757
15335,0.003365220778326757
15336,0.003365220778326757
15337,0.003365220778326757
15338,0.003365220778326757
15339,0.003365220778326757
15340,0.003365220778326757
15341,0.003365220778326757
15342,0.003365220778326757
15343,0.003365220778326757
15344,0.003365220778326757
15345,0.003365220778326757
15346,0.003365220778326757
15347,0.003365220778326757
15348,0.003365220778326757
15349,0.003365220778326757
15350,0.003365220778326757
15351,0.003365220778326757
15352,0.003365220778326757
15353,0.003365220778326757
15354,0.003365220778326757
15355,0.003365220778326757
15356,0.003365220778326757
15357,0.003365220778326757
15358,0.003365220778326757
15359,0.003365220778326757
15360,0.003365220778326757
15361,0.003365220778326757
15362,0.003365220778326757
15363,0.003365220778326757
15364,0.003365220778326757
15365,0.003365220778326757
15366,0.003365220778326757
15367,0.003365220778326757
15368,0.003365220778326757
15369,0.003365220778326757
15370,0.003365220778326757
15371,0.003365220778326757
15372,0.003365220778326757
15373,0.003365220778326757
15374,0.003365220778326757
15375,0.003365220778326757
15376,0.003365220778326757
15377,0.003365220778326757
15378,0.003365220778326757
15379,0.003365220778326757
15380,0.003365220778326757
15381,0.003365220778326757
15382,0.003365220778326757
15383,0.003365220778326757
15384,0.003365220778326757
15385,0.003365220778326757
15386,0.003365220778326757
15387,0.003365220778326757
15388,0.003365220778326757
15389,0.003365220778326757
15390,0.003365220778326757
15391,0.003365220778326757
15392,0.003365220778326757
15393,0.003365220778326757
15394,0.003365220778326757
15395,0.003365220778326757
15396,0.003365220778326757
15397,0.003365220778326757
15398,0.003365220778326757
15399,0.003365220778326757
15400,0.003365220778326757
15401,0.003365220778326757
15402,0.003365220778326757
15403,0.003365220778326757
15404,0.003365220778326757
15405,0.003365220778326757
15406,0.003365220778326757
15407,0.003365220778326757
15408,0.003365220778326757
15409,0.003365220778326757
15410,0.003365220778326757
15411,0.003365220778326757
15412,0.003365220778326757
15413,0.003365220778326757
15414,0.003365220778326757
15415,0.003365220778326757
15416,0.003365220778326757
15417,0.003365220778326757
15418,0.003365220778326757
15419,0.003365220778326757
15420,0.003365220778326757
15421,0.003365220778326757
15422,0.003365220778326757
15423,0.003365220778326757
15424,0.003365220778326757
15425,0.003365220778326757
15426,0.003365220778326757
15427,0.003365220778326757
15428,0.003365220778326757
15429,0.003365220778326757
15430,0.003365220778326757
15431,0.003365220778326757
15432,0.003365220778326757
15433,0.003365220778326757
15434,0.003365220778326757
15435,0.003365220778326757
15436,0.003365220778326757
15437,0.003365220778326757
15438,0.003365220778326757
15439,0.003365220778326757
15440,0.003365220778326757
15441,0.003365220778326757
15442,0.003365220778326757
15443,0.003365220778326757
15444,0.003365220778326757
15445,0.003365220778326757
15446,0.003365220778326757
15447,0.003365220778326757
15448,0.003365220778326757
15449,0.003365220778326757
15450,0.003365220778326757
15451,0.003365220778326757
15452,0.003365220778326757
15453,0.003365220778326757
15454,0.003365220778326757
15455,0.003365220778326757
15456,0.003365220778326757
15457,0.003365220778326757
15458,0.003365220778326757
15459,0.003365220778326757
15460,0.003365220778326757
15461,0.003365220778326757
15462,0.003365220778326757
15463,0.003365220778326757
15464,0.003365220778326757
15465,0.003365220778326757
15466,0.003365220778326757
15467,0.003365220778326757
15468,0.003365220778326757
15469,0.003365220778326757
15470,0.003365220778326757
15471,0.003365220778326757
15472,0.003365220778326757
15473,0.003365220778326757
15474,0.003365220778326757
15475,0.003365220778326757
15476,0.003365220778326757
15477,0.003365220778326757
15478,0.003365220778326757
15479,0.003365220778326757
15480,0.003365220778326757
15481,0.003365220778326757
15482,0.003365220778326757
15483,0.003365220778326757
15484,0.003365220778326757
15485,0.003365220778326757
15486,0.003365220778326757
15487,0.003365220778326757
15488,0.003365220778326757
15489,0.003365220778326757
15490,0.003365220778326757
15491,0.003365220778326757
15492,0.003365220778326757
15493,0.003365220778326757
15494,0.003365220778326757
15495,0.003365220778326757
15496,0.003365220778326757
15497,0.003365220778326757
15498,0.003365220778326757
15499,0.003365220778326757
15500,0.003365220778326757
15501,0.003365220778326757
15502,0.003365220778326757
15503,0.003365220778326757
15504,0.003365220778326757
15505,0.003365220778326757
15506,0.003365220778326757
15507,0.003365220778326757
15508,0.003365220778326757
15509,0.003365220778326757
15510,0.003365220778326757
15511,0.003365220778326757
15512,0.003365220778326757
15513,0.003365220778326757
15514,0.003365220778326757
15515,0.003365220778326757
15516,0.003365220778326757
15517,0.003365220778326757
15518,0.003365220778326757
15519,0.003365220778326757
15520,0.003365220778326757
15521,0.003365220778326757
15522,0.003365220778326757
15523,0.003365220778326757
15524,0.003365220778326757
15525,0.003365220778326757
15526,0.003365220778326757
15527,0.003365220778326757
15528,0.003365220778326757
15529,0.003365220778326757
15530,0.003365220778326757
15531,0.003365220778326757
15532,0.003365220778326757
15533,0.003365220778326757
15534,0.003365220778326757
15535,0.003365220778326757
15536,0.003365220778326757
15537,0.003365220778326757
15538,0.003365220778326757
15539,0.003365220778326757
15540,0.003365220778326757
15541,0.003365220778326757
15542,0.003365220778326757
15543,0.003365220778326757
15544,0.003365220778326757
15545,0.003365220778326757
15546,0.003365220778326757
15547,0.003365220778326757
15548,0.003365220778326757
15549,0.003365220778326757
15550,0.003365220778326757
15551,0.003365220778326757
15552,0.003365220778326757
15553,0.003365220778326757
15554,0.003365220778326757
15555,0.003365220778326757
15556,0.003365220778326757
15557,0.003365220778326757
15558,0.003365220778326757
15559,0.003365220778326757
15560,0.003365220778326757
15561,0.003365220778326757
15562,0.003365220778326757
15563,0.003365220778326757
15564,0.003365220778326757
15565,0.003365220778326757
15566,0.003365220778326757
15567,0.003365220778326757
15568,0.003365220778326757
15569,0.003365220778326757
15570,0.003365220778326757
15571,0.003365220778326757
15572,0.003365220778326757
15573,0.003365220778326757
15574,0.003365220778326757
15575,0.003365220778326757
15576,0.003365220778326757
15577,0.003365220778326757
15578,0.003365220778326757
15579,0.003365220778326757
15580,0.003365220778326757
15581,0.003365220778326757
15582,0.003365220778326757
15583,0.003365220778326757
15584,0.003365220778326757
15585,0.003365220778326757
15586,0.003365220778326757
15587,0.003365220778326757
15588,0.003365220778326757
15589,0.003365220778326757
15590,0.003365220778326757
15591,0.003365220778326757
15592,0.003365220778326757
15593,0.003365220778326757
15594,0.003365220778326757
15595,0.003365220778326757
15596,0.003365220778326757
15597,0.003365220778326757
15598,0.003365220778326757
15599,0.003365220778326757
15600,0.003365220778326757
15601,0.003365220778326757
15602,0.003365220778326757
15603,0.003365220778326757
15604,0.003365220778326757
15605,0.003365220778326757
15606,0.003365220778326757
15607,0.003365220778326757
15608,0.003365220778326757
15609,0.003365220778326757
15610,0.003365220778326757
15611,0.003365220778326757
15612,0.003365220778326757
15613,0.003365220778326757
15614,0.003365220778326757
15615,0.003365220778326757
15616,0.003365220778326757
15617,0.003365220778326757
15618,0.003365220778326757
15619,0.003365220778326757
15620,0.003365220778326757
15621,0.003365220778326757
15622,0.003365220778326757
15623,0.003365220778326757
15624,0.003365220778326757
15625,0.003365220778326757
15626,0.003365220778326757
15627,0.003365220778326757
15628,0.003365220778326757
15629,0.003365220778326757
15630,0.003365220778326757
15631,0.003365220778326757
15632,0.003365220778326757
15633,0.003365220778326757
15634,0.003365220778326757
15635,0.003365220778326757
15636,0.003365220778326757
15637,0.003365220778326757
15638,0.003365220778326757
15639,0.003365220778326757
15640,0.003365220778326757
15641,0.003365220778326757
15642,0.003365220778326757
15643,0.003365220778326757
15644,0.003365220778326757
15645,0.003365220778326757
15646,0.003365220778326757
15647,0.003365220778326757
15648,0.003365220778326757
15649,0.003365220778326757
15650,0.003365220778326757
15651,0.003365220778326757
15652,0.003365220778326757
15653,0.003365220778326757
15654,0.003365220778326757
15655,0.003365220778326757
15656,0.003365220778326757
15657,0.003365220778326757
15658,0.003365220778326757
15659,0.003365220778326757
15660,0.003365220778326757
15661,0.003365220778326757
15662,0.003365220778326757
15663,0.003365220778326757
15664,0.003365220778326757
15665,0.003365220778326757
15666,0.003365220778326757
15667,0.003365220778326757
15668,0.003365220778326757
15669,0.003365220778326757
15670,0.003365220778326757
15671,0.003365220778326757
15672,0.003365220778326757
15673,0.003365220778326757
15674,0.003365220778326757
15675,0.003365220778326757
15676,0.003365220778326757
15677,0.003365220778326757
15678,0.003365220778326757
15679,0.003365220778326757
15680,0.003365220778326757
15681,0.003365220778326757
15682,0.003365220778326757
15683,0.003365220778326757
15684,0.003365220778326757
15685,0.003365220778326757
15686,0.003365220778326757
15687,0.003365220778326757
15688,0.003365220778326757
15689,0.003365220778326757
15690,0.003365220778326757
15691,0.003365220778326757
15692,0.003365220778326757
15693,0.003365220778326757
15694,0.003365220778326757
15695,0.003365220778326757
15696,0.003365220778326757
15697,0.003365220778326757
15698,0.003365220778326757
15699,0.003365220778326757
15700,0.003365220778326757
15701,0.003365220778326757
15702,0.003365220778326757
15703,0.003365220778326757
15704,0.003365220778326757
15705,0.003365220778326757
15706,0.003365220778326757
15707,0.003365220778326757
15708,0.003365220778326757
15709,0.003365220778326757
15710,0.003365220778326757
15711,0.003365220778326757
15712,0.003365220778326757
15713,0.003365220778326757
15714,0.003365220778326757
15715,0.003365220778326757
15716,0.003365220778326757
15717,0.003365220778326757
15718,0.003365220778326757
15719,0.003365220778326757
15720,0.003365220778326757
15721,0.003365220778326757
15722,0.003365220778326757
15723,0.003365220778326757
15724,0.003365220778326757
15725,0.003365220778326757
15726,0.003365220778326757
15727,0.003365220778326757
15728,0.003365220778326757
15729,0.003365220778326757
15730,0.003365220778326757
15731,0.003365220778326757
15732,0.003365220778326757
15733,0.003365220778326757
15734,0.003365220778326757
15735,0.003365220778326757
15736,0.003365220778326757
15737,0.003365220778326757
15738,0.003365220778326757
15739,0.003365220778326757
15740,0.003365220778326757
15741,0.003365220778326757
15742,0.003365220778326757
15743,0.003365220778326757
15744,0.003365220778326757
15745,0.003365220778326757
15746,0.003365220778326757
15747,0.003365220778326757
15748,0.003365220778326757
15749,0.003365220778326757
15750,0.003365220778326757
15751,0.003365220778326757
15752,0.003365220778326757
15753,0.003365220778326757
15754,0.003365220778326757
15755,0.003365220778326757
15756,0.003365220778326757
15757,0.003365220778326757
15758,0.003365220778326757
15759,0.003365220778326757
15760,0.003365220778326757
15761,0.003365220778326757
15762,0.003365220778326757
15763,0.003365220778326757
15764,0.003365220778326757
15765,0.003365220778326757
15766,0.003365220778326757
15767,0.003365220778326757
15768,0.003365220778326757
15769,0.003365220778326757
15770,0.003365220778326757
15771,0.003365220778326757
15772,0.003365220778326757
15773,0.003365220778326757
15774,0.003365220778326757
15775,0.003365220778326757
15776,0.003365220778326757
15777,0.003365220778326757
15778,0.003365220778326757
15779,0.003365220778326757
15780,0.003365220778326757
15781,0.003365220778326757
15782,0.003365220778326757
15783,0.003365220778326757
15784,0.003365220778326757
15785,0.003365220778326757
15786,0.003365220778326757
15787,0.003365220778326757
15788,0.003365220778326757
15789,0.003365220778326757
15790,0.003365220778326757
15791,0.003365220778326757
15792,0.003365220778326757
15793,0.003365220778326757
15794,0.003365220778326757
15795,0.003365220778326757
15796,0.003365220778326757
15797,0.003365220778326757
15798,0.003365220778326757
15799,0.003365220778326757
15800,0.003365220778326757
15801,0.003365220778326757
15802,0.003365220778326757
15803,0.003365220778326757
15804,0.003365220778326757
15805,0.003365220778326757
15806,0.003365220778326757
15807,0.003365220778326757
15808,0.003365220778326757
15809,0.003365220778326757
15810,0.003365220778326757
15811,0.003365220778326757
15812,0.003365220778326757
15813,0.003365220778326757
15814,0.003365220778326757
15815,0.003365220778326757
15816,0.003365220778326757
15817,0.003365220778326757
15818,0.003365220778326757
15819,0.003365220778326757
15820,0.003365220778326757
15821,0.003365220778326757
15822,0.003365220778326757
15823,0.003365220778326757
15824,0.003365220778326757
15825,0.003365220778326757
15826,0.003365220778326757
15827,0.003365220778326757
15828,0.003365220778326757
15829,0.003365220778326757
15830,0.003365220778326757
15831,0.003365220778326757
15832,0.003365220778326757
15833,0.003365220778326757
15834,0.003365220778326757
15835,0.003365220778326757
15836,0.003365220778326757
15837,0.003365220778326757
15838,0.003365220778326757
15839,0.003365220778326757
15840,0.003365220778326757
15841,0.003365220778326757
15842,0.003365220778326757
15843,0.003365220778326757
15844,0.003365220778326757
15845,0.003365220778326757
15846,0.003365220778326757
15847,0.003365220778326757
15848,0.003365220778326757
15849,0.003365220778326757
15850,0.003365220778326757
15851,0.003365220778326757
15852,0.003365220778326757
15853,0.003365220778326757
15854,0.003365220778326757
15855,0.003365220778326757
15856,0.003365220778326757
15857,0.003365220778326757
15858,0.003365220778326757
15859,0.003365220778326757
15860,0.003365220778326757
15861,0.003365220778326757
15862,0.003365220778326757
15863,0.003365220778326757
15864,0.003365220778326757
15865,0.003365220778326757
15866,0.003365220778326757
15867,0.003365220778326757
15868,0.003365220778326757
15869,0.003365220778326757
15870,0.003365220778326757
15871,0.003365220778326757
15872,0.003365220778326757
15873,0.003365220778326757
15874,0.003365220778326757
15875,0.003365220778326757
15876,0.003365220778326757
15877,0.003365220778326757
15878,0.003365220778326757
15879,0.003365220778326757
15880,0.003365220778326757
15881,0.003365220778326757
15882,0.003365220778326757
15883,0.003365220778326757
15884,0.003365220778326757
15885,0.003365220778326757
15886,0.003365220778326757
15887,0.003365220778326757
15888,0.003365220778326757
15889,0.003365220778326757
15890,0.003365220778326757
15891,0.003365220778326757
15892,0.003365220778326757
15893,0.003365220778326757
15894,0.003365220778326757
15895,0.003365220778326757
15896,0.003365220778326757
15897,0.003365220778326757
15898,0.003365220778326757
15899,0.003365220778326757
15900,0.003365220778326757
15901,0.003365220778326757
15902,0.003365220778326757
15903,0.003365220778326757
15904,0.003365220778326757
15905,0.003365220778326757
15906,0.003365220778326757
15907,0.003365220778326757
15908,0.003365220778326757
15909,0.003365220778326757
15910,0.003365220778326757
15911,0.003365220778326757
15912,0.003365220778326757
15913,0.003365220778326757
15914,0.003365220778326757
15915,0.003365220778326757
15916,0.003365220778326757
15917,0.003365220778326757
15918,0.003365220778326757
15919,0.003365220778326757
15920,0.003365220778326757
15921,0.003365220778326757
15922,0.003365220778326757
15923,0.003365220778326757
15924,0.003365220778326757
15925,0.003365220778326757
15926,0.003365220778326757
15927,0.003365220778326757
15928,0.003365220778326757
15929,0.003365220778326757
15930,0.003365220778326757
15931,0.003365220778326757
15932,0.003365220778326757
15933,0.003365220778326757
15934,0.003365220778326757
15935,0.003365220778326757
15936,0.003365220778326757
15937,0.003365220778326757
15938,0.003365220778326757
15939,0.003365220778326757
15940,0.003365220778326757
15941,0.003365220778326757
15942,0.003365220778326757
15943,0.003365220778326757
15944,0.003365220778326757
15945,0.003365220778326757
15946,0.003365220778326757
15947,0.003365220778326757
15948,0.003365220778326757
15949,0.003365220778326757
15950,0.003365220778326757
15951,0.003365220778326757
15952,0.003365220778326757
15953,0.003365220778326757
15954,0.003365220778326757
15955,0.003365220778326757
15956,0.003365220778326757
15957,0.003365220778326757
15958,0.003365220778326757
15959,0.003365220778326757
15960,0.003365220778326757
15961,0.003365220778326757
15962,0.003365220778326757
15963,0.003365220778326757
15964,0.003365220778326757
15965,0.003365220778326757
15966,0.003365220778326757
15967,0.003365220778326757
15968,0.003365220778326757
15969,0.003365220778326757
15970,0.003365220778326757
15971,0.003365220778326757
15972,0.003365220778326757
15973,0.003365220778326757
15974,0.003365220778326757
15975,0.003365220778326757
15976,0.003365220778326757
15977,0.003365220778326757
15978,0.003365220778326757
15979,0.003365220778326757
15980,0.003365220778326757
15981,0.003365220778326757
15982,0.003365220778326757
15983,0.003365220778326757
15984,0.003365220778326757
15985,0.003365220778326757
15986,0.003365220778326757
15987,0.003365220778326757
15988,0.003365220778326757
15989,0.003365220778326757
15990,0.003365220778326757
15991,0.003365220778326757
15992,0.003365220778326757
15993,0.003365220778326757
15994,0.003365220778326757
15995,0.003365220778326757
15996,0.003365220778326757
15997,0.003365220778326757
15998,0.003365220778326757
15999,0.003365220778326757
16000,0.003365220778326757
16001,0.003365220778326757
16002,0.003365220778326757
16003,0.003365220778326757
16004,0.003365220778326757
16005,0.003365220778326757
16006,0.003365220778326757
16007,0.003365220778326757
16008,0.003365220778326757
16009,0.003365220778326757
16010,0.003365220778326757
16011,0.003365220778326757
16012,0.003365220778326757
16013,0.003365220778326757
16014,0.003365220778326757
16015,0.003365220778326757
16016,0.003365220778326757
16017,0.003365220778326757
16018,0.003365220778326757
16019,0.003365220778326757
16020,0.003365220778326757
16021,0.003365220778326757
16022,0.003365220778326757
16023,0.003365220778326757
16024,0.003365220778326757
16025,0.003365220778326757
16026,0.003365220778326757
16027,0.003365220778326757
16028,0.003365220778326757
16029,0.003365220778326757
16030,0.003365220778326757
16031,0.003365220778326757
16032,0.003365220778326757
16033,0.003365220778326757
16034,0.003365220778326757
16035,0.003365220778326757
16036,0.003365220778326757
16037,0.003365220778326757
16038,0.003365220778326757
16039,0.003365220778326757
16040,0.003365220778326757
16041,0.003365220778326757
16042,0.003365220778326757
16043,0.003365220778326757
16044,0.003365220778326757
16045,0.003365220778326757
16046,0.003365220778326757
16047,0.003365220778326757
16048,0.003365220778326757
16049,0.003365220778326757
16050,0.003365220778326757
16051,0.003365220778326757
16052,0.003365220778326757
16053,0.003365220778326757
16054,0.003365220778326757
16055,0.003365220778326757
16056,0.003365220778326757
16057,0.003365220778326757
16058,0.003365220778326757
16059,0.003365220778326757
16060,0.003365220778326757
16061,0.003365220778326757
16062,0.003365220778326757
16063,0.003365220778326757
16064,0.003365220778326757
16065,0.003365220778326757
16066,0.003365220778326757
16067,0.003365220778326757
16068,0.003365220778326757
16069,0.003365220778326757
16070,0.003365220778326757
16071,0.003365220778326757
16072,0.003365220778326757
16073,0.003365220778326757
16074,0.003365220778326757
16075,0.003365220778326757
16076,0.003365220778326757
16077,0.003365220778326757
16078,0.003365220778326757
16079,0.003365220778326757
16080,0.003365220778326757
16081,0.003365220778326757
16082,0.003365220778326757
16083,0.003365220778326757
16084,0.003365220778326757
16085,0.003365220778326757
16086,0.003365220778326757
16087,0.003365220778326757
16088,0.003365220778326757
16089,0.003365220778326757
16090,0.003365220778326757
16091,0.003365220778326757
16092,0.003365220778326757
16093,0.003365220778326757
16094,0.003365220778326757
16095,0.003365220778326757
16096,0.003365220778326757
16097,0.003365220778326757
16098,0.003365220778326757
16099,0.003365220778326757
16100,0.003365220778326757
16101,0.003365220778326757
16102,0.003365220778326757
16103,0.003365220778326757
16104,0.003365220778326757
16105,0.003365220778326757
16106,0.003365220778326757
16107,0.003365220778326757
16108,0.003365220778326757
16109,0.003365220778326757
16110,0.003365220778326757
16111,0.003365220778326757
16112,0.003365220778326757
16113,0.003365220778326757
16114,0.003365220778326757
16115,0.003365220778326757
16116,0.003365220778326757
16117,0.003365220778326757
16118,0.003365220778326757
16119,0.003365220778326757
16120,0.003365220778326757
16121,0.003365220778326757
16122,0.003365220778326757
16123,0.003365220778326757
16124,0.003365220778326757
16125,0.003365220778326757
16126,0.003365220778326757
16127,0.003365220778326757
16128,0.003365220778326757
16129,0.003365220778326757
16130,0.003365220778326757
16131,0.003365220778326757
16132,0.003365220778326757
16133,0.003365220778326757
16134,0.003365220778326757
16135,0.003365220778326757
16136,0.003365220778326757
16137,0.003365220778326757
16138,0.003365220778326757
16139,0.003365220778326757
16140,0.003365220778326757
16141,0.003365220778326757
16142,0.003365220778326757
16143,0.003365220778326757
16144,0.003365220778326757
16145,0.003365220778326757
16146,0.003365220778326757
16147,0.003365220778326757
16148,0.003365220778326757
16149,0.003365220778326757
16150,0.003365220778326757
16151,0.003365220778326757
16152,0.003365220778326757
16153,0.003365220778326757
16154,0.003365220778326757
16155,0.003365220778326757
16156,0.003365220778326757
16157,0.003365220778326757
16158,0.003365220778326757
16159,0.003365220778326757
16160,0.003365220778326757
16161,0.003365220778326757
16162,0.003365220778326757
16163,0.003365220778326757
16164,0.003365220778326757
16165,0.003365220778326757
16166,0.003365220778326757
16167,0.003365220778326757
16168,0.003365220778326757
16169,0.003365220778326757
16170,0.003365220778326757
16171,0.003365220778326757
16172,0.003365220778326757
16173,0.003365220778326757
16174,0.003365220778326757
16175,0.003365220778326757
16176,0.003365220778326757
16177,0.003365220778326757
16178,0.003365220778326757
16179,0.003365220778326757
16180,0.003365220778326757
16181,0.003365220778326757
16182,0.003365220778326757
16183,0.003365220778326757
16184,0.003365220778326757
16185,0.003365220778326757
16186,0.003365220778326757
16187,0.003365220778326757
16188,0.003365220778326757
16189,0.003365220778326757
16190,0.003365220778326757
16191,0.003365220778326757
16192,0.003365220778326757
16193,0.003365220778326757
16194,0.003365220778326757
16195,0.003365220778326757
16196,0.003365220778326757
16197,0.003365220778326757
16198,0.003365220778326757
16199,0.003365220778326757
16200,0.003365220778326757
16201,0.003365220778326757
16202,0.003365220778326757
16203,0.003365220778326757
16204,0.003365220778326757
16205,0.003365220778326757
16206,0.003365220778326757
16207,0.003365220778326757
16208,0.003365220778326757
16209,0.003365220778326757
16210,0.003365220778326757
16211,0.003365220778326757
16212,0.003365220778326757
16213,0.003365220778326757
16214,0.003365220778326757
16215,0.003365220778326757
16216,0.003365220778326757
16217,0.003365220778326757
16218,0.003365220778326757
16219,0.003365220778326757
16220,0.003365220778326757
16221,0.003365220778326757
16222,0.003365220778326757
16223,0.003365220778326757
16224,0.003365220778326757
16225,0.003365220778326757
16226,0.003365220778326757
16227,0.003365220778326757
16228,0.003365220778326757
16229,0.003365220778326757
16230,0.003365220778326757
16231,0.003365220778326757
16232,0.003365220778326757
16233,0.003365220778326757
16234,0.003365220778326757
16235,0.003365220778326757
16236,0.003365220778326757
16237,0.003365220778326757
16238,0.003365220778326757
16239,0.003365220778326757
16240,0.003365220778326757
16241,0.003365220778326757
16242,0.003365220778326757
16243,0.003365220778326757
16244,0.003365220778326757
16245,0.003365220778326757
16246,0.003365220778326757
16247,0.003365220778326757
16248,0.003365220778326757
16249,0.003365220778326757
16250,0.003365220778326757
16251,0.003365220778326757
16252,0.003365220778326757
16253,0.003365220778326757
16254,0.003365220778326757
16255,0.003365220778326757
16256,0.003365220778326757
16257,0.003365220778326757
16258,0.003365220778326757
16259,0.003365220778326757
16260,0.003365220778326757
16261,0.003365220778326757
16262,0.003365220778326757
16263,0.003365220778326757
16264,0.003365220778326757
16265,0.003365220778326757
16266,0.003365220778326757
16267,0.003365220778326757
16268,0.003365220778326757
16269,0.003365220778326757
16270,0.003365220778326757
16271,0.003365220778326757
16272,0.003365220778326757
16273,0.003365220778326757
16274,0.003365220778326757
16275,0.003365220778326757
16276,0.003365220778326757
16277,0.003365220778326757
16278,0.003365220778326757
16279,0.003365220778326757
16280,0.003365220778326757
16281,0.003365220778326757
16282,0.003365220778326757
16283,0.003365220778326757
16284,0.003365220778326757
16285,0.003365220778326757
16286,0.003365220778326757
16287,0.003365220778326757
16288,0.003365220778326757
16289,0.003365220778326757
16290,0.003365220778326757
16291,0.003365220778326757
16292,0.003365220778326757
16293,0.003365220778326757
16294,0.003365220778326757
16295,0.003365220778326757
16296,0.003365220778326757
16297,0.003365220778326757
16298,0.003365220778326757
16299,0.003365220778326757
16300,0.003365220778326757
16301,0.003365220778326757
16302,0.003365220778326757
16303,0.003365220778326757
16304,0.003365220778326757
16305,0.003365220778326757
16306,0.003365220778326757
16307,0.003365220778326757
16308,0.003365220778326757
16309,0.003365220778326757
16310,0.003365220778326757
16311,0.003365220778326757
16312,0.003365220778326757
16313,0.003365220778326757
16314,0.003365220778326757
16315,0.003365220778326757
16316,0.003365220778326757
16317,0.003365220778326757
16318,0.003365220778326757
16319,0.003365220778326757
16320,0.003365220778326757
16321,0.003365220778326757
16322,0.003365220778326757
16323,0.003365220778326757
16324,0.003365220778326757
16325,0.003365220778326757
16326,0.003365220778326757
16327,0.003365220778326757
16328,0.003365220778326757
16329,0.003365220778326757
16330,0.003365220778326757
16331,0.003365220778326757
16332,0.003365220778326757
16333,0.003365220778326757
16334,0.003365220778326757
16335,0.003365220778326757
16336,0.003365220778326757
16337,0.003365220778326757
16338,0.003365220778326757
16339,0.003365220778326757
16340,0.003365220778326757
16341,0.003365220778326757
16342,0.003365220778326757
16343,0.003365220778326757
16344,0.003365220778326757
16345,0.003365220778326757
16346,0.003365220778326757
16347,0.003365220778326757
16348,0.003365220778326757
16349,0.003365220778326757
16350,0.003365220778326757
16351,0.003365220778326757
16352,0.003365220778326757
16353,0.003365220778326757
16354,0.003365220778326757
16355,0.003365220778326757
16356,0.003365220778326757
16357,0.003365220778326757
16358,0.003365220778326757
16359,0.003365220778326757
16360,0.003365220778326757
16361,0.003365220778326757
16362,0.003365220778326757
16363,0.003365220778326757
16364,0.003365220778326757
16365,0.003365220778326757
16366,0.003365220778326757
16367,0.003365220778326757
16368,0.003365220778326757
16369,0.003365220778326757
16370,0.003365220778326757
16371,0.003365220778326757
16372,0.003365220778326757
16373,0.003365220778326757
16374,0.003365220778326757
16375,0.003365220778326757
16376,0.003365220778326757
16377,0.003365220778326757
16378,0.003365220778326757
16379,0.003365220778326757
16380,0.003365220778326757
16381,0.003365220778326757
16382,0.003365220778326757
16383,0.003365220778326757
16384,0.003365220778326757
16385,0.003365220778326757
16386,0.003365220778326757
16387,0.003365220778326757
16388,0.003365220778326757
16389,0.003365220778326757
16390,0.003365220778326757
16391,0.003365220778326757
16392,0.003365220778326757
16393,0.003365220778326757
16394,0.003365220778326757
16395,0.003365220778326757
16396,0.003365220778326757
16397,0.003365220778326757
16398,0.003365220778326757
16399,0.003365220778326757
16400,0.003365220778326757
16401,0.003365220778326757
16402,0.003365220778326757
16403,0.003365220778326757
16404,0.003365220778326757
16405,0.003365220778326757
16406,0.003365220778326757
16407,0.003365220778326757
16408,0.003365220778326757
16409,0.003365220778326757
16410,0.003365220778326757
16411,0.003365220778326757
16412,0.003365220778326757
16413,0.003365220778326757
16414,0.003365220778326757
16415,0.003365220778326757
16416,0.003365220778326757
16417,0.003365220778326757
16418,0.003365220778326757
16419,0.003365220778326757
16420,0.003365220778326757
16421,0.003365220778326757
16422,0.003365220778326757
16423,0.003365220778326757
16424,0.003365220778326757
16425,0.003365220778326757
16426,0.003365220778326757
16427,0.003365220778326757
16428,0.003365220778326757
16429,0.003365220778326757
16430,0.003365220778326757
16431,0.003365220778326757
16432,0.003365220778326757
16433,0.003365220778326757
16434,0.003365220778326757
16435,0.003365220778326757
16436,0.003365220778326757
16437,0.003365220778326757
16438,0.003365220778326757
16439,0.003365220778326757
16440,0.003365220778326757
16441,0.003365220778326757
16442,0.003365220778326757
16443,0.003365220778326757
16444,0.003365220778326757
16445,0.003365220778326757
16446,0.003365220778326757
16447,0.003365220778326757
16448,0.003365220778326757
16449,0.003365220778326757
16450,0.003365220778326757
16451,0.003365220778326757
16452,0.003365220778326757
16453,0.003365220778326757
16454,0.003365220778326757
16455,0.003365220778326757
16456,0.003365220778326757
16457,0.003365220778326757
16458,0.003365220778326757
16459,0.003365220778326757
16460,0.003365220778326757
16461,0.003365220778326757
16462,0.003365220778326757
16463,0.003365220778326757
16464,0.003365220778326757
16465,0.003365220778326757
16466,0.003365220778326757
16467,0.003365220778326757
16468,0.003365220778326757
16469,0.003365220778326757
16470,0.003365220778326757
16471,0.003365220778326757
16472,0.003365220778326757
16473,0.003365220778326757
16474,0.003365220778326757
16475,0.003365220778326757
16476,0.003365220778326757
16477,0.003365220778326757
16478,0.003365220778326757
16479,0.003365220778326757
16480,0.003365220778326757
16481,0.003365220778326757
16482,0.003365220778326757
16483,0.003365220778326757
16484,0.003365220778326757
16485,0.003365220778326757
16486,0.003365220778326757
16487,0.003365220778326757
16488,0.003365220778326757
16489,0.003365220778326757
16490,0.003365220778326757
16491,0.003365220778326757
16492,0.003365220778326757
16493,0.003365220778326757
16494,0.003365220778326757
16495,0.003365220778326757
16496,0.003365220778326757
16497,0.003365220778326757
16498,0.003365220778326757
16499,0.003365220778326757
16500,0.003365220778326757
16501,0.003365220778326757
16502,0.003365220778326757
16503,0.003365220778326757
16504,0.003365220778326757
16505,0.003365220778326757
16506,0.003365220778326757
16507,0.003365220778326757
16508,0.003365220778326757
16509,0.003365220778326757
16510,0.003365220778326757
16511,0.003365220778326757
16512,0.003365220778326757
16513,0.003365220778326757
16514,0.003365220778326757
16515,0.003365220778326757
16516,0.003365220778326757
16517,0.003365220778326757
16518,0.003365220778326757
16519,0.003365220778326757
16520,0.003365220778326757
16521,0.003365220778326757
16522,0.003365220778326757
16523,0.003365220778326757
16524,0.003365220778326757
16525,0.003365220778326757
16526,0.003365220778326757
16527,0.003365220778326757
16528,0.003365220778326757
16529,0.003365220778326757
16530,0.003365220778326757
16531,0.003365220778326757
16532,0.003365220778326757
16533,0.003365220778326757
16534,0.003365220778326757
16535,0.003365220778326757
16536,0.003365220778326757
16537,0.003365220778326757
16538,0.003365220778326757
16539,0.003365220778326757
16540,0.003365220778326757
16541,0.003365220778326757
16542,0.003365220778326757
16543,0.003365220778326757
16544,0.003365220778326757
16545,0.003365220778326757
16546,0.003365220778326757
16547,0.003365220778326757
16548,0.003365220778326757
16549,0.003365220778326757
16550,0.003365220778326757
16551,0.003365220778326757
16552,0.003365220778326757
16553,0.003365220778326757
16554,0.003365220778326757
16555,0.003365220778326757
16556,0.003365220778326757
16557,0.003365220778326757
16558,0.003365220778326757
16559,0.003365220778326757
16560,0.003365220778326757
16561,0.003365220778326757
16562,0.003365220778326757
16563,0.003365220778326757
16564,0.003365220778326757
16565,0.003365220778326757
16566,0.003365220778326757
16567,0.003365220778326757
16568,0.003365220778326757
16569,0.003365220778326757
16570,0.003365220778326757
16571,0.003365220778326757
16572,0.003365220778326757
16573,0.003365220778326757
16574,0.003365220778326757
16575,0.003365220778326757
16576,0.003365220778326757
16577,0.003365220778326757
16578,0.003365220778326757
16579,0.003365220778326757
16580,0.003365220778326757
16581,0.003365220778326757
16582,0.003365220778326757
16583,0.003365220778326757
16584,0.003365220778326757
16585,0.003365220778326757
16586,0.003365220778326757
16587,0.003365220778326757
16588,0.003365220778326757
16589,0.003365220778326757
16590,0.003365220778326757
16591,0.003365220778326757
16592,0.003365220778326757
16593,0.003365220778326757
16594,0.003365220778326757
16595,0.003365220778326757
16596,0.003365220778326757
16597,0.003365220778326757
16598,0.003365220778326757
16599,0.003365220778326757
16600,0.003365220778326757
16601,0.003365220778326757
16602,0.003365220778326757
16603,0.003365220778326757
16604,0.003365220778326757
16605,0.003365220778326757
16606,0.003365220778326757
16607,0.003365220778326757
16608,0.003365220778326757
16609,0.003365220778326757
16610,0.003365220778326757
16611,0.003365220778326757
16612,0.003365220778326757
16613,0.003365220778326757
16614,0.003365220778326757
16615,0.003365220778326757
16616,0.003365220778326757
16617,0.003365220778326757
16618,0.003365220778326757
16619,0.003365220778326757
16620,0.003365220778326757
16621,0.003365220778326757
16622,0.003365220778326757
16623,0.003365220778326757
16624,0.003365220778326757
16625,0.003365220778326757
16626,0.003365220778326757
16627,0.003365220778326757
16628,0.003365220778326757
16629,0.003365220778326757
16630,0.003365220778326757
16631,0.003365220778326757
16632,0.003365220778326757
16633,0.003365220778326757
16634,0.003365220778326757
16635,0.003365220778326757
16636,0.003365220778326757
16637,0.003365220778326757
16638,0.003365220778326757
16639,0.003365220778326757
16640,0.003365220778326757
16641,0.003365220778326757
16642,0.003365220778326757
16643,0.003365220778326757
16644,0.003365220778326757
16645,0.003365220778326757
16646,0.003365220778326757
16647,0.003365220778326757
16648,0.003365220778326757
16649,0.003365220778326757
16650,0.003365220778326757
16651,0.003365220778326757
16652,0.003365220778326757
16653,0.003365220778326757
16654,0.003365220778326757
16655,0.003365220778326757
16656,0.003365220778326757
16657,0.003365220778326757
16658,0.003365220778326757
16659,0.003365220778326757
16660,0.003365220778326757
16661,0.003365220778326757
16662,0.003365220778326757
16663,0.003365220778326757
16664,0.003365220778326757
16665,0.003365220778326757
16666,0.003365220778326757
16667,0.003365220778326757
16668,0.003365220778326757
16669,0.003365220778326757
16670,0.003365220778326757
16671,0.003365220778326757
16672,0.003365220778326757
16673,0.003365220778326757
16674,0.003365220778326757
16675,0.003365220778326757
16676,0.003365220778326757
16677,0.003365220778326757
16678,0.003365220778326757
16679,0.003365220778326757
16680,0.003365220778326757
16681,0.003365220778326757
16682,0.003365220778326757
16683,0.003365220778326757
16684,0.003365220778326757
16685,0.003365220778326757
16686,0.003365220778326757
16687,0.003365220778326757
16688,0.003365220778326757
16689,0.003365220778326757
16690,0.003365220778326757
16691,0.003365220778326757
16692,0.003365220778326757
16693,0.003365220778326757
16694,0.003365220778326757
16695,0.003365220778326757
16696,0.003365220778326757
16697,0.003365220778326757
16698,0.003365220778326757
16699,0.003365220778326757
16700,0.003365220778326757
16701,0.003365220778326757
16702,0.003365220778326757
16703,0.003365220778326757
16704,0.003365220778326757
16705,0.003365220778326757
16706,0.003365220778326757
16707,0.003365220778326757
16708,0.003365220778326757
16709,0.003365220778326757
16710,0.003365220778326757
16711,0.003365220778326757
16712,0.003365220778326757
16713,0.003365220778326757
16714,0.003365220778326757
16715,0.003365220778326757
16716,0.003365220778326757
16717,0.003365220778326757
16718,0.003365220778326757
16719,0.003365220778326757
16720,0.003365220778326757
16721,0.003365220778326757
16722,0.003365220778326757
16723,0.003365220778326757
16724,0.003365220778326757
16725,0.003365220778326757
16726,0.003365220778326757
16727,0.003365220778326757
16728,0.003365220778326757
16729,0.003365220778326757
16730,0.003365220778326757
16731,0.003365220778326757
16732,0.003365220778326757
16733,0.003365220778326757
16734,0.003365220778326757
16735,0.003365220778326757
16736,0.003365220778326757
16737,0.003365220778326757
16738,0.003365220778326757
16739,0.003365220778326757
16740,0.003365220778326757
16741,0.003365220778326757
16742,0.003365220778326757
16743,0.003365220778326757
16744,0.003365220778326757
16745,0.003365220778326757
16746,0.003365220778326757
16747,0.003365220778326757
16748,0.003365220778326757
16749,0.003365220778326757
16750,0.003365220778326757
16751,0.003365220778326757
16752,0.003365220778326757
16753,0.003365220778326757
16754,0.003365220778326757
16755,0.003365220778326757
16756,0.003365220778326757
16757,0.003365220778326757
16758,0.003365220778326757
16759,0.003365220778326757
16760,0.003365220778326757
16761,0.003365220778326757
16762,0.003365220778326757
16763,0.003365220778326757
16764,0.003365220778326757
16765,0.003365220778326757
16766,0.003365220778326757
16767,0.003365220778326757
16768,0.003365220778326757
16769,0.003365220778326757
16770,0.003365220778326757
16771,0.003365220778326757
16772,0.003365220778326757
16773,0.003365220778326757
16774,0.003365220778326757
16775,0.003365220778326757
16776,0.003365220778326757
16777,0.003365220778326757
16778,0.003365220778326757
16779,0.003365220778326757
16780,0.003365220778326757
16781,0.003365220778326757
16782,0.003365220778326757
16783,0.003365220778326757
16784,0.003365220778326757
16785,0.003365220778326757
16786,0.003365220778326757
16787,0.003365220778326757
16788,0.003365220778326757
16789,0.003365220778326757
16790,0.003365220778326757
16791,0.003365220778326757
16792,0.003365220778326757
16793,0.003365220778326757
16794,0.003365220778326757
16795,0.003365220778326757
16796,0.003365220778326757
16797,0.003365220778326757
16798,0.003365220778326757
16799,0.003365220778326757
16800,0.003365220778326757
16801,0.003365220778326757
16802,0.003365220778326757
16803,0.003365220778326757
16804,0.003365220778326757
16805,0.003365220778326757
16806,0.003365220778326757
16807,0.003365220778326757
16808,0.003365220778326757
16809,0.003365220778326757
16810,0.003365220778326757
16811,0.003365220778326757
16812,0.003365220778326757
16813,0.003365220778326757
16814,0.003365220778326757
16815,0.003365220778326757
16816,0.003365220778326757
16817,0.003365220778326757
16818,0.003365220778326757
16819,0.003365220778326757
16820,0.003365220778326757
16821,0.003365220778326757
16822,0.003365220778326757
16823,0.003365220778326757
16824,0.003365220778326757
16825,0.003365220778326757
16826,0.003365220778326757
16827,0.003365220778326757
16828,0.003365220778326757
16829,0.003365220778326757
16830,0.003365220778326757
16831,0.003365220778326757
16832,0.003365220778326757
16833,0.003365220778326757
16834,0.003365220778326757
16835,0.003365220778326757
16836,0.003365220778326757
16837,0.003365220778326757
16838,0.003365220778326757
16839,0.003365220778326757
16840,0.003365220778326757
16841,0.003365220778326757
16842,0.003365220778326757
16843,0.003365220778326757
16844,0.003365220778326757
16845,0.003365220778326757
16846,0.003365220778326757
16847,0.003365220778326757
16848,0.003365220778326757
16849,0.003365220778326757
16850,0.003365220778326757
16851,0.003365220778326757
16852,0.003365220778326757
16853,0.003365220778326757
16854,0.003365220778326757
16855,0.003365220778326757
16856,0.003365220778326757
16857,0.003365220778326757
16858,0.003365220778326757
16859,0.003365220778326757
16860,0.003365220778326757
16861,0.003365220778326757
16862,0.003365220778326757
16863,0.003365220778326757
16864,0.003365220778326757
16865,0.003365220778326757
16866,0.003365220778326757
16867,0.003365220778326757
16868,0.003365220778326757
16869,0.003365220778326757
16870,0.003365220778326757
16871,0.003365220778326757
16872,0.003365220778326757
16873,0.003365220778326757
16874,0.003365220778326757
16875,0.003365220778326757
16876,0.003365220778326757
16877,0.003365220778326757
16878,0.003365220778326757
16879,0.003365220778326757
16880,0.003365220778326757
16881,0.003365220778326757
16882,0.003365220778326757
16883,0.003365220778326757
16884,0.003365220778326757
16885,0.003365220778326757
16886,0.003365220778326757
16887,0.003365220778326757
16888,0.003365220778326757
16889,0.003365220778326757
16890,0.003365220778326757
16891,0.003365220778326757
16892,0.003365220778326757
16893,0.003365220778326757
16894,0.003365220778326757
16895,0.003365220778326757
16896,0.003365220778326757
16897,0.003365220778326757
16898,0.003365220778326757
16899,0.003365220778326757
16900,0.003365220778326757
16901,0.003365220778326757
16902,0.003365220778326757
16903,0.003365220778326757
16904,0.003365220778326757
16905,0.003365220778326757
16906,0.003365220778326757
16907,0.003365220778326757
16908,0.003365220778326757
16909,0.003365220778326757
16910,0.003365220778326757
16911,0.003365220778326757
16912,0.003365220778326757
16913,0.003365220778326757
16914,0.003365220778326757
16915,0.003365220778326757
16916,0.003365220778326757
16917,0.003365220778326757
16918,0.003365220778326757
16919,0.003365220778326757
16920,0.003365220778326757
16921,0.003365220778326757
16922,0.003365220778326757
16923,0.003365220778326757
16924,0.003365220778326757
16925,0.003365220778326757
16926,0.003365220778326757
16927,0.003365220778326757
16928,0.003365220778326757
16929,0.003365220778326757
16930,0.003365220778326757
16931,0.003365220778326757
16932,0.003365220778326757
16933,0.003365220778326757
16934,0.003365220778326757
16935,0.003365220778326757
16936,0.003365220778326757
16937,0.003365220778326757
16938,0.003365220778326757
16939,0.003365220778326757
16940,0.003365220778326757
16941,0.003365220778326757
16942,0.003365220778326757
16943,0.003365220778326757
16944,0.003365220778326757
16945,0.003365220778326757
16946,0.003365220778326757
16947,0.003365220778326757
16948,0.003365220778326757
16949,0.003365220778326757
16950,0.003365220778326757
16951,0.003365220778326757
16952,0.003365220778326757
16953,0.003365220778326757
16954,0.003365220778326757
16955,0.003365220778326757
16956,0.003365220778326757
16957,0.003365220778326757
16958,0.003365220778326757
16959,0.003365220778326757
16960,0.003365220778326757
16961,0.003365220778326757
16962,0.003365220778326757
16963,0.003365220778326757
16964,0.003365220778326757
16965,0.003365220778326757
16966,0.003365220778326757
16967,0.003365220778326757
16968,0.003365220778326757
16969,0.003365220778326757
16970,0.003365220778326757
16971,0.003365220778326757
16972,0.003365220778326757
16973,0.003365220778326757
16974,0.003365220778326757
16975,0.003365220778326757
16976,0.003365220778326757
16977,0.003365220778326757
16978,0.003365220778326757
16979,0.003365220778326757
16980,0.003365220778326757
16981,0.003365220778326757
16982,0.003365220778326757
16983,0.003365220778326757
16984,0.003365220778326757
16985,0.003365220778326757
16986,0.003365220778326757
16987,0.003365220778326757
16988,0.003365220778326757
16989,0.003365220778326757
16990,0.003365220778326757
16991,0.003365220778326757
16992,0.003365220778326757
16993,0.003365220778326757
16994,0.003365220778326757
16995,0.003365220778326757
16996,0.003365220778326757
16997,0.003365220778326757
16998,0.003365220778326757
16999,0.003365220778326757
17000,0.003365220778326757
17001,0.003365220778326757
17002,0.003365220778326757
17003,0.003365220778326757
17004,0.003365220778326757
17005,0.003365220778326757
17006,0.003365220778326757
17007,0.003365220778326757
17008,0.003365220778326757
17009,0.003365220778326757
17010,0.003365220778326757
17011,0.003365220778326757
17012,0.003365220778326757
17013,0.003365220778326757
17014,0.003365220778326757
17015,0.003365220778326757
17016,0.003365220778326757
17017,0.003365220778326757
17018,0.003365220778326757
17019,0.003365220778326757
17020,0.003365220778326757
17021,0.003365220778326757
17022,0.003365220778326757
17023,0.003365220778326757
17024,0.003365220778326757
17025,0.003365220778326757
17026,0.003365220778326757
17027,0.003365220778326757
17028,0.003365220778326757
17029,0.003365220778326757
17030,0.003365220778326757
17031,0.003365220778326757
17032,0.003365220778326757
17033,0.003365220778326757
17034,0.003365220778326757
17035,0.003365220778326757
17036,0.003365220778326757
17037,0.003365220778326757
17038,0.003365220778326757
17039,0.003365220778326757
17040,0.003365220778326757
17041,0.003365220778326757
17042,0.003365220778326757
17043,0.003365220778326757
17044,0.003365220778326757
17045,0.003365220778326757
17046,0.003365220778326757
17047,0.003365220778326757
17048,0.003365220778326757
17049,0.003365220778326757
17050,0.003365220778326757
17051,0.003365220778326757
17052,0.003365220778326757
17053,0.003365220778326757
17054,0.003365220778326757
17055,0.003365220778326757
17056,0.003365220778326757
17057,0.003365220778326757
17058,0.003365220778326757
17059,0.003365220778326757
17060,0.003365220778326757
17061,0.003365220778326757
17062,0.003365220778326757
17063,0.003365220778326757
17064,0.003365220778326757
17065,0.003365220778326757
17066,0.003365220778326757
17067,0.003365220778326757
17068,0.003365220778326757
17069,0.003365220778326757
17070,0.003365220778326757
17071,0.003365220778326757
17072,0.003365220778326757
17073,0.003365220778326757
17074,0.003365220778326757
17075,0.003365220778326757
17076,0.003365220778326757
17077,0.003365220778326757
17078,0.003365220778326757
17079,0.003365220778326757
17080,0.003365220778326757
17081,0.003365220778326757
17082,0.003365220778326757
17083,0.003365220778326757
17084,0.003365220778326757
17085,0.003365220778326757
17086,0.003365220778326757
17087,0.003365220778326757
17088,0.003365220778326757
17089,0.003365220778326757
17090,0.003365220778326757
17091,0.003365220778326757
17092,0.003365220778326757
17093,0.003365220778326757
17094,0.003365220778326757
17095,0.003365220778326757
17096,0.003365220778326757
17097,0.003365220778326757
17098,0.003365220778326757
17099,0.003365220778326757
17100,0.003365220778326757
17101,0.003365220778326757
17102,0.003365220778326757
17103,0.003365220778326757
17104,0.003365220778326757
17105,0.003365220778326757
17106,0.003365220778326757
17107,0.003365220778326757
17108,0.003365220778326757
17109,0.003365220778326757
17110,0.003365220778326757
17111,0.003365220778326757
17112,0.003365220778326757
17113,0.003365220778326757
17114,0.003365220778326757
17115,0.003365220778326757
17116,0.003365220778326757
17117,0.003365220778326757
17118,0.003365220778326757
17119,0.003365220778326757
17120,0.003365220778326757
17121,0.003365220778326757
17122,0.003365220778326757
17123,0.003365220778326757
17124,0.003365220778326757
17125,0.003365220778326757
17126,0.003365220778326757
17127,0.003365220778326757
17128,0.003365220778326757
17129,0.003365220778326757
17130,0.003365220778326757
17131,0.003365220778326757
17132,0.003365220778326757
17133,0.003365220778326757
17134,0.003365220778326757
17135,0.003365220778326757
17136,0.003365220778326757
17137,0.003365220778326757
17138,0.003365220778326757
17139,0.003365220778326757
17140,0.003365220778326757
17141,0.003365220778326757
17142,0.003365220778326757
17143,0.003365220778326757
17144,0.003365220778326757
17145,0.003365220778326757
17146,0.003365220778326757
17147,0.003365220778326757
17148,0.003365220778326757
17149,0.003365220778326757
17150,0.003365220778326757
17151,0.003365220778326757
17152,0.003365220778326757
17153,0.003365220778326757
17154,0.003365220778326757
17155,0.003365220778326757
17156,0.003365220778326757
17157,0.003365220778326757
17158,0.003365220778326757
17159,0.003365220778326757
17160,0.003365220778326757
17161,0.003365220778326757
17162,0.003365220778326757
17163,0.003365220778326757
17164,0.003365220778326757
17165,0.003365220778326757
17166,0.003365220778326757
17167,0.003365220778326757
17168,0.003365220778326757
17169,0.003365220778326757
17170,0.003365220778326757
17171,0.003365220778326757
17172,0.003365220778326757
17173,0.003365220778326757
17174,0.003365220778326757
17175,0.003365220778326757
17176,0.003365220778326757
17177,0.003365220778326757
17178,0.003365220778326757
17179,0.003365220778326757
17180,0.003365220778326757
17181,0.003365220778326757
17182,0.003365220778326757
17183,0.003365220778326757
17184,0.003365220778326757
17185,0.003365220778326757
17186,0.003365220778326757
17187,0.003365220778326757
17188,0.003365220778326757
17189,0.003365220778326757
17190,0.003365220778326757
17191,0.003365220778326757
17192,0.003365220778326757
17193,0.003365220778326757
17194,0.003365220778326757
17195,0.003365220778326757
17196,0.003365220778326757
17197,0.003365220778326757
17198,0.003365220778326757
17199,0.003365220778326757
17200,0.003365220778326757
17201,0.003365220778326757
17202,0.003365220778326757
17203,0.003365220778326757
17204,0.003365220778326757
17205,0.003365220778326757
17206,0.003365220778326757
17207,0.003365220778326757
17208,0.003365220778326757
17209,0.003365220778326757
17210,0.003365220778326757
17211,0.003365220778326757
17212,0.003365220778326757
17213,0.003365220778326757
17214,0.003365220778326757
17215,0.003365220778326757
17216,0.003365220778326757
17217,0.003365220778326757
17218,0.003365220778326757
17219,0.003365220778326757
17220,0.003365220778326757
17221,0.003365220778326757
17222,0.003365220778326757
17223,0.003365220778326757
17224,0.003365220778326757
17225,0.003365220778326757
17226,0.003365220778326757
17227,0.003365220778326757
17228,0.003365220778326757
17229,0.003365220778326757
17230,0.003365220778326757
17231,0.003365220778326757
17232,0.003365220778326757
17233,0.003365220778326757
17234,0.003365220778326757
17235,0.003365220778326757
17236,0.003365220778326757
17237,0.003365220778326757
17238,0.003365220778326757
17239,0.003365220778326757
17240,0.003365220778326757
17241,0.003365220778326757
17242,0.003365220778326757
17243,0.003365220778326757
17244,0.003365220778326757
17245,0.003365220778326757
17246,0.003365220778326757
17247,0.003365220778326757
17248,0.003365220778326757
17249,0.003365220778326757
17250,0.003365220778326757
17251,0.003365220778326757
17252,0.003365220778326757
17253,0.003365220778326757
17254,0.003365220778326757
17255,0.003365220778326757
17256,0.003365220778326757
17257,0.003365220778326757
17258,0.003365220778326757
17259,0.003365220778326757
17260,0.003365220778326757
17261,0.003365220778326757
17262,0.003365220778326757
17263,0.003365220778326757
17264,0.003365220778326757
17265,0.003365220778326757
17266,0.003365220778326757
17267,0.003365220778326757
17268,0.003365220778326757
17269,0.003365220778326757
17270,0.003365220778326757
17271,0.003365220778326757
17272,0.003365220778326757
17273,0.003365220778326757
17274,0.003365220778326757
17275,0.003365220778326757
17276,0.003365220778326757
17277,0.003365220778326757
17278,0.003365220778326757
17279,0.003365220778326757
17280,0.003365220778326757
17281,0.003365220778326757
17282,0.003365220778326757
17283,0.003365220778326757
17284,0.003365220778326757
17285,0.003365220778326757
17286,0.003365220778326757
17287,0.003365220778326757
17288,0.003365220778326757
17289,0.003365220778326757
17290,0.003365220778326757
17291,0.003365220778326757
17292,0.003365220778326757
17293,0.003365220778326757
17294,0.003365220778326757
17295,0.003365220778326757
17296,0.003365220778326757
17297,0.003365220778326757
17298,0.003365220778326757
17299,0.003365220778326757
17300,0.003365220778326757
17301,0.003365220778326757
17302,0.003365220778326757
17303,0.003365220778326757
17304,0.003365220778326757
17305,0.003365220778326757
17306,0.003365220778326757
17307,0.003365220778326757
17308,0.003365220778326757
17309,0.003365220778326757
17310,0.003365220778326757
17311,0.003365220778326757
17312,0.003365220778326757
17313,0.003365220778326757
17314,0.003365220778326757
17315,0.003365220778326757
17316,0.003365220778326757
17317,0.003365220778326757
17318,0.003365220778326757
17319,0.003365220778326757
17320,0.003365220778326757
17321,0.003365220778326757
17322,0.003365220778326757
17323,0.003365220778326757
17324,0.003365220778326757
17325,0.003365220778326757
17326,0.003365220778326757
17327,0.003365220778326757
17328,0.003365220778326757
17329,0.003365220778326757
17330,0.003365220778326757
17331,0.003365220778326757
17332,0.003365220778326757
17333,0.003365220778326757
17334,0.003365220778326757
17335,0.003365220778326757
17336,0.003365220778326757
17337,0.003365220778326757
17338,0.003365220778326757
17339,0.003365220778326757
