sample,best_train_mse
1,0.4644826708203586
2,0.2688679326166435
3,0.07356049911017257
4,0.07356049911017257
5,0.024360583049606786
6,0.0050620338921539
7,0.0050620338921539
8,0.0050620338921539
9,0.0050620338921539
10,0.0050620338921539
11,0.0050620338921539
12,0.0050620338921539
13,0.0050620338921539
14,0.0050620338921539
15,0.004727424708227066
16,0.004727424708227066
17,0.004727424708227066
18,0.004727424708227066
19,0.004727424708227066
20,0.004727424708227066
21,0.004727424708227066
22,0.004727424708227066
23,0.004727424708227066
24,0.004727424708227066
25,0.004727424708227066
26,0.004727424708227066
27,0.004727424708227066
28,0.004727424708227066
29,0.004727424708227066
30,0.004727424708227066
31,0.004727424708227066
32,0.004727424708227066
33,0.004727424708227066
34,0.004727424708227066
35,0.004727424708227066
36,0.004727424708227066
37,0.004727424708227066
38,0.004727424708227066
39,0.004727424708227066
40,0.004727424708227066
41,0.004727424708227066
42,0.004727424708227066
43,0.004727424708227066
44,0.004727424708227066
45,0.004727424708227066
46,0.004727424708227066
47,0.004727424708227066
48,0.004727424708227066
49,0.004727424708227066
50,0.004727424708227066
51,0.004727424708227066
52,0.004727424708227066
53,0.004727424708227066
54,0.004727424708227066
55,0.004727424708227066
56,0.004727424708227066
57,0.004727424708227066
58,0.004727424708227066
59,0.004727424708227066
60,0.004727424708227066
61,0.004727424708227066
62,0.004727424708227066
63,0.004727424708227066
64,0.004727424708227066
65,0.004727424708227066
66,0.004727424708227066
67,0.004727424708227066
68,0.004727424708227066
69,0.004727424708227066
70,0.004727424708227066
71,0.004727424708227066
72,0.004727424708227066
73,0.004727424708227066
74,0.004727424708227066
75,0.004727424708227066
76,0.004727424708227066
77,0.004727424708227066
78,0.004727424708227066
79,0.004727424708227066
80,0.004727424708227066
81,0.004727424708227066
82,0.004727424708227066
83,0.004727424708227066
84,0.004727424708227066
85,0.004727424708227066
86,0.004727424708227066
87,0.004727424708227066
88,0.004727424708227066
89,0.004727424708227066
90,0.004727424708227066
91,0.004727424708227066
92,0.004727424708227066
93,0.004727424708227066
94,0.004727424708227066
95,0.004727424708227066
96,0.004727424708227066
97,0.004727424708227066
98,0.004727424708227066
99,0.004727424708227066
100,0.004727424708227066
101,0.004727424708227066
102,0.004727424708227066
103,0.004727424708227066
104,0.004727424708227066
105,0.004727424708227066
106,0.004727424708227066
107,0.004727424708227066
108,0.004727424708227066
109,0.004727424708227066
110,0.004727424708227066
111,0.004727424708227066
112,0.004727424708227066
113,0.004727424708227066
114,0.004727424708227066
115,0.004727424708227066
116,0.004727424708227066
117,0.004727424708227066
118,0.004727424708227066
119,0.004727424708227066
120,0.004727424708227066
121,0.004727424708227066
122,0.004727424708227066
123,0.004727424708227066
124,0.004727424708227066
125,0.004727424708227066
126,0.004727424708227066
127,0.004727424708227066
128,0.004727424708227066
129,0.004727424708227066
130,0.004727424708227066
131,0.004727424708227066
132,0.004727424708227066
133,0.004727424708227066
134,0.004727424708227066
135,0.004727424708227066
136,0.004727424708227066
137,0.004727424708227066
138,0.004727424708227066
139,0.004727424708227066
140,0.004727424708227066
141,0.004727424708227066
142,0.004727424708227066
143,0.004727424708227066
144,0.004727424708227066
145,0.004727424708227066
146,0.004727424708227066
147,0.004727424708227066
148,0.004727424708227066
149,0.004727424708227066
150,0.004727424708227066
151,0.004727424708227066
152,0.004727424708227066
153,0.004727424708227066
154,0.004727424708227066
155,0.004727424708227066
156,0.004727424708227066
157,0.004727424708227066
158,0.004727424708227066
159,0.004727424708227066
160,0.004727424708227066
161,0.004727424708227066
162,0.004727424708227066
163,0.004727424708227066
164,0.004727424708227066
165,0.004727424708227066
166,0.004727424708227066
167,0.004727424708227066
168,0.004727424708227066
169,0.004727424708227066
170,0.004727424708227066
171,0.004727424708227066
172,0.004727424708227066
173,0.004727424708227066
174,0.004727424708227066
175,0.004727424708227066
176,0.004727424708227066
177,0.004727424708227066
178,0.004727424708227066
179,0.004727424708227066
180,0.004727424708227066
181,0.004727424708227066
182,0.004727424708227066
183,0.004727424708227066
184,0.004727424708227066
185,0.004727424708227066
186,0.004727424708227066
187,0.004727424708227066
188,0.004727424708227066
189,0.004727424708227066
190,0.004727424708227066
191,0.004727424708227066
192,0.004727424708227066
193,0.004727424708227066
194,0.004727424708227066
195,0.004727424708227066
196,0.004727424708227066
197,0.004727424708227066
198,0.004727424708227066
199,0.004616222206386286
200,0.004616222206386286
201,0.004616222206386286
202,0.004616222206386286
203,0.004616222206386286
204,0.004616222206386286
205,0.004616222206386286
206,0.004616222206386286
207,0.004616222206386286
208,0.004616222206386286
209,0.004616222206386286
210,0.004616222206386286
211,0.004616222206386286
212,0.004616222206386286
213,0.004616222206386286
214,0.004616222206386286
215,0.004616222206386286
216,0.004616222206386286
217,0.004616222206386286
218,0.004616222206386286
219,0.004616222206386286
220,0.004616222206386286
221,0.004616222206386286
222,0.004616222206386286
223,0.004616222206386286
224,0.004616222206386286
225,0.004616222206386286
226,0.004616222206386286
227,0.004616222206386286
228,0.004616222206386286
229,0.004616222206386286
230,0.004616222206386286
231,0.004616222206386286
232,0.004616222206386286
233,0.004616222206386286
234,0.004616222206386286
235,0.004616222206386286
236,0.004616222206386286
237,0.004616222206386286
238,0.004616222206386286
239,0.004616222206386286
240,0.004616222206386286
241,0.004616222206386286
242,0.004616222206386286
243,0.004616222206386286
244,0.004616222206386286
245,0.004616222206386286
246,0.004616222206386286
247,0.004616222206386286
248,0.004616222206386286
249,0.004616222206386286
250,0.004616222206386286
251,0.004616222206386286
252,0.004616222206386286
253,0.004616222206386286
254,0.004616222206386286
255,0.004616222206386286
256,0.004616222206386286
257,0.004616222206386286
258,0.004616222206386286
259,0.004616222206386286
260,0.004616222206386286
261,0.004616222206386286
262,0.004616222206386286
263,0.004616222206386286
264,0.004616222206386286
265,0.004616222206386286
266,0.004616222206386286
267,0.004616222206386286
268,0.004616222206386286
269,0.004616222206386286
270,0.004616222206386286
271,0.004616222206386286
272,0.004616222206386286
273,0.004616222206386286
274,0.004616222206386286
275,0.004616222206386286
276,0.004616222206386286
277,0.004616222206386286
278,0.004616222206386286
279,0.004616222206386286
280,0.004616222206386286
281,0.004616222206386286
282,0.004616222206386286
283,0.004616222206386286
284,0.004616222206386286
285,0.004616222206386286
286,0.004616222206386286
287,0.004616222206386286
288,0.004616222206386286
289,0.004616222206386286
290,0.004616222206386286
291,0.004616222206386286
292,0.004349943235667629
293,0.004349943235667629
294,0.00433679233160501
295,0.00433679233160501
296,0.00433679233160501
297,0.00433679233160501
298,0.00433679233160501
299,0.00433679233160501
300,0.00433679233160501
301,0.00433679233160501
302,0.00433679233160501
303,0.00433679233160501
304,0.00433679233160501
305,0.00433679233160501
306,0.00433679233160501
307,0.00433679233160501
308,0.00433679233160501
309,0.00433679233160501
310,0.00433679233160501
311,0.00433679233160501
312,0.00433679233160501
313,0.00433679233160501
314,0.00433679233160501
315,0.00433679233160501
316,0.00433679233160501
317,0.00433679233160501
318,0.00433679233160501
319,0.00433679233160501
320,0.00433679233160501
321,0.00433679233160501
322,0.00433679233160501
323,0.00433679233160501
324,0.00433679233160501
325,0.00433679233160501
326,0.00433679233160501
327,0.00433679233160501
328,0.00433679233160501
329,0.00433679233160501
330,0.00433679233160501
331,0.00433679233160501
332,0.00433679233160501
333,0.00433679233160501
334,0.00433679233160501
335,0.00433679233160501
336,0.00433679233160501
337,0.00433679233160501
338,0.00433679233160501
339,0.00433679233160501
340,0.00433679233160501
341,0.00433679233160501
342,0.00433679233160501
343,0.00433679233160501
344,0.00433679233160501
345,0.00433679233160501
346,0.00433679233160501
347,0.00433679233160501
348,0.00433679233160501
349,0.00433679233160501
350,0.00433679233160501
351,0.00433679233160501
352,0.00433679233160501
353,0.00433679233160501
354,0.00433679233160501
355,0.00433679233160501
356,0.00433679233160501
357,0.00433679233160501
358,0.00433679233160501
359,0.00433679233160501
360,0.00433679233160501
361,0.00433679233160501
362,0.00433679233160501
363,0.00433679233160501
364,0.00433679233160501
365,0.00433679233160501
366,0.00433679233160501
367,0.00433679233160501
368,0.00433679233160501
369,0.00433679233160501
370,0.00433679233160501
371,0.00433679233160501
372,0.00433679233160501
373,0.00433679233160501
374,0.00433679233160501
375,0.00433679233160501
376,0.00433679233160501
377,0.00433679233160501
378,0.00433679233160501
379,0.00433679233160501
380,0.00433679233160501
381,0.00433679233160501
382,0.00433679233160501
383,0.00433679233160501
384,0.00433679233160501
385,0.00433679233160501
386,0.00433679233160501
387,0.00433679233160501
388,0.00433679233160501
389,0.00433679233160501
390,0.00433679233160501
391,0.00433679233160501
392,0.00433679233160501
393,0.00433679233160501
394,0.00433679233160501
395,0.00433679233160501
396,0.00433679233160501
397,0.00433679233160501
398,0.00433679233160501
399,0.00433679233160501
400,0.00433679233160501
401,0.00433679233160501
402,0.00433679233160501
403,0.00433679233160501
404,0.00433679233160501
405,0.00433679233160501
406,0.00433679233160501
407,0.00433679233160501
408,0.00433679233160501
409,0.00433679233160501
410,0.00433679233160501
411,0.00433679233160501
412,0.00433679233160501
413,0.00433679233160501
414,0.00433679233160501
415,0.00433679233160501
416,0.00433679233160501
417,0.00433679233160501
418,0.00433679233160501
419,0.00433679233160501
420,0.00433679233160501
421,0.00433679233160501
422,0.00433679233160501
423,0.00433679233160501
424,0.00433679233160501
425,0.00433679233160501
426,0.00433679233160501
427,0.00433679233160501
428,0.00433679233160501
429,0.00433679233160501
430,0.00433679233160501
431,0.00433679233160501
432,0.00433679233160501
433,0.00433679233160501
434,0.00433679233160501
435,0.00433679233160501
436,0.00433679233160501
437,0.00433679233160501
438,0.00433679233160501
439,0.00433679233160501
440,0.00433679233160501
441,0.00433679233160501
442,0.00433679233160501
443,0.00433679233160501
444,0.00433679233160501
445,0.00433679233160501
446,0.00433679233160501
447,0.00433679233160501
448,0.00433679233160501
449,0.00433679233160501
450,0.00433679233160501
451,0.00433679233160501
452,0.00433679233160501
453,0.00433679233160501
454,0.00433679233160501
455,0.00433679233160501
456,0.00433679233160501
457,0.00433679233160501
458,0.00433679233160501
459,0.00433679233160501
460,0.00433679233160501
461,0.00433679233160501
462,0.00433679233160501
463,0.00433679233160501
464,0.00433679233160501
465,0.00433679233160501
466,0.00433679233160501
467,0.00433679233160501
468,0.00433679233160501
469,0.00433679233160501
470,0.00433679233160501
471,0.00433679233160501
472,0.00433679233160501
473,0.00433679233160501
474,0.00433679233160501
475,0.00433679233160501
476,0.00433679233160501
477,0.00433679233160501
478,0.00433679233160501
479,0.00433679233160501
480,0.00433679233160501
481,0.00433679233160501
482,0.00433679233160501
483,0.00433679233160501
484,0.00433679233160501
485,0.00433679233160501
486,0.00433679233160501
487,0.00433679233160501
488,0.00433679233160501
489,0.00433679233160501
490,0.00433679233160501
491,0.00433679233160501
492,0.00433679233160501
493,0.00433679233160501
494,0.00433679233160501
495,0.00433679233160501
496,0.00433679233160501
497,0.00433679233160501
498,0.00433679233160501
499,0.00433679233160501
500,0.00433679233160501
501,0.00433679233160501
502,0.00433679233160501
503,0.00433679233160501
504,0.00433679233160501
505,0.00433679233160501
506,0.00433679233160501
507,0.00433679233160501
508,0.00433679233160501
509,0.00433679233160501
510,0.00433679233160501
511,0.00433679233160501
512,0.00433679233160501
513,0.00433679233160501
514,0.00433679233160501
515,0.00433679233160501
516,0.00433679233160501
517,0.00433679233160501
518,0.00433679233160501
519,0.00433679233160501
520,0.00433679233160501
521,0.00433679233160501
522,0.00433679233160501
523,0.00433679233160501
524,0.00433679233160501
525,0.00433679233160501
526,0.00433679233160501
527,0.00433679233160501
528,0.00433679233160501
529,0.00433679233160501
530,0.00433679233160501
531,0.00433679233160501
532,0.00433679233160501
533,0.00433679233160501
534,0.00433679233160501
535,0.00433679233160501
536,0.00433679233160501
537,0.00433679233160501
538,0.00433679233160501
539,0.00433679233160501
540,0.00433679233160501
541,0.00433679233160501
542,0.00433679233160501
543,0.00433679233160501
544,0.00433679233160501
545,0.00433679233160501
546,0.00433679233160501
547,0.00433679233160501
548,0.00433679233160501
549,0.00433679233160501
550,0.00433679233160501
551,0.00433679233160501
552,0.00433679233160501
553,0.00433679233160501
554,0.00433679233160501
555,0.00433679233160501
556,0.00433679233160501
557,0.00433679233160501
558,0.00433679233160501
559,0.00433679233160501
560,0.00433679233160501
561,0.00433679233160501
562,0.00433679233160501
563,0.00433679233160501
564,0.00433679233160501
565,0.00433679233160501
566,0.00433679233160501
567,0.00433679233160501
568,0.00433679233160501
569,0.00433679233160501
570,0.00433679233160501
571,0.00433679233160501
572,0.00433679233160501
573,0.00433679233160501
574,0.00433679233160501
575,0.00433679233160501
576,0.00433679233160501
577,0.00433679233160501
578,0.00433679233160501
579,0.00433679233160501
580,0.00433679233160501
581,0.00433679233160501
582,0.00433679233160501
583,0.00433679233160501
584,0.00433679233160501
585,0.00433679233160501
586,0.00433679233160501
587,0.00433679233160501
588,0.00433679233160501
589,0.00433679233160501
590,0.00433679233160501
591,0.00433679233160501
592,0.00433679233160501
593,0.00433679233160501
594,0.00433679233160501
595,0.00433679233160501
596,0.00433679233160501
597,0.00433679233160501
598,0.00433679233160501
599,0.00433679233160501
600,0.00433679233160501
601,0.00433679233160501
602,0.00433679233160501
603,0.00433679233160501
604,0.00433679233160501
605,0.00433679233160501
606,0.00433679233160501
607,0.00433679233160501
608,0.00433679233160501
609,0.00433679233160501
610,0.00433679233160501
611,0.00433679233160501
612,0.00433679233160501
613,0.00433679233160501
614,0.00433679233160501
615,0.00433679233160501
616,0.00433679233160501
617,0.00433679233160501
618,0.00433679233160501
619,0.00433679233160501
620,0.00433679233160501
621,0.00433679233160501
622,0.00433679233160501
623,0.00433679233160501
624,0.00433679233160501
625,0.00433679233160501
626,0.00433679233160501
627,0.00433679233160501
628,0.00433679233160501
629,0.00433679233160501
630,0.00433679233160501
631,0.00433679233160501
632,0.00433679233160501
633,0.00433679233160501
634,0.00433679233160501
635,0.00433679233160501
636,0.00433679233160501
637,0.00433679233160501
638,0.00433679233160501
639,0.00433679233160501
640,0.00433679233160501
641,0.00433679233160501
642,0.00433679233160501
643,0.00433679233160501
644,0.00433679233160501
645,0.00433679233160501
646,0.00433679233160501
647,0.00433679233160501
648,0.00433679233160501
649,0.00433679233160501
650,0.00433679233160501
651,0.00433679233160501
652,0.00433679233160501
653,0.00433679233160501
654,0.00433679233160501
655,0.00433679233160501
656,0.00433679233160501
657,0.00433679233160501
658,0.00433679233160501
659,0.00433679233160501
660,0.00433679233160501
661,0.00433679233160501
662,0.00433679233160501
663,0.00433679233160501
664,0.00433679233160501
665,0.00433679233160501
666,0.00433679233160501
667,0.00433679233160501
668,0.00433679233160501
669,0.00433679233160501
670,0.00433679233160501
671,0.00433679233160501
672,0.00433679233160501
673,0.00433679233160501
674,0.00433679233160501
675,0.00433679233160501
676,0.00433679233160501
677,0.00433679233160501
678,0.00433679233160501
679,0.00433679233160501
680,0.00433679233160501
681,0.00433679233160501
682,0.00433679233160501
683,0.00433679233160501
684,0.00433679233160501
685,0.00433679233160501
686,0.00433679233160501
687,0.00433679233160501
688,0.00433679233160501
689,0.00433679233160501
690,0.00433679233160501
691,0.00433679233160501
692,0.00433679233160501
693,0.00433679233160501
694,0.00433679233160501
695,0.00433679233160501
696,0.00433679233160501
697,0.00433679233160501
698,0.00433679233160501
699,0.00433679233160501
700,0.00433679233160501
701,0.00433679233160501
702,0.00433679233160501
703,0.00433679233160501
704,0.00433679233160501
705,0.00433679233160501
706,0.00433679233160501
707,0.00433679233160501
708,0.00433679233160501
709,0.00433679233160501
710,0.00433679233160501
711,0.00433679233160501
712,0.00433679233160501
713,0.00433679233160501
714,0.00433679233160501
715,0.00433679233160501
716,0.00433679233160501
717,0.00433679233160501
718,0.00433679233160501
719,0.00433679233160501
720,0.00433679233160501
721,0.004222698759624848
722,0.004222698759624848
723,0.004222698759624848
724,0.004222698759624848
725,0.004222698759624848
726,0.004222698759624848
727,0.004222698759624848
728,0.004222698759624848
729,0.004222698759624848
730,0.004222698759624848
731,0.004222698759624848
732,0.004222698759624848
733,0.004222698759624848
734,0.004222698759624848
735,0.004222698759624848
736,0.004222698759624848
737,0.004222698759624848
738,0.004222698759624848
739,0.004222698759624848
740,0.004222698759624848
741,0.004222698759624848
742,0.004222698759624848
743,0.004222698759624848
744,0.004222698759624848
745,0.004222698759624848
746,0.004222698759624848
747,0.004222698759624848
748,0.004222698759624848
749,0.004222698759624848
750,0.004222698759624848
751,0.004222698759624848
752,0.004222698759624848
753,0.004222698759624848
754,0.004222698759624848
755,0.004222698759624848
756,0.004222698759624848
757,0.004222698759624848
758,0.004222698759624848
759,0.004222698759624848
760,0.004222698759624848
761,0.004222698759624848
762,0.004222698759624848
763,0.004222698759624848
764,0.004222698759624848
765,0.004222698759624848
766,0.004222698759624848
767,0.004222698759624848
768,0.004222698759624848
769,0.004222698759624848
770,0.004222698759624848
771,0.004222698759624848
772,0.004222698759624848
773,0.004222698759624848
774,0.004222698759624848
775,0.004222698759624848
776,0.004222698759624848
777,0.004222698759624848
778,0.004222698759624848
779,0.004222698759624848
780,0.004222698759624848
781,0.004222698759624848
782,0.004222698759624848
783,0.004222698759624848
784,0.004222698759624848
785,0.004222698759624848
786,0.004222698759624848
787,0.004222698759624848
788,0.004222698759624848
789,0.004222698759624848
790,0.004222698759624848
791,0.004222698759624848
792,0.004222698759624848
793,0.004222698759624848
794,0.004222698759624848
795,0.004222698759624848
796,0.004222698759624848
797,0.004222698759624848
798,0.004222698759624848
799,0.004222698759624848
800,0.004222698759624848
801,0.004222698759624848
802,0.004222698759624848
803,0.004222698759624848
804,0.004222698759624848
805,0.004222698759624848
806,0.004222698759624848
807,0.004222698759624848
808,0.004222698759624848
809,0.004222698759624848
810,0.004222698759624848
811,0.004222698759624848
812,0.004222698759624848
813,0.004222698759624848
814,0.004222698759624848
815,0.004222698759624848
816,0.004222698759624848
817,0.004222698759624848
818,0.004222698759624848
819,0.004222698759624848
820,0.004222698759624848
821,0.004222698759624848
822,0.004222698759624848
823,0.004222698759624848
824,0.004222698759624848
825,0.004222698759624848
826,0.004222698759624848
827,0.004222698759624848
828,0.004222698759624848
829,0.004222698759624848
830,0.004222698759624848
831,0.004222698759624848
832,0.004222698759624848
833,0.004222698759624848
834,0.004222698759624848
835,0.004222698759624848
836,0.004222698759624848
837,0.004222698759624848
838,0.004222698759624848
839,0.004222698759624848
840,0.004222698759624848
841,0.004222698759624848
842,0.004222698759624848
843,0.004222698759624848
844,0.004222698759624848
845,0.004222698759624848
846,0.004222698759624848
847,0.004222698759624848
848,0.004222698759624848
849,0.004222698759624848
850,0.004222698759624848
851,0.004222698759624848
852,0.004222698759624848
853,0.004222698759624848
854,0.004222698759624848
855,0.004222698759624848
856,0.004222698759624848
857,0.004222698759624848
858,0.004222698759624848
859,0.004222698759624848
860,0.004222698759624848
861,0.004222698759624848
862,0.004222698759624848
863,0.004222698759624848
864,0.004222698759624848
865,0.004222698759624848
866,0.004222698759624848
867,0.004222698759624848
868,0.004222698759624848
869,0.004222698759624848
870,0.004222698759624848
871,0.004222698759624848
872,0.004222698759624848
873,0.004222698759624848
874,0.004222698759624848
875,0.004222698759624848
876,0.004222698759624848
877,0.004222698759624848
878,0.004222698759624848
879,0.004222698759624848
880,0.004222698759624848
881,0.004222698759624848
882,0.004222698759624848
883,0.004222698759624848
884,0.004222698759624848
885,0.004222698759624848
886,0.004222698759624848
887,0.004222698759624848
888,0.004222698759624848
889,0.004222698759624848
890,0.004222698759624848
891,0.004222698759624848
892,0.004222698759624848
893,0.004222698759624848
894,0.004222698759624848
895,0.004222698759624848
896,0.004222698759624848
897,0.004222698759624848
898,0.004222698759624848
899,0.004222698759624848
900,0.004222698759624848
901,0.004222698759624848
902,0.004222698759624848
903,0.004222698759624848
904,0.004222698759624848
905,0.004222698759624848
906,0.004222698759624848
907,0.004222698759624848
908,0.004222698759624848
909,0.004222698759624848
910,0.004222698759624848
911,0.004222698759624848
912,0.004222698759624848
913,0.004222698759624848
914,0.004222698759624848
915,0.004222698759624848
916,0.004222698759624848
917,0.004222698759624848
918,0.004222698759624848
919,0.004222698759624848
920,0.004222698759624848
921,0.004222698759624848
922,0.004222698759624848
923,0.004222698759624848
924,0.004222698759624848
925,0.004222698759624848
926,0.004222698759624848
927,0.004222698759624848
928,0.004222698759624848
929,0.004222698759624848
930,0.004222698759624848
931,0.004222698759624848
932,0.004222698759624848
933,0.004222698759624848
934,0.004222698759624848
935,0.004222698759624848
936,0.004222698759624848
937,0.004222698759624848
938,0.004222698759624848
939,0.004222698759624848
940,0.004222698759624848
941,0.004222698759624848
942,0.004222698759624848
943,0.004222698759624848
944,0.004222698759624848
945,0.004222698759624848
946,0.004222698759624848
947,0.004222698759624848
948,0.004222698759624848
949,0.004222698759624848
950,0.004222698759624848
951,0.004222698759624848
952,0.004222698759624848
953,0.004222698759624848
954,0.004222698759624848
955,0.004222698759624848
956,0.004222698759624848
957,0.004222698759624848
958,0.004222698759624848
959,0.004222698759624848
960,0.004222698759624848
961,0.004222698759624848
962,0.004222698759624848
963,0.004222698759624848
964,0.004222698759624848
965,0.004222698759624848
966,0.004222698759624848
967,0.004222698759624848
968,0.004222698759624848
969,0.004222698759624848
970,0.004222698759624848
971,0.004222698759624848
972,0.004222698759624848
973,0.004222698759624848
974,0.004222698759624848
975,0.004222698759624848
976,0.004222698759624848
977,0.004222698759624848
978,0.004222698759624848
979,0.004222698759624848
980,0.004222698759624848
981,0.004222698759624848
982,0.004222698759624848
983,0.004222698759624848
984,0.004222698759624848
985,0.004222698759624848
986,0.004222698759624848
987,0.004222698759624848
988,0.004222698759624848
989,0.004222698759624848
990,0.004222698759624848
991,0.004222698759624848
992,0.004222698759624848
993,0.004222698759624848
994,0.004222698759624848
995,0.004222698759624848
996,0.004222698759624848
997,0.004222698759624848
998,0.004222698759624848
999,0.004222698759624848
1000,0.004222698759624848
1001,0.004222698759624848
1002,0.004222698759624848
1003,0.004222698759624848
1004,0.004222698759624848
1005,0.004222698759624848
1006,0.004222698759624848
1007,0.004222698759624848
1008,0.004222698759624848
1009,0.004222698759624848
1010,0.004222698759624848
1011,0.004222698759624848
1012,0.004222698759624848
1013,0.004222698759624848
1014,0.004222698759624848
1015,0.004222698759624848
1016,0.004222698759624848
1017,0.004222698759624848
1018,0.004222698759624848
1019,0.004222698759624848
1020,0.004222698759624848
1021,0.004222698759624848
1022,0.004222698759624848
1023,0.004222698759624848
1024,0.004222698759624848
1025,0.004222698759624848
1026,0.004222698759624848
1027,0.004222698759624848
1028,0.004222698759624848
1029,0.004222698759624848
1030,0.004222698759624848
1031,0.004222698759624848
1032,0.004222698759624848
1033,0.004222698759624848
1034,0.004222698759624848
1035,0.004222698759624848
1036,0.004222698759624848
1037,0.004222698759624848
1038,0.004222698759624848
1039,0.004222698759624848
1040,0.004222698759624848
1041,0.004222698759624848
1042,0.004222698759624848
1043,0.004222698759624848
1044,0.004222698759624848
1045,0.004222698759624848
1046,0.004222698759624848
1047,0.004222698759624848
1048,0.004222698759624848
1049,0.004222698759624848
1050,0.004222698759624848
1051,0.004222698759624848
1052,0.004222698759624848
1053,0.004222698759624848
1054,0.004222698759624848
1055,0.004222698759624848
1056,0.004222698759624848
1057,0.004222698759624848
1058,0.004222698759624848
1059,0.004222698759624848
1060,0.004222698759624848
1061,0.004222698759624848
1062,0.004222698759624848
1063,0.004222698759624848
1064,0.004222698759624848
1065,0.004222698759624848
1066,0.004222698759624848
1067,0.004222698759624848
1068,0.004222698759624848
1069,0.004222698759624848
1070,0.004222698759624848
1071,0.004222698759624848
1072,0.004222698759624848
1073,0.004222698759624848
1074,0.004222698759624848
1075,0.004222698759624848
1076,0.004222698759624848
1077,0.004222698759624848
1078,0.004222698759624848
1079,0.004222698759624848
1080,0.004222698759624848
1081,0.004222698759624848
1082,0.004222698759624848
1083,0.004222698759624848
1084,0.004222698759624848
1085,0.004222698759624848
1086,0.004222698759624848
1087,0.004222698759624848
1088,0.004222698759624848
1089,0.004222698759624848
1090,0.004222698759624848
1091,0.004222698759624848
1092,0.004222698759624848
1093,0.004222698759624848
1094,0.004222698759624848
1095,0.004222698759624848
1096,0.004222698759624848
1097,0.004222698759624848
1098,0.004222698759624848
1099,0.004222698759624848
1100,0.004222698759624848
1101,0.004222698759624848
1102,0.004222698759624848
1103,0.004222698759624848
1104,0.004222698759624848
1105,0.004222698759624848
1106,0.004222698759624848
1107,0.004222698759624848
1108,0.004222698759624848
1109,0.004222698759624848
1110,0.004222698759624848
1111,0.004222698759624848
1112,0.004222698759624848
1113,0.004222698759624848
1114,0.004222698759624848
1115,0.004222698759624848
1116,0.004222698759624848
1117,0.004222698759624848
1118,0.004222698759624848
1119,0.004222698759624848
1120,0.004222698759624848
1121,0.004222698759624848
1122,0.004222698759624848
1123,0.004222698759624848
1124,0.004222698759624848
1125,0.004222698759624848
1126,0.004222698759624848
1127,0.004222698759624848
1128,0.004222698759624848
1129,0.004222698759624848
1130,0.004222698759624848
1131,0.004222698759624848
1132,0.004222698759624848
1133,0.004222698759624848
1134,0.004222698759624848
1135,0.004222698759624848
1136,0.004222698759624848
1137,0.004222698759624848
1138,0.004222698759624848
1139,0.004222698759624848
1140,0.004222698759624848
1141,0.004222698759624848
1142,0.004222698759624848
1143,0.004222698759624848
1144,0.004222698759624848
1145,0.004222698759624848
1146,0.004222698759624848
1147,0.004222698759624848
1148,0.004222698759624848
1149,0.004222698759624848
1150,0.004222698759624848
1151,0.004222698759624848
1152,0.004222698759624848
1153,0.004222698759624848
1154,0.004222698759624848
1155,0.004222698759624848
1156,0.004222698759624848
1157,0.004222698759624848
1158,0.004222698759624848
1159,0.004222698759624848
1160,0.004222698759624848
1161,0.004222698759624848
1162,0.004222698759624848
1163,0.004222698759624848
1164,0.004222698759624848
1165,0.004222698759624848
1166,0.004222698759624848
1167,0.004222698759624848
1168,0.004222698759624848
1169,0.004222698759624848
1170,0.004222698759624848
1171,0.004222698759624848
1172,0.004222698759624848
1173,0.004222698759624848
1174,0.004222698759624848
1175,0.004222698759624848
1176,0.004222698759624848
1177,0.004222698759624848
1178,0.004222698759624848
1179,0.004222698759624848
1180,0.004222698759624848
1181,0.004222698759624848
1182,0.004222698759624848
1183,0.004222698759624848
1184,0.004222698759624848
1185,0.004222698759624848
1186,0.004222698759624848
1187,0.004222698759624848
1188,0.004222698759624848
1189,0.004222698759624848
1190,0.004222698759624848
1191,0.004222698759624848
1192,0.004222698759624848
1193,0.004222698759624848
1194,0.004222698759624848
1195,0.004222698759624848
1196,0.004222698759624848
1197,0.004222698759624848
1198,0.004222698759624848
1199,0.004222698759624848
1200,0.004222698759624848
1201,0.004222698759624848
1202,0.004222698759624848
1203,0.004222698759624848
1204,0.004222698759624848
1205,0.004222698759624848
1206,0.004222698759624848
1207,0.004222698759624848
1208,0.004222698759624848
1209,0.004222698759624848
1210,0.004222698759624848
1211,0.004222698759624848
1212,0.004222698759624848
1213,0.004222698759624848
1214,0.004222698759624848
1215,0.004222698759624848
1216,0.004222698759624848
1217,0.004222698759624848
1218,0.004222698759624848
1219,0.004222698759624848
1220,0.004222698759624848
1221,0.004222698759624848
1222,0.004222698759624848
1223,0.004222698759624848
1224,0.004222698759624848
1225,0.004222698759624848
1226,0.004222698759624848
1227,0.004222698759624848
1228,0.004222698759624848
1229,0.004222698759624848
1230,0.004222698759624848
1231,0.004222698759624848
1232,0.004222698759624848
1233,0.004222698759624848
1234,0.004222698759624848
1235,0.004222698759624848
1236,0.004222698759624848
1237,0.004222698759624848
1238,0.004222698759624848
1239,0.004222698759624848
1240,0.004222698759624848
1241,0.004222698759624848
1242,0.004222698759624848
1243,0.004222698759624848
1244,0.004222698759624848
1245,0.004222698759624848
1246,0.004222698759624848
1247,0.004222698759624848
1248,0.004222698759624848
1249,0.004222698759624848
1250,0.004222698759624848
1251,0.004222698759624848
1252,0.004222698759624848
1253,0.004222698759624848
1254,0.004222698759624848
1255,0.004222698759624848
1256,0.004222698759624848
1257,0.004222698759624848
1258,0.004222698759624848
1259,0.004222698759624848
1260,0.004222698759624848
1261,0.004222698759624848
1262,0.004222698759624848
1263,0.004222698759624848
1264,0.004222698759624848
1265,0.004222698759624848
1266,0.004222698759624848
1267,0.004222698759624848
1268,0.004222698759624848
1269,0.004222698759624848
1270,0.004222698759624848
1271,0.004222698759624848
1272,0.004222698759624848
1273,0.004222698759624848
1274,0.004222698759624848
1275,0.004222698759624848
1276,0.004222698759624848
1277,0.004222698759624848
1278,0.004222698759624848
1279,0.004222698759624848
1280,0.004222698759624848
1281,0.004222698759624848
1282,0.004222698759624848
1283,0.004222698759624848
1284,0.004222698759624848
1285,0.004222698759624848
1286,0.004222698759624848
1287,0.004222698759624848
1288,0.004222698759624848
1289,0.004222698759624848
1290,0.004222698759624848
1291,0.004222698759624848
1292,0.004222698759624848
1293,0.004222698759624848
1294,0.004222698759624848
1295,0.004222698759624848
1296,0.004222698759624848
1297,0.004222698759624848
1298,0.004222698759624848
1299,0.004222698759624848
1300,0.004222698759624848
1301,0.004222698759624848
1302,0.004222698759624848
1303,0.004222698759624848
1304,0.004222698759624848
1305,0.004222698759624848
1306,0.004222698759624848
1307,0.004222698759624848
1308,0.004222698759624848
1309,0.004222698759624848
1310,0.004222698759624848
1311,0.004222698759624848
1312,0.004222698759624848
1313,0.004222698759624848
1314,0.004222698759624848
1315,0.004222698759624848
1316,0.004222698759624848
1317,0.004222698759624848
1318,0.004222698759624848
1319,0.004222698759624848
1320,0.004222698759624848
1321,0.004222698759624848
1322,0.004222698759624848
1323,0.004222698759624848
1324,0.004222698759624848
1325,0.004222698759624848
1326,0.004222698759624848
1327,0.004222698759624848
1328,0.004222698759624848
1329,0.004222698759624848
1330,0.004222698759624848
1331,0.004222698759624848
1332,0.004222698759624848
1333,0.004222698759624848
1334,0.004222698759624848
1335,0.004222698759624848
1336,0.004222698759624848
1337,0.004222698759624848
1338,0.004222698759624848
1339,0.004222698759624848
1340,0.004222698759624848
1341,0.004222698759624848
1342,0.004222698759624848
1343,0.004222698759624848
1344,0.004222698759624848
1345,0.004222698759624848
1346,0.004222698759624848
1347,0.004222698759624848
1348,0.004222698759624848
1349,0.004222698759624848
1350,0.004222698759624848
1351,0.004222698759624848
1352,0.004222698759624848
1353,0.004222698759624848
1354,0.004222698759624848
1355,0.004222698759624848
1356,0.004222698759624848
1357,0.004222698759624848
1358,0.004222698759624848
1359,0.004222698759624848
1360,0.004222698759624848
1361,0.004222698759624848
1362,0.004222698759624848
1363,0.004222698759624848
1364,0.004222698759624848
1365,0.004222698759624848
1366,0.004222698759624848
1367,0.004222698759624848
1368,0.004222698759624848
1369,0.004222698759624848
1370,0.004222698759624848
1371,0.004222698759624848
1372,0.004222698759624848
1373,0.004222698759624848
1374,0.004222698759624848
1375,0.004222698759624848
1376,0.004222698759624848
1377,0.004222698759624848
1378,0.004222698759624848
1379,0.004222698759624848
1380,0.004222698759624848
1381,0.004222698759624848
1382,0.004222698759624848
1383,0.004222698759624848
1384,0.004222698759624848
1385,0.004222698759624848
1386,0.004222698759624848
1387,0.004222698759624848
1388,0.004222698759624848
1389,0.004222698759624848
1390,0.004222698759624848
1391,0.004222698759624848
1392,0.004222698759624848
1393,0.004222698759624848
1394,0.004222698759624848
1395,0.004222698759624848
1396,0.004222698759624848
1397,0.004222698759624848
1398,0.004222698759624848
1399,0.004222698759624848
1400,0.004222698759624848
1401,0.004222698759624848
1402,0.004222698759624848
1403,0.004222698759624848
1404,0.004222698759624848
1405,0.004222698759624848
1406,0.004222698759624848
1407,0.004222698759624848
1408,0.004222698759624848
1409,0.004222698759624848
1410,0.004222698759624848
1411,0.004222698759624848
1412,0.004222698759624848
1413,0.004222698759624848
1414,0.004222698759624848
1415,0.004222698759624848
1416,0.004222698759624848
1417,0.004222698759624848
1418,0.004222698759624848
1419,0.004222698759624848
1420,0.004222698759624848
1421,0.004222698759624848
1422,0.004222698759624848
1423,0.004222698759624848
1424,0.004222698759624848
1425,0.004222698759624848
1426,0.004222698759624848
1427,0.004222698759624848
1428,0.004222698759624848
1429,0.004222698759624848
1430,0.004222698759624848
1431,0.004222698759624848
1432,0.004222698759624848
1433,0.004222698759624848
1434,0.004222698759624848
1435,0.004222698759624848
1436,0.004222698759624848
1437,0.004222698759624848
1438,0.004222698759624848
1439,0.004222698759624848
1440,0.004222698759624848
1441,0.004222698759624848
1442,0.004222698759624848
1443,0.004222698759624848
1444,0.004222698759624848
1445,0.004222698759624848
1446,0.004222698759624848
1447,0.004222698759624848
1448,0.004222698759624848
1449,0.004222698759624848
1450,0.004222698759624848
1451,0.004222698759624848
1452,0.004222698759624848
1453,0.004222698759624848
1454,0.004222698759624848
1455,0.004222698759624848
1456,0.004222698759624848
1457,0.004222698759624848
1458,0.004222698759624848
1459,0.004222698759624848
1460,0.004222698759624848
1461,0.004222698759624848
1462,0.004222698759624848
1463,0.004222698759624848
1464,0.004222698759624848
1465,0.004222698759624848
1466,0.004222698759624848
1467,0.004222698759624848
1468,0.004222698759624848
1469,0.004222698759624848
1470,0.004222698759624848
1471,0.004222698759624848
1472,0.004222698759624848
1473,0.004222698759624848
1474,0.004222698759624848
1475,0.004222698759624848
1476,0.004222698759624848
1477,0.004222698759624848
1478,0.004222698759624848
1479,0.004222698759624848
1480,0.004222698759624848
1481,0.004222698759624848
1482,0.004222698759624848
1483,0.004222698759624848
1484,0.004222698759624848
1485,0.004222698759624848
1486,0.004222698759624848
1487,0.004222698759624848
1488,0.004222698759624848
1489,0.004222698759624848
1490,0.004222698759624848
1491,0.004222698759624848
1492,0.004222698759624848
1493,0.004222698759624848
1494,0.004222698759624848
1495,0.004222698759624848
1496,0.004222698759624848
1497,0.004222698759624848
1498,0.004222698759624848
1499,0.004222698759624848
1500,0.004222698759624848
1501,0.004222698759624848
1502,0.004222698759624848
1503,0.004222698759624848
1504,0.004222698759624848
1505,0.004222698759624848
1506,0.004222698759624848
1507,0.004222698759624848
1508,0.004222698759624848
1509,0.004222698759624848
1510,0.004222698759624848
1511,0.004222698759624848
1512,0.004222698759624848
1513,0.004222698759624848
1514,0.004222698759624848
1515,0.004222698759624848
1516,0.004222698759624848
1517,0.004222698759624848
1518,0.004222698759624848
1519,0.004222698759624848
1520,0.004222698759624848
1521,0.004222698759624848
1522,0.004222698759624848
1523,0.004222698759624848
1524,0.004222698759624848
1525,0.004222698759624848
1526,0.004222698759624848
1527,0.004222698759624848
1528,0.004222698759624848
1529,0.004222698759624848
1530,0.004222698759624848
1531,0.004222698759624848
1532,0.004222698759624848
1533,0.004222698759624848
1534,0.004222698759624848
1535,0.004222698759624848
1536,0.004222698759624848
1537,0.004222698759624848
1538,0.004222698759624848
1539,0.004222698759624848
1540,0.004222698759624848
1541,0.004222698759624848
1542,0.004222698759624848
1543,0.004222698759624848
1544,0.004222698759624848
1545,0.004222698759624848
1546,0.004222698759624848
1547,0.004222698759624848
1548,0.004222698759624848
1549,0.004222698759624848
1550,0.004222698759624848
1551,0.004222698759624848
1552,0.004222698759624848
1553,0.004222698759624848
1554,0.004222698759624848
1555,0.004222698759624848
1556,0.004222698759624848
1557,0.004222698759624848
1558,0.004222698759624848
1559,0.004222698759624848
1560,0.004222698759624848
1561,0.004222698759624848
1562,0.004222698759624848
1563,0.004222698759624848
1564,0.004222698759624848
1565,0.004222698759624848
1566,0.004222698759624848
1567,0.004222698759624848
1568,0.004222698759624848
1569,0.004222698759624848
1570,0.004222698759624848
1571,0.004222698759624848
1572,0.004222698759624848
1573,0.004222698759624848
1574,0.004222698759624848
1575,0.004222698759624848
1576,0.004222698759624848
1577,0.004222698759624848
1578,0.004222698759624848
1579,0.004222698759624848
1580,0.004222698759624848
1581,0.004222698759624848
1582,0.004222698759624848
1583,0.004222698759624848
1584,0.004222698759624848
1585,0.004222698759624848
1586,0.004222698759624848
1587,0.004222698759624848
1588,0.004222698759624848
1589,0.004222698759624848
1590,0.004222698759624848
1591,0.004222698759624848
1592,0.0033609740501391954
1593,0.0033609740501391954
1594,0.0033609740501391954
1595,0.0033609740501391954
1596,0.0033609740501391954
1597,0.0033609740501391954
1598,0.0033609740501391954
1599,0.0033609740501391954
1600,0.0033609740501391954
1601,0.0033609740501391954
1602,0.0033609740501391954
1603,0.0033609740501391954
1604,0.0033609740501391954
1605,0.0033609740501391954
1606,0.0033609740501391954
1607,0.0033609740501391954
1608,0.0033609740501391954
1609,0.0033609740501391954
1610,0.0033609740501391954
1611,0.0033609740501391954
1612,0.0033609740501391954
1613,0.0033609740501391954
1614,0.0033609740501391954
1615,0.0033609740501391954
1616,0.0033609740501391954
1617,0.0033609740501391954
1618,0.0033609740501391954
1619,0.0033609740501391954
1620,0.0033609740501391954
1621,0.0033609740501391954
1622,0.0033609740501391954
1623,0.0033609740501391954
1624,0.0033609740501391954
1625,0.0033609740501391954
1626,0.0033609740501391954
1627,0.0033609740501391954
1628,0.0033609740501391954
1629,0.0033609740501391954
1630,0.0033609740501391954
1631,0.0033609740501391954
1632,0.0033609740501391954
1633,0.0033609740501391954
1634,0.0033609740501391954
1635,0.0033609740501391954
1636,0.0033609740501391954
1637,0.0033609740501391954
1638,0.0033609740501391954
1639,0.0033609740501391954
1640,0.0033609740501391954
1641,0.0033609740501391954
1642,0.0033609740501391954
1643,0.0033609740501391954
1644,0.0033609740501391954
1645,0.0033609740501391954
1646,0.0033609740501391954
1647,0.0033609740501391954
1648,0.0033609740501391954
1649,0.0033609740501391954
1650,0.0033609740501391954
1651,0.0033609740501391954
1652,0.0033609740501391954
1653,0.0033609740501391954
1654,0.0033609740501391954
1655,0.0033609740501391954
1656,0.0033609740501391954
1657,0.0033609740501391954
1658,0.0033609740501391954
1659,0.0033609740501391954
1660,0.0033609740501391954
1661,0.0033609740501391954
1662,0.0033609740501391954
1663,0.0033609740501391954
1664,0.0033609740501391954
1665,0.0033609740501391954
1666,0.0033609740501391954
1667,0.0033609740501391954
1668,0.0033609740501391954
1669,0.0033609740501391954
1670,0.0033609740501391954
1671,0.0033609740501391954
1672,0.0033609740501391954
1673,0.0033609740501391954
1674,0.0033609740501391954
1675,0.0033609740501391954
1676,0.0033609740501391954
1677,0.0033609740501391954
1678,0.0033609740501391954
1679,0.0033609740501391954
1680,0.0033609740501391954
1681,0.0033609740501391954
1682,0.0033609740501391954
1683,0.0033609740501391954
1684,0.0033609740501391954
1685,0.0033609740501391954
1686,0.0033609740501391954
1687,0.0033609740501391954
1688,0.0033609740501391954
1689,0.0033609740501391954
1690,0.0033609740501391954
1691,0.0033609740501391954
1692,0.0033609740501391954
1693,0.0033609740501391954
1694,0.0033609740501391954
1695,0.0033609740501391954
1696,0.0033609740501391954
1697,0.0033609740501391954
1698,0.0033609740501391954
1699,0.0033609740501391954
1700,0.0033609740501391954
1701,0.0033609740501391954
1702,0.0033609740501391954
1703,0.0033609740501391954
1704,0.0033609740501391954
1705,0.0033609740501391954
1706,0.0033609740501391954
1707,0.0033609740501391954
1708,0.0033609740501391954
1709,0.0033609740501391954
1710,0.0033609740501391954
1711,0.0033609740501391954
1712,0.0033609740501391954
1713,0.0033609740501391954
1714,0.0033609740501391954
1715,0.0033609740501391954
1716,0.0033609740501391954
1717,0.0033609740501391954
1718,0.0033609740501391954
1719,0.0033609740501391954
1720,0.0033609740501391954
1721,0.0033609740501391954
1722,0.0033609740501391954
1723,0.0033609740501391954
1724,0.0033609740501391954
1725,0.0033609740501391954
1726,0.0033609740501391954
1727,0.0033609740501391954
1728,0.0033609740501391954
1729,0.0033609740501391954
1730,0.0033609740501391954
1731,0.0033609740501391954
1732,0.0033609740501391954
1733,0.0033609740501391954
1734,0.0033609740501391954
1735,0.0033609740501391954
1736,0.0033609740501391954
1737,0.0033609740501391954
1738,0.0033609740501391954
1739,0.0033609740501391954
1740,0.0033609740501391954
1741,0.0033609740501391954
1742,0.0033609740501391954
1743,0.0033609740501391954
1744,0.0033609740501391954
1745,0.0033609740501391954
1746,0.0033609740501391954
1747,0.0033609740501391954
1748,0.0033609740501391954
1749,0.0033609740501391954
1750,0.0033609740501391954
1751,0.0033609740501391954
1752,0.0033609740501391954
1753,0.0033609740501391954
1754,0.0033609740501391954
1755,0.0033609740501391954
1756,0.0033609740501391954
1757,0.0033609740501391954
1758,0.0033609740501391954
1759,0.0033609740501391954
1760,0.0033609740501391954
1761,0.0033609740501391954
1762,0.0033609740501391954
1763,0.0033609740501391954
1764,0.0033609740501391954
1765,0.0033609740501391954
1766,0.0033609740501391954
1767,0.0033609740501391954
1768,0.0033609740501391954
1769,0.0033609740501391954
1770,0.0033609740501391954
1771,0.0033609740501391954
1772,0.0033609740501391954
1773,0.0033609740501391954
1774,0.0033609740501391954
1775,0.0033609740501391954
1776,0.0033609740501391954
1777,0.0033609740501391954
1778,0.0033609740501391954
1779,0.0033609740501391954
1780,0.0033609740501391954
1781,0.0033609740501391954
1782,0.0033609740501391954
1783,0.0033609740501391954
1784,0.0033609740501391954
1785,0.0033609740501391954
1786,0.0033609740501391954
1787,0.0033609740501391954
1788,0.0033609740501391954
1789,0.0033609740501391954
1790,0.0033609740501391954
1791,0.0033609740501391954
1792,0.0033609740501391954
1793,0.0033609740501391954
1794,0.0033609740501391954
1795,0.0033609740501391954
1796,0.0033609740501391954
1797,0.0033609740501391954
1798,0.0033609740501391954
1799,0.0033609740501391954
1800,0.0033609740501391954
1801,0.0033609740501391954
1802,0.0033609740501391954
1803,0.0033609740501391954
1804,0.0033609740501391954
1805,0.0033609740501391954
1806,0.0033609740501391954
1807,0.0033609740501391954
1808,0.0033609740501391954
1809,0.0033609740501391954
1810,0.0033609740501391954
1811,0.0033609740501391954
1812,0.0033609740501391954
1813,0.0033609740501391954
1814,0.0033609740501391954
1815,0.0033609740501391954
1816,0.0033609740501391954
1817,0.0033609740501391954
1818,0.0033609740501391954
1819,0.0033609740501391954
1820,0.0033609740501391954
1821,0.0033609740501391954
1822,0.0033609740501391954
1823,0.0033609740501391954
1824,0.0033609740501391954
1825,0.0033609740501391954
1826,0.0033609740501391954
1827,0.0033609740501391954
1828,0.0033609740501391954
1829,0.0033609740501391954
1830,0.0033609740501391954
1831,0.0033609740501391954
1832,0.0033609740501391954
1833,0.0033609740501391954
1834,0.0033609740501391954
1835,0.0033609740501391954
1836,0.0033609740501391954
1837,0.0033609740501391954
1838,0.0033609740501391954
1839,0.0033609740501391954
1840,0.0033609740501391954
1841,0.0033609740501391954
1842,0.0033609740501391954
1843,0.0033609740501391954
1844,0.0033609740501391954
1845,0.0033609740501391954
1846,0.0033609740501391954
1847,0.0033609740501391954
1848,0.0033609740501391954
1849,0.0033609740501391954
1850,0.0033609740501391954
1851,0.0033609740501391954
1852,0.0033609740501391954
1853,0.0033609740501391954
1854,0.0033609740501391954
1855,0.0033609740501391954
1856,0.0033609740501391954
1857,0.0033609740501391954
1858,0.0033609740501391954
1859,0.0033609740501391954
1860,0.0033609740501391954
1861,0.0033609740501391954
1862,0.0033609740501391954
1863,0.0033609740501391954
1864,0.0033609740501391954
1865,0.0033609740501391954
1866,0.0033609740501391954
1867,0.0033609740501391954
1868,0.0033609740501391954
1869,0.0033609740501391954
1870,0.0033609740501391954
1871,0.0033609740501391954
1872,0.0033609740501391954
1873,0.0033609740501391954
1874,0.0033609740501391954
1875,0.0033609740501391954
1876,0.0033609740501391954
1877,0.0033609740501391954
1878,0.0033609740501391954
1879,0.0033609740501391954
1880,0.0033609740501391954
1881,0.0033609740501391954
1882,0.0033609740501391954
1883,0.0033609740501391954
1884,0.0033609740501391954
1885,0.0033609740501391954
1886,0.0033609740501391954
1887,0.0033609740501391954
1888,0.0033609740501391954
1889,0.0033609740501391954
1890,0.0033609740501391954
1891,0.0033609740501391954
1892,0.0033609740501391954
1893,0.0033609740501391954
1894,0.0033609740501391954
1895,0.0033609740501391954
1896,0.0033609740501391954
1897,0.0033609740501391954
1898,0.0033609740501391954
1899,0.0033609740501391954
1900,0.0033609740501391954
1901,0.0033609740501391954
1902,0.0033609740501391954
1903,0.0033609740501391954
1904,0.0033609740501391954
1905,0.0033609740501391954
1906,0.0033609740501391954
1907,0.0033609740501391954
1908,0.0033609740501391954
1909,0.0033609740501391954
1910,0.0033609740501391954
1911,0.0033609740501391954
1912,0.0033609740501391954
1913,0.0033609740501391954
1914,0.0033609740501391954
1915,0.0033609740501391954
1916,0.0033609740501391954
1917,0.0033609740501391954
1918,0.0033609740501391954
1919,0.0033609740501391954
1920,0.0033609740501391954
1921,0.0033609740501391954
1922,0.0033609740501391954
1923,0.0033609740501391954
1924,0.0033609740501391954
1925,0.0033609740501391954
1926,0.0033609740501391954
1927,0.0033609740501391954
1928,0.0033609740501391954
1929,0.0033609740501391954
1930,0.0033609740501391954
1931,0.0033609740501391954
1932,0.0033609740501391954
1933,0.0033609740501391954
1934,0.0033609740501391954
1935,0.0033609740501391954
1936,0.0033609740501391954
1937,0.0033609740501391954
1938,0.0033609740501391954
1939,0.0033609740501391954
1940,0.0033609740501391954
1941,0.0033609740501391954
1942,0.0033609740501391954
1943,0.0033609740501391954
1944,0.0033609740501391954
1945,0.0033609740501391954
1946,0.0033609740501391954
1947,0.0033609740501391954
1948,0.0033609740501391954
1949,0.0033609740501391954
1950,0.0033609740501391954
1951,0.0033609740501391954
1952,0.0033609740501391954
1953,0.0033609740501391954
1954,0.0033609740501391954
1955,0.0033609740501391954
1956,0.0033609740501391954
1957,0.0033609740501391954
1958,0.0033609740501391954
1959,0.0033609740501391954
1960,0.0033609740501391954
1961,0.0033609740501391954
1962,0.0033609740501391954
1963,0.0033609740501391954
1964,0.0033609740501391954
1965,0.0033609740501391954
1966,0.0033609740501391954
1967,0.0033609740501391954
1968,0.0033609740501391954
1969,0.0033609740501391954
1970,0.0033609740501391954
1971,0.0033609740501391954
1972,0.0033609740501391954
1973,0.0033609740501391954
1974,0.0033609740501391954
1975,0.0033609740501391954
1976,0.0033609740501391954
1977,0.0033609740501391954
1978,0.0033609740501391954
1979,0.0033609740501391954
1980,0.0033609740501391954
1981,0.0033609740501391954
1982,0.0033609740501391954
1983,0.0033609740501391954
1984,0.0033609740501391954
1985,0.0033609740501391954
1986,0.0033609740501391954
1987,0.0033609740501391954
1988,0.0033609740501391954
1989,0.0033609740501391954
1990,0.0033609740501391954
1991,0.0033609740501391954
1992,0.0033609740501391954
1993,0.0033609740501391954
1994,0.0033609740501391954
1995,0.0033609740501391954
1996,0.0033609740501391954
1997,0.0033609740501391954
1998,0.0033609740501391954
1999,0.0033609740501391954
2000,0.0033609740501391954
2001,0.0033609740501391954
2002,0.0033609740501391954
2003,0.0033609740501391954
2004,0.0033609740501391954
2005,0.0033609740501391954
2006,0.0033609740501391954
2007,0.0033609740501391954
2008,0.0033609740501391954
2009,0.0033609740501391954
2010,0.0033609740501391954
2011,0.0033609740501391954
2012,0.0033609740501391954
2013,0.0033609740501391954
2014,0.0033609740501391954
2015,0.0033609740501391954
2016,0.0033609740501391954
2017,0.0033609740501391954
2018,0.0033609740501391954
2019,0.0033609740501391954
2020,0.0033609740501391954
2021,0.0033609740501391954
2022,0.0033609740501391954
2023,0.0033609740501391954
2024,0.0033609740501391954
2025,0.0033609740501391954
2026,0.0033609740501391954
2027,0.0033609740501391954
2028,0.0033609740501391954
2029,0.0033609740501391954
2030,0.0033609740501391954
2031,0.0033609740501391954
2032,0.0033609740501391954
2033,0.0033609740501391954
2034,0.0033609740501391954
2035,0.0033609740501391954
2036,0.0033609740501391954
2037,0.0033609740501391954
2038,0.0033609740501391954
2039,0.0033609740501391954
2040,0.0033609740501391954
2041,0.0033609740501391954
2042,0.0033609740501391954
2043,0.0033609740501391954
2044,0.0033609740501391954
2045,0.0033609740501391954
2046,0.0033609740501391954
2047,0.0033609740501391954
2048,0.0033609740501391954
2049,0.0033609740501391954
2050,0.0033609740501391954
2051,0.0033609740501391954
2052,0.0033609740501391954
2053,0.0033609740501391954
2054,0.0033609740501391954
2055,0.0033609740501391954
2056,0.0033609740501391954
2057,0.0033609740501391954
2058,0.0033609740501391954
2059,0.0033609740501391954
2060,0.0033609740501391954
2061,0.0033609740501391954
2062,0.0033609740501391954
2063,0.0033609740501391954
2064,0.0033609740501391954
2065,0.0033609740501391954
2066,0.0033609740501391954
2067,0.0033609740501391954
2068,0.0033609740501391954
2069,0.0033609740501391954
2070,0.0033609740501391954
2071,0.0033609740501391954
2072,0.0033609740501391954
2073,0.0033609740501391954
2074,0.0033609740501391954
2075,0.0033609740501391954
2076,0.0033609740501391954
2077,0.0033609740501391954
2078,0.0033609740501391954
2079,0.0033609740501391954
2080,0.0033609740501391954
2081,0.0033609740501391954
2082,0.0033609740501391954
2083,0.0033609740501391954
2084,0.0033609740501391954
2085,0.0033609740501391954
2086,0.0033609740501391954
2087,0.0033609740501391954
2088,0.0033609740501391954
2089,0.0033609740501391954
2090,0.0033609740501391954
2091,0.0033609740501391954
2092,0.0033609740501391954
2093,0.0033609740501391954
2094,0.0033609740501391954
2095,0.0033609740501391954
2096,0.0033609740501391954
2097,0.0033609740501391954
2098,0.0033609740501391954
2099,0.0033609740501391954
2100,0.0033609740501391954
2101,0.0033609740501391954
2102,0.0033609740501391954
2103,0.0033609740501391954
2104,0.0033609740501391954
2105,0.0033609740501391954
2106,0.0033609740501391954
2107,0.0033609740501391954
2108,0.0033609740501391954
2109,0.0033609740501391954
2110,0.0033609740501391954
2111,0.0033609740501391954
2112,0.0033609740501391954
2113,0.0033609740501391954
2114,0.0033609740501391954
2115,0.0033609740501391954
2116,0.0033609740501391954
2117,0.0033609740501391954
2118,0.0033609740501391954
2119,0.0033609740501391954
2120,0.0033609740501391954
2121,0.0033609740501391954
2122,0.0033609740501391954
2123,0.0033609740501391954
2124,0.0033609740501391954
2125,0.0033609740501391954
2126,0.0033609740501391954
2127,0.0033609740501391954
2128,0.0033609740501391954
2129,0.0033609740501391954
2130,0.0033609740501391954
2131,0.0033609740501391954
2132,0.0033609740501391954
2133,0.0033609740501391954
2134,0.0033609740501391954
2135,0.0033609740501391954
2136,0.0033609740501391954
2137,0.0033609740501391954
2138,0.0033609740501391954
2139,0.0033609740501391954
2140,0.0033609740501391954
2141,0.0033609740501391954
2142,0.0033609740501391954
2143,0.0033609740501391954
2144,0.0033609740501391954
2145,0.0033609740501391954
2146,0.0033609740501391954
2147,0.0033609740501391954
2148,0.0033609740501391954
2149,0.0033609740501391954
2150,0.0033609740501391954
2151,0.0033609740501391954
2152,0.0033609740501391954
2153,0.0033609740501391954
2154,0.0033609740501391954
2155,0.0033609740501391954
2156,0.0033609740501391954
2157,0.0033609740501391954
2158,0.0033609740501391954
2159,0.0033609740501391954
2160,0.0033609740501391954
2161,0.0033609740501391954
2162,0.0033609740501391954
2163,0.0033609740501391954
2164,0.0033609740501391954
2165,0.0033609740501391954
2166,0.0033609740501391954
2167,0.0033609740501391954
2168,0.0033609740501391954
2169,0.0033609740501391954
2170,0.0033609740501391954
2171,0.0033609740501391954
2172,0.0033609740501391954
2173,0.0033609740501391954
2174,0.0033609740501391954
2175,0.0033609740501391954
2176,0.0033609740501391954
2177,0.0033609740501391954
2178,0.0033609740501391954
2179,0.0033609740501391954
2180,0.0033609740501391954
2181,0.0033609740501391954
2182,0.0033609740501391954
2183,0.0033609740501391954
2184,0.0033609740501391954
2185,0.0033609740501391954
2186,0.0033609740501391954
2187,0.0033609740501391954
2188,0.0033609740501391954
2189,0.0033609740501391954
2190,0.0033609740501391954
2191,0.0033609740501391954
2192,0.0033609740501391954
2193,0.0033609740501391954
2194,0.0033609740501391954
2195,0.0033609740501391954
2196,0.0033609740501391954
2197,0.0033609740501391954
2198,0.0033609740501391954
2199,0.0033609740501391954
2200,0.0033609740501391954
2201,0.0033609740501391954
2202,0.0033609740501391954
2203,0.0033609740501391954
2204,0.0033609740501391954
2205,0.0033609740501391954
2206,0.0033609740501391954
2207,0.0033609740501391954
2208,0.0033609740501391954
2209,0.0033609740501391954
2210,0.0033609740501391954
2211,0.0033609740501391954
2212,0.0033609740501391954
2213,0.0033609740501391954
2214,0.0033609740501391954
2215,0.0033609740501391954
2216,0.0033609740501391954
2217,0.0033609740501391954
2218,0.0033609740501391954
2219,0.0033609740501391954
2220,0.0033609740501391954
2221,0.0033609740501391954
2222,0.0033609740501391954
2223,0.0033609740501391954
2224,0.0033609740501391954
2225,0.0033609740501391954
2226,0.0033609740501391954
2227,0.0033609740501391954
2228,0.0033609740501391954
2229,0.0033609740501391954
2230,0.0033609740501391954
2231,0.0033609740501391954
2232,0.0033609740501391954
2233,0.0033609740501391954
2234,0.0033609740501391954
2235,0.0033609740501391954
2236,0.0033609740501391954
2237,0.0033609740501391954
2238,0.0033609740501391954
2239,0.0033609740501391954
2240,0.0033609740501391954
2241,0.0033609740501391954
2242,0.0033609740501391954
2243,0.0033609740501391954
2244,0.0033609740501391954
2245,0.0033609740501391954
2246,0.0033609740501391954
2247,0.0033609740501391954
2248,0.0033609740501391954
2249,0.0033609740501391954
2250,0.0033609740501391954
2251,0.0033609740501391954
2252,0.0033609740501391954
2253,0.0033609740501391954
2254,0.0033609740501391954
2255,0.0033609740501391954
2256,0.0033609740501391954
2257,0.0033609740501391954
2258,0.0033609740501391954
2259,0.0033609740501391954
2260,0.0033609740501391954
2261,0.0033609740501391954
2262,0.0033609740501391954
2263,0.0033609740501391954
2264,0.0033609740501391954
2265,0.0033609740501391954
2266,0.0033609740501391954
2267,0.0033609740501391954
2268,0.0033609740501391954
2269,0.0033609740501391954
2270,0.0033609740501391954
2271,0.0033609740501391954
2272,0.0033609740501391954
2273,0.0033609740501391954
2274,0.0033609740501391954
2275,0.0033609740501391954
2276,0.0033609740501391954
2277,0.0033609740501391954
2278,0.0033609740501391954
2279,0.0033609740501391954
2280,0.0033609740501391954
2281,0.0033609740501391954
2282,0.0033609740501391954
2283,0.0033609740501391954
2284,0.0033609740501391954
2285,0.0033609740501391954
2286,0.0033609740501391954
2287,0.0033609740501391954
2288,0.0033609740501391954
2289,0.0033609740501391954
2290,0.0033609740501391954
2291,0.0033609740501391954
2292,0.0033609740501391954
2293,0.0033609740501391954
2294,0.0033609740501391954
2295,0.0033609740501391954
2296,0.0033609740501391954
2297,0.0033609740501391954
2298,0.0033609740501391954
2299,0.0033609740501391954
2300,0.0033609740501391954
2301,0.0033609740501391954
2302,0.0033609740501391954
2303,0.0033609740501391954
2304,0.0033609740501391954
2305,0.0033609740501391954
2306,0.0033609740501391954
2307,0.0033609740501391954
2308,0.0033609740501391954
2309,0.0033609740501391954
2310,0.0033609740501391954
2311,0.0033609740501391954
2312,0.0033609740501391954
2313,0.0033609740501391954
2314,0.0033609740501391954
2315,0.0033609740501391954
2316,0.0033609740501391954
2317,0.0033609740501391954
2318,0.0033609740501391954
2319,0.0033609740501391954
2320,0.0033609740501391954
2321,0.0033609740501391954
2322,0.0033609740501391954
2323,0.0033609740501391954
2324,0.0033609740501391954
2325,0.0033609740501391954
2326,0.0033609740501391954
2327,0.0033609740501391954
2328,0.0033609740501391954
2329,0.0033609740501391954
2330,0.0033609740501391954
2331,0.0033609740501391954
2332,0.0033609740501391954
2333,0.0033609740501391954
2334,0.0033609740501391954
2335,0.0033609740501391954
2336,0.0033609740501391954
2337,0.0033609740501391954
2338,0.0033609740501391954
2339,0.0033609740501391954
2340,0.0033609740501391954
2341,0.0033609740501391954
2342,0.0033609740501391954
2343,0.0033609740501391954
2344,0.0033609740501391954
2345,0.0033609740501391954
2346,0.0033609740501391954
2347,0.0033609740501391954
2348,0.0033609740501391954
2349,0.0033609740501391954
2350,0.0033609740501391954
2351,0.0033609740501391954
2352,0.0033609740501391954
2353,0.0033609740501391954
2354,0.0033609740501391954
2355,0.0033609740501391954
2356,0.0033609740501391954
2357,0.0033609740501391954
2358,0.0033609740501391954
2359,0.0033609740501391954
2360,0.0033609740501391954
2361,0.0033609740501391954
2362,0.0033609740501391954
2363,0.0033609740501391954
2364,0.0033609740501391954
2365,0.0033609740501391954
2366,0.0033609740501391954
2367,0.0033609740501391954
2368,0.0033609740501391954
2369,0.0033609740501391954
2370,0.0033609740501391954
2371,0.0033609740501391954
2372,0.0033609740501391954
2373,0.0033609740501391954
2374,0.0033609740501391954
2375,0.0033609740501391954
2376,0.0033609740501391954
2377,0.0033609740501391954
2378,0.0033609740501391954
2379,0.0033609740501391954
2380,0.0033609740501391954
2381,0.0033609740501391954
2382,0.0033609740501391954
2383,0.0033609740501391954
2384,0.0033609740501391954
2385,0.0033609740501391954
2386,0.0033609740501391954
2387,0.0033609740501391954
2388,0.0033609740501391954
2389,0.0033609740501391954
2390,0.0033609740501391954
2391,0.0033609740501391954
2392,0.0033609740501391954
2393,0.0033609740501391954
2394,0.0033609740501391954
2395,0.0033609740501391954
2396,0.0033609740501391954
2397,0.0033609740501391954
2398,0.0033609740501391954
2399,0.0033609740501391954
2400,0.0033609740501391954
2401,0.0033609740501391954
2402,0.0033609740501391954
2403,0.0033609740501391954
2404,0.0033609740501391954
2405,0.0033609740501391954
2406,0.0033609740501391954
2407,0.0033609740501391954
2408,0.0033609740501391954
2409,0.0033609740501391954
2410,0.0033609740501391954
2411,0.0033609740501391954
2412,0.0033609740501391954
2413,0.0033609740501391954
2414,0.0033609740501391954
2415,0.0033609740501391954
2416,0.0033609740501391954
2417,0.0033609740501391954
2418,0.0033609740501391954
2419,0.0033609740501391954
2420,0.0033609740501391954
2421,0.0033609740501391954
2422,0.0033609740501391954
2423,0.0033609740501391954
2424,0.0033609740501391954
2425,0.0033609740501391954
2426,0.0033609740501391954
2427,0.0033609740501391954
2428,0.0033609740501391954
2429,0.0033609740501391954
2430,0.0033609740501391954
2431,0.0033609740501391954
2432,0.0033609740501391954
2433,0.0033609740501391954
2434,0.0033609740501391954
2435,0.0033609740501391954
2436,0.0033609740501391954
2437,0.0033609740501391954
2438,0.0033609740501391954
2439,0.0033609740501391954
2440,0.0033609740501391954
2441,0.0033609740501391954
2442,0.0033609740501391954
2443,0.0033609740501391954
2444,0.0033609740501391954
2445,0.0033609740501391954
2446,0.0033609740501391954
2447,0.0033609740501391954
2448,0.0033609740501391954
2449,0.0033609740501391954
2450,0.0033609740501391954
2451,0.0033609740501391954
2452,0.0033609740501391954
2453,0.0033609740501391954
2454,0.0033609740501391954
2455,0.0033609740501391954
2456,0.0033609740501391954
2457,0.0033609740501391954
2458,0.0033609740501391954
2459,0.0033609740501391954
2460,0.0033609740501391954
2461,0.0033609740501391954
2462,0.0033609740501391954
2463,0.0033609740501391954
2464,0.0033609740501391954
2465,0.0033609740501391954
2466,0.0033609740501391954
2467,0.0033609740501391954
2468,0.0033609740501391954
2469,0.0033609740501391954
2470,0.0033609740501391954
2471,0.0033609740501391954
2472,0.0033609740501391954
2473,0.0033609740501391954
2474,0.0033609740501391954
2475,0.0033609740501391954
2476,0.0033609740501391954
2477,0.0033609740501391954
2478,0.0033609740501391954
2479,0.0033609740501391954
2480,0.0033609740501391954
2481,0.0033609740501391954
2482,0.0033609740501391954
2483,0.0033609740501391954
2484,0.0033609740501391954
2485,0.0033609740501391954
2486,0.0033609740501391954
2487,0.0033609740501391954
2488,0.0033609740501391954
2489,0.0033609740501391954
2490,0.0033609740501391954
2491,0.0033609740501391954
2492,0.0033609740501391954
2493,0.0033609740501391954
2494,0.0033609740501391954
2495,0.0033609740501391954
2496,0.0033609740501391954
2497,0.0033609740501391954
2498,0.0033609740501391954
2499,0.0033609740501391954
2500,0.0033609740501391954
2501,0.0033609740501391954
2502,0.0033609740501391954
2503,0.0033609740501391954
2504,0.0033609740501391954
2505,0.0033609740501391954
2506,0.0033609740501391954
2507,0.0033609740501391954
2508,0.0033609740501391954
2509,0.0033609740501391954
2510,0.0033609740501391954
2511,0.0033609740501391954
2512,0.0033609740501391954
2513,0.0033609740501391954
2514,0.0033609740501391954
2515,0.0033609740501391954
2516,0.0033609740501391954
2517,0.0033609740501391954
2518,0.0033609740501391954
2519,0.0033609740501391954
2520,0.0033609740501391954
2521,0.0033609740501391954
2522,0.0033609740501391954
2523,0.0033609740501391954
2524,0.0033609740501391954
2525,0.0033609740501391954
2526,0.0033609740501391954
2527,0.0033609740501391954
2528,0.0033609740501391954
2529,0.0033609740501391954
2530,0.0033609740501391954
2531,0.0033609740501391954
2532,0.0033609740501391954
2533,0.0033609740501391954
2534,0.0033609740501391954
2535,0.0033609740501391954
2536,0.0033609740501391954
2537,0.0033609740501391954
2538,0.0033609740501391954
2539,0.0033609740501391954
2540,0.0033609740501391954
2541,0.0033609740501391954
2542,0.0033609740501391954
2543,0.0033609740501391954
2544,0.0033609740501391954
2545,0.0033609740501391954
2546,0.0033609740501391954
2547,0.0033609740501391954
2548,0.0033609740501391954
2549,0.0033609740501391954
2550,0.0033609740501391954
2551,0.0033609740501391954
2552,0.0033609740501391954
2553,0.0033609740501391954
2554,0.0033609740501391954
2555,0.0033609740501391954
2556,0.0033609740501391954
2557,0.0033609740501391954
2558,0.0033609740501391954
2559,0.0033609740501391954
2560,0.0033609740501391954
2561,0.0033609740501391954
2562,0.0033609740501391954
2563,0.0033609740501391954
2564,0.0033609740501391954
2565,0.0033609740501391954
2566,0.0033609740501391954
2567,0.0033609740501391954
2568,0.0033609740501391954
2569,0.0033609740501391954
2570,0.0033609740501391954
2571,0.0033609740501391954
2572,0.0033609740501391954
2573,0.0033609740501391954
2574,0.0033609740501391954
2575,0.0033609740501391954
2576,0.0033609740501391954
2577,0.0033609740501391954
2578,0.0033609740501391954
2579,0.0033609740501391954
2580,0.0033609740501391954
2581,0.0033609740501391954
2582,0.0033609740501391954
2583,0.0033609740501391954
2584,0.0033609740501391954
2585,0.0033609740501391954
2586,0.0033609740501391954
2587,0.0033609740501391954
2588,0.0033609740501391954
2589,0.0033609740501391954
2590,0.0033609740501391954
2591,0.0033609740501391954
2592,0.0033609740501391954
2593,0.0033609740501391954
2594,0.0033609740501391954
2595,0.0033609740501391954
2596,0.0033609740501391954
2597,0.0033609740501391954
2598,0.0033609740501391954
2599,0.0033609740501391954
2600,0.0033609740501391954
2601,0.0033609740501391954
2602,0.0033609740501391954
2603,0.0033609740501391954
2604,0.0033609740501391954
2605,0.0033609740501391954
2606,0.0033609740501391954
2607,0.0033609740501391954
2608,0.0033609740501391954
2609,0.0033609740501391954
2610,0.0033609740501391954
2611,0.0033609740501391954
2612,0.0033609740501391954
2613,0.0033609740501391954
2614,0.0033609740501391954
2615,0.0033609740501391954
2616,0.0033609740501391954
2617,0.0033609740501391954
2618,0.0033609740501391954
2619,0.0033609740501391954
2620,0.0033609740501391954
2621,0.0033609740501391954
2622,0.0033609740501391954
2623,0.0033609740501391954
2624,0.0033609740501391954
2625,0.0033609740501391954
2626,0.0033609740501391954
2627,0.0033609740501391954
2628,0.0033609740501391954
2629,0.0033609740501391954
2630,0.0033609740501391954
2631,0.0033609740501391954
2632,0.0033609740501391954
2633,0.0033609740501391954
2634,0.0033609740501391954
2635,0.0033609740501391954
2636,0.0033609740501391954
2637,0.0033609740501391954
2638,0.0033609740501391954
2639,0.0033609740501391954
2640,0.0033609740501391954
2641,0.0033609740501391954
2642,0.0033609740501391954
2643,0.0033609740501391954
2644,0.0033609740501391954
2645,0.0033609740501391954
2646,0.0033609740501391954
2647,0.0033609740501391954
2648,0.0033609740501391954
2649,0.0033609740501391954
2650,0.0033609740501391954
2651,0.0033609740501391954
2652,0.0033609740501391954
2653,0.0033609740501391954
2654,0.0033609740501391954
2655,0.0033609740501391954
2656,0.0033609740501391954
2657,0.0033609740501391954
2658,0.0033609740501391954
2659,0.0033609740501391954
2660,0.0033609740501391954
2661,0.0033609740501391954
2662,0.0033609740501391954
2663,0.0033609740501391954
2664,0.0033609740501391954
2665,0.0033609740501391954
2666,0.0033609740501391954
2667,0.0033609740501391954
2668,0.0033609740501391954
2669,0.0033609740501391954
2670,0.0033609740501391954
2671,0.0033609740501391954
2672,0.0033609740501391954
2673,0.0033609740501391954
2674,0.0033609740501391954
2675,0.0033609740501391954
2676,0.0033609740501391954
2677,0.0033609740501391954
2678,0.0033609740501391954
2679,0.0033609740501391954
2680,0.0033609740501391954
2681,0.0033609740501391954
2682,0.0033609740501391954
2683,0.0033609740501391954
2684,0.0033609740501391954
2685,0.0033609740501391954
2686,0.0033609740501391954
2687,0.0033609740501391954
2688,0.0033609740501391954
2689,0.0033609740501391954
2690,0.0033609740501391954
2691,0.0033609740501391954
2692,0.0033609740501391954
2693,0.0033609740501391954
2694,0.0033609740501391954
2695,0.0033609740501391954
2696,0.0033609740501391954
2697,0.0033609740501391954
2698,0.0033609740501391954
2699,0.0033609740501391954
2700,0.0033609740501391954
2701,0.0033609740501391954
2702,0.0033609740501391954
2703,0.0033609740501391954
2704,0.0033609740501391954
2705,0.0033609740501391954
2706,0.0033609740501391954
2707,0.0033609740501391954
2708,0.0033609740501391954
2709,0.0033609740501391954
2710,0.0033609740501391954
2711,0.0033609740501391954
2712,0.0033609740501391954
2713,0.0033609740501391954
2714,0.0033609740501391954
2715,0.0033609740501391954
2716,0.0033609740501391954
2717,0.0033609740501391954
2718,0.0033609740501391954
2719,0.0033609740501391954
2720,0.0033609740501391954
2721,0.0033609740501391954
2722,0.0033609740501391954
2723,0.0033609740501391954
2724,0.0033609740501391954
2725,0.0033609740501391954
2726,0.0033609740501391954
2727,0.0033609740501391954
2728,0.0033609740501391954
2729,0.0033609740501391954
2730,0.0033609740501391954
2731,0.0033609740501391954
2732,0.0033609740501391954
2733,0.0033609740501391954
2734,0.0033609740501391954
2735,0.0033609740501391954
2736,0.0033609740501391954
2737,0.0033609740501391954
2738,0.0033609740501391954
2739,0.0033609740501391954
2740,0.0033609740501391954
2741,0.0033609740501391954
2742,0.0033609740501391954
2743,0.0033609740501391954
2744,0.0033609740501391954
2745,0.0033609740501391954
2746,0.0033609740501391954
2747,0.0033609740501391954
2748,0.0033609740501391954
2749,0.0033609740501391954
2750,0.0033609740501391954
2751,0.0033609740501391954
2752,0.0033609740501391954
2753,0.0033609740501391954
2754,0.0033609740501391954
2755,0.0033609740501391954
2756,0.0033609740501391954
2757,0.0033609740501391954
2758,0.0033609740501391954
2759,0.0033609740501391954
2760,0.0033609740501391954
2761,0.0033609740501391954
2762,0.0033609740501391954
2763,0.0033609740501391954
2764,0.0033609740501391954
2765,0.0033609740501391954
2766,0.0033609740501391954
2767,0.0033609740501391954
2768,0.0033609740501391954
2769,0.0033609740501391954
2770,0.0033609740501391954
2771,0.0033609740501391954
2772,0.0033609740501391954
2773,0.0033609740501391954
2774,0.0033609740501391954
2775,0.0033609740501391954
2776,0.0033609740501391954
2777,0.0033609740501391954
2778,0.0033609740501391954
2779,0.0033609740501391954
2780,0.0033609740501391954
2781,0.0033609740501391954
2782,0.0033609740501391954
2783,0.0033609740501391954
2784,0.0033609740501391954
2785,0.0033609740501391954
2786,0.0033609740501391954
2787,0.0033609740501391954
2788,0.0033609740501391954
2789,0.0033609740501391954
2790,0.0033609740501391954
2791,0.0033609740501391954
2792,0.0033609740501391954
2793,0.0033609740501391954
2794,0.0033609740501391954
2795,0.0033609740501391954
2796,0.0033609740501391954
2797,0.0033609740501391954
2798,0.0033609740501391954
2799,0.0033609740501391954
2800,0.0033609740501391954
2801,0.0033609740501391954
2802,0.0033609740501391954
2803,0.0033609740501391954
2804,0.0033609740501391954
2805,0.0033609740501391954
2806,0.0033609740501391954
2807,0.0033609740501391954
2808,0.0033609740501391954
2809,0.0033609740501391954
2810,0.0033609740501391954
2811,0.0033609740501391954
2812,0.0033609740501391954
2813,0.0033609740501391954
2814,0.0033609740501391954
2815,0.0033609740501391954
2816,0.0033609740501391954
2817,0.0033609740501391954
2818,0.0033609740501391954
2819,0.0033609740501391954
2820,0.0033609740501391954
2821,0.0033609740501391954
2822,0.0033609740501391954
2823,0.0033609740501391954
2824,0.0033609740501391954
2825,0.0033609740501391954
2826,0.0033609740501391954
2827,0.0033609740501391954
2828,0.0033609740501391954
2829,0.0033609740501391954
2830,0.0033609740501391954
2831,0.0033609740501391954
2832,0.0033609740501391954
2833,0.0033609740501391954
2834,0.0033609740501391954
2835,0.0033609740501391954
2836,0.0033609740501391954
2837,0.0033609740501391954
2838,0.0033609740501391954
2839,0.0033609740501391954
2840,0.0033609740501391954
2841,0.0033609740501391954
2842,0.0033609740501391954
2843,0.0033609740501391954
2844,0.0033609740501391954
2845,0.0033609740501391954
2846,0.0033609740501391954
2847,0.0033609740501391954
2848,0.0033609740501391954
2849,0.0033609740501391954
2850,0.0033609740501391954
2851,0.0033609740501391954
2852,0.0033609740501391954
2853,0.0033609740501391954
2854,0.0033609740501391954
2855,0.0033609740501391954
2856,0.0033609740501391954
2857,0.0033609740501391954
2858,0.0033609740501391954
2859,0.0033609740501391954
2860,0.0033609740501391954
2861,0.0033609740501391954
2862,0.0033609740501391954
2863,0.0033609740501391954
2864,0.0033609740501391954
2865,0.0033609740501391954
2866,0.0033609740501391954
2867,0.0033609740501391954
2868,0.0033609740501391954
2869,0.0033609740501391954
2870,0.0033609740501391954
2871,0.0033609740501391954
2872,0.0033609740501391954
2873,0.0033609740501391954
2874,0.0033609740501391954
2875,0.0033609740501391954
2876,0.0033609740501391954
2877,0.0033609740501391954
2878,0.0033609740501391954
2879,0.0033609740501391954
2880,0.0033609740501391954
2881,0.0033609740501391954
2882,0.0033609740501391954
2883,0.0033609740501391954
2884,0.0033609740501391954
2885,0.0033609740501391954
2886,0.0033609740501391954
2887,0.0033609740501391954
2888,0.0033609740501391954
2889,0.0033609740501391954
2890,0.0033609740501391954
2891,0.0033609740501391954
2892,0.0033609740501391954
2893,0.0033609740501391954
2894,0.0033609740501391954
2895,0.0033609740501391954
2896,0.0033609740501391954
2897,0.0033609740501391954
2898,0.0033609740501391954
2899,0.0033609740501391954
2900,0.0033609740501391954
2901,0.0033609740501391954
2902,0.0033609740501391954
2903,0.0033609740501391954
2904,0.0033609740501391954
2905,0.0033609740501391954
2906,0.0033609740501391954
2907,0.0033609740501391954
2908,0.0033609740501391954
2909,0.0033609740501391954
2910,0.0033609740501391954
2911,0.0033609740501391954
2912,0.0033609740501391954
2913,0.0033609740501391954
2914,0.0033609740501391954
2915,0.0033609740501391954
2916,0.0033609740501391954
2917,0.0033609740501391954
2918,0.0033609740501391954
2919,0.0033609740501391954
2920,0.0033609740501391954
2921,0.0033609740501391954
2922,0.0033609740501391954
2923,0.0033609740501391954
2924,0.0033609740501391954
2925,0.0033609740501391954
2926,0.0033609740501391954
2927,0.0033609740501391954
2928,0.0033609740501391954
2929,0.0033609740501391954
2930,0.0033609740501391954
2931,0.0033609740501391954
2932,0.0033609740501391954
2933,0.0033609740501391954
2934,0.0033609740501391954
2935,0.0033609740501391954
2936,0.0033609740501391954
2937,0.0033609740501391954
2938,0.0033609740501391954
2939,0.0033609740501391954
2940,0.0033609740501391954
2941,0.0033609740501391954
2942,0.0033609740501391954
2943,0.0033609740501391954
2944,0.0033609740501391954
2945,0.0033609740501391954
2946,0.0033609740501391954
2947,0.0033609740501391954
2948,0.0033609740501391954
2949,0.0033609740501391954
2950,0.0033609740501391954
2951,0.0033609740501391954
2952,0.0033609740501391954
2953,0.0033609740501391954
2954,0.0033609740501391954
2955,0.0033609740501391954
2956,0.0033609740501391954
2957,0.0033609740501391954
2958,0.0033609740501391954
2959,0.0033609740501391954
2960,0.0033609740501391954
2961,0.0033609740501391954
2962,0.0033609740501391954
2963,0.0033609740501391954
2964,0.0033609740501391954
2965,0.0033609740501391954
2966,0.0033609740501391954
2967,0.0033609740501391954
2968,0.0033609740501391954
2969,0.0033609740501391954
2970,0.0033609740501391954
2971,0.0033609740501391954
2972,0.0033609740501391954
2973,0.0033609740501391954
2974,0.0033609740501391954
2975,0.0033609740501391954
2976,0.0033609740501391954
2977,0.0033609740501391954
2978,0.0033609740501391954
2979,0.0033609740501391954
2980,0.0033609740501391954
2981,0.0033609740501391954
2982,0.0033609740501391954
2983,0.0033609740501391954
2984,0.0033609740501391954
2985,0.0033609740501391954
2986,0.0033609740501391954
2987,0.0033609740501391954
2988,0.0033609740501391954
2989,0.0033609740501391954
2990,0.0033609740501391954
2991,0.0033609740501391954
2992,0.0033609740501391954
2993,0.0033609740501391954
2994,0.0033609740501391954
2995,0.0033609740501391954
2996,0.0033609740501391954
2997,0.0033609740501391954
2998,0.0033609740501391954
2999,0.0033609740501391954
3000,0.0033609740501391954
3001,0.0033609740501391954
3002,0.0033609740501391954
3003,0.0033609740501391954
3004,0.0033609740501391954
3005,0.0033609740501391954
3006,0.0033609740501391954
3007,0.0033609740501391954
3008,0.0033609740501391954
3009,0.0033609740501391954
3010,0.0033609740501391954
3011,0.0033609740501391954
3012,0.0033609740501391954
3013,0.0033609740501391954
3014,0.0033609740501391954
3015,0.0033609740501391954
3016,0.0033609740501391954
3017,0.0033609740501391954
3018,0.0033609740501391954
3019,0.0033609740501391954
3020,0.0033609740501391954
3021,0.0033609740501391954
3022,0.0033609740501391954
3023,0.0033609740501391954
3024,0.0033609740501391954
3025,0.0033609740501391954
3026,0.0033609740501391954
3027,0.0033609740501391954
3028,0.0033609740501391954
3029,0.0033609740501391954
3030,0.0033609740501391954
3031,0.0033609740501391954
3032,0.0033609740501391954
3033,0.0033609740501391954
3034,0.0033609740501391954
3035,0.0033609740501391954
3036,0.0033609740501391954
3037,0.0033609740501391954
3038,0.0033609740501391954
3039,0.0033609740501391954
3040,0.0033609740501391954
3041,0.0033609740501391954
3042,0.0033609740501391954
3043,0.0033609740501391954
3044,0.0033609740501391954
3045,0.0033609740501391954
3046,0.0033609740501391954
3047,0.0033609740501391954
3048,0.0033609740501391954
3049,0.0033609740501391954
3050,0.0033609740501391954
3051,0.0033609740501391954
3052,0.0033609740501391954
3053,0.0033609740501391954
3054,0.0033609740501391954
3055,0.0033609740501391954
3056,0.0033609740501391954
3057,0.0033609740501391954
3058,0.0033609740501391954
3059,0.0033609740501391954
3060,0.0033609740501391954
3061,0.0033609740501391954
3062,0.0033609740501391954
3063,0.0033609740501391954
3064,0.0033609740501391954
3065,0.0033609740501391954
3066,0.0033609740501391954
3067,0.0033609740501391954
3068,0.0033609740501391954
3069,0.0033609740501391954
3070,0.0033609740501391954
3071,0.0033609740501391954
3072,0.0033609740501391954
3073,0.0033609740501391954
3074,0.0033609740501391954
3075,0.0033609740501391954
3076,0.0033609740501391954
3077,0.0033609740501391954
3078,0.0033609740501391954
3079,0.0033609740501391954
3080,0.0033609740501391954
3081,0.0033609740501391954
3082,0.0033609740501391954
3083,0.0033609740501391954
3084,0.0033609740501391954
3085,0.0033609740501391954
3086,0.0033609740501391954
3087,0.0033609740501391954
3088,0.0033609740501391954
3089,0.0033609740501391954
3090,0.0033609740501391954
3091,0.0033609740501391954
3092,0.0033609740501391954
3093,0.0033609740501391954
3094,0.0033609740501391954
3095,0.0033609740501391954
3096,0.0033609740501391954
3097,0.0033609740501391954
3098,0.0033609740501391954
3099,0.0033609740501391954
3100,0.0033609740501391954
3101,0.0033609740501391954
3102,0.0033609740501391954
3103,0.0033609740501391954
3104,0.0033609740501391954
3105,0.0033609740501391954
3106,0.0033609740501391954
3107,0.0033609740501391954
3108,0.0033609740501391954
3109,0.0033609740501391954
3110,0.0033609740501391954
3111,0.0033609740501391954
3112,0.0033609740501391954
3113,0.0033609740501391954
3114,0.0033609740501391954
3115,0.0033609740501391954
3116,0.0033609740501391954
3117,0.0033609740501391954
3118,0.0033609740501391954
3119,0.0033609740501391954
3120,0.0033609740501391954
3121,0.0033609740501391954
3122,0.0033609740501391954
3123,0.0033609740501391954
3124,0.0033609740501391954
3125,0.0033609740501391954
3126,0.0033609740501391954
3127,0.0033609740501391954
3128,0.0033609740501391954
3129,0.0033609740501391954
3130,0.0033609740501391954
3131,0.0033609740501391954
3132,0.0033609740501391954
3133,0.0033609740501391954
3134,0.0033609740501391954
3135,0.0033609740501391954
3136,0.0033609740501391954
3137,0.0033609740501391954
3138,0.0033609740501391954
3139,0.0033609740501391954
3140,0.0033609740501391954
3141,0.0033609740501391954
3142,0.0033609740501391954
3143,0.0033609740501391954
3144,0.0033609740501391954
3145,0.0033609740501391954
3146,0.0033609740501391954
3147,0.0033609740501391954
3148,0.0033609740501391954
3149,0.0033609740501391954
3150,0.0033609740501391954
3151,0.0033609740501391954
3152,0.0033609740501391954
3153,0.0033609740501391954
3154,0.0033609740501391954
3155,0.0033609740501391954
3156,0.0033609740501391954
3157,0.0033609740501391954
3158,0.0033609740501391954
3159,0.0033609740501391954
3160,0.0033609740501391954
3161,0.0033609740501391954
3162,0.0033609740501391954
3163,0.0033609740501391954
3164,0.0033609740501391954
3165,0.0033609740501391954
3166,0.0033609740501391954
3167,0.0033609740501391954
3168,0.0033609740501391954
3169,0.0033609740501391954
3170,0.0033609740501391954
3171,0.0033609740501391954
3172,0.0033609740501391954
3173,0.0033609740501391954
3174,0.0033609740501391954
3175,0.0033609740501391954
3176,0.0033609740501391954
3177,0.0033609740501391954
3178,0.0033609740501391954
3179,0.0033609740501391954
3180,0.0033609740501391954
3181,0.0033609740501391954
3182,0.0033609740501391954
3183,0.0033609740501391954
3184,0.0033609740501391954
3185,0.0033609740501391954
3186,0.0033609740501391954
3187,0.0033609740501391954
3188,0.0033609740501391954
3189,0.0033609740501391954
3190,0.0033609740501391954
3191,0.0033609740501391954
3192,0.0033609740501391954
3193,0.0033609740501391954
3194,0.0033609740501391954
3195,0.0033609740501391954
3196,0.0033609740501391954
3197,0.0033609740501391954
3198,0.0033609740501391954
3199,0.0033609740501391954
3200,0.0033609740501391954
3201,0.0033609740501391954
3202,0.0033609740501391954
3203,0.0033609740501391954
3204,0.0033609740501391954
3205,0.0033609740501391954
3206,0.0033609740501391954
3207,0.0033609740501391954
3208,0.0033609740501391954
3209,0.0033609740501391954
3210,0.0033609740501391954
3211,0.0033609740501391954
3212,0.0033609740501391954
3213,0.0033609740501391954
3214,0.0033609740501391954
3215,0.0033609740501391954
3216,0.0033609740501391954
3217,0.0033609740501391954
3218,0.0033609740501391954
3219,0.0033609740501391954
3220,0.0033609740501391954
3221,0.0033609740501391954
3222,0.0033609740501391954
3223,0.0033609740501391954
3224,0.0033609740501391954
3225,0.0033609740501391954
3226,0.0033609740501391954
3227,0.0033609740501391954
3228,0.0033609740501391954
3229,0.0033609740501391954
3230,0.0033609740501391954
3231,0.0033609740501391954
3232,0.0033609740501391954
3233,0.0033609740501391954
3234,0.0033609740501391954
3235,0.0033609740501391954
3236,0.0033609740501391954
3237,0.0033609740501391954
3238,0.0033609740501391954
3239,0.0033609740501391954
3240,0.0033609740501391954
3241,0.0033609740501391954
3242,0.0033609740501391954
3243,0.0033609740501391954
3244,0.0033609740501391954
3245,0.0033609740501391954
3246,0.0033609740501391954
3247,0.0033609740501391954
3248,0.0033609740501391954
3249,0.0033609740501391954
3250,0.0033609740501391954
3251,0.0033609740501391954
3252,0.0033609740501391954
3253,0.0033609740501391954
3254,0.0033609740501391954
3255,0.0033609740501391954
3256,0.0033609740501391954
3257,0.0033609740501391954
3258,0.0033609740501391954
3259,0.0033609740501391954
3260,0.0033609740501391954
3261,0.0033609740501391954
3262,0.0033609740501391954
3263,0.0033609740501391954
3264,0.0033609740501391954
3265,0.0033609740501391954
3266,0.0033609740501391954
3267,0.0033609740501391954
3268,0.0033609740501391954
3269,0.0033609740501391954
3270,0.0033609740501391954
3271,0.0033609740501391954
3272,0.0033609740501391954
3273,0.0033609740501391954
3274,0.0033609740501391954
3275,0.0033609740501391954
3276,0.0033609740501391954
3277,0.0033609740501391954
3278,0.0033609740501391954
3279,0.0033609740501391954
3280,0.0033609740501391954
3281,0.0033609740501391954
3282,0.0033609740501391954
3283,0.0033609740501391954
3284,0.0033609740501391954
3285,0.0033609740501391954
3286,0.0033609740501391954
3287,0.0033609740501391954
3288,0.0033609740501391954
3289,0.0033609740501391954
3290,0.0033609740501391954
3291,0.0033609740501391954
3292,0.0033609740501391954
3293,0.0033609740501391954
3294,0.0033609740501391954
3295,0.0033609740501391954
3296,0.0033609740501391954
3297,0.0033609740501391954
3298,0.0033609740501391954
3299,0.0033609740501391954
3300,0.0033609740501391954
3301,0.0033609740501391954
3302,0.0033609740501391954
3303,0.0033609740501391954
3304,0.0033609740501391954
3305,0.0033609740501391954
3306,0.0033609740501391954
3307,0.0033609740501391954
3308,0.0033609740501391954
3309,0.0033609740501391954
3310,0.0033609740501391954
3311,0.0033609740501391954
3312,0.0033609740501391954
3313,0.0033609740501391954
3314,0.0033609740501391954
3315,0.0033609740501391954
3316,0.0033609740501391954
3317,0.0033609740501391954
3318,0.0033609740501391954
3319,0.0033609740501391954
3320,0.0033609740501391954
3321,0.0033609740501391954
3322,0.0033609740501391954
3323,0.0033609740501391954
3324,0.0033609740501391954
3325,0.0033609740501391954
3326,0.0033609740501391954
3327,0.0033609740501391954
3328,0.0033609740501391954
3329,0.0033609740501391954
3330,0.0033609740501391954
3331,0.0033609740501391954
3332,0.0033609740501391954
3333,0.0033609740501391954
3334,0.0033609740501391954
3335,0.0033609740501391954
3336,0.0033609740501391954
3337,0.0033609740501391954
3338,0.0033609740501391954
3339,0.0033609740501391954
3340,0.0033609740501391954
3341,0.0033609740501391954
3342,0.0033609740501391954
3343,0.0033609740501391954
3344,0.0033609740501391954
3345,0.0033609740501391954
3346,0.0033609740501391954
3347,0.0033609740501391954
3348,0.0033609740501391954
3349,0.0033609740501391954
3350,0.0033609740501391954
3351,0.0033609740501391954
3352,0.0033609740501391954
3353,0.0033609740501391954
3354,0.0033609740501391954
3355,0.0033609740501391954
3356,0.0033609740501391954
3357,0.0033609740501391954
3358,0.0033609740501391954
3359,0.0033609740501391954
3360,0.0033609740501391954
3361,0.0033609740501391954
3362,0.0033609740501391954
3363,0.0033609740501391954
3364,0.0033609740501391954
3365,0.0033609740501391954
3366,0.0033609740501391954
3367,0.0033609740501391954
3368,0.0033609740501391954
3369,0.0033609740501391954
3370,0.0033609740501391954
3371,0.0033609740501391954
3372,0.0033609740501391954
3373,0.0033609740501391954
3374,0.0033609740501391954
3375,0.0033609740501391954
3376,0.0033609740501391954
3377,0.0033609740501391954
3378,0.0033609740501391954
3379,0.0033609740501391954
3380,0.0033609740501391954
3381,0.0033609740501391954
3382,0.0033609740501391954
3383,0.0033609740501391954
3384,0.0033609740501391954
3385,0.0033609740501391954
3386,0.0033609740501391954
3387,0.0033609740501391954
3388,0.0033609740501391954
3389,0.0033609740501391954
3390,0.0033609740501391954
3391,0.0033609740501391954
3392,0.0033609740501391954
3393,0.0033609740501391954
3394,0.0033609740501391954
3395,0.0033609740501391954
3396,0.0033609740501391954
3397,0.0033609740501391954
3398,0.0033609740501391954
3399,0.0033609740501391954
3400,0.0033609740501391954
3401,0.0033609740501391954
3402,0.0033609740501391954
3403,0.0033609740501391954
3404,0.0033609740501391954
3405,0.0033609740501391954
3406,0.0033609740501391954
3407,0.0033609740501391954
3408,0.0033609740501391954
3409,0.0033609740501391954
3410,0.0033609740501391954
3411,0.0033609740501391954
3412,0.0033609740501391954
3413,0.0033609740501391954
3414,0.0033609740501391954
3415,0.0033609740501391954
3416,0.0033609740501391954
3417,0.0033609740501391954
3418,0.0033609740501391954
3419,0.0033609740501391954
3420,0.0033609740501391954
3421,0.0033609740501391954
3422,0.0033609740501391954
3423,0.0033609740501391954
3424,0.0033609740501391954
3425,0.0033609740501391954
3426,0.0033609740501391954
3427,0.0033609740501391954
3428,0.0033609740501391954
3429,0.0033609740501391954
3430,0.0033609740501391954
3431,0.0033609740501391954
3432,0.0033609740501391954
3433,0.0033609740501391954
3434,0.0033609740501391954
3435,0.0033609740501391954
3436,0.0033609740501391954
3437,0.0033609740501391954
3438,0.0033609740501391954
3439,0.0033609740501391954
3440,0.0033609740501391954
3441,0.0033609740501391954
3442,0.0033609740501391954
3443,0.0033609740501391954
3444,0.0033609740501391954
3445,0.0033609740501391954
3446,0.0033609740501391954
3447,0.0033609740501391954
3448,0.0033609740501391954
3449,0.0033609740501391954
3450,0.0033609740501391954
3451,0.0033609740501391954
3452,0.0033609740501391954
3453,0.0033609740501391954
3454,0.0033609740501391954
3455,0.0033609740501391954
3456,0.0033609740501391954
3457,0.0033609740501391954
3458,0.0033609740501391954
3459,0.0033609740501391954
3460,0.0033609740501391954
3461,0.0033609740501391954
3462,0.0033609740501391954
3463,0.0033609740501391954
3464,0.0033609740501391954
3465,0.0033609740501391954
3466,0.0033609740501391954
3467,0.0033609740501391954
3468,0.0033609740501391954
3469,0.0033609740501391954
3470,0.0033609740501391954
3471,0.0033609740501391954
3472,0.0033609740501391954
3473,0.0033609740501391954
3474,0.0033609740501391954
3475,0.0033609740501391954
3476,0.0033609740501391954
3477,0.0033609740501391954
3478,0.0033609740501391954
3479,0.0033609740501391954
3480,0.0033609740501391954
3481,0.0033609740501391954
3482,0.0033609740501391954
3483,0.0033609740501391954
3484,0.0033609740501391954
3485,0.0033609740501391954
3486,0.0033609740501391954
3487,0.0033609740501391954
3488,0.0033609740501391954
3489,0.0033609740501391954
3490,0.0033609740501391954
3491,0.0033609740501391954
3492,0.0033609740501391954
3493,0.0033609740501391954
3494,0.0033609740501391954
3495,0.0033609740501391954
3496,0.0033609740501391954
3497,0.0033609740501391954
3498,0.0033609740501391954
3499,0.0033609740501391954
3500,0.0033609740501391954
3501,0.0033609740501391954
3502,0.0033609740501391954
3503,0.0033609740501391954
3504,0.0033609740501391954
3505,0.0033609740501391954
3506,0.0033609740501391954
3507,0.0033609740501391954
3508,0.0033609740501391954
3509,0.0033609740501391954
3510,0.0033609740501391954
3511,0.0033609740501391954
3512,0.0033609740501391954
3513,0.0033609740501391954
3514,0.0033609740501391954
3515,0.0033609740501391954
3516,0.0033609740501391954
3517,0.0033609740501391954
3518,0.0033609740501391954
3519,0.0033609740501391954
3520,0.0033609740501391954
3521,0.0033609740501391954
3522,0.0033609740501391954
3523,0.0033609740501391954
3524,0.0033609740501391954
3525,0.0033609740501391954
3526,0.0033609740501391954
3527,0.0033609740501391954
3528,0.0033609740501391954
3529,0.0033609740501391954
3530,0.0033609740501391954
3531,0.0033609740501391954
3532,0.0033609740501391954
3533,0.0033609740501391954
3534,0.0033609740501391954
3535,0.0033609740501391954
3536,0.0033609740501391954
3537,0.0033609740501391954
3538,0.0033609740501391954
3539,0.0033609740501391954
3540,0.0033609740501391954
3541,0.0033609740501391954
3542,0.0033609740501391954
3543,0.0033609740501391954
3544,0.0033609740501391954
3545,0.0033609740501391954
3546,0.0033609740501391954
3547,0.0033609740501391954
3548,0.0033609740501391954
3549,0.0033609740501391954
3550,0.0033609740501391954
3551,0.0033609740501391954
3552,0.0033609740501391954
3553,0.0033609740501391954
3554,0.0033609740501391954
3555,0.0033609740501391954
3556,0.0033609740501391954
3557,0.0033609740501391954
3558,0.0033609740501391954
3559,0.0033609740501391954
3560,0.0033609740501391954
3561,0.0033609740501391954
3562,0.0033609740501391954
3563,0.0033609740501391954
3564,0.0033609740501391954
3565,0.0033609740501391954
3566,0.0033609740501391954
3567,0.0033609740501391954
3568,0.0033609740501391954
3569,0.0033609740501391954
3570,0.0033609740501391954
3571,0.0033609740501391954
3572,0.0033609740501391954
3573,0.0033609740501391954
3574,0.0033609740501391954
3575,0.0033609740501391954
3576,0.0033609740501391954
3577,0.0033609740501391954
3578,0.0033609740501391954
3579,0.0033609740501391954
3580,0.0033609740501391954
3581,0.0033609740501391954
3582,0.0033609740501391954
3583,0.0033609740501391954
3584,0.0033609740501391954
3585,0.0033609740501391954
3586,0.0033609740501391954
3587,0.0033609740501391954
3588,0.0033609740501391954
3589,0.0033609740501391954
3590,0.0033609740501391954
3591,0.0033609740501391954
3592,0.0033609740501391954
3593,0.0033609740501391954
3594,0.0033609740501391954
3595,0.0033609740501391954
3596,0.0033609740501391954
3597,0.0033609740501391954
3598,0.0033609740501391954
3599,0.0033609740501391954
3600,0.0033609740501391954
3601,0.0033609740501391954
3602,0.0033609740501391954
3603,0.0033609740501391954
3604,0.0033609740501391954
3605,0.0033609740501391954
3606,0.0033609740501391954
3607,0.0033609740501391954
3608,0.0033609740501391954
3609,0.0033609740501391954
3610,0.0033609740501391954
3611,0.0033609740501391954
3612,0.0033609740501391954
3613,0.0033609740501391954
3614,0.0033609740501391954
3615,0.0033609740501391954
3616,0.0033609740501391954
3617,0.0033609740501391954
3618,0.0033609740501391954
3619,0.0033609740501391954
3620,0.0033609740501391954
3621,0.0033609740501391954
3622,0.0033609740501391954
3623,0.0033609740501391954
3624,0.0033609740501391954
3625,0.0033609740501391954
3626,0.0033609740501391954
3627,0.0033609740501391954
3628,0.0033609740501391954
3629,0.0033609740501391954
3630,0.0033609740501391954
3631,0.0033609740501391954
3632,0.0033609740501391954
3633,0.0033609740501391954
3634,0.0033609740501391954
3635,0.0033609740501391954
3636,0.0033609740501391954
3637,0.0033609740501391954
3638,0.0033609740501391954
3639,0.0033609740501391954
3640,0.0033609740501391954
3641,0.0033609740501391954
3642,0.0033609740501391954
3643,0.0033609740501391954
3644,0.0033609740501391954
3645,0.0033609740501391954
3646,0.0033609740501391954
3647,0.0033609740501391954
3648,0.0033609740501391954
3649,0.0033609740501391954
3650,0.0033609740501391954
3651,0.0033609740501391954
3652,0.0033609740501391954
3653,0.0033609740501391954
3654,0.0033609740501391954
3655,0.0033609740501391954
3656,0.0033609740501391954
3657,0.0033609740501391954
3658,0.0033609740501391954
3659,0.0033609740501391954
3660,0.0033609740501391954
3661,0.0033609740501391954
3662,0.0033609740501391954
3663,0.0033609740501391954
3664,0.0033609740501391954
3665,0.0033609740501391954
3666,0.0033609740501391954
3667,0.0033609740501391954
3668,0.0033609740501391954
3669,0.0033609740501391954
3670,0.0033609740501391954
3671,0.0033609740501391954
3672,0.0033609740501391954
3673,0.0033609740501391954
3674,0.0033609740501391954
3675,0.0033609740501391954
3676,0.0033609740501391954
3677,0.0033609740501391954
3678,0.0033609740501391954
3679,0.0033609740501391954
3680,0.0033609740501391954
3681,0.0033609740501391954
3682,0.0033609740501391954
3683,0.0033609740501391954
3684,0.0033609740501391954
3685,0.0033609740501391954
3686,0.0033609740501391954
3687,0.0033609740501391954
3688,0.0033609740501391954
3689,0.0033609740501391954
3690,0.0033609740501391954
3691,0.0033609740501391954
3692,0.0033609740501391954
3693,0.0033609740501391954
3694,0.0033609740501391954
3695,0.0033609740501391954
3696,0.0033609740501391954
3697,0.0033609740501391954
3698,0.0033609740501391954
3699,0.0033609740501391954
3700,0.0033609740501391954
3701,0.0033609740501391954
3702,0.0033609740501391954
3703,0.0033609740501391954
3704,0.0033609740501391954
3705,0.0033609740501391954
3706,0.0033609740501391954
3707,0.0033609740501391954
3708,0.0033609740501391954
3709,0.0033609740501391954
3710,0.0033609740501391954
3711,0.0033609740501391954
3712,0.0033609740501391954
3713,0.0033609740501391954
3714,0.0033609740501391954
3715,0.0033609740501391954
3716,0.0033609740501391954
3717,0.0033609740501391954
3718,0.0033609740501391954
3719,0.0033609740501391954
3720,0.0033609740501391954
3721,0.0033609740501391954
3722,0.0033609740501391954
3723,0.0033609740501391954
3724,0.0033609740501391954
3725,0.0033609740501391954
3726,0.0033609740501391954
3727,0.0033609740501391954
3728,0.0033609740501391954
3729,0.0033609740501391954
3730,0.0033609740501391954
3731,0.0033609740501391954
3732,0.0033609740501391954
3733,0.0033609740501391954
3734,0.0033609740501391954
3735,0.0033609740501391954
3736,0.0033609740501391954
3737,0.0033609740501391954
3738,0.0033609740501391954
3739,0.0033609740501391954
3740,0.0033609740501391954
3741,0.0033609740501391954
3742,0.0033609740501391954
3743,0.0033609740501391954
3744,0.0033609740501391954
3745,0.0033609740501391954
3746,0.0033609740501391954
3747,0.0033609740501391954
3748,0.0033609740501391954
3749,0.0033609740501391954
3750,0.0033609740501391954
3751,0.0033609740501391954
3752,0.0033609740501391954
3753,0.0033609740501391954
3754,0.0033609740501391954
3755,0.0033609740501391954
3756,0.0033609740501391954
3757,0.0033609740501391954
3758,0.0033609740501391954
3759,0.0033609740501391954
3760,0.0033609740501391954
3761,0.0033609740501391954
3762,0.0033609740501391954
3763,0.0033609740501391954
3764,0.0033609740501391954
3765,0.0033609740501391954
3766,0.0033609740501391954
3767,0.0033609740501391954
3768,0.0033609740501391954
3769,0.0033609740501391954
3770,0.0033609740501391954
3771,0.0033609740501391954
3772,0.0033609740501391954
3773,0.0033609740501391954
3774,0.0033609740501391954
3775,0.0033609740501391954
3776,0.0033609740501391954
3777,0.0033609740501391954
3778,0.0033609740501391954
3779,0.0033609740501391954
3780,0.0033609740501391954
3781,0.0033609740501391954
3782,0.0033609740501391954
3783,0.0033609740501391954
3784,0.0033609740501391954
3785,0.0033609740501391954
3786,0.0033609740501391954
3787,0.0033609740501391954
3788,0.0033609740501391954
3789,0.0033609740501391954
3790,0.0033609740501391954
3791,0.0033609740501391954
3792,0.0033609740501391954
3793,0.0033609740501391954
3794,0.0033609740501391954
3795,0.0033609740501391954
3796,0.0033609740501391954
3797,0.0033609740501391954
3798,0.0033609740501391954
3799,0.0033609740501391954
3800,0.0033609740501391954
3801,0.0033609740501391954
3802,0.0033609740501391954
3803,0.0033609740501391954
3804,0.0033609740501391954
3805,0.0033609740501391954
3806,0.0033609740501391954
3807,0.0033609740501391954
3808,0.0033609740501391954
3809,0.0033609740501391954
3810,0.0033609740501391954
3811,0.0033609740501391954
3812,0.0033609740501391954
3813,0.0033609740501391954
3814,0.0033609740501391954
3815,0.0033609740501391954
3816,0.0033609740501391954
3817,0.0033609740501391954
3818,0.0033609740501391954
3819,0.0033609740501391954
3820,0.0033609740501391954
3821,0.0033609740501391954
3822,0.0033609740501391954
3823,0.0033609740501391954
3824,0.0033609740501391954
3825,0.0033609740501391954
3826,0.0033609740501391954
3827,0.0033609740501391954
3828,0.0033609740501391954
3829,0.0033609740501391954
3830,0.0033609740501391954
3831,0.0033609740501391954
3832,0.0033609740501391954
3833,0.0033609740501391954
3834,0.0033609740501391954
3835,0.0033609740501391954
3836,0.0033609740501391954
3837,0.0033609740501391954
3838,0.0033609740501391954
3839,0.0033609740501391954
3840,0.0033609740501391954
3841,0.0033609740501391954
3842,0.0033609740501391954
3843,0.0033609740501391954
3844,0.0033609740501391954
3845,0.0033609740501391954
3846,0.0033609740501391954
3847,0.0033609740501391954
3848,0.0033609740501391954
3849,0.0033609740501391954
3850,0.0033609740501391954
3851,0.0033609740501391954
3852,0.0033609740501391954
3853,0.0033609740501391954
3854,0.0033609740501391954
3855,0.0033609740501391954
3856,0.0033609740501391954
3857,0.0033609740501391954
3858,0.0033609740501391954
3859,0.0033609740501391954
3860,0.0033609740501391954
3861,0.0033609740501391954
3862,0.0033609740501391954
3863,0.0033609740501391954
3864,0.0033609740501391954
3865,0.0033609740501391954
3866,0.0033609740501391954
3867,0.0033609740501391954
3868,0.0033609740501391954
3869,0.0033609740501391954
3870,0.0033609740501391954
3871,0.0033609740501391954
3872,0.0033609740501391954
3873,0.0033609740501391954
3874,0.0033609740501391954
3875,0.0033609740501391954
3876,0.0033609740501391954
3877,0.0033609740501391954
3878,0.0033609740501391954
3879,0.0033609740501391954
3880,0.0033609740501391954
3881,0.0033609740501391954
3882,0.0033609740501391954
3883,0.0033609740501391954
3884,0.0033609740501391954
3885,0.0033609740501391954
3886,0.0033609740501391954
3887,0.0033609740501391954
3888,0.0033609740501391954
3889,0.0033609740501391954
3890,0.0033609740501391954
3891,0.0033609740501391954
3892,0.0033609740501391954
3893,0.0033609740501391954
3894,0.0033609740501391954
3895,0.0033609740501391954
3896,0.0033609740501391954
3897,0.0033609740501391954
3898,0.0033609740501391954
3899,0.0033609740501391954
3900,0.0033609740501391954
3901,0.0033609740501391954
3902,0.0033609740501391954
3903,0.0033609740501391954
3904,0.0033609740501391954
3905,0.0033609740501391954
3906,0.0033609740501391954
3907,0.0033609740501391954
3908,0.0033609740501391954
3909,0.0033609740501391954
3910,0.0033609740501391954
3911,0.0033609740501391954
3912,0.0033609740501391954
3913,0.0033609740501391954
3914,0.0033609740501391954
3915,0.0033609740501391954
3916,0.0033609740501391954
3917,0.0033609740501391954
3918,0.0033609740501391954
3919,0.0033609740501391954
3920,0.0033609740501391954
3921,0.0033609740501391954
3922,0.0033609740501391954
3923,0.0033609740501391954
3924,0.0033609740501391954
3925,0.0033609740501391954
3926,0.0033609740501391954
3927,0.0033609740501391954
3928,0.0033609740501391954
3929,0.0033609740501391954
3930,0.0033609740501391954
3931,0.0033609740501391954
3932,0.0033609740501391954
3933,0.0033609740501391954
3934,0.0033609740501391954
3935,0.0033609740501391954
3936,0.0033609740501391954
3937,0.0033609740501391954
3938,0.0033609740501391954
3939,0.0033609740501391954
3940,0.0033609740501391954
3941,0.0033609740501391954
3942,0.0033609740501391954
3943,0.0033609740501391954
3944,0.0033609740501391954
3945,0.0033609740501391954
3946,0.0033609740501391954
3947,0.0033609740501391954
3948,0.0033609740501391954
3949,0.0033609740501391954
3950,0.0033609740501391954
3951,0.0033609740501391954
3952,0.0033609740501391954
3953,0.0033609740501391954
3954,0.0033609740501391954
3955,0.0033609740501391954
3956,0.0033609740501391954
3957,0.0033609740501391954
3958,0.0033609740501391954
3959,0.0033609740501391954
3960,0.0033609740501391954
3961,0.0033609740501391954
3962,0.0033609740501391954
3963,0.0033609740501391954
3964,0.0033609740501391954
3965,0.0033609740501391954
3966,0.0033609740501391954
3967,0.0033609740501391954
3968,0.0033609740501391954
3969,0.0033609740501391954
3970,0.0033609740501391954
3971,0.0033609740501391954
3972,0.0033609740501391954
3973,0.0033609740501391954
3974,0.0033609740501391954
3975,0.0033609740501391954
3976,0.0033609740501391954
3977,0.0033609740501391954
3978,0.0033609740501391954
3979,0.0033609740501391954
3980,0.0033609740501391954
3981,0.0033609740501391954
3982,0.0033609740501391954
3983,0.0033609740501391954
3984,0.0033609740501391954
3985,0.0033609740501391954
3986,0.0033609740501391954
3987,0.0033609740501391954
3988,0.0033609740501391954
3989,0.0033609740501391954
3990,0.0033609740501391954
3991,0.0033609740501391954
3992,0.0033609740501391954
3993,0.0033609740501391954
3994,0.0033609740501391954
3995,0.0033609740501391954
3996,0.0033609740501391954
3997,0.0033609740501391954
3998,0.0033609740501391954
3999,0.0033609740501391954
4000,0.0033609740501391954
4001,0.0033609740501391954
4002,0.0033609740501391954
4003,0.0033609740501391954
4004,0.0033609740501391954
4005,0.0033609740501391954
4006,0.0033609740501391954
4007,0.0033609740501391954
4008,0.0033609740501391954
4009,0.0033609740501391954
4010,0.0033609740501391954
4011,0.0033609740501391954
4012,0.0033609740501391954
4013,0.0033609740501391954
4014,0.0033609740501391954
4015,0.0033609740501391954
4016,0.0033609740501391954
4017,0.0033609740501391954
4018,0.0033609740501391954
4019,0.0033609740501391954
4020,0.0033609740501391954
4021,0.0033609740501391954
4022,0.0033609740501391954
4023,0.0033609740501391954
4024,0.0033609740501391954
4025,0.0033609740501391954
4026,0.0033609740501391954
4027,0.0033609740501391954
4028,0.0033609740501391954
4029,0.0033609740501391954
4030,0.0033609740501391954
4031,0.0033609740501391954
4032,0.0033609740501391954
4033,0.0033609740501391954
4034,0.0033609740501391954
4035,0.0033609740501391954
4036,0.0033609740501391954
4037,0.0033609740501391954
4038,0.0033609740501391954
4039,0.0033609740501391954
4040,0.0033609740501391954
4041,0.0033609740501391954
4042,0.0033609740501391954
4043,0.0033609740501391954
4044,0.0033609740501391954
4045,0.0033609740501391954
4046,0.0033609740501391954
4047,0.0033609740501391954
4048,0.0033609740501391954
4049,0.0033609740501391954
4050,0.0033609740501391954
4051,0.0033609740501391954
4052,0.0033609740501391954
4053,0.0033609740501391954
4054,0.0033609740501391954
4055,0.0033609740501391954
4056,0.0033609740501391954
4057,0.0033609740501391954
4058,0.0033609740501391954
4059,0.0033609740501391954
4060,0.0033609740501391954
4061,0.0033609740501391954
4062,0.0033609740501391954
4063,0.0033609740501391954
4064,0.0033609740501391954
4065,0.0033609740501391954
4066,0.0033609740501391954
4067,0.0033609740501391954
4068,0.0033609740501391954
4069,0.0033609740501391954
4070,0.0033609740501391954
4071,0.0033609740501391954
4072,0.0033609740501391954
4073,0.0033609740501391954
4074,0.0033609740501391954
4075,0.0033609740501391954
4076,0.0033609740501391954
4077,0.0033609740501391954
4078,0.0033609740501391954
4079,0.0033609740501391954
4080,0.0033609740501391954
4081,0.0033609740501391954
4082,0.0033609740501391954
4083,0.0033609740501391954
4084,0.0033609740501391954
4085,0.0033609740501391954
4086,0.0033609740501391954
4087,0.0033609740501391954
4088,0.0033609740501391954
4089,0.0033609740501391954
4090,0.0033609740501391954
4091,0.0033609740501391954
4092,0.0033609740501391954
4093,0.0033609740501391954
4094,0.0033609740501391954
4095,0.0033609740501391954
4096,0.0033609740501391954
4097,0.0033609740501391954
4098,0.0033609740501391954
4099,0.0033609740501391954
4100,0.0033609740501391954
4101,0.0033609740501391954
4102,0.0033609740501391954
4103,0.0033609740501391954
4104,0.0033609740501391954
4105,0.0033609740501391954
4106,0.0033609740501391954
4107,0.0033609740501391954
4108,0.0033609740501391954
4109,0.0033609740501391954
4110,0.0033609740501391954
4111,0.0033609740501391954
4112,0.0033609740501391954
4113,0.0033609740501391954
4114,0.0033609740501391954
4115,0.0033609740501391954
4116,0.0033609740501391954
4117,0.0033609740501391954
4118,0.0033609740501391954
4119,0.0033609740501391954
4120,0.0033609740501391954
4121,0.0033609740501391954
4122,0.0033609740501391954
4123,0.0033609740501391954
4124,0.0033609740501391954
4125,0.0033609740501391954
4126,0.0033609740501391954
4127,0.0033609740501391954
4128,0.0033609740501391954
4129,0.0033609740501391954
4130,0.0033609740501391954
4131,0.0033609740501391954
4132,0.0033609740501391954
4133,0.0033609740501391954
4134,0.0033609740501391954
4135,0.0033609740501391954
4136,0.0033609740501391954
4137,0.0033609740501391954
4138,0.0033609740501391954
4139,0.0033609740501391954
4140,0.0033609740501391954
4141,0.0033609740501391954
4142,0.0033609740501391954
4143,0.0033609740501391954
4144,0.0033609740501391954
4145,0.0033609740501391954
4146,0.0033609740501391954
4147,0.0033609740501391954
4148,0.0033609740501391954
4149,0.0033609740501391954
4150,0.0033609740501391954
4151,0.0033609740501391954
4152,0.0033609740501391954
4153,0.0033609740501391954
4154,0.0033609740501391954
4155,0.0033609740501391954
4156,0.0033609740501391954
4157,0.0033609740501391954
4158,0.0033609740501391954
4159,0.0033609740501391954
4160,0.0033609740501391954
4161,0.0033609740501391954
4162,0.0033609740501391954
4163,0.0033609740501391954
4164,0.0033609740501391954
4165,0.0033609740501391954
4166,0.0033609740501391954
4167,0.0033609740501391954
4168,0.0033609740501391954
4169,0.0033609740501391954
4170,0.0033609740501391954
4171,0.0033609740501391954
4172,0.0033609740501391954
4173,0.0033609740501391954
4174,0.0033609740501391954
4175,0.0033609740501391954
4176,0.0033609740501391954
4177,0.0033609740501391954
4178,0.0033609740501391954
4179,0.0033609740501391954
4180,0.0033609740501391954
4181,0.0033609740501391954
4182,0.0033609740501391954
4183,0.0033609740501391954
4184,0.0033609740501391954
4185,0.0033609740501391954
4186,0.0033609740501391954
4187,0.0033609740501391954
4188,0.0033609740501391954
4189,0.0033609740501391954
4190,0.0033609740501391954
4191,0.0033609740501391954
4192,0.0033609740501391954
4193,0.0033609740501391954
4194,0.0033609740501391954
4195,0.0033609740501391954
4196,0.0033609740501391954
4197,0.0033609740501391954
4198,0.0033609740501391954
4199,0.0033609740501391954
4200,0.0033609740501391954
4201,0.0033609740501391954
4202,0.0033609740501391954
4203,0.0033609740501391954
4204,0.0033609740501391954
4205,0.0033609740501391954
4206,0.0033609740501391954
4207,0.0033609740501391954
4208,0.0033609740501391954
4209,0.0033609740501391954
4210,0.0033609740501391954
4211,0.0033609740501391954
4212,0.0033609740501391954
4213,0.0033609740501391954
4214,0.0033609740501391954
4215,0.0033609740501391954
4216,0.0033609740501391954
4217,0.0033609740501391954
4218,0.0033609740501391954
4219,0.0033609740501391954
4220,0.0033609740501391954
4221,0.0033609740501391954
4222,0.0033609740501391954
4223,0.0033609740501391954
4224,0.0033609740501391954
4225,0.0033609740501391954
4226,0.0033609740501391954
4227,0.0033609740501391954
4228,0.0033609740501391954
4229,0.0033609740501391954
4230,0.0033609740501391954
4231,0.0033609740501391954
4232,0.0033609740501391954
4233,0.0033609740501391954
4234,0.0033609740501391954
4235,0.0033609740501391954
4236,0.0033609740501391954
4237,0.0033609740501391954
4238,0.0033609740501391954
4239,0.0033609740501391954
4240,0.0033609740501391954
4241,0.0033609740501391954
4242,0.0033609740501391954
4243,0.0033609740501391954
4244,0.0033609740501391954
4245,0.0033609740501391954
4246,0.0033609740501391954
4247,0.0033609740501391954
4248,0.0033609740501391954
4249,0.0033609740501391954
4250,0.0033609740501391954
4251,0.0033609740501391954
4252,0.0033609740501391954
4253,0.0033609740501391954
4254,0.0033609740501391954
4255,0.0033609740501391954
4256,0.0033609740501391954
4257,0.0033609740501391954
4258,0.0033609740501391954
4259,0.0033609740501391954
4260,0.0033609740501391954
4261,0.0033609740501391954
4262,0.0033609740501391954
4263,0.0033609740501391954
4264,0.0033609740501391954
4265,0.0033609740501391954
4266,0.0033609740501391954
4267,0.0033609740501391954
4268,0.0033609740501391954
4269,0.0033609740501391954
4270,0.0033609740501391954
4271,0.0033609740501391954
4272,0.0033609740501391954
4273,0.0033609740501391954
4274,0.0033609740501391954
4275,0.0033609740501391954
4276,0.0033609740501391954
4277,0.0033609740501391954
4278,0.0033609740501391954
4279,0.0033609740501391954
4280,0.0033609740501391954
4281,0.0033609740501391954
4282,0.0033609740501391954
4283,0.0033609740501391954
4284,0.0033609740501391954
4285,0.0033609740501391954
4286,0.0033609740501391954
4287,0.0033609740501391954
4288,0.0033609740501391954
4289,0.0033609740501391954
4290,0.0033609740501391954
4291,0.0033609740501391954
4292,0.0033609740501391954
4293,0.0033609740501391954
4294,0.0033609740501391954
4295,0.0033609740501391954
4296,0.0033609740501391954
4297,0.0033609740501391954
4298,0.0033609740501391954
4299,0.0033609740501391954
4300,0.0033609740501391954
4301,0.0033609740501391954
4302,0.0033609740501391954
4303,0.0033609740501391954
4304,0.0033609740501391954
4305,0.0033609740501391954
4306,0.0033609740501391954
4307,0.0033609740501391954
4308,0.0033609740501391954
4309,0.0033609740501391954
4310,0.0033609740501391954
4311,0.0033609740501391954
4312,0.0033609740501391954
4313,0.0033609740501391954
4314,0.0033609740501391954
4315,0.0033609740501391954
4316,0.0033609740501391954
4317,0.0033609740501391954
4318,0.0033609740501391954
4319,0.0033609740501391954
4320,0.0033609740501391954
4321,0.0033609740501391954
4322,0.0033609740501391954
4323,0.0033609740501391954
4324,0.0033609740501391954
4325,0.0033609740501391954
4326,0.0033609740501391954
4327,0.0033609740501391954
4328,0.0033609740501391954
4329,0.0033609740501391954
4330,0.0033609740501391954
4331,0.0033609740501391954
4332,0.0033609740501391954
4333,0.0033609740501391954
4334,0.0033609740501391954
4335,0.0033609740501391954
4336,0.0033609740501391954
4337,0.0033609740501391954
4338,0.0033609740501391954
4339,0.0033609740501391954
4340,0.0033609740501391954
4341,0.0033609740501391954
4342,0.0033609740501391954
4343,0.0033609740501391954
4344,0.0033609740501391954
4345,0.0033609740501391954
4346,0.0033609740501391954
4347,0.0033609740501391954
4348,0.0033609740501391954
4349,0.0033609740501391954
4350,0.0033609740501391954
4351,0.0033609740501391954
4352,0.0033609740501391954
4353,0.0033609740501391954
4354,0.0033609740501391954
4355,0.0033609740501391954
4356,0.0033609740501391954
4357,0.0033609740501391954
4358,0.0033609740501391954
4359,0.0033609740501391954
4360,0.0033609740501391954
4361,0.0033609740501391954
4362,0.0033609740501391954
4363,0.0033609740501391954
4364,0.0033609740501391954
4365,0.0033609740501391954
4366,0.0033609740501391954
4367,0.0033609740501391954
4368,0.0033609740501391954
4369,0.0033609740501391954
4370,0.0033609740501391954
4371,0.0033609740501391954
4372,0.0033609740501391954
4373,0.0033609740501391954
4374,0.0033609740501391954
4375,0.0033609740501391954
4376,0.0033609740501391954
4377,0.0033609740501391954
4378,0.0033609740501391954
4379,0.0033609740501391954
4380,0.0033609740501391954
4381,0.0033609740501391954
4382,0.0033609740501391954
4383,0.0033609740501391954
4384,0.0033609740501391954
4385,0.0033609740501391954
4386,0.0033609740501391954
4387,0.0033609740501391954
4388,0.0033609740501391954
4389,0.0033609740501391954
4390,0.0033609740501391954
4391,0.0033609740501391954
4392,0.0033609740501391954
4393,0.0033609740501391954
4394,0.0033609740501391954
4395,0.0033609740501391954
4396,0.0033609740501391954
4397,0.0033609740501391954
4398,0.0033609740501391954
4399,0.0033609740501391954
4400,0.0033609740501391954
4401,0.0033609740501391954
4402,0.0033609740501391954
4403,0.0033609740501391954
4404,0.0033609740501391954
4405,0.0033609740501391954
4406,0.0033609740501391954
4407,0.0033609740501391954
4408,0.0033609740501391954
4409,0.0033609740501391954
4410,0.0033609740501391954
4411,0.0033609740501391954
4412,0.0033609740501391954
4413,0.0033609740501391954
4414,0.0033609740501391954
4415,0.0033609740501391954
4416,0.0033609740501391954
4417,0.0033609740501391954
4418,0.0033609740501391954
4419,0.0033609740501391954
4420,0.0033609740501391954
4421,0.0033609740501391954
4422,0.0033609740501391954
4423,0.0033609740501391954
4424,0.0033609740501391954
4425,0.0033609740501391954
4426,0.0033609740501391954
4427,0.0033609740501391954
4428,0.0033609740501391954
4429,0.0033609740501391954
4430,0.0033609740501391954
4431,0.0033609740501391954
4432,0.0033609740501391954
4433,0.0033609740501391954
4434,0.0033609740501391954
4435,0.0033609740501391954
4436,0.0033609740501391954
4437,0.0033609740501391954
4438,0.0033609740501391954
4439,0.0033609740501391954
4440,0.0033609740501391954
4441,0.0033609740501391954
4442,0.0033609740501391954
4443,0.0033609740501391954
4444,0.0033609740501391954
4445,0.0033609740501391954
4446,0.0033609740501391954
4447,0.0033609740501391954
4448,0.0033609740501391954
4449,0.0033609740501391954
4450,0.0033609740501391954
4451,0.0033609740501391954
4452,0.0033609740501391954
4453,0.0033609740501391954
4454,0.0033609740501391954
4455,0.0033609740501391954
4456,0.0033609740501391954
4457,0.0033609740501391954
4458,0.0033609740501391954
4459,0.0033609740501391954
4460,0.0033609740501391954
4461,0.0033609740501391954
4462,0.0033609740501391954
4463,0.0033609740501391954
4464,0.0033609740501391954
4465,0.0033609740501391954
4466,0.0033609740501391954
4467,0.0033609740501391954
4468,0.0033609740501391954
4469,0.0033609740501391954
4470,0.0033609740501391954
4471,0.0033609740501391954
4472,0.0033609740501391954
4473,0.0033609740501391954
4474,0.0033609740501391954
4475,0.0033609740501391954
4476,0.0033609740501391954
4477,0.0033609740501391954
4478,0.0033609740501391954
4479,0.0033609740501391954
4480,0.0033609740501391954
4481,0.0033609740501391954
4482,0.0033609740501391954
4483,0.0033609740501391954
4484,0.0033609740501391954
4485,0.0033609740501391954
4486,0.0033609740501391954
4487,0.0033609740501391954
4488,0.0033609740501391954
4489,0.0033609740501391954
4490,0.0033609740501391954
4491,0.0033609740501391954
4492,0.0033609740501391954
4493,0.0033609740501391954
4494,0.0033609740501391954
4495,0.0033609740501391954
4496,0.0033609740501391954
4497,0.0033609740501391954
4498,0.0033609740501391954
4499,0.0033609740501391954
4500,0.0033609740501391954
4501,0.0033609740501391954
4502,0.0033609740501391954
4503,0.0033609740501391954
4504,0.0033609740501391954
4505,0.0033609740501391954
4506,0.0033609740501391954
4507,0.0033609740501391954
4508,0.0033609740501391954
4509,0.0033609740501391954
4510,0.0033609740501391954
4511,0.0033609740501391954
4512,0.0033609740501391954
4513,0.0033609740501391954
4514,0.0033609740501391954
4515,0.0033609740501391954
4516,0.0033609740501391954
4517,0.0033609740501391954
4518,0.0033609740501391954
4519,0.0033609740501391954
4520,0.0033609740501391954
4521,0.0033609740501391954
4522,0.0033609740501391954
4523,0.0033609740501391954
4524,0.0033609740501391954
4525,0.0033609740501391954
4526,0.0033609740501391954
4527,0.0033609740501391954
4528,0.0033609740501391954
4529,0.0033609740501391954
4530,0.0033609740501391954
4531,0.0033609740501391954
4532,0.0033609740501391954
4533,0.0033609740501391954
4534,0.0033609740501391954
4535,0.0033609740501391954
4536,0.0033609740501391954
4537,0.0033609740501391954
4538,0.0033609740501391954
4539,0.0033609740501391954
4540,0.0033609740501391954
4541,0.0033609740501391954
4542,0.0033609740501391954
4543,0.0033609740501391954
4544,0.0033609740501391954
4545,0.0033609740501391954
4546,0.0033609740501391954
4547,0.0033609740501391954
4548,0.0033609740501391954
4549,0.0033609740501391954
4550,0.0033609740501391954
4551,0.0033609740501391954
4552,0.0033609740501391954
4553,0.0033609740501391954
4554,0.0033609740501391954
4555,0.0033609740501391954
4556,0.0033609740501391954
4557,0.0033609740501391954
4558,0.0033609740501391954
4559,0.0033609740501391954
4560,0.0033609740501391954
4561,0.0033609740501391954
4562,0.0033609740501391954
4563,0.0033609740501391954
4564,0.0033609740501391954
4565,0.0033609740501391954
4566,0.0033609740501391954
4567,0.0033609740501391954
4568,0.0033609740501391954
4569,0.0033609740501391954
4570,0.0033609740501391954
4571,0.0033609740501391954
4572,0.0033609740501391954
4573,0.0033609740501391954
4574,0.0033609740501391954
4575,0.0033609740501391954
4576,0.0033609740501391954
4577,0.0033609740501391954
4578,0.0033609740501391954
4579,0.0033609740501391954
4580,0.0033609740501391954
4581,0.0033609740501391954
4582,0.0033609740501391954
4583,0.0033609740501391954
4584,0.0033609740501391954
4585,0.0033609740501391954
4586,0.0033609740501391954
4587,0.0033609740501391954
4588,0.0033609740501391954
4589,0.0033609740501391954
4590,0.0033609740501391954
4591,0.0033609740501391954
4592,0.0033609740501391954
4593,0.0033609740501391954
4594,0.0033609740501391954
4595,0.0033609740501391954
4596,0.0033609740501391954
4597,0.0033609740501391954
4598,0.0033609740501391954
4599,0.0033609740501391954
4600,0.0033609740501391954
4601,0.0033609740501391954
4602,0.0033609740501391954
4603,0.0033609740501391954
4604,0.0033609740501391954
4605,0.0033609740501391954
4606,0.0033609740501391954
4607,0.0033609740501391954
4608,0.0033609740501391954
4609,0.0033609740501391954
4610,0.0033609740501391954
4611,0.0033609740501391954
4612,0.0033609740501391954
4613,0.0033609740501391954
4614,0.0033609740501391954
4615,0.0033609740501391954
4616,0.0033609740501391954
4617,0.0033609740501391954
4618,0.0033609740501391954
4619,0.0033609740501391954
4620,0.0033609740501391954
4621,0.0033609740501391954
4622,0.0033609740501391954
4623,0.0033609740501391954
4624,0.0033609740501391954
4625,0.0033609740501391954
4626,0.0033609740501391954
4627,0.0033609740501391954
4628,0.0033609740501391954
4629,0.0033609740501391954
4630,0.0033609740501391954
4631,0.0033609740501391954
4632,0.0033609740501391954
4633,0.0033609740501391954
4634,0.0033609740501391954
4635,0.0033609740501391954
4636,0.0033609740501391954
4637,0.0033609740501391954
4638,0.0033609740501391954
4639,0.0033609740501391954
4640,0.0033609740501391954
4641,0.0033609740501391954
4642,0.0033609740501391954
4643,0.0033609740501391954
4644,0.0033609740501391954
4645,0.0033609740501391954
4646,0.0033609740501391954
4647,0.0033609740501391954
4648,0.0033609740501391954
4649,0.0033609740501391954
4650,0.0033609740501391954
4651,0.0033609740501391954
4652,0.0033609740501391954
4653,0.0033609740501391954
4654,0.0033609740501391954
4655,0.0033609740501391954
4656,0.0033609740501391954
4657,0.0033609740501391954
4658,0.0033609740501391954
4659,0.0033609740501391954
4660,0.0033609740501391954
4661,0.0033609740501391954
4662,0.0033609740501391954
4663,0.0033609740501391954
4664,0.0033609740501391954
4665,0.0033609740501391954
4666,0.0033609740501391954
4667,0.0033609740501391954
4668,0.0033609740501391954
4669,0.0033609740501391954
4670,0.0033609740501391954
4671,0.0033609740501391954
4672,0.0033609740501391954
4673,0.0033609740501391954
4674,0.0033609740501391954
4675,0.0033609740501391954
4676,0.0033609740501391954
4677,0.0033609740501391954
4678,0.0033609740501391954
4679,0.0033609740501391954
4680,0.0033609740501391954
4681,0.0033609740501391954
4682,0.0033609740501391954
4683,0.0033609740501391954
4684,0.0033609740501391954
4685,0.0033609740501391954
4686,0.0033609740501391954
4687,0.0033609740501391954
4688,0.0033609740501391954
4689,0.0033609740501391954
4690,0.0033609740501391954
4691,0.0033609740501391954
4692,0.0033609740501391954
4693,0.0033609740501391954
4694,0.0033609740501391954
4695,0.0033609740501391954
4696,0.0033609740501391954
4697,0.0033609740501391954
4698,0.0033609740501391954
4699,0.0033609740501391954
4700,0.0033609740501391954
4701,0.0033609740501391954
4702,0.0033609740501391954
4703,0.0033609740501391954
4704,0.0033609740501391954
4705,0.0033609740501391954
4706,0.0033609740501391954
4707,0.0033609740501391954
4708,0.0033609740501391954
4709,0.0033609740501391954
4710,0.0033609740501391954
4711,0.0033609740501391954
4712,0.0033609740501391954
4713,0.0033609740501391954
4714,0.0033609740501391954
4715,0.0033609740501391954
4716,0.0033609740501391954
4717,0.0033609740501391954
4718,0.0033609740501391954
4719,0.0033609740501391954
4720,0.0033609740501391954
4721,0.0033609740501391954
4722,0.0033609740501391954
4723,0.0033609740501391954
4724,0.0033609740501391954
4725,0.0033609740501391954
4726,0.0033609740501391954
4727,0.0033609740501391954
4728,0.0033609740501391954
4729,0.0033609740501391954
4730,0.0033609740501391954
4731,0.0033609740501391954
4732,0.0033609740501391954
4733,0.0033609740501391954
4734,0.0033609740501391954
4735,0.0033609740501391954
4736,0.0033609740501391954
4737,0.0033609740501391954
4738,0.0033609740501391954
4739,0.0033609740501391954
4740,0.0033609740501391954
4741,0.0033609740501391954
4742,0.0033609740501391954
4743,0.0033609740501391954
4744,0.0033609740501391954
4745,0.0033609740501391954
4746,0.0033609740501391954
4747,0.0033609740501391954
4748,0.0033609740501391954
4749,0.0033609740501391954
4750,0.0033609740501391954
4751,0.0033609740501391954
4752,0.0033609740501391954
4753,0.0033609740501391954
4754,0.0033609740501391954
4755,0.0033609740501391954
4756,0.0033609740501391954
4757,0.0033609740501391954
4758,0.0033609740501391954
4759,0.0033609740501391954
4760,0.0033609740501391954
4761,0.0033609740501391954
4762,0.0033609740501391954
4763,0.0033609740501391954
4764,0.0033609740501391954
4765,0.0033609740501391954
4766,0.0033609740501391954
4767,0.0033609740501391954
4768,0.0033609740501391954
4769,0.0033609740501391954
4770,0.0033609740501391954
4771,0.0033609740501391954
4772,0.0033609740501391954
4773,0.0033609740501391954
4774,0.0033609740501391954
4775,0.0033609740501391954
4776,0.0033609740501391954
4777,0.0033609740501391954
4778,0.0033609740501391954
4779,0.0033609740501391954
4780,0.0033609740501391954
4781,0.0033609740501391954
4782,0.0033609740501391954
4783,0.0033609740501391954
4784,0.0033609740501391954
4785,0.0033609740501391954
4786,0.0033609740501391954
4787,0.0033609740501391954
4788,0.0033609740501391954
4789,0.0033609740501391954
4790,0.0033609740501391954
4791,0.0033609740501391954
4792,0.0033609740501391954
4793,0.0033609740501391954
4794,0.0033609740501391954
4795,0.0033609740501391954
4796,0.0033609740501391954
4797,0.0033609740501391954
4798,0.0033609740501391954
4799,0.0033609740501391954
4800,0.0033609740501391954
4801,0.0033609740501391954
4802,0.0033609740501391954
4803,0.0033609740501391954
4804,0.0033609740501391954
4805,0.0033609740501391954
4806,0.0033609740501391954
4807,0.0033609740501391954
4808,0.0033609740501391954
4809,0.0033609740501391954
4810,0.0033609740501391954
4811,0.0033609740501391954
4812,0.0033609740501391954
4813,0.0033609740501391954
4814,0.0033609740501391954
4815,0.0033609740501391954
4816,0.0033609740501391954
4817,0.0033609740501391954
4818,0.0033609740501391954
4819,0.0033609740501391954
4820,0.0033609740501391954
4821,0.0033609740501391954
4822,0.0033609740501391954
4823,0.0033609740501391954
4824,0.0033609740501391954
4825,0.0033609740501391954
4826,0.0033609740501391954
4827,0.0033609740501391954
4828,0.0033609740501391954
4829,0.0033609740501391954
4830,0.0033609740501391954
4831,0.0033609740501391954
4832,0.0033609740501391954
4833,0.0033609740501391954
4834,0.0033609740501391954
4835,0.0033609740501391954
4836,0.0033609740501391954
4837,0.0033609740501391954
4838,0.0033609740501391954
4839,0.0033609740501391954
4840,0.0033609740501391954
4841,0.0033609740501391954
4842,0.0033609740501391954
4843,0.0033609740501391954
4844,0.0033609740501391954
4845,0.0033609740501391954
4846,0.0033609740501391954
4847,0.0033609740501391954
4848,0.0033609740501391954
4849,0.0033609740501391954
4850,0.0033609740501391954
4851,0.0033609740501391954
4852,0.0033609740501391954
4853,0.0033609740501391954
4854,0.0033609740501391954
4855,0.0033609740501391954
4856,0.0033609740501391954
4857,0.0033609740501391954
4858,0.0033609740501391954
4859,0.0033609740501391954
4860,0.0033609740501391954
4861,0.0033609740501391954
4862,0.0033609740501391954
4863,0.0033609740501391954
4864,0.0033609740501391954
4865,0.0033609740501391954
4866,0.0033609740501391954
4867,0.0033609740501391954
4868,0.0033609740501391954
4869,0.0033609740501391954
4870,0.0033609740501391954
4871,0.0033609740501391954
4872,0.0033609740501391954
4873,0.0033609740501391954
4874,0.0033609740501391954
4875,0.0033609740501391954
4876,0.0033609740501391954
4877,0.0033609740501391954
4878,0.0033609740501391954
4879,0.0033609740501391954
4880,0.0033609740501391954
4881,0.0033609740501391954
4882,0.0033609740501391954
4883,0.0033609740501391954
4884,0.0033609740501391954
4885,0.0033609740501391954
4886,0.0033609740501391954
4887,0.0033609740501391954
4888,0.0033609740501391954
4889,0.0033609740501391954
4890,0.0033609740501391954
4891,0.0033609740501391954
4892,0.0033609740501391954
4893,0.0033609740501391954
4894,0.0033609740501391954
4895,0.0033609740501391954
4896,0.0033609740501391954
4897,0.0033609740501391954
4898,0.0033609740501391954
4899,0.0033609740501391954
4900,0.0033609740501391954
4901,0.0033609740501391954
4902,0.0033609740501391954
4903,0.0033609740501391954
4904,0.0033609740501391954
4905,0.0033609740501391954
4906,0.0033609740501391954
4907,0.0033609740501391954
4908,0.0033609740501391954
4909,0.0033609740501391954
4910,0.0033609740501391954
4911,0.0033609740501391954
4912,0.0033609740501391954
4913,0.0033609740501391954
4914,0.0033609740501391954
4915,0.0033609740501391954
4916,0.0033609740501391954
4917,0.0033609740501391954
4918,0.0033609740501391954
4919,0.0033609740501391954
4920,0.0033609740501391954
4921,0.0033609740501391954
4922,0.0033609740501391954
4923,0.0033609740501391954
4924,0.0033609740501391954
4925,0.0033609740501391954
4926,0.0033609740501391954
4927,0.0033609740501391954
4928,0.0033609740501391954
4929,0.0033609740501391954
4930,0.0033609740501391954
4931,0.0033609740501391954
4932,0.0033609740501391954
4933,0.0033609740501391954
4934,0.0033609740501391954
4935,0.0033609740501391954
4936,0.0033609740501391954
4937,0.0033609740501391954
4938,0.0033609740501391954
4939,0.0033609740501391954
4940,0.0033609740501391954
4941,0.0033609740501391954
4942,0.0033609740501391954
4943,0.0033609740501391954
4944,0.0033609740501391954
4945,0.0033609740501391954
4946,0.0033609740501391954
4947,0.0033609740501391954
4948,0.0033609740501391954
4949,0.0033609740501391954
4950,0.0033609740501391954
4951,0.0033609740501391954
4952,0.0033609740501391954
4953,0.0033609740501391954
4954,0.0033609740501391954
4955,0.0033609740501391954
4956,0.0033609740501391954
4957,0.0033609740501391954
4958,0.0033609740501391954
4959,0.0033609740501391954
4960,0.0033609740501391954
4961,0.0033609740501391954
4962,0.0033609740501391954
4963,0.0033609740501391954
4964,0.0033609740501391954
4965,0.0033609740501391954
4966,0.0033609740501391954
4967,0.0033609740501391954
4968,0.0033609740501391954
4969,0.0033609740501391954
4970,0.0033609740501391954
4971,0.0033609740501391954
4972,0.0033609740501391954
4973,0.0033609740501391954
4974,0.0033609740501391954
4975,0.0033609740501391954
4976,0.0033609740501391954
4977,0.0033609740501391954
4978,0.0033609740501391954
4979,0.0033609740501391954
4980,0.0033609740501391954
4981,0.0033609740501391954
4982,0.0033609740501391954
4983,0.0033609740501391954
4984,0.0033609740501391954
4985,0.0033609740501391954
4986,0.0033609740501391954
4987,0.0033609740501391954
4988,0.0033609740501391954
4989,0.0033609740501391954
4990,0.0033609740501391954
4991,0.0033609740501391954
4992,0.0033609740501391954
4993,0.0033609740501391954
4994,0.0033609740501391954
4995,0.0033609740501391954
4996,0.0033609740501391954
4997,0.0033609740501391954
4998,0.0033609740501391954
4999,0.0033609740501391954
5000,0.0033609740501391954
5001,0.0033609740501391954
5002,0.0033609740501391954
5003,0.0033609740501391954
5004,0.0033609740501391954
5005,0.0033609740501391954
5006,0.0033609740501391954
5007,0.0033609740501391954
5008,0.0033609740501391954
5009,0.0033609740501391954
5010,0.0033609740501391954
5011,0.0033609740501391954
5012,0.0033609740501391954
5013,0.0033609740501391954
5014,0.0033609740501391954
5015,0.0033609740501391954
5016,0.0033609740501391954
5017,0.0033609740501391954
5018,0.0033609740501391954
5019,0.0033609740501391954
5020,0.0033609740501391954
5021,0.0033609740501391954
5022,0.0033609740501391954
5023,0.0033609740501391954
5024,0.0033609740501391954
5025,0.0033609740501391954
5026,0.0033609740501391954
5027,0.0033609740501391954
5028,0.0033609740501391954
5029,0.0033609740501391954
5030,0.0033609740501391954
5031,0.0033609740501391954
5032,0.0033609740501391954
5033,0.0033609740501391954
5034,0.0033609740501391954
5035,0.0033609740501391954
5036,0.0033609740501391954
5037,0.0033609740501391954
5038,0.0033609740501391954
5039,0.0033609740501391954
5040,0.0033609740501391954
5041,0.0033609740501391954
5042,0.0033609740501391954
5043,0.0033609740501391954
5044,0.0033609740501391954
5045,0.0033609740501391954
5046,0.0033609740501391954
5047,0.0033609740501391954
5048,0.0033609740501391954
5049,0.0033609740501391954
5050,0.0033609740501391954
5051,0.0033609740501391954
5052,0.0033609740501391954
5053,0.0033609740501391954
5054,0.0033609740501391954
5055,0.0033609740501391954
5056,0.0033609740501391954
5057,0.0033609740501391954
5058,0.0033609740501391954
5059,0.0033609740501391954
5060,0.0033609740501391954
5061,0.0033609740501391954
5062,0.0033609740501391954
5063,0.0033609740501391954
5064,0.0033609740501391954
5065,0.0033609740501391954
5066,0.0033609740501391954
5067,0.0033609740501391954
5068,0.0033609740501391954
5069,0.0033609740501391954
5070,0.0033609740501391954
5071,0.0033609740501391954
5072,0.0033609740501391954
5073,0.0033609740501391954
5074,0.0033609740501391954
5075,0.0033609740501391954
5076,0.0033609740501391954
5077,0.0033609740501391954
5078,0.0033609740501391954
5079,0.0033609740501391954
5080,0.0033609740501391954
5081,0.0033609740501391954
5082,0.0033609740501391954
5083,0.0033609740501391954
5084,0.0033609740501391954
5085,0.0033609740501391954
5086,0.0033609740501391954
5087,0.0033609740501391954
5088,0.0033609740501391954
5089,0.0033609740501391954
5090,0.0033609740501391954
5091,0.0033609740501391954
5092,0.0033609740501391954
5093,0.0033609740501391954
5094,0.0033609740501391954
5095,0.0033609740501391954
5096,0.0033609740501391954
5097,0.0033609740501391954
5098,0.0033609740501391954
5099,0.0033609740501391954
5100,0.0033609740501391954
5101,0.0033609740501391954
5102,0.0033609740501391954
5103,0.0033609740501391954
5104,0.0033609740501391954
5105,0.0033609740501391954
5106,0.0033609740501391954
5107,0.0033609740501391954
5108,0.0033609740501391954
5109,0.0033609740501391954
5110,0.0033609740501391954
5111,0.0033609740501391954
5112,0.0033609740501391954
5113,0.0033609740501391954
5114,0.0033609740501391954
5115,0.0033609740501391954
5116,0.0033609740501391954
5117,0.0033609740501391954
5118,0.0033609740501391954
5119,0.0033609740501391954
5120,0.0033609740501391954
5121,0.0033609740501391954
5122,0.0033609740501391954
5123,0.0033609740501391954
5124,0.0033609740501391954
5125,0.0033609740501391954
5126,0.0033609740501391954
5127,0.0033609740501391954
5128,0.0033609740501391954
5129,0.0033609740501391954
5130,0.0033609740501391954
5131,0.0033609740501391954
5132,0.0033609740501391954
5133,0.0033609740501391954
5134,0.0033609740501391954
5135,0.0033609740501391954
5136,0.0033609740501391954
5137,0.0033609740501391954
5138,0.0033609740501391954
5139,0.0033609740501391954
5140,0.0033609740501391954
5141,0.0033609740501391954
5142,0.0033609740501391954
5143,0.0033609740501391954
5144,0.0033609740501391954
5145,0.0033609740501391954
5146,0.0033609740501391954
5147,0.0033609740501391954
5148,0.0033609740501391954
5149,0.0033609740501391954
5150,0.0033609740501391954
5151,0.0033609740501391954
5152,0.0033609740501391954
5153,0.0033609740501391954
5154,0.0033609740501391954
5155,0.0033609740501391954
5156,0.0033609740501391954
5157,0.0033609740501391954
5158,0.0033609740501391954
5159,0.0033609740501391954
5160,0.0033609740501391954
5161,0.0033609740501391954
5162,0.0033609740501391954
5163,0.0033609740501391954
5164,0.0033609740501391954
5165,0.0033609740501391954
5166,0.0033609740501391954
5167,0.0033609740501391954
5168,0.0033609740501391954
5169,0.0033609740501391954
5170,0.0033609740501391954
5171,0.0033609740501391954
5172,0.0033609740501391954
5173,0.0033609740501391954
5174,0.0033609740501391954
5175,0.0033609740501391954
5176,0.0033609740501391954
5177,0.0033609740501391954
5178,0.0033609740501391954
5179,0.0033609740501391954
5180,0.0033609740501391954
5181,0.0033609740501391954
5182,0.0033609740501391954
5183,0.0033609740501391954
5184,0.0033609740501391954
5185,0.0033609740501391954
5186,0.0033609740501391954
5187,0.0033609740501391954
5188,0.0033609740501391954
5189,0.0033609740501391954
5190,0.0033609740501391954
5191,0.0033609740501391954
5192,0.0033609740501391954
5193,0.0033609740501391954
5194,0.0033609740501391954
5195,0.0033609740501391954
5196,0.0033609740501391954
5197,0.0033609740501391954
5198,0.0033609740501391954
5199,0.0033609740501391954
5200,0.0033609740501391954
5201,0.0033609740501391954
5202,0.0033609740501391954
5203,0.0033609740501391954
5204,0.0033609740501391954
5205,0.0033609740501391954
5206,0.0033609740501391954
5207,0.0033609740501391954
5208,0.0033609740501391954
5209,0.0033609740501391954
5210,0.0033609740501391954
5211,0.0033609740501391954
5212,0.0033609740501391954
5213,0.0033609740501391954
5214,0.0033609740501391954
5215,0.0033609740501391954
5216,0.0033609740501391954
5217,0.0033609740501391954
5218,0.0033609740501391954
5219,0.0033609740501391954
5220,0.0033609740501391954
5221,0.0033609740501391954
5222,0.0033609740501391954
5223,0.0033609740501391954
5224,0.0033609740501391954
5225,0.0033609740501391954
5226,0.0033609740501391954
5227,0.0033609740501391954
5228,0.0033609740501391954
5229,0.0033609740501391954
5230,0.0033609740501391954
5231,0.0033609740501391954
5232,0.0033609740501391954
5233,0.0033609740501391954
5234,0.0033609740501391954
5235,0.0033609740501391954
5236,0.0033609740501391954
5237,0.0033609740501391954
5238,0.0033609740501391954
5239,0.0033609740501391954
5240,0.0033609740501391954
5241,0.0033609740501391954
5242,0.0033609740501391954
5243,0.0033609740501391954
5244,0.0033609740501391954
5245,0.0033609740501391954
5246,0.0033609740501391954
5247,0.0033609740501391954
5248,0.0033609740501391954
5249,0.0033609740501391954
5250,0.0033609740501391954
5251,0.0033609740501391954
5252,0.0033609740501391954
5253,0.0033609740501391954
5254,0.0033609740501391954
5255,0.0033609740501391954
5256,0.0033609740501391954
5257,0.0033609740501391954
5258,0.0033609740501391954
5259,0.0033609740501391954
5260,0.0033609740501391954
5261,0.0033609740501391954
5262,0.0033609740501391954
5263,0.0033609740501391954
5264,0.0033609740501391954
5265,0.0033609740501391954
5266,0.0033609740501391954
5267,0.0033609740501391954
5268,0.0033609740501391954
5269,0.0033609740501391954
5270,0.0033609740501391954
5271,0.0033609740501391954
5272,0.0033609740501391954
5273,0.0033609740501391954
5274,0.0033609740501391954
5275,0.0033609740501391954
5276,0.0033609740501391954
5277,0.0033609740501391954
5278,0.0033609740501391954
5279,0.0033609740501391954
5280,0.0033609740501391954
5281,0.0033609740501391954
5282,0.0033609740501391954
5283,0.0033609740501391954
5284,0.0033609740501391954
5285,0.0033609740501391954
5286,0.0033609740501391954
5287,0.0033609740501391954
5288,0.0033609740501391954
5289,0.0033609740501391954
5290,0.0033609740501391954
5291,0.0033609740501391954
5292,0.0033609740501391954
5293,0.0033609740501391954
5294,0.0033609740501391954
5295,0.0033609740501391954
5296,0.0033609740501391954
5297,0.0033609740501391954
5298,0.0033609740501391954
5299,0.0033609740501391954
5300,0.0033609740501391954
5301,0.0033609740501391954
5302,0.0033609740501391954
5303,0.0033609740501391954
5304,0.0033609740501391954
5305,0.0033609740501391954
5306,0.0033609740501391954
5307,0.0033609740501391954
5308,0.0033609740501391954
5309,0.0033609740501391954
5310,0.0033609740501391954
5311,0.0033609740501391954
5312,0.0033609740501391954
5313,0.0033609740501391954
5314,0.0033609740501391954
5315,0.0033609740501391954
5316,0.0033609740501391954
5317,0.0033609740501391954
5318,0.0033609740501391954
5319,0.0033609740501391954
5320,0.0033609740501391954
5321,0.0033609740501391954
5322,0.0033609740501391954
5323,0.0033609740501391954
5324,0.0033609740501391954
5325,0.0033609740501391954
5326,0.0033609740501391954
5327,0.0033609740501391954
5328,0.0033609740501391954
5329,0.0033609740501391954
5330,0.0033609740501391954
5331,0.0033609740501391954
5332,0.0033609740501391954
5333,0.0033609740501391954
5334,0.0033609740501391954
5335,0.0033609740501391954
5336,0.0033609740501391954
5337,0.0033609740501391954
5338,0.0033609740501391954
5339,0.0033609740501391954
5340,0.0033609740501391954
5341,0.0033609740501391954
5342,0.0033609740501391954
5343,0.0033609740501391954
5344,0.0033609740501391954
5345,0.0033609740501391954
5346,0.0033609740501391954
5347,0.0033609740501391954
5348,0.0033609740501391954
5349,0.0033609740501391954
5350,0.0033609740501391954
5351,0.0033609740501391954
5352,0.0033609740501391954
5353,0.0033609740501391954
5354,0.0033609740501391954
5355,0.0033609740501391954
5356,0.0033609740501391954
5357,0.0033609740501391954
5358,0.0033609740501391954
5359,0.0033609740501391954
5360,0.0033609740501391954
5361,0.0033609740501391954
5362,0.0033609740501391954
5363,0.0033609740501391954
5364,0.0033609740501391954
5365,0.0033609740501391954
5366,0.0033609740501391954
5367,0.0033609740501391954
5368,0.0033609740501391954
5369,0.0033609740501391954
5370,0.0033609740501391954
5371,0.0033609740501391954
5372,0.0033609740501391954
5373,0.0033609740501391954
5374,0.0033609740501391954
5375,0.0033609740501391954
5376,0.0033609740501391954
5377,0.0033609740501391954
5378,0.0033609740501391954
5379,0.0033609740501391954
5380,0.0033609740501391954
5381,0.0033609740501391954
5382,0.0033609740501391954
5383,0.0033609740501391954
5384,0.0033609740501391954
5385,0.0033609740501391954
5386,0.0033609740501391954
5387,0.0033609740501391954
5388,0.0033609740501391954
5389,0.0033609740501391954
5390,0.0033609740501391954
5391,0.0033609740501391954
5392,0.0033609740501391954
5393,0.0033609740501391954
5394,0.0033609740501391954
5395,0.0033609740501391954
5396,0.0033609740501391954
5397,0.0033609740501391954
5398,0.0033609740501391954
5399,0.0033609740501391954
5400,0.0033609740501391954
5401,0.0033609740501391954
5402,0.0033609740501391954
5403,0.0033609740501391954
5404,0.0033609740501391954
5405,0.0033609740501391954
5406,0.0033609740501391954
5407,0.0033609740501391954
5408,0.0033609740501391954
5409,0.0033609740501391954
5410,0.0033609740501391954
5411,0.0033609740501391954
5412,0.0033609740501391954
5413,0.0033609740501391954
5414,0.0033609740501391954
5415,0.0033609740501391954
5416,0.0033609740501391954
5417,0.0033609740501391954
5418,0.0033609740501391954
5419,0.0033609740501391954
5420,0.0033609740501391954
5421,0.0033609740501391954
5422,0.0033609740501391954
5423,0.0033609740501391954
5424,0.0033609740501391954
5425,0.0033609740501391954
5426,0.0033609740501391954
5427,0.0033609740501391954
5428,0.0033609740501391954
5429,0.0033609740501391954
5430,0.0033609740501391954
5431,0.0033609740501391954
5432,0.0033609740501391954
5433,0.0033609740501391954
5434,0.0033609740501391954
5435,0.0033609740501391954
5436,0.0033609740501391954
5437,0.0033609740501391954
5438,0.0033609740501391954
5439,0.0033609740501391954
5440,0.0033609740501391954
5441,0.0033609740501391954
5442,0.0033609740501391954
5443,0.0033609740501391954
5444,0.0033609740501391954
5445,0.0033609740501391954
5446,0.0033609740501391954
5447,0.0033609740501391954
5448,0.0033609740501391954
5449,0.0033609740501391954
5450,0.0033609740501391954
5451,0.0033609740501391954
5452,0.0033609740501391954
5453,0.0033609740501391954
5454,0.0033609740501391954
5455,0.0033609740501391954
5456,0.0033609740501391954
5457,0.0033609740501391954
5458,0.0033609740501391954
5459,0.0033609740501391954
5460,0.0033609740501391954
5461,0.0033609740501391954
5462,0.0033609740501391954
5463,0.0033609740501391954
5464,0.0033609740501391954
5465,0.0033609740501391954
5466,0.0033609740501391954
5467,0.0033609740501391954
5468,0.0033609740501391954
5469,0.0033609740501391954
5470,0.0033609740501391954
5471,0.0033609740501391954
5472,0.0033609740501391954
5473,0.0033609740501391954
5474,0.0033609740501391954
5475,0.0033609740501391954
5476,0.0033609740501391954
5477,0.0033609740501391954
5478,0.0033609740501391954
5479,0.0033609740501391954
5480,0.0033609740501391954
5481,0.0033609740501391954
5482,0.0033609740501391954
5483,0.0033609740501391954
5484,0.0033609740501391954
5485,0.0033609740501391954
5486,0.0033609740501391954
5487,0.0033609740501391954
5488,0.0033609740501391954
5489,0.0033609740501391954
5490,0.0033609740501391954
5491,0.0033609740501391954
5492,0.0033609740501391954
5493,0.0033609740501391954
5494,0.0033609740501391954
5495,0.0033609740501391954
5496,0.0033609740501391954
5497,0.0033609740501391954
5498,0.0033609740501391954
5499,0.0033609740501391954
5500,0.0033609740501391954
5501,0.0033609740501391954
5502,0.0033609740501391954
5503,0.0033609740501391954
5504,0.0033609740501391954
5505,0.0033609740501391954
5506,0.0033609740501391954
5507,0.0033609740501391954
5508,0.0033609740501391954
5509,0.0033609740501391954
5510,0.0033609740501391954
5511,0.0033609740501391954
5512,0.0033609740501391954
5513,0.0033609740501391954
5514,0.0033609740501391954
5515,0.0033609740501391954
5516,0.0033609740501391954
5517,0.0033609740501391954
5518,0.0033609740501391954
5519,0.0033609740501391954
5520,0.0033609740501391954
5521,0.0033609740501391954
5522,0.0033609740501391954
5523,0.0033609740501391954
5524,0.0033609740501391954
5525,0.0033609740501391954
5526,0.0033609740501391954
5527,0.0033609740501391954
5528,0.0033609740501391954
5529,0.0033609740501391954
5530,0.0033609740501391954
5531,0.0033609740501391954
5532,0.0033609740501391954
5533,0.0033609740501391954
5534,0.0033609740501391954
5535,0.0033609740501391954
5536,0.0033609740501391954
5537,0.0033609740501391954
5538,0.0033609740501391954
5539,0.0033609740501391954
5540,0.0033609740501391954
5541,0.0033609740501391954
5542,0.0033609740501391954
5543,0.0033609740501391954
5544,0.0033609740501391954
5545,0.0033609740501391954
5546,0.0033609740501391954
5547,0.0033609740501391954
5548,0.0033609740501391954
5549,0.0033609740501391954
5550,0.0033609740501391954
5551,0.0033609740501391954
5552,0.0033609740501391954
5553,0.0033609740501391954
5554,0.0033609740501391954
5555,0.0033609740501391954
5556,0.0033609740501391954
5557,0.0033609740501391954
5558,0.0033609740501391954
5559,0.0033609740501391954
5560,0.0033609740501391954
5561,0.0033609740501391954
5562,0.0033609740501391954
5563,0.0033609740501391954
5564,0.0033609740501391954
5565,0.0033609740501391954
5566,0.0033609740501391954
5567,0.0033609740501391954
5568,0.0033609740501391954
5569,0.0033609740501391954
5570,0.0033609740501391954
5571,0.0033609740501391954
5572,0.0033609740501391954
5573,0.0033609740501391954
5574,0.0033609740501391954
5575,0.0033609740501391954
5576,0.0033609740501391954
5577,0.0033609740501391954
5578,0.0033609740501391954
5579,0.0033609740501391954
5580,0.0033609740501391954
5581,0.0033609740501391954
5582,0.0033609740501391954
5583,0.0033609740501391954
5584,0.0033609740501391954
5585,0.0033609740501391954
5586,0.0033609740501391954
5587,0.0033609740501391954
5588,0.0033609740501391954
5589,0.0033609740501391954
5590,0.0033609740501391954
5591,0.0033609740501391954
5592,0.0033609740501391954
5593,0.0033609740501391954
5594,0.0033609740501391954
5595,0.0033609740501391954
5596,0.0033609740501391954
5597,0.0033609740501391954
5598,0.0033609740501391954
5599,0.0033609740501391954
5600,0.0033609740501391954
5601,0.0033609740501391954
5602,0.0033609740501391954
5603,0.0033609740501391954
5604,0.0033609740501391954
5605,0.0033609740501391954
5606,0.0033609740501391954
5607,0.0033609740501391954
5608,0.0033609740501391954
5609,0.0033609740501391954
5610,0.0033609740501391954
5611,0.0033609740501391954
5612,0.0033609740501391954
5613,0.0033609740501391954
5614,0.0033609740501391954
5615,0.0033609740501391954
5616,0.0033609740501391954
5617,0.0033609740501391954
5618,0.0033609740501391954
5619,0.0033609740501391954
5620,0.0033609740501391954
5621,0.0033609740501391954
5622,0.0033609740501391954
5623,0.0033609740501391954
5624,0.0033609740501391954
5625,0.0033609740501391954
5626,0.0033609740501391954
5627,0.0033609740501391954
5628,0.0033609740501391954
5629,0.0033609740501391954
5630,0.0033609740501391954
5631,0.0033609740501391954
5632,0.0033609740501391954
5633,0.0033609740501391954
5634,0.0033609740501391954
5635,0.0033609740501391954
5636,0.0033609740501391954
5637,0.0033609740501391954
5638,0.0033609740501391954
5639,0.0033609740501391954
5640,0.0033609740501391954
5641,0.0033609740501391954
5642,0.0033609740501391954
5643,0.0033609740501391954
5644,0.0033609740501391954
5645,0.0033609740501391954
5646,0.0033609740501391954
5647,0.0033609740501391954
5648,0.0033609740501391954
5649,0.0033609740501391954
5650,0.0033609740501391954
5651,0.0033609740501391954
5652,0.0033609740501391954
5653,0.0033609740501391954
5654,0.0033609740501391954
5655,0.0033609740501391954
5656,0.0033609740501391954
5657,0.0033609740501391954
5658,0.0033609740501391954
5659,0.0033609740501391954
5660,0.0033609740501391954
5661,0.0033609740501391954
5662,0.0033609740501391954
5663,0.0033609740501391954
5664,0.0033609740501391954
5665,0.0033609740501391954
5666,0.0033609740501391954
5667,0.0033609740501391954
5668,0.0033609740501391954
5669,0.0033609740501391954
5670,0.0033609740501391954
5671,0.0033609740501391954
5672,0.0033609740501391954
5673,0.0033609740501391954
5674,0.0033609740501391954
5675,0.0033609740501391954
5676,0.0033609740501391954
5677,0.0033609740501391954
5678,0.0033609740501391954
5679,0.0033609740501391954
5680,0.0033609740501391954
5681,0.0033609740501391954
5682,0.0033609740501391954
5683,0.0033609740501391954
5684,0.0033609740501391954
5685,0.0033609740501391954
5686,0.0033609740501391954
5687,0.0033609740501391954
5688,0.0033609740501391954
5689,0.0033609740501391954
5690,0.0033609740501391954
5691,0.0033609740501391954
5692,0.0033609740501391954
5693,0.0033609740501391954
5694,0.0033609740501391954
5695,0.0033609740501391954
5696,0.0033609740501391954
5697,0.0033609740501391954
5698,0.0033609740501391954
5699,0.0033609740501391954
5700,0.0033609740501391954
5701,0.0033609740501391954
5702,0.0033609740501391954
5703,0.0033609740501391954
5704,0.0033609740501391954
5705,0.0033609740501391954
5706,0.0033609740501391954
5707,0.0033609740501391954
5708,0.0033609740501391954
5709,0.0033609740501391954
5710,0.0033609740501391954
5711,0.0033609740501391954
5712,0.0033609740501391954
5713,0.0033609740501391954
5714,0.0033609740501391954
5715,0.0033609740501391954
5716,0.0033609740501391954
5717,0.0033609740501391954
5718,0.0033609740501391954
5719,0.0033609740501391954
5720,0.0033609740501391954
5721,0.0033609740501391954
5722,0.0033609740501391954
5723,0.0033609740501391954
5724,0.0033609740501391954
5725,0.0033609740501391954
5726,0.0033609740501391954
5727,0.0033609740501391954
5728,0.0033609740501391954
5729,0.0033609740501391954
5730,0.0033609740501391954
5731,0.0033609740501391954
5732,0.0033609740501391954
5733,0.0033609740501391954
5734,0.0033609740501391954
5735,0.0033609740501391954
5736,0.0033609740501391954
5737,0.0033609740501391954
5738,0.0033609740501391954
5739,0.0033609740501391954
5740,0.0033609740501391954
5741,0.0033609740501391954
5742,0.0033609740501391954
5743,0.0033609740501391954
5744,0.0033609740501391954
5745,0.0033609740501391954
5746,0.0033609740501391954
5747,0.0033609740501391954
5748,0.0033609740501391954
5749,0.0033609740501391954
5750,0.0033609740501391954
5751,0.0033609740501391954
5752,0.0033609740501391954
5753,0.0033609740501391954
5754,0.0033609740501391954
5755,0.0033609740501391954
5756,0.0033609740501391954
5757,0.0033609740501391954
5758,0.0033609740501391954
5759,0.0033609740501391954
5760,0.0033609740501391954
5761,0.0033609740501391954
5762,0.0033609740501391954
5763,0.0033609740501391954
5764,0.0033609740501391954
5765,0.0033609740501391954
5766,0.0033609740501391954
5767,0.0033609740501391954
5768,0.0033609740501391954
5769,0.0033609740501391954
5770,0.0033609740501391954
5771,0.0033609740501391954
5772,0.0033609740501391954
5773,0.0033609740501391954
5774,0.0033609740501391954
5775,0.0033609740501391954
5776,0.0033609740501391954
5777,0.0033609740501391954
5778,0.0033609740501391954
5779,0.0033609740501391954
5780,0.0033609740501391954
5781,0.0033609740501391954
5782,0.0033609740501391954
5783,0.0033609740501391954
5784,0.0033609740501391954
5785,0.0033609740501391954
5786,0.0033609740501391954
5787,0.0033609740501391954
5788,0.0033609740501391954
5789,0.0033609740501391954
5790,0.0033609740501391954
5791,0.0033609740501391954
5792,0.0033609740501391954
5793,0.0033609740501391954
5794,0.0033609740501391954
5795,0.0033609740501391954
5796,0.0033609740501391954
5797,0.0033609740501391954
5798,0.0033609740501391954
5799,0.0033609740501391954
5800,0.0033609740501391954
5801,0.0033609740501391954
5802,0.0033609740501391954
5803,0.0033609740501391954
5804,0.0033609740501391954
5805,0.0033609740501391954
5806,0.0033609740501391954
5807,0.0033609740501391954
5808,0.0033609740501391954
5809,0.0033609740501391954
5810,0.0033609740501391954
5811,0.0033609740501391954
5812,0.0033609740501391954
5813,0.0033609740501391954
5814,0.0033609740501391954
5815,0.0033609740501391954
5816,0.0033609740501391954
5817,0.0033609740501391954
5818,0.0033609740501391954
5819,0.0033609740501391954
5820,0.0033609740501391954
5821,0.0033609740501391954
5822,0.0033609740501391954
5823,0.0033609740501391954
5824,0.0033609740501391954
5825,0.0033609740501391954
5826,0.0033609740501391954
5827,0.0033609740501391954
5828,0.0033609740501391954
5829,0.0033609740501391954
5830,0.0033609740501391954
5831,0.0033609740501391954
5832,0.0033609740501391954
5833,0.0033609740501391954
5834,0.0033609740501391954
5835,0.0033609740501391954
5836,0.0033609740501391954
5837,0.0033609740501391954
5838,0.0033609740501391954
5839,0.0033609740501391954
5840,0.0033609740501391954
5841,0.0033609740501391954
5842,0.0033609740501391954
5843,0.0033609740501391954
5844,0.0033609740501391954
5845,0.0033609740501391954
5846,0.0033609740501391954
5847,0.0033609740501391954
5848,0.0033609740501391954
5849,0.0033609740501391954
5850,0.0033609740501391954
5851,0.0033609740501391954
5852,0.0033609740501391954
5853,0.0033609740501391954
5854,0.0033609740501391954
5855,0.0033609740501391954
5856,0.0033609740501391954
5857,0.0033609740501391954
5858,0.0033609740501391954
5859,0.0033609740501391954
5860,0.0033609740501391954
5861,0.0033609740501391954
5862,0.0033609740501391954
5863,0.0033609740501391954
5864,0.0033609740501391954
5865,0.0033609740501391954
5866,0.0033609740501391954
5867,0.0033609740501391954
5868,0.0033609740501391954
5869,0.0033609740501391954
5870,0.0033609740501391954
5871,0.0033609740501391954
5872,0.0033609740501391954
5873,0.0033609740501391954
5874,0.0033609740501391954
5875,0.0033609740501391954
5876,0.0033609740501391954
5877,0.0033609740501391954
5878,0.0033609740501391954
5879,0.0033609740501391954
5880,0.0033609740501391954
5881,0.0033609740501391954
5882,0.0033609740501391954
5883,0.0033609740501391954
5884,0.0033609740501391954
5885,0.0033609740501391954
5886,0.0033609740501391954
5887,0.0033609740501391954
5888,0.0033609740501391954
5889,0.0033609740501391954
5890,0.0033609740501391954
5891,0.0033609740501391954
5892,0.0033609740501391954
5893,0.0033609740501391954
5894,0.0033609740501391954
5895,0.0033609740501391954
5896,0.0033609740501391954
5897,0.0033609740501391954
5898,0.0033609740501391954
5899,0.0033609740501391954
5900,0.0033609740501391954
5901,0.0033609740501391954
5902,0.0033609740501391954
5903,0.0033609740501391954
5904,0.0033609740501391954
5905,0.0033609740501391954
5906,0.0033609740501391954
5907,0.0033609740501391954
5908,0.0033609740501391954
5909,0.0033609740501391954
5910,0.0033609740501391954
5911,0.0033609740501391954
5912,0.0033609740501391954
5913,0.0033609740501391954
5914,0.0033609740501391954
5915,0.0033609740501391954
5916,0.0033609740501391954
5917,0.0033609740501391954
5918,0.0033609740501391954
5919,0.0033609740501391954
5920,0.0033609740501391954
5921,0.0033609740501391954
5922,0.0033609740501391954
5923,0.0033609740501391954
5924,0.0033609740501391954
5925,0.0033609740501391954
5926,0.0033609740501391954
5927,0.0033609740501391954
5928,0.0033609740501391954
5929,0.0033609740501391954
5930,0.0033609740501391954
5931,0.0033609740501391954
5932,0.0033609740501391954
5933,0.0033609740501391954
5934,0.0033609740501391954
5935,0.0033609740501391954
5936,0.0033609740501391954
5937,0.0033609740501391954
5938,0.0033609740501391954
5939,0.0033609740501391954
5940,0.0033609740501391954
5941,0.0033609740501391954
5942,0.0033609740501391954
5943,0.0033609740501391954
5944,0.0033609740501391954
5945,0.0033609740501391954
5946,0.0033609740501391954
5947,0.0033609740501391954
5948,0.0033609740501391954
5949,0.0033609740501391954
5950,0.0033609740501391954
5951,0.0033609740501391954
5952,0.0033609740501391954
5953,0.0033609740501391954
5954,0.0033609740501391954
5955,0.0033609740501391954
5956,0.0033609740501391954
5957,0.0033609740501391954
5958,0.0033609740501391954
5959,0.0033609740501391954
5960,0.0033609740501391954
5961,0.0033609740501391954
5962,0.0033609740501391954
5963,0.0033609740501391954
5964,0.0033609740501391954
5965,0.0033609740501391954
5966,0.0033609740501391954
5967,0.0033609740501391954
5968,0.0033609740501391954
5969,0.0033609740501391954
5970,0.0033609740501391954
5971,0.0033609740501391954
5972,0.0033609740501391954
5973,0.0033609740501391954
5974,0.0033609740501391954
5975,0.0033609740501391954
5976,0.0033609740501391954
5977,0.0033609740501391954
5978,0.0033609740501391954
5979,0.0033609740501391954
5980,0.0033609740501391954
5981,0.0033609740501391954
5982,0.0033609740501391954
5983,0.0033609740501391954
5984,0.0033609740501391954
5985,0.0033609740501391954
5986,0.0033609740501391954
5987,0.0033609740501391954
5988,0.0033609740501391954
5989,0.0033609740501391954
5990,0.0033609740501391954
5991,0.0033609740501391954
5992,0.0033609740501391954
5993,0.0033609740501391954
5994,0.0033609740501391954
5995,0.0033609740501391954
5996,0.0033609740501391954
5997,0.0033609740501391954
5998,0.0033609740501391954
5999,0.0033609740501391954
6000,0.0033609740501391954
6001,0.0033609740501391954
6002,0.0033609740501391954
6003,0.0033609740501391954
6004,0.0033609740501391954
6005,0.0033609740501391954
6006,0.0033609740501391954
6007,0.0033609740501391954
6008,0.0033609740501391954
6009,0.0033609740501391954
6010,0.0033609740501391954
6011,0.0033609740501391954
6012,0.0033609740501391954
6013,0.0033609740501391954
6014,0.0033609740501391954
6015,0.0033609740501391954
6016,0.0033609740501391954
6017,0.0033609740501391954
6018,0.0033609740501391954
6019,0.0033609740501391954
6020,0.0033609740501391954
6021,0.0033609740501391954
6022,0.0033609740501391954
6023,0.0033609740501391954
6024,0.0033609740501391954
6025,0.0033609740501391954
6026,0.0033609740501391954
6027,0.0033609740501391954
6028,0.0033609740501391954
6029,0.0033609740501391954
6030,0.0033609740501391954
6031,0.0033609740501391954
6032,0.0033609740501391954
6033,0.0033609740501391954
6034,0.0033609740501391954
6035,0.0033609740501391954
6036,0.0033609740501391954
6037,0.0033609740501391954
6038,0.0033609740501391954
6039,0.0033609740501391954
6040,0.0033609740501391954
6041,0.0033609740501391954
6042,0.0033609740501391954
6043,0.0033609740501391954
6044,0.0033609740501391954
6045,0.0033609740501391954
6046,0.0033609740501391954
6047,0.0033609740501391954
6048,0.0033609740501391954
6049,0.0033609740501391954
6050,0.0033609740501391954
6051,0.0033609740501391954
6052,0.0033609740501391954
6053,0.0033609740501391954
6054,0.0033609740501391954
6055,0.0033609740501391954
6056,0.0033609740501391954
6057,0.0033609740501391954
6058,0.0033609740501391954
6059,0.0033609740501391954
6060,0.0033609740501391954
6061,0.0033609740501391954
6062,0.0033609740501391954
6063,0.0033609740501391954
6064,0.0033609740501391954
6065,0.0033609740501391954
6066,0.0033609740501391954
6067,0.0033609740501391954
6068,0.0033609740501391954
6069,0.0033609740501391954
6070,0.0033609740501391954
6071,0.0033609740501391954
6072,0.0033609740501391954
6073,0.0033609740501391954
6074,0.0033609740501391954
6075,0.0033609740501391954
6076,0.0033609740501391954
6077,0.0033609740501391954
6078,0.0033609740501391954
6079,0.0033609740501391954
6080,0.0033609740501391954
6081,0.0033609740501391954
6082,0.0033609740501391954
6083,0.0033609740501391954
6084,0.0033609740501391954
6085,0.0033609740501391954
6086,0.0033609740501391954
6087,0.0033609740501391954
6088,0.0033609740501391954
6089,0.0033609740501391954
6090,0.0033609740501391954
6091,0.0033609740501391954
6092,0.0033609740501391954
6093,0.0033609740501391954
6094,0.0033609740501391954
6095,0.0033609740501391954
6096,0.0033609740501391954
6097,0.0033609740501391954
6098,0.0033609740501391954
6099,0.0033609740501391954
6100,0.0033609740501391954
6101,0.0033609740501391954
6102,0.0033609740501391954
6103,0.0033609740501391954
6104,0.0033609740501391954
6105,0.0033609740501391954
6106,0.0033609740501391954
6107,0.0033609740501391954
6108,0.0033609740501391954
6109,0.0033609740501391954
6110,0.0033609740501391954
6111,0.0033609740501391954
6112,0.0033609740501391954
6113,0.0033609740501391954
6114,0.0033609740501391954
6115,0.0033609740501391954
6116,0.0033609740501391954
6117,0.0033609740501391954
6118,0.0033609740501391954
6119,0.0033609740501391954
6120,0.0033609740501391954
6121,0.0033609740501391954
6122,0.0033609740501391954
6123,0.0033609740501391954
6124,0.0033609740501391954
6125,0.0033609740501391954
6126,0.0033609740501391954
6127,0.0033609740501391954
6128,0.0033609740501391954
6129,0.0033609740501391954
6130,0.0033609740501391954
6131,0.0033609740501391954
6132,0.0033609740501391954
6133,0.0033609740501391954
6134,0.0033609740501391954
6135,0.0033609740501391954
6136,0.0033609740501391954
6137,0.0033609740501391954
6138,0.0033609740501391954
6139,0.0033609740501391954
6140,0.0033609740501391954
6141,0.0033609740501391954
6142,0.0033609740501391954
6143,0.0033609740501391954
6144,0.0033609740501391954
6145,0.0033609740501391954
6146,0.0033609740501391954
6147,0.0033609740501391954
6148,0.0033609740501391954
6149,0.0033609740501391954
6150,0.0033609740501391954
6151,0.0033609740501391954
6152,0.0033609740501391954
6153,0.0033609740501391954
6154,0.0033609740501391954
6155,0.0033609740501391954
6156,0.0033609740501391954
6157,0.0033609740501391954
6158,0.0033609740501391954
6159,0.0033609740501391954
6160,0.0033609740501391954
6161,0.0033609740501391954
6162,0.0033609740501391954
6163,0.0033609740501391954
6164,0.0033609740501391954
6165,0.0033609740501391954
6166,0.0033609740501391954
6167,0.0033609740501391954
6168,0.0033609740501391954
6169,0.0033609740501391954
6170,0.0033609740501391954
6171,0.0033609740501391954
6172,0.0033609740501391954
6173,0.0033609740501391954
6174,0.0033609740501391954
6175,0.0033609740501391954
6176,0.0033609740501391954
6177,0.0033609740501391954
6178,0.0033609740501391954
6179,0.0033609740501391954
6180,0.0033609740501391954
6181,0.0033609740501391954
6182,0.0033609740501391954
6183,0.0033609740501391954
6184,0.0033609740501391954
6185,0.0033609740501391954
6186,0.0033609740501391954
6187,0.0033609740501391954
6188,0.0033609740501391954
6189,0.0033609740501391954
6190,0.0033609740501391954
6191,0.0033609740501391954
6192,0.0033609740501391954
6193,0.0033609740501391954
6194,0.0033609740501391954
6195,0.0033609740501391954
6196,0.0033609740501391954
6197,0.0033609740501391954
6198,0.0033609740501391954
6199,0.0033609740501391954
6200,0.0033609740501391954
6201,0.0033609740501391954
6202,0.0033609740501391954
6203,0.0033609740501391954
6204,0.0033609740501391954
6205,0.0033609740501391954
6206,0.0033609740501391954
6207,0.0033609740501391954
6208,0.0033609740501391954
6209,0.0033609740501391954
6210,0.0033609740501391954
6211,0.0033609740501391954
6212,0.0033609740501391954
6213,0.0033609740501391954
6214,0.0033609740501391954
6215,0.0033609740501391954
6216,0.0033609740501391954
6217,0.0033609740501391954
6218,0.0033609740501391954
6219,0.0033609740501391954
6220,0.0033609740501391954
6221,0.0033609740501391954
6222,0.0033609740501391954
6223,0.0033609740501391954
6224,0.0033609740501391954
6225,0.0033609740501391954
6226,0.0033609740501391954
6227,0.0033609740501391954
6228,0.0033609740501391954
6229,0.0033609740501391954
6230,0.0033609740501391954
6231,0.0033609740501391954
6232,0.0033609740501391954
6233,0.0033609740501391954
6234,0.0033609740501391954
6235,0.0033609740501391954
6236,0.0033609740501391954
6237,0.0033609740501391954
6238,0.0033609740501391954
6239,0.0033609740501391954
6240,0.0033609740501391954
6241,0.0033609740501391954
6242,0.0033609740501391954
6243,0.0033609740501391954
6244,0.0033609740501391954
6245,0.0033609740501391954
6246,0.0033609740501391954
6247,0.0033609740501391954
6248,0.0033609740501391954
6249,0.0033609740501391954
6250,0.0033609740501391954
6251,0.0033609740501391954
6252,0.0033609740501391954
6253,0.0033609740501391954
6254,0.0033609740501391954
6255,0.0033609740501391954
6256,0.0033609740501391954
6257,0.0033609740501391954
6258,0.0033609740501391954
6259,0.0033609740501391954
6260,0.0033609740501391954
6261,0.0033609740501391954
6262,0.0033609740501391954
6263,0.0033609740501391954
6264,0.0033609740501391954
6265,0.0033609740501391954
6266,0.0033609740501391954
6267,0.0033609740501391954
6268,0.0033609740501391954
6269,0.0033609740501391954
6270,0.0033609740501391954
6271,0.0033609740501391954
6272,0.0033609740501391954
6273,0.0033609740501391954
6274,0.0033609740501391954
6275,0.0033609740501391954
6276,0.0033609740501391954
6277,0.0033609740501391954
6278,0.0033609740501391954
6279,0.0033609740501391954
6280,0.0033609740501391954
6281,0.0033609740501391954
6282,0.0033609740501391954
6283,0.0033609740501391954
6284,0.0033609740501391954
6285,0.0033609740501391954
6286,0.0033609740501391954
6287,0.0033609740501391954
6288,0.0033609740501391954
6289,0.0033609740501391954
6290,0.0033609740501391954
6291,0.0033609740501391954
6292,0.0033609740501391954
6293,0.0033609740501391954
6294,0.0033609740501391954
6295,0.0033609740501391954
6296,0.0033609740501391954
6297,0.0033609740501391954
6298,0.0033609740501391954
6299,0.0033609740501391954
6300,0.0033609740501391954
6301,0.0033609740501391954
6302,0.0033609740501391954
6303,0.0033609740501391954
6304,0.0033609740501391954
6305,0.0033609740501391954
6306,0.0033609740501391954
6307,0.0033609740501391954
6308,0.0033609740501391954
6309,0.0033609740501391954
6310,0.0033609740501391954
6311,0.0033609740501391954
6312,0.0033609740501391954
6313,0.0033609740501391954
6314,0.0033609740501391954
6315,0.0033609740501391954
6316,0.0033609740501391954
6317,0.0033609740501391954
6318,0.0033609740501391954
6319,0.0033609740501391954
6320,0.0033609740501391954
6321,0.0033609740501391954
6322,0.0033609740501391954
6323,0.0033609740501391954
6324,0.0033609740501391954
6325,0.0033609740501391954
6326,0.0033609740501391954
6327,0.0033609740501391954
6328,0.0033609740501391954
6329,0.0033609740501391954
6330,0.0033609740501391954
6331,0.0033609740501391954
6332,0.0033609740501391954
6333,0.0033609740501391954
6334,0.0033609740501391954
6335,0.0033609740501391954
6336,0.0033609740501391954
6337,0.0033609740501391954
6338,0.0033609740501391954
6339,0.0033609740501391954
6340,0.0033609740501391954
6341,0.0033609740501391954
6342,0.0033609740501391954
6343,0.0033609740501391954
6344,0.0033609740501391954
6345,0.0033609740501391954
6346,0.0033609740501391954
6347,0.0033609740501391954
6348,0.0033609740501391954
6349,0.0033609740501391954
6350,0.0033609740501391954
6351,0.0033609740501391954
6352,0.0033609740501391954
6353,0.0033609740501391954
6354,0.0033609740501391954
6355,0.0033609740501391954
6356,0.0033609740501391954
6357,0.0033609740501391954
6358,0.0033609740501391954
6359,0.0033609740501391954
6360,0.0033609740501391954
6361,0.0033609740501391954
6362,0.0033609740501391954
6363,0.0033609740501391954
6364,0.0033609740501391954
6365,0.0033609740501391954
6366,0.0033609740501391954
6367,0.0033609740501391954
6368,0.0033609740501391954
6369,0.0033609740501391954
6370,0.0033609740501391954
6371,0.0033609740501391954
6372,0.0033609740501391954
6373,0.0033609740501391954
6374,0.0033609740501391954
6375,0.0033609740501391954
6376,0.0033609740501391954
6377,0.0033609740501391954
6378,0.0033609740501391954
6379,0.0033609740501391954
6380,0.0033609740501391954
6381,0.0033609740501391954
6382,0.0033609740501391954
6383,0.0033609740501391954
6384,0.0033609740501391954
6385,0.0033609740501391954
6386,0.0033609740501391954
6387,0.0033609740501391954
6388,0.0033609740501391954
6389,0.0033609740501391954
6390,0.0033609740501391954
6391,0.0033609740501391954
6392,0.0033609740501391954
6393,0.0033609740501391954
6394,0.0033609740501391954
6395,0.0033609740501391954
6396,0.0033609740501391954
6397,0.0033609740501391954
6398,0.0033609740501391954
6399,0.0033609740501391954
6400,0.0033609740501391954
6401,0.0033609740501391954
6402,0.0033609740501391954
6403,0.0033609740501391954
6404,0.0033609740501391954
6405,0.0033609740501391954
6406,0.0033609740501391954
6407,0.0033609740501391954
6408,0.0033609740501391954
6409,0.0033609740501391954
6410,0.0033609740501391954
6411,0.0033609740501391954
6412,0.0033609740501391954
6413,0.0033609740501391954
6414,0.0033609740501391954
6415,0.0033609740501391954
6416,0.0033609740501391954
6417,0.0033609740501391954
6418,0.0033609740501391954
6419,0.0033609740501391954
6420,0.0033609740501391954
6421,0.0033609740501391954
6422,0.0033609740501391954
6423,0.0033609740501391954
6424,0.0033609740501391954
6425,0.0033609740501391954
6426,0.0033609740501391954
6427,0.0033609740501391954
6428,0.0033609740501391954
6429,0.0033609740501391954
6430,0.0033609740501391954
6431,0.0033609740501391954
6432,0.0033609740501391954
6433,0.0033609740501391954
6434,0.0033609740501391954
6435,0.0033609740501391954
6436,0.0033609740501391954
6437,0.0033609740501391954
6438,0.0033609740501391954
6439,0.0033609740501391954
6440,0.0033609740501391954
6441,0.0033609740501391954
6442,0.0033609740501391954
6443,0.0033609740501391954
6444,0.0033609740501391954
6445,0.0033609740501391954
6446,0.0033609740501391954
6447,0.0033609740501391954
6448,0.0033609740501391954
6449,0.0033609740501391954
6450,0.0033609740501391954
6451,0.0033609740501391954
6452,0.0033609740501391954
6453,0.0033609740501391954
6454,0.0033609740501391954
6455,0.0033609740501391954
6456,0.0033609740501391954
6457,0.0033609740501391954
6458,0.0033609740501391954
6459,0.0033609740501391954
6460,0.0033609740501391954
6461,0.0033609740501391954
6462,0.0033609740501391954
6463,0.0033609740501391954
6464,0.0033609740501391954
6465,0.0033609740501391954
6466,0.0033609740501391954
6467,0.0033609740501391954
6468,0.0033609740501391954
6469,0.0033609740501391954
6470,0.0033609740501391954
6471,0.0033609740501391954
6472,0.0033609740501391954
6473,0.0033609740501391954
6474,0.0033609740501391954
6475,0.0033609740501391954
6476,0.0033609740501391954
6477,0.0033609740501391954
6478,0.0033609740501391954
6479,0.0033609740501391954
6480,0.0033609740501391954
6481,0.0033609740501391954
6482,0.0033609740501391954
6483,0.0033609740501391954
6484,0.0033609740501391954
6485,0.0033609740501391954
6486,0.0033609740501391954
6487,0.0033609740501391954
6488,0.0033609740501391954
6489,0.0033609740501391954
6490,0.0033609740501391954
6491,0.0033609740501391954
6492,0.0033609740501391954
6493,0.0033609740501391954
6494,0.0033609740501391954
6495,0.0033609740501391954
6496,0.0033609740501391954
6497,0.0033609740501391954
6498,0.0033609740501391954
6499,0.0033609740501391954
6500,0.0033609740501391954
6501,0.0033609740501391954
6502,0.0033609740501391954
6503,0.0033609740501391954
6504,0.0033609740501391954
6505,0.0033609740501391954
6506,0.0033609740501391954
6507,0.0033609740501391954
6508,0.0033609740501391954
6509,0.0033609740501391954
6510,0.0033609740501391954
6511,0.0033609740501391954
6512,0.0033609740501391954
6513,0.0033609740501391954
6514,0.0033609740501391954
6515,0.0033609740501391954
6516,0.0033609740501391954
6517,0.0033609740501391954
6518,0.0033609740501391954
6519,0.0033609740501391954
6520,0.0033609740501391954
6521,0.0033609740501391954
6522,0.0033609740501391954
6523,0.0033609740501391954
6524,0.0033609740501391954
6525,0.0033609740501391954
6526,0.0033609740501391954
6527,0.0033609740501391954
6528,0.0033609740501391954
6529,0.0033609740501391954
6530,0.0033609740501391954
6531,0.0033609740501391954
6532,0.0033609740501391954
6533,0.0033609740501391954
6534,0.0033609740501391954
6535,0.0033609740501391954
6536,0.0033609740501391954
6537,0.0033609740501391954
6538,0.0033609740501391954
6539,0.0033609740501391954
6540,0.0033609740501391954
6541,0.0033609740501391954
6542,0.0033609740501391954
6543,0.0033609740501391954
6544,0.0033609740501391954
6545,0.0033609740501391954
6546,0.0033609740501391954
6547,0.0033609740501391954
6548,0.0033609740501391954
6549,0.0033609740501391954
6550,0.0033609740501391954
6551,0.0033609740501391954
6552,0.0033609740501391954
6553,0.0033609740501391954
6554,0.0033609740501391954
6555,0.0033609740501391954
6556,0.0033609740501391954
6557,0.0033609740501391954
6558,0.0033609740501391954
6559,0.0033609740501391954
6560,0.0033609740501391954
6561,0.0033609740501391954
6562,0.0033609740501391954
6563,0.0033609740501391954
6564,0.0033609740501391954
6565,0.0033609740501391954
6566,0.0033609740501391954
6567,0.0033609740501391954
6568,0.0033609740501391954
6569,0.0033609740501391954
6570,0.0033609740501391954
6571,0.0033609740501391954
6572,0.0033609740501391954
6573,0.0033609740501391954
6574,0.0033609740501391954
6575,0.0033609740501391954
6576,0.0033609740501391954
6577,0.0033609740501391954
6578,0.0033609740501391954
6579,0.0033609740501391954
6580,0.0033609740501391954
6581,0.0033609740501391954
6582,0.0033609740501391954
6583,0.0033609740501391954
6584,0.0033609740501391954
6585,0.0033609740501391954
6586,0.0033609740501391954
6587,0.0033609740501391954
6588,0.0033609740501391954
6589,0.0033609740501391954
6590,0.0033609740501391954
6591,0.0033609740501391954
6592,0.0033609740501391954
6593,0.0033609740501391954
6594,0.0033609740501391954
6595,0.0033609740501391954
6596,0.0033609740501391954
6597,0.0033609740501391954
6598,0.0033609740501391954
6599,0.0033609740501391954
6600,0.0033609740501391954
6601,0.0033609740501391954
6602,0.0033609740501391954
6603,0.0033609740501391954
6604,0.0033609740501391954
6605,0.0033609740501391954
6606,0.0033609740501391954
6607,0.0033609740501391954
6608,0.0033609740501391954
6609,0.0033609740501391954
6610,0.0033609740501391954
6611,0.0033609740501391954
6612,0.0033609740501391954
6613,0.0033609740501391954
6614,0.0033609740501391954
6615,0.0033609740501391954
6616,0.0033609740501391954
6617,0.0033609740501391954
6618,0.0033609740501391954
6619,0.0033609740501391954
6620,0.0033609740501391954
6621,0.0033609740501391954
6622,0.0033609740501391954
6623,0.0033609740501391954
6624,0.0033609740501391954
6625,0.0033609740501391954
6626,0.0033609740501391954
6627,0.0033609740501391954
6628,0.0033609740501391954
6629,0.0033609740501391954
6630,0.0033609740501391954
6631,0.0033609740501391954
6632,0.0033609740501391954
6633,0.0033609740501391954
6634,0.0033609740501391954
6635,0.0033609740501391954
6636,0.0033609740501391954
6637,0.0033609740501391954
6638,0.0033609740501391954
6639,0.0033609740501391954
6640,0.0033609740501391954
6641,0.0033609740501391954
6642,0.0033609740501391954
6643,0.0033609740501391954
6644,0.0033609740501391954
6645,0.0033609740501391954
6646,0.0033609740501391954
6647,0.0033609740501391954
6648,0.0033609740501391954
6649,0.0033609740501391954
6650,0.0033609740501391954
6651,0.0033609740501391954
6652,0.0033609740501391954
6653,0.0033609740501391954
6654,0.0033609740501391954
6655,0.0033609740501391954
6656,0.0033609740501391954
6657,0.0033609740501391954
6658,0.0033609740501391954
6659,0.0033609740501391954
6660,0.0033609740501391954
6661,0.0033609740501391954
6662,0.0033609740501391954
6663,0.0033609740501391954
6664,0.0033609740501391954
6665,0.0033609740501391954
6666,0.0033609740501391954
6667,0.0033609740501391954
6668,0.0033609740501391954
6669,0.0033609740501391954
6670,0.0033609740501391954
6671,0.0033609740501391954
6672,0.0033609740501391954
6673,0.0033609740501391954
6674,0.0033609740501391954
6675,0.0033609740501391954
6676,0.0033609740501391954
6677,0.0033609740501391954
6678,0.0033609740501391954
6679,0.0033609740501391954
6680,0.0033609740501391954
6681,0.0033609740501391954
6682,0.0033609740501391954
6683,0.0033609740501391954
6684,0.0033609740501391954
6685,0.0033609740501391954
6686,0.0033609740501391954
6687,0.0033609740501391954
6688,0.0033609740501391954
6689,0.0033609740501391954
6690,0.0033609740501391954
6691,0.0033609740501391954
6692,0.0033609740501391954
6693,0.0033609740501391954
6694,0.0033609740501391954
6695,0.0033609740501391954
6696,0.0033609740501391954
6697,0.0033609740501391954
6698,0.0033609740501391954
6699,0.0033609740501391954
6700,0.0033609740501391954
6701,0.0033609740501391954
6702,0.0033609740501391954
6703,0.0033609740501391954
6704,0.0033609740501391954
6705,0.0033609740501391954
6706,0.0033609740501391954
6707,0.0033609740501391954
6708,0.0033609740501391954
6709,0.0033609740501391954
6710,0.0033609740501391954
6711,0.0033609740501391954
6712,0.0033609740501391954
6713,0.0033609740501391954
6714,0.0033609740501391954
6715,0.0033609740501391954
6716,0.0033609740501391954
6717,0.0033609740501391954
6718,0.0033609740501391954
6719,0.0033609740501391954
6720,0.0033609740501391954
6721,0.0033609740501391954
6722,0.0033609740501391954
6723,0.0033609740501391954
6724,0.0033609740501391954
6725,0.0033609740501391954
6726,0.0033609740501391954
6727,0.0033609740501391954
6728,0.0033609740501391954
6729,0.0033609740501391954
6730,0.0033609740501391954
6731,0.0033609740501391954
6732,0.0033609740501391954
6733,0.0033609740501391954
6734,0.0033609740501391954
6735,0.0033609740501391954
6736,0.0033609740501391954
6737,0.0033609740501391954
6738,0.0033609740501391954
6739,0.0033609740501391954
6740,0.0033609740501391954
6741,0.0033609740501391954
6742,0.0033609740501391954
6743,0.0033609740501391954
6744,0.0033609740501391954
6745,0.0033609740501391954
6746,0.0033609740501391954
6747,0.0033609740501391954
6748,0.0033609740501391954
6749,0.0033609740501391954
6750,0.0033609740501391954
6751,0.0033609740501391954
6752,0.0033609740501391954
6753,0.0033609740501391954
6754,0.0033609740501391954
6755,0.0033609740501391954
6756,0.0033609740501391954
6757,0.0033609740501391954
6758,0.0033609740501391954
6759,0.0033609740501391954
6760,0.0033609740501391954
6761,0.0033609740501391954
6762,0.0033609740501391954
6763,0.0033609740501391954
6764,0.0033609740501391954
6765,0.0033609740501391954
6766,0.0033609740501391954
6767,0.0033609740501391954
6768,0.0033609740501391954
6769,0.0033609740501391954
6770,0.0033609740501391954
6771,0.0033609740501391954
6772,0.0033609740501391954
6773,0.0033609740501391954
6774,0.0033609740501391954
6775,0.0033609740501391954
6776,0.0033609740501391954
6777,0.0033609740501391954
6778,0.0033609740501391954
6779,0.0033609740501391954
6780,0.0033609740501391954
6781,0.0033609740501391954
6782,0.0033609740501391954
6783,0.0033609740501391954
6784,0.0033609740501391954
6785,0.0033609740501391954
6786,0.0033609740501391954
6787,0.0033609740501391954
6788,0.0033609740501391954
6789,0.0033609740501391954
6790,0.0033609740501391954
6791,0.0033609740501391954
6792,0.0033609740501391954
6793,0.0033609740501391954
6794,0.0033609740501391954
6795,0.0033609740501391954
6796,0.0033609740501391954
6797,0.0033609740501391954
6798,0.0033609740501391954
6799,0.0033609740501391954
6800,0.0033609740501391954
6801,0.0033609740501391954
6802,0.0033609740501391954
6803,0.0033609740501391954
6804,0.0033609740501391954
6805,0.0033609740501391954
6806,0.0033609740501391954
6807,0.0033609740501391954
6808,0.0033609740501391954
6809,0.0033609740501391954
6810,0.0033609740501391954
6811,0.0033609740501391954
6812,0.0033609740501391954
6813,0.0033609740501391954
6814,0.0033609740501391954
6815,0.0033609740501391954
6816,0.0033609740501391954
6817,0.0033609740501391954
6818,0.0033609740501391954
6819,0.0033609740501391954
6820,0.0033609740501391954
6821,0.0033609740501391954
6822,0.0033609740501391954
6823,0.0033609740501391954
6824,0.0033609740501391954
6825,0.0033609740501391954
6826,0.0033609740501391954
6827,0.0033609740501391954
6828,0.0033609740501391954
6829,0.0033609740501391954
6830,0.0033609740501391954
6831,0.0033609740501391954
6832,0.0033609740501391954
6833,0.0033609740501391954
6834,0.0033609740501391954
6835,0.0033609740501391954
6836,0.0033609740501391954
6837,0.0033609740501391954
6838,0.0033609740501391954
6839,0.0033609740501391954
6840,0.0033609740501391954
6841,0.0033609740501391954
6842,0.0033609740501391954
6843,0.0033609740501391954
6844,0.0033609740501391954
6845,0.0033609740501391954
6846,0.0033609740501391954
6847,0.0033609740501391954
6848,0.0033609740501391954
6849,0.0033609740501391954
6850,0.0033609740501391954
6851,0.0033609740501391954
6852,0.0033609740501391954
6853,0.0033609740501391954
6854,0.0033609740501391954
6855,0.0033609740501391954
6856,0.0033609740501391954
6857,0.0033609740501391954
6858,0.0033609740501391954
6859,0.0033609740501391954
6860,0.0033609740501391954
6861,0.0033609740501391954
6862,0.0033609740501391954
6863,0.0033609740501391954
6864,0.0033609740501391954
6865,0.0033609740501391954
6866,0.0033609740501391954
6867,0.0033609740501391954
6868,0.0033609740501391954
6869,0.0033609740501391954
6870,0.0033609740501391954
6871,0.0033609740501391954
6872,0.0033609740501391954
6873,0.0033609740501391954
6874,0.0033609740501391954
6875,0.0033609740501391954
6876,0.0033609740501391954
6877,0.0033609740501391954
6878,0.0033609740501391954
6879,0.0033609740501391954
6880,0.0033609740501391954
6881,0.0033609740501391954
6882,0.0033609740501391954
6883,0.0033609740501391954
6884,0.0033609740501391954
6885,0.0033609740501391954
6886,0.0033609740501391954
6887,0.0033609740501391954
6888,0.0033609740501391954
6889,0.0033609740501391954
6890,0.0033609740501391954
6891,0.0033609740501391954
6892,0.0033609740501391954
6893,0.0033609740501391954
6894,0.0033609740501391954
6895,0.0033609740501391954
6896,0.0033609740501391954
6897,0.0033609740501391954
6898,0.0033609740501391954
6899,0.0033609740501391954
6900,0.0033609740501391954
6901,0.0033609740501391954
6902,0.0033609740501391954
6903,0.0033609740501391954
6904,0.0033609740501391954
6905,0.0033609740501391954
6906,0.0033609740501391954
6907,0.0033609740501391954
6908,0.0033609740501391954
6909,0.0033609740501391954
6910,0.0033609740501391954
6911,0.0033609740501391954
6912,0.0033609740501391954
6913,0.0033609740501391954
6914,0.0033609740501391954
6915,0.0033609740501391954
6916,0.0033609740501391954
6917,0.0033609740501391954
6918,0.0033609740501391954
6919,0.0033609740501391954
6920,0.0033609740501391954
6921,0.0033609740501391954
6922,0.0033609740501391954
6923,0.0033609740501391954
6924,0.0033609740501391954
6925,0.0033609740501391954
6926,0.0033609740501391954
6927,0.0033609740501391954
6928,0.0033609740501391954
6929,0.0033609740501391954
6930,0.0033609740501391954
6931,0.0033609740501391954
6932,0.0033609740501391954
6933,0.0033609740501391954
6934,0.0033609740501391954
6935,0.0033609740501391954
6936,0.0033609740501391954
6937,0.0033609740501391954
6938,0.0033609740501391954
6939,0.0033609740501391954
6940,0.0033609740501391954
6941,0.0033609740501391954
6942,0.0033609740501391954
6943,0.0033609740501391954
6944,0.0033609740501391954
6945,0.0033609740501391954
6946,0.0033609740501391954
6947,0.0033609740501391954
6948,0.0033609740501391954
6949,0.0033609740501391954
6950,0.0033609740501391954
6951,0.0033609740501391954
6952,0.0033609740501391954
6953,0.0033609740501391954
6954,0.0033609740501391954
6955,0.0033609740501391954
6956,0.0033609740501391954
6957,0.0033609740501391954
6958,0.0033609740501391954
6959,0.0033609740501391954
6960,0.0033609740501391954
6961,0.0033609740501391954
6962,0.0033609740501391954
6963,0.0033609740501391954
6964,0.0033609740501391954
6965,0.0033609740501391954
6966,0.0033609740501391954
6967,0.0033609740501391954
6968,0.0033609740501391954
6969,0.0033609740501391954
6970,0.0033609740501391954
6971,0.0033609740501391954
6972,0.0033609740501391954
6973,0.0033609740501391954
6974,0.0033609740501391954
6975,0.0033609740501391954
6976,0.0033609740501391954
6977,0.0033609740501391954
6978,0.0033609740501391954
6979,0.0033609740501391954
6980,0.0033609740501391954
6981,0.0033609740501391954
6982,0.0033609740501391954
6983,0.0033609740501391954
6984,0.0033609740501391954
6985,0.0033609740501391954
6986,0.0033609740501391954
6987,0.0033609740501391954
6988,0.0033609740501391954
6989,0.0033609740501391954
6990,0.0033609740501391954
6991,0.0033609740501391954
6992,0.0033609740501391954
6993,0.0033609740501391954
6994,0.0033609740501391954
6995,0.0033609740501391954
6996,0.0033609740501391954
6997,0.0033609740501391954
6998,0.0033609740501391954
6999,0.0033609740501391954
7000,0.0033609740501391954
7001,0.0033609740501391954
7002,0.0033609740501391954
7003,0.0033609740501391954
7004,0.0033609740501391954
7005,0.0033609740501391954
7006,0.0033609740501391954
7007,0.0033609740501391954
7008,0.0033609740501391954
7009,0.0033609740501391954
7010,0.0033609740501391954
7011,0.0033609740501391954
7012,0.0033609740501391954
7013,0.0033609740501391954
7014,0.0033609740501391954
7015,0.0033609740501391954
7016,0.0033609740501391954
7017,0.0033609740501391954
7018,0.0033609740501391954
7019,0.0033609740501391954
7020,0.0033609740501391954
7021,0.0033609740501391954
7022,0.0033609740501391954
7023,0.0033609740501391954
7024,0.0033609740501391954
7025,0.0033609740501391954
7026,0.0033609740501391954
7027,0.0033609740501391954
7028,0.0033609740501391954
7029,0.0033609740501391954
7030,0.0033609740501391954
7031,0.0033609740501391954
7032,0.0033609740501391954
7033,0.0033609740501391954
7034,0.0033609740501391954
7035,0.0033609740501391954
7036,0.0033609740501391954
7037,0.0033609740501391954
7038,0.0033609740501391954
7039,0.0033609740501391954
7040,0.0033609740501391954
7041,0.0033609740501391954
7042,0.0033609740501391954
7043,0.0033609740501391954
7044,0.0033609740501391954
7045,0.0033609740501391954
7046,0.0033609740501391954
7047,0.0033609740501391954
7048,0.0033609740501391954
7049,0.0033609740501391954
7050,0.0033609740501391954
7051,0.0033609740501391954
7052,0.0033609740501391954
7053,0.0033609740501391954
7054,0.0033609740501391954
7055,0.0033609740501391954
7056,0.0033609740501391954
7057,0.0033609740501391954
7058,0.0033609740501391954
7059,0.0033609740501391954
7060,0.0033609740501391954
7061,0.0033609740501391954
7062,0.0033609740501391954
7063,0.0033609740501391954
7064,0.0033609740501391954
7065,0.0033609740501391954
7066,0.0033609740501391954
7067,0.0033609740501391954
7068,0.0033609740501391954
7069,0.0033609740501391954
7070,0.0033609740501391954
7071,0.0033609740501391954
7072,0.0033609740501391954
7073,0.0033609740501391954
7074,0.0033609740501391954
7075,0.0033609740501391954
7076,0.0033609740501391954
7077,0.0033609740501391954
7078,0.0033609740501391954
7079,0.0033609740501391954
7080,0.0033609740501391954
7081,0.0033609740501391954
7082,0.0033609740501391954
7083,0.0033609740501391954
7084,0.0033609740501391954
7085,0.0033609740501391954
7086,0.0033609740501391954
7087,0.0033609740501391954
7088,0.0033609740501391954
7089,0.0033609740501391954
7090,0.0033609740501391954
7091,0.0033609740501391954
7092,0.0033609740501391954
7093,0.0033609740501391954
7094,0.0033609740501391954
7095,0.0033609740501391954
7096,0.0033609740501391954
7097,0.0033609740501391954
7098,0.0033609740501391954
7099,0.0033609740501391954
7100,0.0033609740501391954
7101,0.0033609740501391954
7102,0.0033609740501391954
7103,0.0033609740501391954
7104,0.0033609740501391954
7105,0.0033609740501391954
7106,0.0033609740501391954
7107,0.0033609740501391954
7108,0.0033609740501391954
7109,0.0033609740501391954
7110,0.0033609740501391954
7111,0.0033609740501391954
7112,0.0033609740501391954
7113,0.0033609740501391954
7114,0.0033609740501391954
7115,0.0033609740501391954
7116,0.0033609740501391954
7117,0.0033609740501391954
7118,0.0033609740501391954
7119,0.0033609740501391954
7120,0.0033609740501391954
7121,0.0033609740501391954
7122,0.0033609740501391954
7123,0.0033609740501391954
7124,0.0033609740501391954
7125,0.0033609740501391954
7126,0.0033609740501391954
7127,0.0033609740501391954
7128,0.0033609740501391954
7129,0.0033609740501391954
7130,0.0033609740501391954
7131,0.0033609740501391954
7132,0.0033609740501391954
7133,0.0033609740501391954
7134,0.0033609740501391954
7135,0.0033609740501391954
7136,0.0033609740501391954
7137,0.0033609740501391954
7138,0.0033609740501391954
7139,0.0033609740501391954
7140,0.0033609740501391954
7141,0.0033609740501391954
7142,0.0033609740501391954
7143,0.0033609740501391954
7144,0.0033609740501391954
7145,0.0033609740501391954
7146,0.0033609740501391954
7147,0.0033609740501391954
7148,0.0033609740501391954
7149,0.0033609740501391954
7150,0.0033609740501391954
7151,0.0033609740501391954
7152,0.0033609740501391954
7153,0.0033609740501391954
7154,0.0033609740501391954
7155,0.0033609740501391954
7156,0.0033609740501391954
7157,0.0033609740501391954
7158,0.0033609740501391954
7159,0.0033609740501391954
7160,0.0033609740501391954
7161,0.0033609740501391954
7162,0.0033609740501391954
7163,0.0033609740501391954
7164,0.0033609740501391954
7165,0.0033609740501391954
7166,0.0033609740501391954
7167,0.0033609740501391954
7168,0.0033609740501391954
7169,0.0033609740501391954
7170,0.0033609740501391954
7171,0.0033609740501391954
7172,0.0033609740501391954
7173,0.0033609740501391954
7174,0.0033609740501391954
7175,0.0033609740501391954
7176,0.0033609740501391954
7177,0.0033609740501391954
7178,0.0033609740501391954
7179,0.0033609740501391954
7180,0.0033609740501391954
7181,0.0033609740501391954
7182,0.0033609740501391954
7183,0.0033609740501391954
7184,0.0033609740501391954
7185,0.0033609740501391954
7186,0.0033609740501391954
7187,0.0033609740501391954
7188,0.0033609740501391954
7189,0.0033609740501391954
7190,0.0033609740501391954
7191,0.0033609740501391954
7192,0.0033609740501391954
7193,0.0033609740501391954
7194,0.0033609740501391954
7195,0.0033609740501391954
7196,0.0033609740501391954
7197,0.0033609740501391954
7198,0.0033609740501391954
7199,0.0033609740501391954
7200,0.0033609740501391954
7201,0.0033609740501391954
7202,0.0033609740501391954
7203,0.0033609740501391954
7204,0.0033609740501391954
7205,0.0033609740501391954
7206,0.0033609740501391954
7207,0.0033609740501391954
7208,0.0033609740501391954
7209,0.0033609740501391954
7210,0.0033609740501391954
7211,0.0033609740501391954
7212,0.0033609740501391954
7213,0.0033609740501391954
7214,0.0033609740501391954
7215,0.0033609740501391954
7216,0.0033609740501391954
7217,0.0033609740501391954
7218,0.0033609740501391954
7219,0.0033609740501391954
7220,0.0033609740501391954
7221,0.0033609740501391954
7222,0.0033609740501391954
7223,0.0033609740501391954
7224,0.0033609740501391954
7225,0.0033609740501391954
7226,0.0033609740501391954
7227,0.0033609740501391954
7228,0.0033609740501391954
7229,0.0033609740501391954
7230,0.0033609740501391954
7231,0.0033609740501391954
7232,0.0033609740501391954
7233,0.0033609740501391954
7234,0.0033609740501391954
7235,0.0033609740501391954
7236,0.0033609740501391954
7237,0.0033609740501391954
7238,0.0033609740501391954
7239,0.0033609740501391954
7240,0.0033609740501391954
7241,0.0033609740501391954
7242,0.0033609740501391954
7243,0.0033609740501391954
7244,0.0033609740501391954
7245,0.0033609740501391954
7246,0.0033609740501391954
7247,0.0033609740501391954
7248,0.0033609740501391954
7249,0.0033609740501391954
7250,0.0033609740501391954
7251,0.0033609740501391954
7252,0.0033609740501391954
7253,0.0033609740501391954
7254,0.0033609740501391954
7255,0.0033609740501391954
7256,0.0033609740501391954
7257,0.0033609740501391954
7258,0.0033609740501391954
7259,0.0033609740501391954
7260,0.0033609740501391954
7261,0.0033609740501391954
7262,0.0033609740501391954
7263,0.0033609740501391954
7264,0.0033609740501391954
7265,0.0033609740501391954
7266,0.0033609740501391954
7267,0.0033609740501391954
7268,0.0033609740501391954
7269,0.0033609740501391954
7270,0.0033609740501391954
7271,0.0033609740501391954
7272,0.0033609740501391954
7273,0.0033609740501391954
7274,0.0033609740501391954
7275,0.0033609740501391954
7276,0.0033609740501391954
7277,0.0033609740501391954
7278,0.0033609740501391954
7279,0.0033609740501391954
7280,0.0033609740501391954
7281,0.0033609740501391954
7282,0.0033609740501391954
7283,0.0033609740501391954
7284,0.0033609740501391954
7285,0.0033609740501391954
7286,0.0033609740501391954
7287,0.0033609740501391954
7288,0.0033609740501391954
7289,0.0033609740501391954
7290,0.0033609740501391954
7291,0.0033609740501391954
7292,0.0033609740501391954
7293,0.0033609740501391954
7294,0.0033609740501391954
7295,0.0033609740501391954
7296,0.0033609740501391954
7297,0.0033609740501391954
7298,0.0033609740501391954
7299,0.0033609740501391954
7300,0.0033609740501391954
7301,0.0033609740501391954
7302,0.0033609740501391954
7303,0.0033609740501391954
7304,0.0033609740501391954
7305,0.0033609740501391954
7306,0.0033609740501391954
7307,0.0033609740501391954
7308,0.0033609740501391954
7309,0.0033609740501391954
7310,0.0033609740501391954
7311,0.0033609740501391954
7312,0.0033609740501391954
7313,0.0033609740501391954
7314,0.0033609740501391954
7315,0.0033609740501391954
7316,0.0033609740501391954
7317,0.0033609740501391954
7318,0.0033609740501391954
7319,0.0033609740501391954
7320,0.0033609740501391954
7321,0.0033609740501391954
7322,0.0033609740501391954
7323,0.0033609740501391954
7324,0.0033609740501391954
7325,0.0033609740501391954
7326,0.0033609740501391954
7327,0.0033609740501391954
7328,0.0033609740501391954
7329,0.0033609740501391954
7330,0.0033609740501391954
7331,0.0033609740501391954
7332,0.0033609740501391954
7333,0.0033609740501391954
7334,0.0033609740501391954
7335,0.0033609740501391954
7336,0.0033609740501391954
7337,0.0033609740501391954
7338,0.0033609740501391954
7339,0.0033609740501391954
7340,0.0033609740501391954
7341,0.0033609740501391954
7342,0.0033609740501391954
7343,0.0033609740501391954
7344,0.0033609740501391954
7345,0.0033609740501391954
7346,0.0033609740501391954
7347,0.0033609740501391954
7348,0.0033609740501391954
7349,0.0033609740501391954
7350,0.0033609740501391954
7351,0.0033609740501391954
7352,0.0033609740501391954
7353,0.0033609740501391954
7354,0.0033609740501391954
7355,0.0033609740501391954
7356,0.0033609740501391954
7357,0.0033609740501391954
7358,0.0033609740501391954
7359,0.0033609740501391954
7360,0.0033609740501391954
7361,0.0033609740501391954
7362,0.0033609740501391954
7363,0.0033609740501391954
7364,0.0033609740501391954
7365,0.0033609740501391954
7366,0.0033609740501391954
7367,0.0033609740501391954
7368,0.0033609740501391954
7369,0.0033609740501391954
7370,0.0033609740501391954
7371,0.0033609740501391954
7372,0.0033609740501391954
7373,0.0033609740501391954
7374,0.0033609740501391954
7375,0.0033609740501391954
7376,0.0033609740501391954
7377,0.0033609740501391954
7378,0.0033609740501391954
7379,0.0033609740501391954
7380,0.0033609740501391954
7381,0.0033609740501391954
7382,0.0033609740501391954
7383,0.0033609740501391954
7384,0.0033609740501391954
7385,0.0033609740501391954
7386,0.0033609740501391954
7387,0.0033609740501391954
7388,0.0033609740501391954
7389,0.0033609740501391954
7390,0.0033609740501391954
7391,0.0033609740501391954
7392,0.0033609740501391954
7393,0.0033609740501391954
7394,0.0033609740501391954
7395,0.0033609740501391954
7396,0.0033609740501391954
7397,0.0033609740501391954
7398,0.0033609740501391954
7399,0.0033609740501391954
7400,0.0033609740501391954
7401,0.0033609740501391954
7402,0.0033609740501391954
7403,0.0033609740501391954
7404,0.0033609740501391954
7405,0.0033609740501391954
7406,0.0033609740501391954
7407,0.0033609740501391954
7408,0.0033609740501391954
7409,0.0033609740501391954
7410,0.0033609740501391954
7411,0.0033609740501391954
7412,0.0033609740501391954
7413,0.0033609740501391954
7414,0.0033609740501391954
7415,0.0033609740501391954
7416,0.0033609740501391954
7417,0.0033609740501391954
7418,0.0033609740501391954
7419,0.0033609740501391954
7420,0.0033609740501391954
7421,0.0033609740501391954
7422,0.0033609740501391954
7423,0.0033609740501391954
7424,0.0033609740501391954
7425,0.0033609740501391954
7426,0.0033609740501391954
7427,0.0033609740501391954
7428,0.0033609740501391954
7429,0.0033609740501391954
7430,0.0033609740501391954
7431,0.0033609740501391954
7432,0.0033609740501391954
7433,0.0033609740501391954
7434,0.0033609740501391954
7435,0.0033609740501391954
7436,0.0033609740501391954
7437,0.0033609740501391954
7438,0.0033609740501391954
7439,0.0033609740501391954
7440,0.0033609740501391954
7441,0.0033609740501391954
7442,0.0033609740501391954
7443,0.0033609740501391954
7444,0.0033609740501391954
7445,0.0033609740501391954
7446,0.0033609740501391954
7447,0.0033609740501391954
7448,0.0033609740501391954
7449,0.0033609740501391954
7450,0.0033609740501391954
7451,0.0033609740501391954
7452,0.0033609740501391954
7453,0.0033609740501391954
7454,0.0033609740501391954
7455,0.0033609740501391954
7456,0.0033609740501391954
7457,0.0033609740501391954
7458,0.0033609740501391954
7459,0.0033609740501391954
7460,0.0033609740501391954
7461,0.0033609740501391954
7462,0.0033609740501391954
7463,0.0033609740501391954
7464,0.0033609740501391954
7465,0.0033609740501391954
7466,0.0033609740501391954
7467,0.0033609740501391954
7468,0.0033609740501391954
7469,0.0033609740501391954
7470,0.0033609740501391954
7471,0.0033609740501391954
7472,0.0033609740501391954
7473,0.0033609740501391954
7474,0.0033609740501391954
7475,0.0033609740501391954
7476,0.0033609740501391954
7477,0.0033609740501391954
7478,0.0033609740501391954
7479,0.0033609740501391954
7480,0.0033609740501391954
7481,0.0033609740501391954
7482,0.0033609740501391954
7483,0.0033609740501391954
7484,0.0033609740501391954
7485,0.0033609740501391954
7486,0.0033609740501391954
7487,0.0033609740501391954
7488,0.0033609740501391954
7489,0.0033609740501391954
7490,0.0033609740501391954
7491,0.0033609740501391954
7492,0.0033609740501391954
7493,0.0033609740501391954
7494,0.0033609740501391954
7495,0.0033609740501391954
7496,0.0033609740501391954
7497,0.0033609740501391954
7498,0.0033609740501391954
7499,0.0033609740501391954
7500,0.0033609740501391954
7501,0.0033609740501391954
7502,0.0033609740501391954
7503,0.0033609740501391954
7504,0.0033609740501391954
7505,0.0033609740501391954
7506,0.0033609740501391954
7507,0.0033609740501391954
7508,0.0033609740501391954
7509,0.0033609740501391954
7510,0.0033609740501391954
7511,0.0033609740501391954
7512,0.0033609740501391954
7513,0.0033609740501391954
7514,0.0033609740501391954
7515,0.0033609740501391954
7516,0.0033609740501391954
7517,0.0033609740501391954
7518,0.0033609740501391954
7519,0.0033609740501391954
7520,0.0033609740501391954
7521,0.0033609740501391954
7522,0.0033609740501391954
7523,0.0033609740501391954
7524,0.0033609740501391954
7525,0.0033609740501391954
7526,0.0033609740501391954
7527,0.0033609740501391954
7528,0.0033609740501391954
7529,0.0033609740501391954
7530,0.0033609740501391954
7531,0.0033609740501391954
7532,0.0033609740501391954
7533,0.0033609740501391954
7534,0.0033609740501391954
7535,0.0033609740501391954
7536,0.0033609740501391954
7537,0.0033609740501391954
7538,0.0033609740501391954
7539,0.0033609740501391954
7540,0.0033609740501391954
7541,0.0033609740501391954
7542,0.0033609740501391954
7543,0.0033609740501391954
7544,0.0033609740501391954
7545,0.0033609740501391954
7546,0.0033609740501391954
7547,0.0033609740501391954
7548,0.0033609740501391954
7549,0.0033609740501391954
7550,0.0033609740501391954
7551,0.0033609740501391954
7552,0.0033609740501391954
7553,0.0033609740501391954
7554,0.0033609740501391954
7555,0.0033609740501391954
7556,0.0033609740501391954
7557,0.0033609740501391954
7558,0.0033609740501391954
7559,0.0033609740501391954
7560,0.0033609740501391954
7561,0.0033609740501391954
7562,0.0033609740501391954
7563,0.0033609740501391954
7564,0.0033609740501391954
7565,0.0033609740501391954
7566,0.0033609740501391954
7567,0.0033609740501391954
7568,0.0033609740501391954
7569,0.0033609740501391954
7570,0.0033609740501391954
7571,0.0033609740501391954
7572,0.0033609740501391954
7573,0.0033609740501391954
7574,0.0033609740501391954
7575,0.0033609740501391954
7576,0.0033609740501391954
7577,0.0033609740501391954
7578,0.0033609740501391954
7579,0.0033609740501391954
7580,0.0033609740501391954
7581,0.0033609740501391954
7582,0.0033609740501391954
7583,0.0033609740501391954
7584,0.0033609740501391954
7585,0.0033609740501391954
7586,0.0033609740501391954
7587,0.0033609740501391954
7588,0.0033609740501391954
7589,0.0033609740501391954
7590,0.0033609740501391954
7591,0.0033609740501391954
7592,0.0033609740501391954
7593,0.0033609740501391954
7594,0.0033609740501391954
7595,0.0033609740501391954
7596,0.0033609740501391954
7597,0.0033609740501391954
7598,0.0033609740501391954
7599,0.0033609740501391954
7600,0.0033609740501391954
7601,0.0033609740501391954
7602,0.0033609740501391954
7603,0.0033609740501391954
7604,0.0033609740501391954
7605,0.0033609740501391954
7606,0.0033609740501391954
7607,0.0033609740501391954
7608,0.0033609740501391954
7609,0.0033609740501391954
7610,0.0033609740501391954
7611,0.0033609740501391954
7612,0.0033609740501391954
7613,0.0033609740501391954
7614,0.0033609740501391954
7615,0.0033609740501391954
7616,0.0033609740501391954
7617,0.0033609740501391954
7618,0.0033609740501391954
7619,0.0033609740501391954
7620,0.0033609740501391954
7621,0.0033609740501391954
7622,0.0033609740501391954
7623,0.0033609740501391954
7624,0.0033609740501391954
7625,0.0033609740501391954
7626,0.0033609740501391954
7627,0.0033609740501391954
7628,0.0033609740501391954
7629,0.0033609740501391954
7630,0.0033609740501391954
7631,0.0033609740501391954
7632,0.0033609740501391954
7633,0.0033609740501391954
7634,0.0033609740501391954
7635,0.0033609740501391954
7636,0.0033609740501391954
7637,0.0033609740501391954
7638,0.0033609740501391954
7639,0.0033609740501391954
7640,0.0033609740501391954
7641,0.0033609740501391954
7642,0.0033609740501391954
7643,0.0033609740501391954
7644,0.0033609740501391954
7645,0.0033609740501391954
7646,0.0033609740501391954
7647,0.0033609740501391954
7648,0.0033609740501391954
7649,0.0033609740501391954
7650,0.0033609740501391954
7651,0.0033609740501391954
7652,0.0033609740501391954
7653,0.0033609740501391954
7654,0.0033609740501391954
7655,0.0033609740501391954
7656,0.0033609740501391954
7657,0.0033609740501391954
7658,0.0033609740501391954
7659,0.0033609740501391954
7660,0.0033609740501391954
7661,0.0033609740501391954
7662,0.0033609740501391954
7663,0.0033609740501391954
7664,0.0033609740501391954
7665,0.0033609740501391954
7666,0.0033609740501391954
7667,0.0033609740501391954
7668,0.0033609740501391954
7669,0.0033609740501391954
7670,0.0033609740501391954
7671,0.0033609740501391954
7672,0.0033609740501391954
7673,0.0033609740501391954
7674,0.0033609740501391954
7675,0.0033609740501391954
7676,0.0033609740501391954
7677,0.0033609740501391954
7678,0.0033609740501391954
7679,0.0033609740501391954
7680,0.0033609740501391954
7681,0.0033609740501391954
7682,0.0033609740501391954
7683,0.0033609740501391954
7684,0.0033609740501391954
7685,0.0033609740501391954
7686,0.0033609740501391954
7687,0.0033609740501391954
7688,0.0033609740501391954
7689,0.0033609740501391954
7690,0.0033609740501391954
7691,0.0033609740501391954
7692,0.0033609740501391954
7693,0.0033609740501391954
7694,0.0033609740501391954
7695,0.0033609740501391954
7696,0.0033609740501391954
7697,0.0033609740501391954
7698,0.0033609740501391954
7699,0.0033609740501391954
7700,0.0033609740501391954
7701,0.0033609740501391954
7702,0.0033609740501391954
7703,0.0033609740501391954
7704,0.0033609740501391954
7705,0.0033609740501391954
7706,0.0033609740501391954
7707,0.0033609740501391954
7708,0.0033609740501391954
7709,0.0033609740501391954
7710,0.0033609740501391954
7711,0.0033609740501391954
7712,0.0033609740501391954
7713,0.0033609740501391954
7714,0.0033609740501391954
7715,0.0033609740501391954
7716,0.0033609740501391954
7717,0.0033609740501391954
7718,0.0033609740501391954
7719,0.0033609740501391954
7720,0.0033609740501391954
7721,0.0033609740501391954
7722,0.0033609740501391954
7723,0.0033609740501391954
7724,0.0033609740501391954
7725,0.0033609740501391954
7726,0.0033609740501391954
7727,0.0033609740501391954
7728,0.0033609740501391954
7729,0.0033609740501391954
7730,0.0033609740501391954
7731,0.0033609740501391954
7732,0.0033609740501391954
7733,0.0033609740501391954
7734,0.0033609740501391954
7735,0.0033609740501391954
7736,0.0033609740501391954
7737,0.0033609740501391954
7738,0.0033609740501391954
7739,0.0033609740501391954
7740,0.0033609740501391954
7741,0.0033609740501391954
7742,0.0033609740501391954
7743,0.0033609740501391954
7744,0.0033609740501391954
7745,0.0033609740501391954
7746,0.0033609740501391954
7747,0.0033609740501391954
7748,0.0033609740501391954
7749,0.0033609740501391954
7750,0.0033609740501391954
7751,0.0033609740501391954
7752,0.0033609740501391954
7753,0.0033609740501391954
7754,0.0033609740501391954
7755,0.0033609740501391954
7756,0.0033609740501391954
7757,0.0033609740501391954
7758,0.0033609740501391954
7759,0.0033609740501391954
7760,0.0033609740501391954
7761,0.0033609740501391954
7762,0.0033609740501391954
7763,0.0033609740501391954
7764,0.0033609740501391954
7765,0.0033609740501391954
7766,0.0033609740501391954
7767,0.0033609740501391954
7768,0.0033609740501391954
7769,0.0033609740501391954
7770,0.0033609740501391954
7771,0.0033609740501391954
7772,0.0033609740501391954
7773,0.0033609740501391954
7774,0.0033609740501391954
7775,0.0033609740501391954
7776,0.0033609740501391954
7777,0.0033609740501391954
7778,0.0033609740501391954
7779,0.0033609740501391954
7780,0.0033609740501391954
7781,0.0033609740501391954
7782,0.0033609740501391954
7783,0.0033609740501391954
7784,0.0033609740501391954
7785,0.0033609740501391954
7786,0.0033609740501391954
7787,0.0033609740501391954
7788,0.0033609740501391954
7789,0.0033609740501391954
7790,0.0033609740501391954
7791,0.0033609740501391954
7792,0.0033609740501391954
7793,0.0033609740501391954
7794,0.0033609740501391954
7795,0.0033609740501391954
7796,0.0033609740501391954
7797,0.0033609740501391954
7798,0.0033609740501391954
7799,0.0033609740501391954
7800,0.0033609740501391954
7801,0.0033609740501391954
7802,0.0033609740501391954
7803,0.0033609740501391954
7804,0.0033609740501391954
7805,0.0033609740501391954
7806,0.0033609740501391954
7807,0.0033609740501391954
7808,0.0033609740501391954
7809,0.0033609740501391954
7810,0.0033609740501391954
7811,0.0033609740501391954
7812,0.0033609740501391954
7813,0.0033609740501391954
7814,0.0033609740501391954
7815,0.0033609740501391954
7816,0.0033609740501391954
7817,0.0033609740501391954
7818,0.0033609740501391954
7819,0.0033609740501391954
7820,0.0033609740501391954
7821,0.0033609740501391954
7822,0.0033609740501391954
7823,0.0033609740501391954
7824,0.0033609740501391954
7825,0.0033609740501391954
7826,0.0033609740501391954
7827,0.0033609740501391954
7828,0.0033609740501391954
7829,0.0033609740501391954
7830,0.0033609740501391954
7831,0.0033609740501391954
7832,0.0033609740501391954
7833,0.0033609740501391954
7834,0.0033609740501391954
7835,0.0033609740501391954
7836,0.0033609740501391954
7837,0.0033609740501391954
7838,0.0033609740501391954
7839,0.0033609740501391954
7840,0.0033609740501391954
7841,0.0033609740501391954
7842,0.0033609740501391954
7843,0.0033609740501391954
7844,0.0033609740501391954
7845,0.0033609740501391954
7846,0.0033609740501391954
7847,0.0033609740501391954
7848,0.0033609740501391954
7849,0.0033609740501391954
7850,0.0033609740501391954
7851,0.0033609740501391954
7852,0.0033609740501391954
7853,0.0033609740501391954
7854,0.0033609740501391954
7855,0.0033609740501391954
7856,0.0033609740501391954
7857,0.0033609740501391954
7858,0.0033609740501391954
7859,0.0033609740501391954
7860,0.0033609740501391954
7861,0.0033609740501391954
7862,0.0033609740501391954
7863,0.0033609740501391954
7864,0.0033609740501391954
7865,0.0033609740501391954
7866,0.0033609740501391954
7867,0.0033609740501391954
7868,0.0033609740501391954
7869,0.0033609740501391954
7870,0.0033609740501391954
7871,0.0033609740501391954
7872,0.0033609740501391954
7873,0.0033609740501391954
7874,0.0033609740501391954
7875,0.0033609740501391954
7876,0.0033609740501391954
7877,0.0033609740501391954
7878,0.0033609740501391954
7879,0.0033609740501391954
7880,0.0033609740501391954
7881,0.0033609740501391954
7882,0.0033609740501391954
7883,0.0033609740501391954
7884,0.0033609740501391954
7885,0.0033609740501391954
7886,0.0033609740501391954
7887,0.0033609740501391954
7888,0.0033609740501391954
7889,0.0033609740501391954
7890,0.0033609740501391954
7891,0.0033609740501391954
7892,0.0033609740501391954
7893,0.0033609740501391954
7894,0.0033609740501391954
7895,0.0033609740501391954
7896,0.0033609740501391954
7897,0.0033609740501391954
7898,0.0033609740501391954
7899,0.0033609740501391954
7900,0.0033609740501391954
7901,0.0033609740501391954
7902,0.0033609740501391954
7903,0.0033609740501391954
7904,0.0033609740501391954
7905,0.0033609740501391954
7906,0.0033609740501391954
7907,0.0033609740501391954
7908,0.0033609740501391954
7909,0.0033609740501391954
7910,0.0033609740501391954
7911,0.0033609740501391954
7912,0.0033609740501391954
7913,0.0033609740501391954
7914,0.0033609740501391954
7915,0.0033609740501391954
7916,0.0033609740501391954
7917,0.0033609740501391954
7918,0.0033609740501391954
7919,0.0033609740501391954
7920,0.0033609740501391954
7921,0.0033609740501391954
7922,0.0033609740501391954
7923,0.0033609740501391954
7924,0.0033609740501391954
7925,0.0033609740501391954
7926,0.0033609740501391954
7927,0.0033609740501391954
7928,0.0033609740501391954
7929,0.0033609740501391954
7930,0.0033609740501391954
7931,0.0033609740501391954
7932,0.0033609740501391954
7933,0.0033609740501391954
7934,0.0033609740501391954
7935,0.0033609740501391954
7936,0.0033609740501391954
7937,0.0033609740501391954
7938,0.0033609740501391954
7939,0.0033609740501391954
7940,0.0033609740501391954
7941,0.0033609740501391954
7942,0.0033609740501391954
7943,0.0033609740501391954
7944,0.0033609740501391954
7945,0.0033609740501391954
7946,0.0033609740501391954
7947,0.0033609740501391954
7948,0.0033609740501391954
7949,0.0033609740501391954
7950,0.0033609740501391954
7951,0.0033609740501391954
7952,0.0033609740501391954
7953,0.0033609740501391954
7954,0.0033609740501391954
7955,0.0033609740501391954
7956,0.0033609740501391954
7957,0.0033609740501391954
7958,0.0033609740501391954
7959,0.0033609740501391954
7960,0.0033609740501391954
7961,0.0033609740501391954
7962,0.0033609740501391954
7963,0.0033609740501391954
7964,0.0033609740501391954
7965,0.0033609740501391954
7966,0.0033609740501391954
7967,0.0033609740501391954
7968,0.0033609740501391954
7969,0.0033609740501391954
7970,0.0033609740501391954
7971,0.0033609740501391954
7972,0.0033609740501391954
7973,0.0033609740501391954
7974,0.0033609740501391954
7975,0.0033609740501391954
7976,0.0033609740501391954
7977,0.0033609740501391954
7978,0.0033609740501391954
7979,0.0033609740501391954
7980,0.0033609740501391954
7981,0.0033609740501391954
7982,0.0033609740501391954
7983,0.0033609740501391954
7984,0.0033609740501391954
7985,0.0033609740501391954
7986,0.0033609740501391954
7987,0.0033609740501391954
7988,0.0033609740501391954
7989,0.0033609740501391954
7990,0.0033609740501391954
7991,0.0033609740501391954
7992,0.0033609740501391954
7993,0.0033609740501391954
7994,0.0033609740501391954
7995,0.0033609740501391954
7996,0.0033609740501391954
7997,0.0033609740501391954
7998,0.0033609740501391954
7999,0.0033609740501391954
8000,0.0033609740501391954
8001,0.0033609740501391954
8002,0.0033609740501391954
8003,0.0033609740501391954
8004,0.0033609740501391954
8005,0.0033609740501391954
8006,0.0033609740501391954
8007,0.0033609740501391954
8008,0.0033609740501391954
8009,0.0033609740501391954
8010,0.0033609740501391954
8011,0.0033609740501391954
8012,0.0033609740501391954
8013,0.0033609740501391954
8014,0.0033609740501391954
8015,0.0033609740501391954
8016,0.0033609740501391954
8017,0.0033609740501391954
8018,0.0033609740501391954
8019,0.0033609740501391954
8020,0.0033609740501391954
8021,0.0033609740501391954
8022,0.0033609740501391954
8023,0.0033609740501391954
8024,0.0033609740501391954
8025,0.0033609740501391954
8026,0.0033609740501391954
8027,0.0033609740501391954
8028,0.0033609740501391954
8029,0.0033609740501391954
8030,0.0033609740501391954
8031,0.0033609740501391954
8032,0.0033609740501391954
8033,0.0033609740501391954
8034,0.0033609740501391954
8035,0.0033609740501391954
8036,0.0033609740501391954
8037,0.0033609740501391954
8038,0.0033609740501391954
8039,0.0033609740501391954
8040,0.0033609740501391954
8041,0.0033609740501391954
8042,0.0033609740501391954
8043,0.0033609740501391954
8044,0.0033609740501391954
8045,0.0033609740501391954
8046,0.0033609740501391954
8047,0.0033609740501391954
8048,0.0033609740501391954
8049,0.0033609740501391954
8050,0.0033609740501391954
8051,0.0033609740501391954
8052,0.0033609740501391954
8053,0.0033609740501391954
8054,0.0033609740501391954
8055,0.0033609740501391954
8056,0.0033609740501391954
8057,0.0033609740501391954
8058,0.0033609740501391954
8059,0.0033609740501391954
8060,0.0033609740501391954
8061,0.0033609740501391954
8062,0.0033609740501391954
8063,0.0033609740501391954
8064,0.0033609740501391954
8065,0.0033609740501391954
8066,0.0033609740501391954
8067,0.0033609740501391954
8068,0.0033609740501391954
8069,0.0033609740501391954
8070,0.0033609740501391954
8071,0.0033609740501391954
8072,0.0033609740501391954
8073,0.0033609740501391954
8074,0.0033609740501391954
8075,0.0033609740501391954
8076,0.0033609740501391954
8077,0.0033609740501391954
8078,0.0033609740501391954
8079,0.0033609740501391954
8080,0.0033609740501391954
8081,0.0033609740501391954
8082,0.0033609740501391954
8083,0.0033609740501391954
8084,0.0033609740501391954
8085,0.0033609740501391954
8086,0.0033609740501391954
8087,0.0033609740501391954
8088,0.0033609740501391954
8089,0.0033609740501391954
8090,0.0033609740501391954
8091,0.0033609740501391954
8092,0.0033609740501391954
8093,0.0033609740501391954
8094,0.0033609740501391954
8095,0.0033609740501391954
8096,0.0033609740501391954
8097,0.0033609740501391954
8098,0.0033609740501391954
8099,0.0033609740501391954
8100,0.0033609740501391954
8101,0.0033609740501391954
8102,0.0033609740501391954
8103,0.0033609740501391954
8104,0.0033609740501391954
8105,0.0033609740501391954
8106,0.0033609740501391954
8107,0.0033609740501391954
8108,0.0033609740501391954
8109,0.0033609740501391954
8110,0.0033609740501391954
8111,0.0033609740501391954
8112,0.0033609740501391954
8113,0.0033609740501391954
8114,0.0033609740501391954
8115,0.0033609740501391954
8116,0.0033609740501391954
8117,0.0033609740501391954
8118,0.0033609740501391954
8119,0.0033609740501391954
8120,0.0033609740501391954
8121,0.0033609740501391954
8122,0.0033609740501391954
8123,0.0033609740501391954
8124,0.0033609740501391954
8125,0.0033609740501391954
8126,0.0033609740501391954
8127,0.0033609740501391954
8128,0.0033609740501391954
8129,0.0033609740501391954
8130,0.0033609740501391954
8131,0.0033609740501391954
8132,0.0033609740501391954
8133,0.0033609740501391954
8134,0.0033609740501391954
8135,0.0033609740501391954
8136,0.0033609740501391954
8137,0.0033609740501391954
8138,0.0033609740501391954
8139,0.0033609740501391954
8140,0.0033609740501391954
8141,0.0033609740501391954
8142,0.0033609740501391954
8143,0.0033609740501391954
8144,0.0033609740501391954
8145,0.0033609740501391954
8146,0.0033609740501391954
8147,0.0033609740501391954
8148,0.0033609740501391954
8149,0.0033609740501391954
8150,0.0033609740501391954
8151,0.0033609740501391954
8152,0.0033609740501391954
8153,0.0033609740501391954
8154,0.0033609740501391954
8155,0.0033609740501391954
8156,0.0033609740501391954
8157,0.0033609740501391954
8158,0.0033609740501391954
8159,0.0033609740501391954
8160,0.0033609740501391954
8161,0.0033609740501391954
8162,0.0033609740501391954
8163,0.0033609740501391954
8164,0.0033609740501391954
8165,0.0033609740501391954
8166,0.0033609740501391954
8167,0.0033609740501391954
8168,0.0033609740501391954
8169,0.0033609740501391954
8170,0.0033609740501391954
8171,0.0033609740501391954
8172,0.0033609740501391954
8173,0.0033609740501391954
8174,0.0033609740501391954
8175,0.0033609740501391954
8176,0.0033609740501391954
8177,0.0033609740501391954
8178,0.0033609740501391954
8179,0.0033609740501391954
8180,0.0033609740501391954
8181,0.0033609740501391954
8182,0.0033609740501391954
8183,0.0033609740501391954
8184,0.0033609740501391954
8185,0.0033609740501391954
8186,0.0033609740501391954
8187,0.0033609740501391954
8188,0.0033609740501391954
8189,0.0033609740501391954
8190,0.0033609740501391954
8191,0.0033609740501391954
8192,0.0033609740501391954
8193,0.0033609740501391954
8194,0.0033609740501391954
8195,0.0033609740501391954
8196,0.0033609740501391954
8197,0.0033609740501391954
8198,0.0033609740501391954
8199,0.0033609740501391954
8200,0.0033609740501391954
8201,0.0033609740501391954
8202,0.0033609740501391954
8203,0.0033609740501391954
8204,0.0033609740501391954
8205,0.0033609740501391954
8206,0.0033609740501391954
8207,0.0033609740501391954
8208,0.0033609740501391954
8209,0.0033609740501391954
8210,0.0033609740501391954
8211,0.0033609740501391954
8212,0.0033609740501391954
8213,0.0033609740501391954
8214,0.0033609740501391954
8215,0.0033609740501391954
8216,0.0033609740501391954
8217,0.0033609740501391954
8218,0.0033609740501391954
8219,0.0033609740501391954
8220,0.0033609740501391954
8221,0.0033609740501391954
8222,0.0033609740501391954
8223,0.0033609740501391954
8224,0.0033609740501391954
8225,0.0033609740501391954
8226,0.0033609740501391954
8227,0.0033609740501391954
8228,0.0033609740501391954
8229,0.0033609740501391954
8230,0.0033609740501391954
8231,0.0033609740501391954
8232,0.0033609740501391954
8233,0.0033609740501391954
8234,0.0033609740501391954
8235,0.0033609740501391954
8236,0.0033609740501391954
8237,0.0033609740501391954
8238,0.0033609740501391954
8239,0.0033609740501391954
8240,0.0033609740501391954
8241,0.0033609740501391954
8242,0.0033609740501391954
8243,0.0033609740501391954
8244,0.0033609740501391954
8245,0.0033609740501391954
8246,0.0033609740501391954
8247,0.0033609740501391954
8248,0.0033609740501391954
8249,0.0033609740501391954
8250,0.0033609740501391954
8251,0.0033609740501391954
8252,0.0033609740501391954
8253,0.0033609740501391954
8254,0.0033609740501391954
8255,0.0033609740501391954
8256,0.0033609740501391954
8257,0.0033609740501391954
8258,0.0033609740501391954
8259,0.0033609740501391954
8260,0.0033609740501391954
8261,0.0033609740501391954
8262,0.0033609740501391954
8263,0.0033609740501391954
8264,0.0033609740501391954
8265,0.0033609740501391954
8266,0.0033609740501391954
8267,0.0033609740501391954
8268,0.0033609740501391954
8269,0.0033609740501391954
8270,0.0033609740501391954
8271,0.0033609740501391954
8272,0.0033609740501391954
8273,0.0033609740501391954
8274,0.0033609740501391954
8275,0.0033609740501391954
8276,0.0033609740501391954
8277,0.0033609740501391954
8278,0.0033609740501391954
8279,0.0033609740501391954
8280,0.0033609740501391954
8281,0.0033609740501391954
8282,0.0033609740501391954
8283,0.0033609740501391954
8284,0.0033609740501391954
8285,0.0033609740501391954
8286,0.0033609740501391954
8287,0.0033609740501391954
8288,0.0033609740501391954
8289,0.0033609740501391954
8290,0.0033609740501391954
8291,0.0033609740501391954
8292,0.0033609740501391954
8293,0.0033609740501391954
8294,0.0033609740501391954
8295,0.0033609740501391954
8296,0.0033609740501391954
8297,0.0033609740501391954
8298,0.0033609740501391954
8299,0.0033609740501391954
8300,0.0033609740501391954
8301,0.0033609740501391954
8302,0.0033609740501391954
8303,0.0033609740501391954
8304,0.0033609740501391954
8305,0.0033609740501391954
8306,0.0033609740501391954
8307,0.0033609740501391954
8308,0.0033609740501391954
8309,0.0033609740501391954
8310,0.0033609740501391954
8311,0.0033609740501391954
8312,0.0033609740501391954
8313,0.0033609740501391954
8314,0.0033609740501391954
8315,0.0033609740501391954
8316,0.0033609740501391954
8317,0.0033609740501391954
8318,0.0033609740501391954
8319,0.0033609740501391954
8320,0.0033609740501391954
8321,0.0033609740501391954
8322,0.0033609740501391954
8323,0.0033609740501391954
8324,0.0033609740501391954
8325,0.0033609740501391954
8326,0.0033609740501391954
8327,0.0033609740501391954
8328,0.0033609740501391954
8329,0.0033609740501391954
8330,0.0033609740501391954
8331,0.0033609740501391954
8332,0.0033609740501391954
8333,0.0033609740501391954
8334,0.0033609740501391954
8335,0.0033609740501391954
8336,0.0033609740501391954
8337,0.0033609740501391954
8338,0.0033609740501391954
8339,0.0033609740501391954
8340,0.0033609740501391954
8341,0.0033609740501391954
8342,0.0033609740501391954
8343,0.0033609740501391954
8344,0.0033609740501391954
8345,0.0033609740501391954
8346,0.0033609740501391954
8347,0.0033609740501391954
8348,0.0033609740501391954
8349,0.0033609740501391954
8350,0.0033609740501391954
8351,0.0033609740501391954
8352,0.0033609740501391954
8353,0.0033609740501391954
8354,0.0033609740501391954
8355,0.0033609740501391954
8356,0.0033609740501391954
8357,0.0033609740501391954
8358,0.0033609740501391954
8359,0.0033609740501391954
8360,0.0033609740501391954
8361,0.0033609740501391954
8362,0.0033609740501391954
8363,0.0033609740501391954
8364,0.0033609740501391954
8365,0.0033609740501391954
8366,0.0033609740501391954
8367,0.0033609740501391954
8368,0.0033609740501391954
8369,0.0033609740501391954
8370,0.0033609740501391954
8371,0.0033609740501391954
8372,0.0033609740501391954
8373,0.0033609740501391954
8374,0.0033609740501391954
8375,0.0033609740501391954
8376,0.0033609740501391954
8377,0.0033609740501391954
8378,0.0033609740501391954
8379,0.0033609740501391954
8380,0.0033609740501391954
8381,0.0033609740501391954
8382,0.0033609740501391954
8383,0.0033609740501391954
8384,0.0033609740501391954
8385,0.0033609740501391954
8386,0.0033609740501391954
8387,0.0033609740501391954
8388,0.0033609740501391954
8389,0.0033609740501391954
8390,0.0033609740501391954
8391,0.0033609740501391954
8392,0.0033609740501391954
8393,0.0033609740501391954
8394,0.0033609740501391954
8395,0.0033609740501391954
8396,0.0033609740501391954
8397,0.0033609740501391954
8398,0.0033609740501391954
8399,0.0033609740501391954
8400,0.0033609740501391954
8401,0.0033609740501391954
8402,0.0033609740501391954
8403,0.0033609740501391954
8404,0.0033609740501391954
8405,0.0033609740501391954
8406,0.0033609740501391954
8407,0.0033609740501391954
8408,0.0033609740501391954
8409,0.0033609740501391954
8410,0.0033609740501391954
8411,0.0033609740501391954
8412,0.0033609740501391954
8413,0.0033609740501391954
8414,0.0033609740501391954
8415,0.0033609740501391954
8416,0.0033609740501391954
8417,0.0033609740501391954
8418,0.0033609740501391954
8419,0.0033609740501391954
8420,0.0033609740501391954
8421,0.0033609740501391954
8422,0.0033609740501391954
8423,0.0033609740501391954
8424,0.0033609740501391954
8425,0.0033609740501391954
8426,0.0033609740501391954
8427,0.0033609740501391954
8428,0.0033609740501391954
8429,0.0033609740501391954
8430,0.0033609740501391954
8431,0.0033609740501391954
8432,0.0033609740501391954
8433,0.0033609740501391954
8434,0.0033609740501391954
8435,0.0033609740501391954
8436,0.0033609740501391954
8437,0.0033609740501391954
8438,0.0033609740501391954
8439,0.0033609740501391954
8440,0.0033609740501391954
8441,0.0033609740501391954
8442,0.0033609740501391954
8443,0.0033609740501391954
8444,0.0033609740501391954
8445,0.0033609740501391954
8446,0.0033609740501391954
8447,0.0033609740501391954
8448,0.0033609740501391954
8449,0.0033609740501391954
8450,0.0033609740501391954
8451,0.0033609740501391954
8452,0.0033609740501391954
8453,0.0033609740501391954
8454,0.0033609740501391954
8455,0.0033609740501391954
8456,0.0033609740501391954
8457,0.0033609740501391954
8458,0.0033609740501391954
8459,0.0033609740501391954
8460,0.0033609740501391954
8461,0.0033609740501391954
8462,0.0033609740501391954
8463,0.0033609740501391954
8464,0.0033609740501391954
8465,0.0033609740501391954
8466,0.0033609740501391954
8467,0.0033609740501391954
8468,0.0033609740501391954
8469,0.0033609740501391954
8470,0.0033609740501391954
8471,0.0033609740501391954
8472,0.0033609740501391954
8473,0.0033609740501391954
8474,0.0033609740501391954
8475,0.0033609740501391954
8476,0.0033609740501391954
8477,0.0033609740501391954
8478,0.0033609740501391954
8479,0.0033609740501391954
8480,0.0033609740501391954
8481,0.0033609740501391954
8482,0.0033609740501391954
8483,0.0033609740501391954
8484,0.0033609740501391954
8485,0.0033609740501391954
8486,0.0033609740501391954
8487,0.0033609740501391954
8488,0.0033609740501391954
8489,0.0033609740501391954
8490,0.0033609740501391954
8491,0.0033609740501391954
8492,0.0033609740501391954
8493,0.0033609740501391954
8494,0.0033609740501391954
8495,0.0033609740501391954
8496,0.0033609740501391954
8497,0.0033609740501391954
8498,0.0033609740501391954
8499,0.0033609740501391954
8500,0.0033609740501391954
8501,0.0033609740501391954
8502,0.0033609740501391954
8503,0.0033609740501391954
8504,0.0033609740501391954
8505,0.0033609740501391954
8506,0.0033609740501391954
8507,0.0033609740501391954
8508,0.0033609740501391954
8509,0.0033609740501391954
8510,0.0033609740501391954
8511,0.0033609740501391954
8512,0.0033609740501391954
8513,0.0033609740501391954
8514,0.0033609740501391954
8515,0.0033609740501391954
8516,0.0033609740501391954
8517,0.0033609740501391954
8518,0.0033609740501391954
8519,0.0033609740501391954
8520,0.0033609740501391954
8521,0.0033609740501391954
8522,0.0033609740501391954
8523,0.0033609740501391954
8524,0.0033609740501391954
8525,0.0033609740501391954
8526,0.0033609740501391954
8527,0.0033609740501391954
8528,0.0033609740501391954
8529,0.0033609740501391954
8530,0.0033609740501391954
8531,0.0033609740501391954
8532,0.0033609740501391954
8533,0.0033609740501391954
8534,0.0033609740501391954
8535,0.0033609740501391954
8536,0.0033609740501391954
8537,0.0033609740501391954
8538,0.0033609740501391954
8539,0.0033609740501391954
8540,0.0033609740501391954
8541,0.0033609740501391954
8542,0.0033609740501391954
8543,0.0033609740501391954
8544,0.0033609740501391954
8545,0.0033609740501391954
8546,0.0033609740501391954
8547,0.0033609740501391954
8548,0.0033609740501391954
8549,0.0033609740501391954
8550,0.0033609740501391954
8551,0.0033609740501391954
8552,0.0033609740501391954
8553,0.0033609740501391954
8554,0.0033609740501391954
8555,0.0033609740501391954
8556,0.0033609740501391954
8557,0.0033609740501391954
8558,0.0033609740501391954
8559,0.0033609740501391954
8560,0.0033609740501391954
8561,0.0033609740501391954
8562,0.0033609740501391954
8563,0.0033609740501391954
8564,0.0033609740501391954
8565,0.0033609740501391954
8566,0.0033609740501391954
8567,0.0033609740501391954
8568,0.0033609740501391954
8569,0.0033609740501391954
8570,0.0033609740501391954
8571,0.0033609740501391954
8572,0.0033609740501391954
8573,0.0033609740501391954
8574,0.0033609740501391954
8575,0.0033609740501391954
8576,0.0033609740501391954
8577,0.0033609740501391954
8578,0.0033609740501391954
8579,0.0033609740501391954
8580,0.0033609740501391954
8581,0.0033609740501391954
8582,0.0033609740501391954
8583,0.0033609740501391954
8584,0.0033609740501391954
8585,0.0033609740501391954
8586,0.0033609740501391954
8587,0.0033609740501391954
8588,0.0033609740501391954
8589,0.0033609740501391954
8590,0.0033609740501391954
8591,0.0033609740501391954
8592,0.0033609740501391954
8593,0.0033609740501391954
8594,0.0033609740501391954
8595,0.0033609740501391954
8596,0.0033609740501391954
8597,0.0033609740501391954
8598,0.0033609740501391954
8599,0.0033609740501391954
8600,0.0033609740501391954
8601,0.0033609740501391954
8602,0.0033609740501391954
8603,0.0033609740501391954
8604,0.0033609740501391954
8605,0.0033609740501391954
8606,0.0033609740501391954
8607,0.0033609740501391954
8608,0.0033609740501391954
8609,0.0033609740501391954
8610,0.0033609740501391954
8611,0.0033609740501391954
8612,0.0033609740501391954
8613,0.0033609740501391954
8614,0.0033609740501391954
8615,0.0033609740501391954
8616,0.0033609740501391954
8617,0.0033609740501391954
8618,0.0033609740501391954
8619,0.0033609740501391954
8620,0.0033609740501391954
8621,0.0033609740501391954
8622,0.0033609740501391954
8623,0.0033609740501391954
8624,0.0033609740501391954
8625,0.0033609740501391954
8626,0.0033609740501391954
8627,0.0033609740501391954
8628,0.0033609740501391954
8629,0.0033609740501391954
8630,0.0033609740501391954
8631,0.0033609740501391954
8632,0.0033609740501391954
8633,0.0033609740501391954
8634,0.0033609740501391954
8635,0.0033609740501391954
8636,0.0033609740501391954
8637,0.0033609740501391954
8638,0.0033609740501391954
8639,0.0033609740501391954
8640,0.0033609740501391954
8641,0.0033609740501391954
8642,0.0033609740501391954
8643,0.0033609740501391954
8644,0.0033609740501391954
8645,0.0033609740501391954
8646,0.0033609740501391954
8647,0.0033609740501391954
8648,0.0033609740501391954
8649,0.0033609740501391954
8650,0.0033609740501391954
8651,0.0033609740501391954
8652,0.0033609740501391954
8653,0.0033609740501391954
8654,0.0033609740501391954
8655,0.0033609740501391954
8656,0.0033609740501391954
8657,0.0033609740501391954
8658,0.0033609740501391954
8659,0.0033609740501391954
8660,0.0033609740501391954
8661,0.0033609740501391954
8662,0.0033609740501391954
8663,0.0033609740501391954
8664,0.0033609740501391954
8665,0.0033609740501391954
8666,0.0033609740501391954
8667,0.0033609740501391954
8668,0.0033609740501391954
8669,0.0033609740501391954
8670,0.0033609740501391954
8671,0.0033609740501391954
8672,0.0033609740501391954
8673,0.0033609740501391954
8674,0.0033609740501391954
8675,0.0033609740501391954
8676,0.0033609740501391954
8677,0.0033609740501391954
8678,0.0033609740501391954
8679,0.0033609740501391954
8680,0.0033609740501391954
8681,0.0033609740501391954
8682,0.0033609740501391954
8683,0.0033609740501391954
8684,0.0033609740501391954
8685,0.0033609740501391954
8686,0.0033609740501391954
8687,0.0033609740501391954
8688,0.0033609740501391954
8689,0.0033609740501391954
8690,0.0033609740501391954
8691,0.0033609740501391954
8692,0.0033609740501391954
8693,0.0033609740501391954
8694,0.0033609740501391954
8695,0.0033609740501391954
8696,0.0033609740501391954
8697,0.0033609740501391954
8698,0.0033609740501391954
8699,0.0033609740501391954
8700,0.0033609740501391954
8701,0.0033609740501391954
8702,0.0033609740501391954
8703,0.0033609740501391954
8704,0.0033609740501391954
8705,0.0033609740501391954
8706,0.0033609740501391954
8707,0.0033609740501391954
8708,0.0033609740501391954
8709,0.0033609740501391954
8710,0.0033609740501391954
8711,0.0033609740501391954
8712,0.0033609740501391954
8713,0.0033609740501391954
8714,0.0033609740501391954
8715,0.0033609740501391954
8716,0.0033609740501391954
8717,0.0033609740501391954
8718,0.0033609740501391954
8719,0.0033609740501391954
8720,0.0033609740501391954
8721,0.0033609740501391954
8722,0.0033609740501391954
8723,0.0033609740501391954
8724,0.0033609740501391954
8725,0.0033609740501391954
8726,0.0033609740501391954
8727,0.0033609740501391954
8728,0.0033609740501391954
8729,0.0033609740501391954
8730,0.0033609740501391954
8731,0.0033609740501391954
8732,0.0033609740501391954
8733,0.0033609740501391954
8734,0.0033609740501391954
8735,0.0033609740501391954
8736,0.0033609740501391954
8737,0.0033609740501391954
8738,0.0033609740501391954
8739,0.0033609740501391954
8740,0.0033609740501391954
8741,0.0033609740501391954
8742,0.0033609740501391954
8743,0.0033609740501391954
8744,0.0033609740501391954
8745,0.0033609740501391954
8746,0.0033609740501391954
8747,0.0033609740501391954
8748,0.0033609740501391954
8749,0.0033609740501391954
8750,0.0033609740501391954
8751,0.0033609740501391954
8752,0.0033609740501391954
8753,0.0033609740501391954
8754,0.0033609740501391954
8755,0.0033609740501391954
8756,0.0033609740501391954
8757,0.0033609740501391954
8758,0.0033609740501391954
8759,0.0033609740501391954
8760,0.0033609740501391954
8761,0.0033609740501391954
8762,0.0033609740501391954
8763,0.0033609740501391954
8764,0.0033609740501391954
8765,0.0033609740501391954
8766,0.0033609740501391954
8767,0.0033609740501391954
8768,0.0033609740501391954
8769,0.0033609740501391954
8770,0.0033609740501391954
8771,0.0033609740501391954
8772,0.0033609740501391954
8773,0.0033609740501391954
8774,0.0033609740501391954
8775,0.0033609740501391954
8776,0.0033609740501391954
8777,0.0033609740501391954
8778,0.0033609740501391954
8779,0.0033609740501391954
8780,0.0033609740501391954
8781,0.0033609740501391954
8782,0.0033609740501391954
8783,0.0033609740501391954
8784,0.0033609740501391954
8785,0.0033609740501391954
8786,0.0033609740501391954
8787,0.0033609740501391954
8788,0.0033609740501391954
8789,0.0033609740501391954
8790,0.0033609740501391954
8791,0.0033609740501391954
8792,0.0033609740501391954
8793,0.0033609740501391954
8794,0.0033609740501391954
8795,0.0033609740501391954
8796,0.0033609740501391954
8797,0.0033609740501391954
8798,0.0033609740501391954
8799,0.0033609740501391954
8800,0.0033609740501391954
8801,0.0033609740501391954
8802,0.0033609740501391954
8803,0.0033609740501391954
8804,0.0033609740501391954
8805,0.0033609740501391954
8806,0.0033609740501391954
8807,0.0033609740501391954
8808,0.0033609740501391954
8809,0.0033609740501391954
8810,0.0033609740501391954
8811,0.0033609740501391954
8812,0.0033609740501391954
8813,0.0033609740501391954
8814,0.0033609740501391954
8815,0.0033609740501391954
8816,0.0033609740501391954
8817,0.0033609740501391954
8818,0.0033609740501391954
8819,0.0033609740501391954
8820,0.0033609740501391954
8821,0.0033609740501391954
8822,0.0033609740501391954
8823,0.0033609740501391954
8824,0.0033609740501391954
8825,0.0033609740501391954
8826,0.0033609740501391954
8827,0.0033609740501391954
8828,0.0033609740501391954
8829,0.0033609740501391954
8830,0.0033609740501391954
8831,0.0033609740501391954
8832,0.0033609740501391954
8833,0.0033609740501391954
8834,0.0033609740501391954
8835,0.0033609740501391954
8836,0.0033609740501391954
8837,0.0033609740501391954
8838,0.0033609740501391954
8839,0.0033609740501391954
8840,0.0033609740501391954
8841,0.0033609740501391954
8842,0.0033609740501391954
8843,0.0033609740501391954
8844,0.0033609740501391954
8845,0.0033609740501391954
8846,0.0033609740501391954
8847,0.0033609740501391954
8848,0.0033609740501391954
8849,0.0033609740501391954
8850,0.0033609740501391954
8851,0.0033609740501391954
8852,0.0033609740501391954
8853,0.0033609740501391954
8854,0.0033609740501391954
8855,0.0033609740501391954
8856,0.0033609740501391954
8857,0.0033609740501391954
8858,0.0033609740501391954
8859,0.0033609740501391954
8860,0.0033609740501391954
8861,0.0033609740501391954
8862,0.0033609740501391954
8863,0.0033609740501391954
8864,0.0033609740501391954
8865,0.0033609740501391954
8866,0.0033609740501391954
8867,0.0033609740501391954
8868,0.0033609740501391954
8869,0.0033609740501391954
8870,0.0033609740501391954
8871,0.0033609740501391954
8872,0.0033609740501391954
8873,0.0033609740501391954
8874,0.0033609740501391954
8875,0.0033609740501391954
8876,0.0033609740501391954
8877,0.0033609740501391954
8878,0.0033609740501391954
8879,0.0033609740501391954
8880,0.0033609740501391954
8881,0.0033609740501391954
8882,0.0033609740501391954
8883,0.0033609740501391954
8884,0.0033609740501391954
8885,0.0033609740501391954
8886,0.0033609740501391954
8887,0.0033609740501391954
8888,0.0033609740501391954
8889,0.0033609740501391954
8890,0.0033609740501391954
8891,0.0033609740501391954
8892,0.0033609740501391954
8893,0.0033609740501391954
8894,0.0033609740501391954
8895,0.0033609740501391954
8896,0.0033609740501391954
8897,0.0033609740501391954
8898,0.0033609740501391954
8899,0.0033609740501391954
8900,0.0033609740501391954
8901,0.0033609740501391954
8902,0.0033609740501391954
8903,0.0033609740501391954
8904,0.0033609740501391954
8905,0.0033609740501391954
8906,0.0033609740501391954
8907,0.0033609740501391954
8908,0.0033609740501391954
8909,0.0033609740501391954
8910,0.0033609740501391954
8911,0.0033609740501391954
8912,0.0033609740501391954
8913,0.0033609740501391954
8914,0.0033609740501391954
8915,0.0033609740501391954
8916,0.0033609740501391954
8917,0.0033609740501391954
8918,0.0033609740501391954
8919,0.0033609740501391954
8920,0.0033609740501391954
8921,0.0033609740501391954
8922,0.0033609740501391954
8923,0.0033609740501391954
8924,0.0033609740501391954
8925,0.0033609740501391954
8926,0.0033609740501391954
8927,0.0033609740501391954
8928,0.0033609740501391954
8929,0.0033609740501391954
8930,0.0033609740501391954
8931,0.0033609740501391954
8932,0.0033609740501391954
8933,0.0033609740501391954
8934,0.0033609740501391954
8935,0.0033609740501391954
8936,0.0033609740501391954
8937,0.0033609740501391954
8938,0.0033609740501391954
8939,0.0033609740501391954
8940,0.0033609740501391954
8941,0.0033609740501391954
8942,0.0033609740501391954
8943,0.0033609740501391954
8944,0.0033609740501391954
8945,0.0033609740501391954
8946,0.0033609740501391954
8947,0.0033609740501391954
8948,0.0033609740501391954
8949,0.0033609740501391954
8950,0.0033609740501391954
8951,0.0033609740501391954
8952,0.0033609740501391954
8953,0.0033609740501391954
8954,0.0033609740501391954
8955,0.0033609740501391954
8956,0.0033609740501391954
8957,0.0033609740501391954
8958,0.0033609740501391954
8959,0.0033609740501391954
8960,0.0033609740501391954
8961,0.0033609740501391954
8962,0.0033609740501391954
8963,0.0033609740501391954
8964,0.0033609740501391954
8965,0.0033609740501391954
8966,0.0033609740501391954
8967,0.0033609740501391954
8968,0.0033609740501391954
8969,0.0033609740501391954
8970,0.0033609740501391954
8971,0.0033609740501391954
8972,0.0033609740501391954
8973,0.0033609740501391954
8974,0.0033609740501391954
8975,0.0033609740501391954
8976,0.0033609740501391954
8977,0.0033609740501391954
8978,0.0033609740501391954
8979,0.0033609740501391954
8980,0.0033609740501391954
8981,0.0033609740501391954
8982,0.0033609740501391954
8983,0.0033609740501391954
8984,0.0033609740501391954
8985,0.0033609740501391954
8986,0.0033609740501391954
8987,0.0033609740501391954
8988,0.0033609740501391954
8989,0.0033609740501391954
8990,0.0033609740501391954
8991,0.0033609740501391954
8992,0.0033609740501391954
8993,0.0033609740501391954
8994,0.0033609740501391954
8995,0.0033609740501391954
8996,0.0033609740501391954
8997,0.0033609740501391954
8998,0.0033609740501391954
8999,0.0033609740501391954
9000,0.0033609740501391954
9001,0.0033609740501391954
9002,0.0033609740501391954
9003,0.0033609740501391954
9004,0.0033609740501391954
9005,0.0033609740501391954
9006,0.0033609740501391954
9007,0.0033609740501391954
9008,0.0033609740501391954
9009,0.0033609740501391954
9010,0.0033609740501391954
9011,0.0033609740501391954
9012,0.0033609740501391954
9013,0.0033609740501391954
9014,0.0033609740501391954
9015,0.0033609740501391954
9016,0.0033609740501391954
9017,0.0033609740501391954
9018,0.0033609740501391954
9019,0.0033609740501391954
9020,0.0033609740501391954
9021,0.0033609740501391954
9022,0.0033609740501391954
9023,0.0033609740501391954
9024,0.0033609740501391954
9025,0.0033609740501391954
9026,0.0033609740501391954
9027,0.0033609740501391954
9028,0.0033609740501391954
9029,0.0033609740501391954
9030,0.0033609740501391954
9031,0.0033609740501391954
9032,0.0033609740501391954
9033,0.0033609740501391954
9034,0.0033609740501391954
9035,0.0033609740501391954
9036,0.0033609740501391954
9037,0.0033609740501391954
9038,0.0033609740501391954
9039,0.0033609740501391954
9040,0.0033609740501391954
9041,0.0033609740501391954
9042,0.0033609740501391954
9043,0.0033609740501391954
9044,0.0033609740501391954
9045,0.0033609740501391954
9046,0.0033609740501391954
9047,0.0033609740501391954
9048,0.0033609740501391954
9049,0.0033609740501391954
9050,0.0033609740501391954
9051,0.0033609740501391954
9052,0.0033609740501391954
9053,0.0033609740501391954
9054,0.0033609740501391954
9055,0.0033609740501391954
9056,0.0033609740501391954
9057,0.0033609740501391954
9058,0.0033609740501391954
9059,0.0033609740501391954
9060,0.0033609740501391954
9061,0.0033609740501391954
9062,0.0033609740501391954
9063,0.0033609740501391954
9064,0.0033609740501391954
9065,0.0033609740501391954
9066,0.0033609740501391954
9067,0.0033609740501391954
9068,0.0033609740501391954
9069,0.0033609740501391954
9070,0.0033609740501391954
9071,0.0033609740501391954
9072,0.0033609740501391954
9073,0.0033609740501391954
9074,0.0033609740501391954
9075,0.0033609740501391954
9076,0.0033609740501391954
9077,0.0033609740501391954
9078,0.0033609740501391954
9079,0.0033609740501391954
9080,0.0033609740501391954
9081,0.0033609740501391954
9082,0.0033609740501391954
9083,0.0033609740501391954
9084,0.0033609740501391954
9085,0.0033609740501391954
9086,0.0033609740501391954
9087,0.0033609740501391954
9088,0.0033609740501391954
9089,0.0033609740501391954
9090,0.0033609740501391954
9091,0.0033609740501391954
9092,0.0033609740501391954
9093,0.0033609740501391954
9094,0.0033609740501391954
9095,0.0033609740501391954
9096,0.0033609740501391954
9097,0.0033609740501391954
9098,0.0033609740501391954
9099,0.0033609740501391954
9100,0.0033609740501391954
9101,0.0033609740501391954
9102,0.0033609740501391954
9103,0.0033609740501391954
9104,0.0033609740501391954
9105,0.0033609740501391954
9106,0.0033609740501391954
9107,0.0033609740501391954
9108,0.0033609740501391954
9109,0.0033609740501391954
9110,0.0033609740501391954
9111,0.0033609740501391954
9112,0.0033609740501391954
9113,0.0033609740501391954
9114,0.0033609740501391954
9115,0.0033609740501391954
9116,0.0033609740501391954
9117,0.0033609740501391954
9118,0.0033609740501391954
9119,0.0033609740501391954
9120,0.0033609740501391954
9121,0.0033609740501391954
9122,0.0033609740501391954
9123,0.0033609740501391954
9124,0.0033609740501391954
9125,0.0033609740501391954
9126,0.0033609740501391954
9127,0.0033609740501391954
9128,0.0033609740501391954
9129,0.0033609740501391954
9130,0.0033609740501391954
9131,0.0033609740501391954
9132,0.0033609740501391954
9133,0.0033609740501391954
9134,0.0033609740501391954
9135,0.0033609740501391954
9136,0.0033609740501391954
9137,0.0033609740501391954
9138,0.0033609740501391954
9139,0.0033609740501391954
9140,0.0033609740501391954
9141,0.0033609740501391954
9142,0.0033609740501391954
9143,0.0033609740501391954
9144,0.0033609740501391954
9145,0.0033609740501391954
9146,0.0033609740501391954
9147,0.0033609740501391954
9148,0.0033609740501391954
9149,0.0033609740501391954
9150,0.0033609740501391954
9151,0.0033609740501391954
9152,0.0033609740501391954
9153,0.0033609740501391954
9154,0.0033609740501391954
9155,0.0033609740501391954
9156,0.0033609740501391954
9157,0.0033609740501391954
9158,0.0033609740501391954
9159,0.0033609740501391954
9160,0.0033609740501391954
9161,0.0033609740501391954
9162,0.0033609740501391954
9163,0.0033609740501391954
9164,0.0033609740501391954
9165,0.0033609740501391954
9166,0.0033609740501391954
9167,0.0033609740501391954
9168,0.0033609740501391954
9169,0.0033609740501391954
9170,0.0033609740501391954
9171,0.0033609740501391954
9172,0.0033609740501391954
9173,0.0033609740501391954
9174,0.0033609740501391954
9175,0.0033609740501391954
9176,0.0033609740501391954
9177,0.0033609740501391954
9178,0.0033609740501391954
9179,0.0033609740501391954
9180,0.0033609740501391954
9181,0.0033609740501391954
9182,0.0033609740501391954
9183,0.0033609740501391954
9184,0.0033609740501391954
9185,0.0033609740501391954
9186,0.0033609740501391954
9187,0.0033609740501391954
9188,0.0033609740501391954
9189,0.0033609740501391954
9190,0.0033609740501391954
9191,0.0033609740501391954
9192,0.0033609740501391954
9193,0.0033609740501391954
9194,0.0033609740501391954
9195,0.0033609740501391954
9196,0.0033609740501391954
9197,0.0033609740501391954
9198,0.0033609740501391954
9199,0.0033609740501391954
9200,0.0033609740501391954
9201,0.0033609740501391954
9202,0.0033609740501391954
9203,0.0033609740501391954
9204,0.0033609740501391954
9205,0.0033609740501391954
9206,0.0033609740501391954
9207,0.0033609740501391954
9208,0.0033609740501391954
9209,0.0033609740501391954
9210,0.0033609740501391954
9211,0.0033609740501391954
9212,0.0033609740501391954
9213,0.0033609740501391954
9214,0.0033609740501391954
9215,0.0033609740501391954
9216,0.0033609740501391954
9217,0.0033609740501391954
9218,0.0033609740501391954
9219,0.0033609740501391954
9220,0.0033609740501391954
9221,0.0033609740501391954
9222,0.0033609740501391954
9223,0.0033609740501391954
9224,0.0033609740501391954
9225,0.0033609740501391954
9226,0.0033609740501391954
9227,0.0033609740501391954
9228,0.0033609740501391954
9229,0.0033609740501391954
9230,0.0033609740501391954
9231,0.0033609740501391954
9232,0.0033609740501391954
9233,0.0033609740501391954
9234,0.0033609740501391954
9235,0.0033609740501391954
9236,0.0033609740501391954
9237,0.0033609740501391954
9238,0.0033609740501391954
9239,0.0033609740501391954
9240,0.0033609740501391954
9241,0.0033609740501391954
9242,0.0033609740501391954
9243,0.0033609740501391954
9244,0.0033609740501391954
9245,0.0033609740501391954
9246,0.0033609740501391954
9247,0.0033609740501391954
9248,0.0033609740501391954
9249,0.0033609740501391954
9250,0.0033609740501391954
9251,0.0033609740501391954
9252,0.0033609740501391954
9253,0.0033609740501391954
9254,0.0033609740501391954
9255,0.0033609740501391954
9256,0.0033609740501391954
9257,0.0033609740501391954
9258,0.0033609740501391954
9259,0.0033609740501391954
9260,0.0033609740501391954
9261,0.0033609740501391954
9262,0.0033609740501391954
9263,0.0033609740501391954
9264,0.0033609740501391954
9265,0.0033609740501391954
9266,0.0033609740501391954
9267,0.0033609740501391954
9268,0.0033609740501391954
9269,0.0033609740501391954
9270,0.0033609740501391954
9271,0.0033609740501391954
9272,0.0033609740501391954
9273,0.0033609740501391954
9274,0.0033609740501391954
9275,0.0033609740501391954
9276,0.0033609740501391954
9277,0.0033609740501391954
9278,0.0033609740501391954
9279,0.0033609740501391954
9280,0.0033609740501391954
9281,0.0033609740501391954
9282,0.0033609740501391954
9283,0.0033609740501391954
9284,0.0033609740501391954
9285,0.0033609740501391954
9286,0.0033609740501391954
9287,0.0033609740501391954
9288,0.0033609740501391954
9289,0.0033609740501391954
9290,0.0033609740501391954
9291,0.0033609740501391954
9292,0.0033609740501391954
9293,0.0033609740501391954
9294,0.0033609740501391954
9295,0.0033609740501391954
9296,0.0033609740501391954
9297,0.0033609740501391954
9298,0.0033609740501391954
9299,0.0033609740501391954
9300,0.0033609740501391954
9301,0.0033609740501391954
9302,0.0033609740501391954
9303,0.0033609740501391954
9304,0.0033609740501391954
9305,0.0033609740501391954
9306,0.0033609740501391954
9307,0.0033609740501391954
9308,0.0033609740501391954
9309,0.0033609740501391954
9310,0.0033609740501391954
9311,0.0033609740501391954
9312,0.0033609740501391954
9313,0.0033609740501391954
9314,0.0033609740501391954
9315,0.0033609740501391954
9316,0.0033609740501391954
9317,0.0033609740501391954
9318,0.0033609740501391954
9319,0.0033609740501391954
9320,0.0033609740501391954
9321,0.0033609740501391954
9322,0.0033609740501391954
9323,0.0033609740501391954
9324,0.0033609740501391954
9325,0.0033609740501391954
9326,0.0033609740501391954
9327,0.0033609740501391954
9328,0.0033609740501391954
9329,0.0033609740501391954
9330,0.0033609740501391954
9331,0.0033609740501391954
9332,0.0033609740501391954
9333,0.0033609740501391954
9334,0.0033609740501391954
9335,0.0033609740501391954
9336,0.0033609740501391954
9337,0.0033609740501391954
9338,0.0033609740501391954
9339,0.0033609740501391954
9340,0.0033609740501391954
9341,0.0033609740501391954
9342,0.0033609740501391954
9343,0.0033609740501391954
9344,0.0033609740501391954
9345,0.0033609740501391954
9346,0.0033609740501391954
9347,0.0033609740501391954
9348,0.0033609740501391954
9349,0.0033609740501391954
9350,0.0033609740501391954
9351,0.0033609740501391954
9352,0.0033609740501391954
9353,0.0033609740501391954
9354,0.0033609740501391954
9355,0.0033609740501391954
9356,0.0033609740501391954
9357,0.0033609740501391954
9358,0.0033609740501391954
9359,0.0033609740501391954
9360,0.0033609740501391954
9361,0.0033609740501391954
9362,0.0033609740501391954
9363,0.0033609740501391954
9364,0.0033609740501391954
9365,0.0033609740501391954
9366,0.0033609740501391954
9367,0.0033609740501391954
9368,0.0033609740501391954
9369,0.0033609740501391954
9370,0.0033609740501391954
9371,0.0033609740501391954
9372,0.0033609740501391954
9373,0.0033609740501391954
9374,0.0033609740501391954
9375,0.0033609740501391954
9376,0.0033609740501391954
9377,0.0033609740501391954
9378,0.0033609740501391954
9379,0.0033609740501391954
9380,0.0033609740501391954
9381,0.0033609740501391954
9382,0.0033609740501391954
9383,0.0033609740501391954
9384,0.0033609740501391954
9385,0.0033609740501391954
9386,0.0033609740501391954
9387,0.0033609740501391954
9388,0.0033609740501391954
9389,0.0033609740501391954
9390,0.0033609740501391954
9391,0.0033609740501391954
9392,0.0033609740501391954
9393,0.0033609740501391954
9394,0.0033609740501391954
9395,0.0033609740501391954
9396,0.0033609740501391954
9397,0.0033609740501391954
9398,0.0033609740501391954
9399,0.0033609740501391954
9400,0.0033609740501391954
9401,0.0033609740501391954
9402,0.0033609740501391954
9403,0.0033609740501391954
9404,0.0033609740501391954
9405,0.0033609740501391954
9406,0.0033609740501391954
9407,0.0033609740501391954
9408,0.0033609740501391954
9409,0.0033609740501391954
9410,0.0033609740501391954
9411,0.0033609740501391954
9412,0.0033609740501391954
9413,0.0033609740501391954
9414,0.0033609740501391954
9415,0.0033609740501391954
9416,0.0033609740501391954
9417,0.0033609740501391954
9418,0.0033609740501391954
9419,0.0033609740501391954
9420,0.0033609740501391954
9421,0.0033609740501391954
9422,0.0033609740501391954
9423,0.0033609740501391954
9424,0.0033609740501391954
9425,0.0033609740501391954
9426,0.0033609740501391954
9427,0.0033609740501391954
9428,0.0033609740501391954
9429,0.0033609740501391954
9430,0.0033609740501391954
9431,0.0033609740501391954
9432,0.0033609740501391954
9433,0.0033609740501391954
9434,0.0033609740501391954
9435,0.0033609740501391954
9436,0.0033609740501391954
9437,0.0033609740501391954
9438,0.0033609740501391954
9439,0.0033609740501391954
9440,0.0033609740501391954
9441,0.0033609740501391954
9442,0.0033609740501391954
9443,0.0033609740501391954
9444,0.0033609740501391954
9445,0.0033609740501391954
9446,0.0033609740501391954
9447,0.0033609740501391954
9448,0.0033609740501391954
9449,0.0033609740501391954
9450,0.0033609740501391954
9451,0.0033609740501391954
9452,0.0033609740501391954
9453,0.0033609740501391954
9454,0.0033609740501391954
9455,0.0033609740501391954
9456,0.0033609740501391954
9457,0.0033609740501391954
9458,0.0033609740501391954
9459,0.0033609740501391954
9460,0.0033609740501391954
9461,0.0033609740501391954
9462,0.0033609740501391954
9463,0.0033609740501391954
9464,0.0033609740501391954
9465,0.0033609740501391954
9466,0.0033609740501391954
9467,0.0033609740501391954
9468,0.0033609740501391954
9469,0.0033609740501391954
9470,0.0033609740501391954
9471,0.0033609740501391954
9472,0.0033609740501391954
9473,0.0033609740501391954
9474,0.0033609740501391954
9475,0.0033609740501391954
9476,0.0033609740501391954
9477,0.0033609740501391954
9478,0.0033609740501391954
9479,0.0033609740501391954
9480,0.0033609740501391954
9481,0.0033609740501391954
9482,0.0033609740501391954
9483,0.0033609740501391954
9484,0.0033609740501391954
9485,0.0033609740501391954
9486,0.0033609740501391954
9487,0.0033609740501391954
9488,0.0033609740501391954
9489,0.0033609740501391954
9490,0.0033609740501391954
9491,0.0033609740501391954
9492,0.0033609740501391954
9493,0.0033609740501391954
9494,0.0033609740501391954
9495,0.0033609740501391954
9496,0.0033609740501391954
9497,0.0033609740501391954
9498,0.0033609740501391954
9499,0.0033609740501391954
9500,0.0033609740501391954
9501,0.0033609740501391954
9502,0.0033609740501391954
9503,0.0033609740501391954
9504,0.0033609740501391954
9505,0.0033609740501391954
9506,0.0033609740501391954
9507,0.0033609740501391954
9508,0.0033609740501391954
9509,0.0033609740501391954
9510,0.0033609740501391954
9511,0.0033609740501391954
9512,0.0033609740501391954
9513,0.0033609740501391954
9514,0.0033609740501391954
9515,0.0033609740501391954
9516,0.0033609740501391954
9517,0.0033609740501391954
9518,0.0033609740501391954
9519,0.0033609740501391954
9520,0.0033609740501391954
9521,0.0033609740501391954
9522,0.0033609740501391954
9523,0.0033609740501391954
9524,0.0033609740501391954
9525,0.0033609740501391954
9526,0.0033609740501391954
9527,0.0033609740501391954
9528,0.0033609740501391954
9529,0.0033609740501391954
9530,0.0033609740501391954
9531,0.0033609740501391954
9532,0.0033609740501391954
9533,0.0033609740501391954
9534,0.0033609740501391954
9535,0.0033609740501391954
9536,0.0033609740501391954
9537,0.0033609740501391954
9538,0.0033609740501391954
9539,0.0033609740501391954
9540,0.0033609740501391954
9541,0.0033609740501391954
9542,0.0033609740501391954
9543,0.0033609740501391954
9544,0.0033609740501391954
9545,0.0033609740501391954
9546,0.0033609740501391954
9547,0.0033609740501391954
9548,0.0033609740501391954
9549,0.0033609740501391954
9550,0.0033609740501391954
9551,0.0033609740501391954
9552,0.0033609740501391954
9553,0.0033609740501391954
9554,0.0033609740501391954
9555,0.0033609740501391954
9556,0.0033609740501391954
9557,0.0033609740501391954
9558,0.0033609740501391954
9559,0.0033609740501391954
9560,0.0033609740501391954
9561,0.0033609740501391954
9562,0.0033609740501391954
9563,0.0033609740501391954
9564,0.0033609740501391954
9565,0.0033609740501391954
9566,0.0033609740501391954
9567,0.0033609740501391954
9568,0.0033609740501391954
9569,0.0033609740501391954
9570,0.0033609740501391954
9571,0.0033609740501391954
9572,0.0033609740501391954
9573,0.0033609740501391954
9574,0.0033609740501391954
9575,0.0033609740501391954
9576,0.0033609740501391954
9577,0.0033609740501391954
9578,0.0033609740501391954
9579,0.0033609740501391954
9580,0.0033609740501391954
9581,0.0033609740501391954
9582,0.0033609740501391954
9583,0.0033609740501391954
9584,0.0033609740501391954
9585,0.0033609740501391954
9586,0.0033609740501391954
9587,0.0033609740501391954
9588,0.0033609740501391954
9589,0.0033609740501391954
9590,0.0033609740501391954
9591,0.0033609740501391954
9592,0.0033609740501391954
9593,0.0033609740501391954
9594,0.0033609740501391954
9595,0.0033609740501391954
9596,0.0033609740501391954
9597,0.0033609740501391954
9598,0.0033609740501391954
9599,0.0033609740501391954
9600,0.0033609740501391954
9601,0.0033609740501391954
9602,0.0033609740501391954
9603,0.0033609740501391954
9604,0.0033609740501391954
9605,0.0033609740501391954
9606,0.0033609740501391954
9607,0.0033609740501391954
9608,0.0033609740501391954
9609,0.0033609740501391954
9610,0.0033609740501391954
9611,0.0033609740501391954
9612,0.0033609740501391954
9613,0.0033609740501391954
9614,0.0033609740501391954
9615,0.0033609740501391954
9616,0.0033609740501391954
9617,0.0033609740501391954
9618,0.0033609740501391954
9619,0.0033609740501391954
9620,0.0033609740501391954
9621,0.0033609740501391954
9622,0.0033609740501391954
9623,0.0033609740501391954
9624,0.0033609740501391954
9625,0.0033609740501391954
9626,0.0033609740501391954
9627,0.0033609740501391954
9628,0.0033609740501391954
9629,0.0033609740501391954
9630,0.0033609740501391954
9631,0.0033609740501391954
9632,0.0033609740501391954
9633,0.0033609740501391954
9634,0.0033609740501391954
9635,0.0033609740501391954
9636,0.0033609740501391954
9637,0.0033609740501391954
9638,0.0033609740501391954
9639,0.0033609740501391954
9640,0.0033609740501391954
9641,0.0033609740501391954
9642,0.0033609740501391954
9643,0.0033609740501391954
9644,0.0033609740501391954
9645,0.0033609740501391954
9646,0.0033609740501391954
9647,0.0033609740501391954
9648,0.0033609740501391954
9649,0.0033609740501391954
9650,0.0033609740501391954
9651,0.0033609740501391954
9652,0.0033609740501391954
9653,0.0033609740501391954
9654,0.0033609740501391954
9655,0.0033609740501391954
9656,0.0033609740501391954
9657,0.0033609740501391954
9658,0.0033609740501391954
9659,0.0033609740501391954
9660,0.0033609740501391954
9661,0.0033609740501391954
9662,0.0033609740501391954
9663,0.0033609740501391954
9664,0.0033609740501391954
9665,0.0033609740501391954
9666,0.0033609740501391954
9667,0.0033609740501391954
9668,0.0033609740501391954
9669,0.0033609740501391954
9670,0.0033609740501391954
9671,0.0033609740501391954
9672,0.0033609740501391954
9673,0.0033609740501391954
9674,0.0033609740501391954
9675,0.0033609740501391954
9676,0.0033609740501391954
9677,0.0033609740501391954
9678,0.0033609740501391954
9679,0.0033609740501391954
9680,0.0033609740501391954
9681,0.0033609740501391954
9682,0.0033609740501391954
9683,0.0033609740501391954
9684,0.0033609740501391954
9685,0.0033609740501391954
9686,0.0033609740501391954
9687,0.0033609740501391954
9688,0.0033609740501391954
9689,0.0033609740501391954
9690,0.0033609740501391954
9691,0.0033609740501391954
9692,0.0033609740501391954
9693,0.0033609740501391954
9694,0.0033609740501391954
9695,0.0033609740501391954
9696,0.0033609740501391954
9697,0.0033609740501391954
9698,0.0033609740501391954
9699,0.0033609740501391954
9700,0.0033609740501391954
9701,0.0033609740501391954
9702,0.0033609740501391954
9703,0.0033609740501391954
9704,0.0033609740501391954
9705,0.0033609740501391954
9706,0.0033609740501391954
9707,0.0033609740501391954
9708,0.0033609740501391954
9709,0.0033609740501391954
9710,0.0033609740501391954
9711,0.0033609740501391954
9712,0.0033609740501391954
9713,0.0033609740501391954
9714,0.0033609740501391954
9715,0.0033609740501391954
9716,0.0033609740501391954
9717,0.0033609740501391954
9718,0.0033609740501391954
9719,0.0033609740501391954
9720,0.0033609740501391954
9721,0.0033609740501391954
9722,0.0033609740501391954
9723,0.0033609740501391954
9724,0.0033609740501391954
9725,0.0033609740501391954
9726,0.0033609740501391954
9727,0.0033609740501391954
9728,0.0033609740501391954
9729,0.0033609740501391954
9730,0.0033609740501391954
9731,0.0033609740501391954
9732,0.0033609740501391954
9733,0.0033609740501391954
9734,0.0033609740501391954
9735,0.0033609740501391954
9736,0.0033609740501391954
9737,0.0033609740501391954
9738,0.0033609740501391954
9739,0.0033609740501391954
9740,0.0033609740501391954
9741,0.0033609740501391954
9742,0.0033609740501391954
9743,0.0033609740501391954
9744,0.0033609740501391954
9745,0.0033609740501391954
9746,0.0033609740501391954
9747,0.0033609740501391954
9748,0.0033609740501391954
9749,0.0033609740501391954
9750,0.0033609740501391954
9751,0.0033609740501391954
9752,0.0033609740501391954
9753,0.0033609740501391954
9754,0.0033609740501391954
9755,0.0033609740501391954
9756,0.0033609740501391954
9757,0.0033609740501391954
9758,0.0033609740501391954
9759,0.0033609740501391954
9760,0.0033609740501391954
9761,0.0033609740501391954
9762,0.0033609740501391954
9763,0.0033609740501391954
9764,0.0033609740501391954
9765,0.0033609740501391954
9766,0.0033609740501391954
9767,0.0033609740501391954
9768,0.0033609740501391954
9769,0.0033609740501391954
9770,0.0033609740501391954
9771,0.0033609740501391954
9772,0.0033609740501391954
9773,0.0033609740501391954
9774,0.0033609740501391954
9775,0.0033609740501391954
9776,0.0033609740501391954
9777,0.0033609740501391954
9778,0.0033609740501391954
9779,0.0033609740501391954
9780,0.0033609740501391954
9781,0.0033609740501391954
9782,0.0033609740501391954
9783,0.0033609740501391954
9784,0.0033609740501391954
9785,0.0033609740501391954
9786,0.0033609740501391954
9787,0.0033609740501391954
9788,0.0033609740501391954
9789,0.0033609740501391954
9790,0.0033609740501391954
9791,0.0033609740501391954
9792,0.0033609740501391954
9793,0.0033609740501391954
9794,0.0033609740501391954
9795,0.0033609740501391954
9796,0.0033609740501391954
9797,0.0033609740501391954
9798,0.0033609740501391954
9799,0.0033609740501391954
9800,0.0033609740501391954
9801,0.0033609740501391954
9802,0.0033609740501391954
9803,0.0033609740501391954
9804,0.0033609740501391954
9805,0.0033609740501391954
9806,0.0033609740501391954
9807,0.0033609740501391954
9808,0.0033609740501391954
9809,0.0033609740501391954
9810,0.0033609740501391954
9811,0.0033609740501391954
9812,0.0033609740501391954
9813,0.0033609740501391954
9814,0.0033609740501391954
9815,0.0033609740501391954
9816,0.0033609740501391954
9817,0.0033609740501391954
9818,0.0033609740501391954
9819,0.0033609740501391954
9820,0.0033609740501391954
9821,0.0033609740501391954
9822,0.0033609740501391954
9823,0.0033609740501391954
9824,0.0033609740501391954
9825,0.0033609740501391954
9826,0.0033609740501391954
9827,0.0033609740501391954
9828,0.0033609740501391954
9829,0.0033609740501391954
9830,0.0033609740501391954
9831,0.0033609740501391954
9832,0.0033609740501391954
9833,0.0033609740501391954
9834,0.0033609740501391954
9835,0.0033609740501391954
9836,0.0033609740501391954
9837,0.0033609740501391954
9838,0.0033609740501391954
9839,0.0033609740501391954
9840,0.0033609740501391954
9841,0.0033609740501391954
9842,0.0033609740501391954
9843,0.0033609740501391954
9844,0.0033609740501391954
9845,0.0033609740501391954
9846,0.0033609740501391954
9847,0.0033609740501391954
9848,0.0033609740501391954
9849,0.0033609740501391954
9850,0.0033609740501391954
9851,0.0033609740501391954
9852,0.0033609740501391954
9853,0.0033609740501391954
9854,0.0033609740501391954
9855,0.0033609740501391954
9856,0.0033609740501391954
9857,0.0033609740501391954
9858,0.0033609740501391954
9859,0.0033609740501391954
9860,0.0033609740501391954
9861,0.0033609740501391954
9862,0.0033609740501391954
9863,0.0033609740501391954
9864,0.0033609740501391954
9865,0.0033609740501391954
9866,0.0033609740501391954
9867,0.0033609740501391954
9868,0.0033609740501391954
9869,0.0033609740501391954
9870,0.0033609740501391954
9871,0.0033609740501391954
9872,0.0033609740501391954
9873,0.0033609740501391954
9874,0.0033609740501391954
9875,0.0033609740501391954
9876,0.0033609740501391954
9877,0.0033609740501391954
9878,0.0033609740501391954
9879,0.0033609740501391954
9880,0.0033609740501391954
9881,0.0033609740501391954
9882,0.0033609740501391954
9883,0.0033609740501391954
9884,0.0033609740501391954
9885,0.0033609740501391954
9886,0.0033609740501391954
9887,0.0033609740501391954
9888,0.0033609740501391954
9889,0.0033609740501391954
9890,0.0033609740501391954
9891,0.0033609740501391954
9892,0.0033609740501391954
9893,0.0033609740501391954
9894,0.0033609740501391954
9895,0.0033609740501391954
9896,0.0033609740501391954
9897,0.0033609740501391954
9898,0.0033609740501391954
9899,0.0033609740501391954
9900,0.0033609740501391954
9901,0.0033609740501391954
9902,0.0033609740501391954
9903,0.0033609740501391954
9904,0.0033609740501391954
9905,0.0033609740501391954
9906,0.0033609740501391954
9907,0.0033609740501391954
9908,0.0033609740501391954
9909,0.0033609740501391954
9910,0.0033609740501391954
9911,0.0033609740501391954
9912,0.0033609740501391954
9913,0.0033609740501391954
9914,0.0033609740501391954
9915,0.0033609740501391954
9916,0.0033609740501391954
9917,0.0033609740501391954
9918,0.0033609740501391954
9919,0.0033609740501391954
9920,0.0033609740501391954
9921,0.0033609740501391954
9922,0.0033609740501391954
9923,0.0033609740501391954
9924,0.0033609740501391954
9925,0.0033609740501391954
9926,0.0033609740501391954
9927,0.0033609740501391954
9928,0.0033609740501391954
9929,0.0033609740501391954
9930,0.0033609740501391954
9931,0.0033609740501391954
9932,0.0033609740501391954
9933,0.0033609740501391954
9934,0.0033609740501391954
9935,0.0033609740501391954
9936,0.0033609740501391954
9937,0.0033609740501391954
9938,0.0033609740501391954
9939,0.0033609740501391954
9940,0.0033609740501391954
9941,0.0033609740501391954
9942,0.0033609740501391954
9943,0.0033609740501391954
9944,0.0033609740501391954
9945,0.0033609740501391954
9946,0.0033609740501391954
9947,0.0033609740501391954
9948,0.0033609740501391954
9949,0.0033609740501391954
9950,0.0033609740501391954
9951,0.0033609740501391954
9952,0.0033609740501391954
9953,0.0033609740501391954
9954,0.0033609740501391954
9955,0.0033609740501391954
9956,0.0033609740501391954
9957,0.0033609740501391954
9958,0.0033609740501391954
9959,0.0033609740501391954
9960,0.0033609740501391954
9961,0.0033609740501391954
9962,0.0033609740501391954
9963,0.0033609740501391954
9964,0.0033609740501391954
9965,0.0033609740501391954
9966,0.0033609740501391954
9967,0.0033609740501391954
9968,0.0033609740501391954
9969,0.0033609740501391954
9970,0.0033609740501391954
9971,0.0033609740501391954
9972,0.0033609740501391954
9973,0.0033609740501391954
9974,0.0033609740501391954
9975,0.0033609740501391954
9976,0.0033609740501391954
9977,0.0033609740501391954
9978,0.0033609740501391954
9979,0.0033609740501391954
9980,0.0033609740501391954
9981,0.0033609740501391954
9982,0.0033609740501391954
9983,0.0033609740501391954
9984,0.0033609740501391954
9985,0.0033609740501391954
9986,0.0033609740501391954
9987,0.0033609740501391954
9988,0.0033609740501391954
9989,0.0033609740501391954
9990,0.0033609740501391954
9991,0.0033609740501391954
9992,0.0033609740501391954
9993,0.0033609740501391954
9994,0.0033609740501391954
9995,0.0033609740501391954
9996,0.0033609740501391954
9997,0.0033609740501391954
9998,0.0033609740501391954
9999,0.0033609740501391954
10000,0.0033609740501391954
10001,0.0033609740501391954
10002,0.0033609740501391954
10003,0.0033609740501391954
10004,0.0033609740501391954
10005,0.0033609740501391954
10006,0.0033609740501391954
10007,0.0033609740501391954
10008,0.0033609740501391954
10009,0.0033609740501391954
10010,0.0033609740501391954
10011,0.0033609740501391954
10012,0.0033609740501391954
10013,0.0033609740501391954
10014,0.0033609740501391954
10015,0.0033609740501391954
10016,0.0033609740501391954
10017,0.0033609740501391954
10018,0.0033609740501391954
10019,0.0033609740501391954
10020,0.0033609740501391954
10021,0.0033609740501391954
10022,0.0033609740501391954
10023,0.0033609740501391954
10024,0.0033609740501391954
10025,0.0033609740501391954
10026,0.0033609740501391954
10027,0.0033609740501391954
10028,0.0033609740501391954
10029,0.0033609740501391954
10030,0.0033609740501391954
10031,0.0033609740501391954
10032,0.0033609740501391954
10033,0.0033609740501391954
10034,0.0033609740501391954
10035,0.0033609740501391954
10036,0.0033609740501391954
10037,0.0033609740501391954
10038,0.0033609740501391954
10039,0.0033609740501391954
10040,0.0033609740501391954
10041,0.0033609740501391954
10042,0.0033609740501391954
10043,0.0033609740501391954
10044,0.0033609740501391954
10045,0.0033609740501391954
10046,0.0033609740501391954
10047,0.0033609740501391954
10048,0.0033609740501391954
10049,0.0033609740501391954
10050,0.0033609740501391954
10051,0.0033609740501391954
10052,0.0033609740501391954
10053,0.0033609740501391954
10054,0.0033609740501391954
10055,0.0033609740501391954
10056,0.0033609740501391954
10057,0.0033609740501391954
10058,0.0033609740501391954
10059,0.0033609740501391954
10060,0.0033609740501391954
10061,0.0033609740501391954
10062,0.0033609740501391954
10063,0.0033609740501391954
10064,0.0033609740501391954
10065,0.0033609740501391954
10066,0.0033609740501391954
10067,0.0033609740501391954
10068,0.0033609740501391954
10069,0.0033609740501391954
10070,0.0033609740501391954
10071,0.0033609740501391954
10072,0.0033609740501391954
10073,0.0033609740501391954
10074,0.0033609740501391954
10075,0.0033609740501391954
10076,0.0033609740501391954
10077,0.0033609740501391954
10078,0.0033609740501391954
10079,0.0033609740501391954
10080,0.0033609740501391954
10081,0.0033609740501391954
10082,0.0033609740501391954
10083,0.0033609740501391954
10084,0.0033609740501391954
10085,0.0033609740501391954
10086,0.0033609740501391954
10087,0.0033609740501391954
10088,0.0033609740501391954
10089,0.0033609740501391954
10090,0.0033609740501391954
10091,0.0033609740501391954
10092,0.0033609740501391954
10093,0.0033609740501391954
10094,0.0033609740501391954
10095,0.0033609740501391954
10096,0.0033609740501391954
10097,0.0033609740501391954
10098,0.0033609740501391954
10099,0.0033609740501391954
10100,0.0033609740501391954
10101,0.0033609740501391954
10102,0.0033609740501391954
10103,0.0033609740501391954
10104,0.0033609740501391954
10105,0.0033609740501391954
10106,0.0033609740501391954
10107,0.0033609740501391954
10108,0.0033609740501391954
10109,0.0033609740501391954
10110,0.0033609740501391954
10111,0.0033609740501391954
10112,0.0033609740501391954
10113,0.0033609740501391954
10114,0.0033609740501391954
10115,0.0033609740501391954
10116,0.0033609740501391954
10117,0.0033609740501391954
10118,0.0033609740501391954
10119,0.0033609740501391954
10120,0.0033609740501391954
10121,0.0033609740501391954
10122,0.0033609740501391954
10123,0.0033609740501391954
10124,0.0033609740501391954
10125,0.0033609740501391954
10126,0.0033609740501391954
10127,0.0033609740501391954
10128,0.0033609740501391954
10129,0.0033609740501391954
10130,0.0033609740501391954
10131,0.0033609740501391954
10132,0.0033609740501391954
10133,0.0033609740501391954
10134,0.0033609740501391954
10135,0.0033609740501391954
10136,0.0033609740501391954
10137,0.0033609740501391954
10138,0.0033609740501391954
10139,0.0033609740501391954
10140,0.0033609740501391954
10141,0.0033609740501391954
10142,0.0033609740501391954
10143,0.0033609740501391954
10144,0.0033609740501391954
10145,0.0033609740501391954
10146,0.0033609740501391954
10147,0.0033609740501391954
10148,0.0033609740501391954
10149,0.0033609740501391954
10150,0.0033609740501391954
10151,0.0033609740501391954
10152,0.0033609740501391954
10153,0.0033609740501391954
10154,0.0033609740501391954
10155,0.0033609740501391954
10156,0.0033609740501391954
10157,0.0033609740501391954
10158,0.0033609740501391954
10159,0.0033609740501391954
10160,0.0033609740501391954
10161,0.0033609740501391954
10162,0.0033609740501391954
10163,0.0033609740501391954
10164,0.0033609740501391954
10165,0.0033609740501391954
10166,0.0033609740501391954
10167,0.0033609740501391954
10168,0.0033609740501391954
10169,0.0033609740501391954
10170,0.0033609740501391954
10171,0.0033609740501391954
10172,0.0033609740501391954
10173,0.0033609740501391954
10174,0.0033609740501391954
10175,0.0033609740501391954
10176,0.0033609740501391954
10177,0.0033609740501391954
10178,0.0033609740501391954
10179,0.0033609740501391954
10180,0.0033609740501391954
10181,0.0033609740501391954
10182,0.0033609740501391954
10183,0.0033609740501391954
10184,0.0033609740501391954
10185,0.0033609740501391954
10186,0.0033609740501391954
10187,0.0033609740501391954
10188,0.0033609740501391954
10189,0.0033609740501391954
10190,0.0033609740501391954
10191,0.0033609740501391954
10192,0.0033609740501391954
10193,0.0033609740501391954
10194,0.0033609740501391954
10195,0.0033609740501391954
10196,0.0033609740501391954
10197,0.0033609740501391954
10198,0.0033609740501391954
10199,0.0033609740501391954
10200,0.0033609740501391954
10201,0.0033609740501391954
10202,0.0033609740501391954
10203,0.0033609740501391954
10204,0.0033609740501391954
10205,0.0033609740501391954
10206,0.0033609740501391954
10207,0.0033609740501391954
10208,0.0033609740501391954
10209,0.0033609740501391954
10210,0.0033609740501391954
10211,0.0033609740501391954
10212,0.0033609740501391954
10213,0.0033609740501391954
10214,0.0033609740501391954
10215,0.0033609740501391954
10216,0.0033609740501391954
10217,0.0033609740501391954
10218,0.0033609740501391954
10219,0.0033609740501391954
10220,0.0033609740501391954
10221,0.0033609740501391954
10222,0.0033609740501391954
10223,0.0033609740501391954
10224,0.0033609740501391954
10225,0.0033609740501391954
10226,0.0033609740501391954
10227,0.0033609740501391954
10228,0.0033609740501391954
10229,0.0033609740501391954
10230,0.0033609740501391954
10231,0.0033609740501391954
10232,0.0033609740501391954
10233,0.0033609740501391954
10234,0.0033609740501391954
10235,0.0033609740501391954
10236,0.0033609740501391954
10237,0.0033609740501391954
10238,0.0033609740501391954
10239,0.0033609740501391954
10240,0.0033609740501391954
10241,0.0033609740501391954
10242,0.0033609740501391954
10243,0.0033609740501391954
10244,0.0033609740501391954
10245,0.0033609740501391954
10246,0.0033609740501391954
10247,0.0033609740501391954
10248,0.0033609740501391954
10249,0.0033609740501391954
10250,0.0033609740501391954
10251,0.0033609740501391954
10252,0.0033609740501391954
10253,0.0033609740501391954
10254,0.0033609740501391954
10255,0.0033609740501391954
10256,0.0033609740501391954
10257,0.0033609740501391954
10258,0.0033609740501391954
10259,0.0033609740501391954
10260,0.0033609740501391954
10261,0.0033609740501391954
10262,0.0033609740501391954
10263,0.0033609740501391954
10264,0.0033609740501391954
10265,0.0033609740501391954
10266,0.0033609740501391954
10267,0.0033609740501391954
10268,0.0033609740501391954
10269,0.0033609740501391954
10270,0.0033609740501391954
10271,0.0033609740501391954
10272,0.0033609740501391954
10273,0.0033609740501391954
10274,0.0033609740501391954
10275,0.0033609740501391954
10276,0.0033609740501391954
10277,0.0033609740501391954
10278,0.0033609740501391954
10279,0.0033609740501391954
10280,0.0033609740501391954
10281,0.0033609740501391954
10282,0.0033609740501391954
10283,0.0033609740501391954
10284,0.0033609740501391954
10285,0.0033609740501391954
10286,0.0033609740501391954
10287,0.0033609740501391954
10288,0.0033609740501391954
10289,0.0033609740501391954
10290,0.0033609740501391954
10291,0.0033609740501391954
10292,0.0033609740501391954
10293,0.0033609740501391954
10294,0.0033609740501391954
10295,0.0033609740501391954
10296,0.0033609740501391954
10297,0.0033609740501391954
10298,0.0033609740501391954
10299,0.0033609740501391954
10300,0.0033609740501391954
10301,0.0033609740501391954
10302,0.0033609740501391954
10303,0.0033609740501391954
10304,0.0033609740501391954
10305,0.0033609740501391954
10306,0.0033609740501391954
10307,0.0033609740501391954
10308,0.0033609740501391954
10309,0.0033609740501391954
10310,0.0033609740501391954
10311,0.0033609740501391954
10312,0.0033609740501391954
10313,0.0033609740501391954
10314,0.0033609740501391954
10315,0.0033609740501391954
10316,0.0033609740501391954
10317,0.0033609740501391954
10318,0.0033609740501391954
10319,0.0033609740501391954
10320,0.0033609740501391954
10321,0.0033609740501391954
10322,0.0033609740501391954
10323,0.0033609740501391954
10324,0.0033609740501391954
10325,0.0033609740501391954
10326,0.0033609740501391954
10327,0.0033609740501391954
10328,0.0033609740501391954
10329,0.0033609740501391954
10330,0.0033609740501391954
10331,0.0033609740501391954
10332,0.0033609740501391954
10333,0.0033609740501391954
10334,0.0033609740501391954
10335,0.0033609740501391954
10336,0.0033609740501391954
10337,0.0033609740501391954
10338,0.0033609740501391954
10339,0.0033609740501391954
10340,0.0033609740501391954
10341,0.0033609740501391954
10342,0.0033609740501391954
10343,0.0033609740501391954
10344,0.0033609740501391954
10345,0.0033609740501391954
10346,0.0033609740501391954
10347,0.0033609740501391954
10348,0.0033609740501391954
10349,0.0033609740501391954
10350,0.0033609740501391954
10351,0.0033609740501391954
10352,0.0033609740501391954
10353,0.0033609740501391954
10354,0.0033609740501391954
10355,0.0033609740501391954
10356,0.0033609740501391954
10357,0.0033609740501391954
10358,0.0033609740501391954
10359,0.0033609740501391954
10360,0.0033609740501391954
10361,0.0033609740501391954
10362,0.0033609740501391954
10363,0.0033609740501391954
10364,0.0033609740501391954
10365,0.0033609740501391954
10366,0.0033609740501391954
10367,0.0033609740501391954
10368,0.0033609740501391954
10369,0.0033609740501391954
10370,0.0033609740501391954
10371,0.0033609740501391954
10372,0.0033609740501391954
10373,0.0033609740501391954
10374,0.0033609740501391954
10375,0.0033609740501391954
10376,0.0033609740501391954
10377,0.0033609740501391954
10378,0.0033609740501391954
10379,0.0033609740501391954
10380,0.0033609740501391954
10381,0.0033609740501391954
10382,0.0033609740501391954
10383,0.0033609740501391954
10384,0.0033609740501391954
10385,0.0033609740501391954
10386,0.0033609740501391954
10387,0.0033609740501391954
10388,0.0033609740501391954
10389,0.0033609740501391954
10390,0.0033609740501391954
10391,0.0033609740501391954
10392,0.0033609740501391954
10393,0.0033609740501391954
10394,0.0033609740501391954
10395,0.0033609740501391954
10396,0.0033609740501391954
10397,0.0033609740501391954
10398,0.0033609740501391954
10399,0.0033609740501391954
10400,0.0033609740501391954
10401,0.0033609740501391954
10402,0.0033609740501391954
10403,0.0033609740501391954
10404,0.0033609740501391954
10405,0.0033609740501391954
10406,0.0033609740501391954
10407,0.0033609740501391954
10408,0.0033609740501391954
10409,0.0033609740501391954
10410,0.0033609740501391954
10411,0.0033609740501391954
10412,0.0033609740501391954
10413,0.0033609740501391954
10414,0.0033609740501391954
10415,0.0033609740501391954
10416,0.0033609740501391954
10417,0.0033609740501391954
10418,0.0033609740501391954
10419,0.0033609740501391954
10420,0.0033609740501391954
10421,0.0033609740501391954
10422,0.0033609740501391954
10423,0.0033609740501391954
10424,0.0033609740501391954
10425,0.0033609740501391954
10426,0.0033609740501391954
10427,0.0033609740501391954
10428,0.0033609740501391954
10429,0.0033609740501391954
10430,0.0033609740501391954
10431,0.0033609740501391954
10432,0.0033609740501391954
10433,0.0033609740501391954
10434,0.0033609740501391954
10435,0.0033609740501391954
10436,0.0033609740501391954
10437,0.0033609740501391954
10438,0.0033609740501391954
10439,0.0033609740501391954
10440,0.0033609740501391954
10441,0.0033609740501391954
10442,0.0033609740501391954
10443,0.0033609740501391954
10444,0.0033609740501391954
10445,0.0033609740501391954
10446,0.0033609740501391954
10447,0.0033609740501391954
10448,0.0033609740501391954
10449,0.0033609740501391954
10450,0.0033609740501391954
10451,0.0033609740501391954
10452,0.0033609740501391954
10453,0.0033609740501391954
10454,0.0033609740501391954
10455,0.0033609740501391954
10456,0.0033609740501391954
10457,0.0033609740501391954
10458,0.0033609740501391954
10459,0.0033609740501391954
10460,0.0033609740501391954
10461,0.0033609740501391954
10462,0.0033609740501391954
10463,0.0033609740501391954
10464,0.0033609740501391954
10465,0.0033609740501391954
10466,0.0033609740501391954
10467,0.0033609740501391954
10468,0.0033609740501391954
10469,0.0033609740501391954
10470,0.0033609740501391954
10471,0.0033609740501391954
10472,0.0033609740501391954
10473,0.0033609740501391954
10474,0.0033609740501391954
10475,0.0033609740501391954
10476,0.0033609740501391954
10477,0.0033609740501391954
10478,0.0033609740501391954
10479,0.0033609740501391954
10480,0.0033609740501391954
10481,0.0033609740501391954
10482,0.0033609740501391954
10483,0.0033609740501391954
10484,0.0033609740501391954
10485,0.0033609740501391954
10486,0.0033609740501391954
10487,0.0033609740501391954
10488,0.0033609740501391954
10489,0.0033609740501391954
10490,0.0033609740501391954
10491,0.0033609740501391954
10492,0.0033609740501391954
10493,0.0033609740501391954
10494,0.0033609740501391954
10495,0.0033609740501391954
10496,0.0033609740501391954
10497,0.0033609740501391954
10498,0.0033609740501391954
10499,0.0033609740501391954
10500,0.0033609740501391954
10501,0.0033609740501391954
10502,0.0033609740501391954
10503,0.0033609740501391954
10504,0.0033609740501391954
10505,0.0033609740501391954
10506,0.0033609740501391954
10507,0.0033609740501391954
10508,0.0033609740501391954
10509,0.0033609740501391954
10510,0.0033609740501391954
10511,0.0033609740501391954
10512,0.0033609740501391954
10513,0.0033609740501391954
10514,0.0033609740501391954
10515,0.0033609740501391954
10516,0.0033609740501391954
10517,0.0033609740501391954
10518,0.0033609740501391954
10519,0.0033609740501391954
10520,0.0033609740501391954
10521,0.0033609740501391954
10522,0.0033609740501391954
10523,0.0033609740501391954
10524,0.0033609740501391954
10525,0.0033609740501391954
10526,0.0033609740501391954
10527,0.0033609740501391954
10528,0.0033609740501391954
10529,0.0033609740501391954
10530,0.0033609740501391954
10531,0.0033609740501391954
10532,0.0033609740501391954
10533,0.0033609740501391954
10534,0.0033609740501391954
10535,0.0033609740501391954
10536,0.0033609740501391954
10537,0.0033609740501391954
10538,0.0033609740501391954
10539,0.0033609740501391954
10540,0.0033609740501391954
10541,0.0033609740501391954
10542,0.0033609740501391954
10543,0.0033609740501391954
10544,0.0033609740501391954
10545,0.0033609740501391954
10546,0.0033609740501391954
10547,0.0033609740501391954
10548,0.0033609740501391954
10549,0.0033609740501391954
10550,0.0033609740501391954
10551,0.0033609740501391954
10552,0.0033609740501391954
10553,0.0033609740501391954
10554,0.0033609740501391954
10555,0.0033609740501391954
10556,0.0033609740501391954
10557,0.0033609740501391954
10558,0.0033609740501391954
10559,0.0033609740501391954
10560,0.0033609740501391954
10561,0.0033609740501391954
10562,0.0033609740501391954
10563,0.0033609740501391954
10564,0.0033609740501391954
10565,0.0033609740501391954
10566,0.0033609740501391954
10567,0.0033609740501391954
10568,0.0033609740501391954
10569,0.0033609740501391954
10570,0.0033609740501391954
10571,0.0033609740501391954
10572,0.0033609740501391954
10573,0.0033609740501391954
10574,0.0033609740501391954
10575,0.0033609740501391954
10576,0.0033609740501391954
10577,0.0033609740501391954
10578,0.0033609740501391954
10579,0.0033609740501391954
10580,0.0033609740501391954
10581,0.0033609740501391954
10582,0.0033609740501391954
10583,0.0033609740501391954
10584,0.0033609740501391954
10585,0.0033609740501391954
10586,0.0033609740501391954
10587,0.0033609740501391954
10588,0.0033609740501391954
10589,0.0033609740501391954
10590,0.0033609740501391954
10591,0.0033609740501391954
10592,0.0033609740501391954
10593,0.0033609740501391954
10594,0.0033609740501391954
10595,0.0033609740501391954
10596,0.0033609740501391954
10597,0.0033609740501391954
10598,0.0033609740501391954
10599,0.0033609740501391954
10600,0.0033609740501391954
10601,0.0033609740501391954
10602,0.0033609740501391954
10603,0.0033609740501391954
10604,0.0033609740501391954
10605,0.0033609740501391954
10606,0.0033609740501391954
10607,0.0033609740501391954
10608,0.0033609740501391954
10609,0.0033609740501391954
10610,0.0033609740501391954
10611,0.0033609740501391954
10612,0.0033609740501391954
10613,0.0033609740501391954
10614,0.0033609740501391954
10615,0.0033609740501391954
10616,0.0033609740501391954
10617,0.0033609740501391954
10618,0.0033609740501391954
10619,0.0033609740501391954
10620,0.0033609740501391954
10621,0.0033609740501391954
10622,0.0033609740501391954
10623,0.0033609740501391954
10624,0.0033609740501391954
10625,0.0033609740501391954
10626,0.0033609740501391954
10627,0.0033609740501391954
10628,0.0033609740501391954
10629,0.0033609740501391954
10630,0.0033609740501391954
10631,0.0033609740501391954
10632,0.0033609740501391954
10633,0.0033609740501391954
10634,0.0033609740501391954
10635,0.0033609740501391954
10636,0.0033609740501391954
10637,0.0033609740501391954
10638,0.0033609740501391954
10639,0.0033609740501391954
10640,0.0033609740501391954
10641,0.0033609740501391954
10642,0.0033609740501391954
10643,0.0033609740501391954
10644,0.0033609740501391954
10645,0.0033609740501391954
10646,0.0033609740501391954
10647,0.0033609740501391954
10648,0.0033609740501391954
10649,0.0033609740501391954
10650,0.0033609740501391954
10651,0.0033609740501391954
10652,0.0033609740501391954
10653,0.0033609740501391954
10654,0.0033609740501391954
10655,0.0033609740501391954
10656,0.0033609740501391954
10657,0.0033609740501391954
10658,0.0033609740501391954
10659,0.0033609740501391954
10660,0.0033609740501391954
10661,0.0033609740501391954
10662,0.0033609740501391954
10663,0.0033609740501391954
10664,0.0033609740501391954
10665,0.0033609740501391954
10666,0.0033609740501391954
10667,0.0033609740501391954
10668,0.0033609740501391954
10669,0.0033609740501391954
10670,0.0033609740501391954
10671,0.0033609740501391954
10672,0.0033609740501391954
10673,0.0033609740501391954
10674,0.0033609740501391954
10675,0.0033609740501391954
10676,0.0033609740501391954
10677,0.0033609740501391954
10678,0.0033609740501391954
10679,0.0033609740501391954
10680,0.0033609740501391954
10681,0.0033609740501391954
10682,0.0033609740501391954
10683,0.0033609740501391954
10684,0.0033609740501391954
10685,0.0033609740501391954
10686,0.0033609740501391954
10687,0.0033609740501391954
10688,0.0033609740501391954
10689,0.0033609740501391954
10690,0.0033609740501391954
10691,0.0033609740501391954
10692,0.0033609740501391954
10693,0.0033609740501391954
10694,0.0033609740501391954
10695,0.0033609740501391954
10696,0.0033609740501391954
10697,0.0033609740501391954
10698,0.0033609740501391954
10699,0.0033609740501391954
10700,0.0033609740501391954
10701,0.0033609740501391954
10702,0.0033609740501391954
10703,0.0033609740501391954
10704,0.0033609740501391954
10705,0.0033609740501391954
10706,0.0033609740501391954
10707,0.0033609740501391954
10708,0.0033609740501391954
10709,0.0033609740501391954
10710,0.0033609740501391954
10711,0.0033609740501391954
10712,0.0033609740501391954
10713,0.0033609740501391954
10714,0.0033609740501391954
10715,0.0033609740501391954
10716,0.0033609740501391954
10717,0.0033609740501391954
10718,0.0033609740501391954
10719,0.0033609740501391954
10720,0.0033609740501391954
10721,0.0033609740501391954
10722,0.0033609740501391954
10723,0.0033609740501391954
10724,0.0033609740501391954
10725,0.0033609740501391954
10726,0.0033609740501391954
10727,0.0033609740501391954
10728,0.0033609740501391954
10729,0.0033609740501391954
10730,0.0033609740501391954
10731,0.0033609740501391954
10732,0.0033609740501391954
10733,0.0033609740501391954
10734,0.0033609740501391954
10735,0.0033609740501391954
10736,0.0033609740501391954
10737,0.0033609740501391954
10738,0.0033609740501391954
10739,0.0033609740501391954
10740,0.0033609740501391954
10741,0.0033609740501391954
10742,0.0033609740501391954
10743,0.0033609740501391954
10744,0.0033609740501391954
10745,0.0033609740501391954
10746,0.0033609740501391954
10747,0.0033609740501391954
10748,0.0033609740501391954
10749,0.0033609740501391954
10750,0.0033609740501391954
10751,0.0033609740501391954
10752,0.0033609740501391954
10753,0.0033609740501391954
10754,0.0033609740501391954
10755,0.0033609740501391954
10756,0.0033609740501391954
10757,0.0033609740501391954
10758,0.0033609740501391954
10759,0.0033609740501391954
10760,0.0033609740501391954
10761,0.0033609740501391954
10762,0.0033609740501391954
10763,0.0033609740501391954
10764,0.0033609740501391954
10765,0.0033609740501391954
10766,0.0033609740501391954
10767,0.0033609740501391954
10768,0.0033609740501391954
10769,0.0033609740501391954
10770,0.0033609740501391954
10771,0.0033609740501391954
10772,0.0033609740501391954
10773,0.0033609740501391954
10774,0.0033609740501391954
10775,0.0033609740501391954
10776,0.0033609740501391954
10777,0.0033609740501391954
10778,0.0033609740501391954
10779,0.0033609740501391954
10780,0.0033609740501391954
10781,0.0033609740501391954
10782,0.0033609740501391954
10783,0.0033609740501391954
10784,0.0033609740501391954
10785,0.0033609740501391954
10786,0.0033609740501391954
10787,0.0033609740501391954
10788,0.0033609740501391954
10789,0.0033609740501391954
10790,0.0033609740501391954
10791,0.0033609740501391954
10792,0.0033609740501391954
10793,0.0033609740501391954
10794,0.0033609740501391954
10795,0.0033609740501391954
10796,0.0033609740501391954
10797,0.0033609740501391954
10798,0.0033609740501391954
10799,0.0033609740501391954
10800,0.0033609740501391954
10801,0.0033609740501391954
10802,0.0033609740501391954
10803,0.0033609740501391954
10804,0.0033609740501391954
10805,0.0033609740501391954
10806,0.0033609740501391954
10807,0.0033609740501391954
10808,0.0033609740501391954
10809,0.0033609740501391954
10810,0.0033609740501391954
10811,0.0033609740501391954
10812,0.0033609740501391954
10813,0.0033609740501391954
10814,0.0033609740501391954
10815,0.0033609740501391954
10816,0.0033609740501391954
10817,0.0033609740501391954
10818,0.0033609740501391954
10819,0.0033609740501391954
10820,0.0033609740501391954
10821,0.0033609740501391954
10822,0.0033609740501391954
10823,0.0033609740501391954
10824,0.0033609740501391954
10825,0.0033609740501391954
10826,0.0033609740501391954
10827,0.0033609740501391954
10828,0.0033609740501391954
10829,0.0033609740501391954
10830,0.0033609740501391954
10831,0.0033609740501391954
10832,0.0033609740501391954
10833,0.0033609740501391954
10834,0.0033609740501391954
10835,0.0033609740501391954
10836,0.0033609740501391954
10837,0.0033609740501391954
10838,0.0033609740501391954
10839,0.0033609740501391954
10840,0.0033609740501391954
10841,0.0033609740501391954
10842,0.0033609740501391954
10843,0.0033609740501391954
10844,0.0033609740501391954
10845,0.0033609740501391954
10846,0.0033609740501391954
10847,0.0033609740501391954
10848,0.0033609740501391954
10849,0.0033609740501391954
10850,0.0033609740501391954
10851,0.0033609740501391954
10852,0.0033609740501391954
10853,0.0033609740501391954
10854,0.0033609740501391954
10855,0.0033609740501391954
10856,0.0033609740501391954
10857,0.0033609740501391954
10858,0.0033609740501391954
10859,0.0033609740501391954
10860,0.0033609740501391954
10861,0.0033609740501391954
10862,0.0033609740501391954
10863,0.0033609740501391954
10864,0.0033609740501391954
10865,0.0033609740501391954
10866,0.0033609740501391954
10867,0.0033609740501391954
10868,0.0033609740501391954
10869,0.0033609740501391954
10870,0.0033609740501391954
10871,0.0033609740501391954
10872,0.0033609740501391954
10873,0.0033609740501391954
10874,0.0033609740501391954
10875,0.0033609740501391954
10876,0.0033609740501391954
10877,0.0033609740501391954
10878,0.0033609740501391954
10879,0.0033609740501391954
10880,0.0033609740501391954
10881,0.0033609740501391954
10882,0.0033609740501391954
10883,0.0033609740501391954
10884,0.0033609740501391954
10885,0.0033609740501391954
10886,0.0033609740501391954
10887,0.0033609740501391954
10888,0.0033609740501391954
10889,0.0033609740501391954
10890,0.0033609740501391954
10891,0.0033609740501391954
10892,0.0033609740501391954
10893,0.0033609740501391954
10894,0.0033609740501391954
10895,0.0033609740501391954
10896,0.0033609740501391954
10897,0.0033609740501391954
10898,0.0033609740501391954
10899,0.0033609740501391954
10900,0.0033609740501391954
10901,0.0033609740501391954
10902,0.0033609740501391954
10903,0.0033609740501391954
10904,0.0033609740501391954
10905,0.0033609740501391954
10906,0.0033609740501391954
10907,0.0033609740501391954
10908,0.0033609740501391954
10909,0.0033609740501391954
10910,0.0033609740501391954
10911,0.0033609740501391954
10912,0.0033609740501391954
10913,0.0033609740501391954
10914,0.0033609740501391954
10915,0.0033609740501391954
10916,0.0033609740501391954
10917,0.0033609740501391954
10918,0.0033609740501391954
10919,0.0033609740501391954
10920,0.0033609740501391954
10921,0.0033609740501391954
10922,0.0033609740501391954
10923,0.0033609740501391954
10924,0.0033609740501391954
10925,0.0033609740501391954
10926,0.0033609740501391954
10927,0.0033609740501391954
10928,0.0033609740501391954
10929,0.0033609740501391954
10930,0.0033609740501391954
10931,0.0033609740501391954
10932,0.0033609740501391954
10933,0.0033609740501391954
10934,0.0033609740501391954
10935,0.0033609740501391954
10936,0.0033609740501391954
10937,0.0033609740501391954
10938,0.0033609740501391954
10939,0.0033609740501391954
10940,0.0033609740501391954
10941,0.0033609740501391954
10942,0.0033609740501391954
10943,0.0033609740501391954
10944,0.0033609740501391954
10945,0.0033609740501391954
10946,0.0033609740501391954
10947,0.0033609740501391954
10948,0.0033609740501391954
10949,0.0033609740501391954
10950,0.0033609740501391954
10951,0.0033609740501391954
10952,0.0033609740501391954
10953,0.0033609740501391954
10954,0.0033609740501391954
10955,0.0033609740501391954
10956,0.0033609740501391954
10957,0.0033609740501391954
10958,0.0033609740501391954
10959,0.0033609740501391954
10960,0.0033609740501391954
10961,0.0033609740501391954
10962,0.0033609740501391954
10963,0.0033609740501391954
10964,0.0033609740501391954
10965,0.0033609740501391954
10966,0.0033609740501391954
10967,0.0033609740501391954
10968,0.0033609740501391954
10969,0.0033609740501391954
10970,0.0033609740501391954
10971,0.0033609740501391954
10972,0.0033609740501391954
10973,0.0033609740501391954
10974,0.0033609740501391954
10975,0.0033609740501391954
10976,0.0033609740501391954
10977,0.0033609740501391954
10978,0.0033609740501391954
10979,0.0033609740501391954
10980,0.0033609740501391954
10981,0.0033609740501391954
10982,0.0033609740501391954
10983,0.0033609740501391954
10984,0.0033609740501391954
10985,0.0033609740501391954
10986,0.0033609740501391954
10987,0.0033609740501391954
10988,0.0033609740501391954
10989,0.0033609740501391954
10990,0.0033609740501391954
10991,0.0033609740501391954
10992,0.0033609740501391954
10993,0.0033609740501391954
10994,0.0033609740501391954
10995,0.0033609740501391954
10996,0.0033609740501391954
10997,0.0033609740501391954
10998,0.0033609740501391954
10999,0.0033609740501391954
11000,0.0033609740501391954
11001,0.0033609740501391954
11002,0.0033609740501391954
11003,0.0033609740501391954
11004,0.0033609740501391954
11005,0.0033609740501391954
11006,0.0033609740501391954
11007,0.0033609740501391954
11008,0.0033609740501391954
11009,0.0033609740501391954
11010,0.0033609740501391954
11011,0.0033609740501391954
11012,0.0033609740501391954
11013,0.0033609740501391954
11014,0.0033609740501391954
11015,0.0033609740501391954
11016,0.0033609740501391954
11017,0.0033609740501391954
11018,0.0033609740501391954
11019,0.0033609740501391954
11020,0.0033609740501391954
11021,0.0033609740501391954
11022,0.0033609740501391954
11023,0.0033609740501391954
11024,0.0033609740501391954
11025,0.0033609740501391954
11026,0.0033609740501391954
11027,0.0033609740501391954
11028,0.0033609740501391954
11029,0.0033609740501391954
11030,0.0033609740501391954
11031,0.0033609740501391954
11032,0.0033609740501391954
11033,0.0033609740501391954
11034,0.0033609740501391954
11035,0.0033609740501391954
11036,0.0033609740501391954
11037,0.0033609740501391954
11038,0.0033609740501391954
11039,0.0033609740501391954
11040,0.0033609740501391954
11041,0.0033609740501391954
11042,0.0033609740501391954
11043,0.0033609740501391954
11044,0.0033609740501391954
11045,0.0033609740501391954
11046,0.0033609740501391954
11047,0.0033609740501391954
11048,0.0033609740501391954
11049,0.0033609740501391954
11050,0.0033609740501391954
11051,0.0033609740501391954
11052,0.0033609740501391954
11053,0.0033609740501391954
11054,0.0033609740501391954
11055,0.0033609740501391954
11056,0.0033609740501391954
11057,0.0033609740501391954
11058,0.0033609740501391954
11059,0.0033609740501391954
11060,0.0033609740501391954
11061,0.0033609740501391954
11062,0.0033609740501391954
11063,0.0033609740501391954
11064,0.0033609740501391954
11065,0.0033609740501391954
11066,0.0033609740501391954
11067,0.0033609740501391954
11068,0.0033609740501391954
11069,0.0033609740501391954
11070,0.0033609740501391954
11071,0.0033609740501391954
11072,0.0033609740501391954
11073,0.0033609740501391954
11074,0.0033609740501391954
11075,0.0033609740501391954
11076,0.0033609740501391954
11077,0.0033609740501391954
11078,0.0033609740501391954
11079,0.0033609740501391954
11080,0.0033609740501391954
11081,0.0033609740501391954
11082,0.0033609740501391954
11083,0.0033609740501391954
11084,0.0033609740501391954
11085,0.0033609740501391954
11086,0.0033609740501391954
11087,0.0033609740501391954
11088,0.0033609740501391954
11089,0.0033609740501391954
11090,0.0033609740501391954
11091,0.0033609740501391954
11092,0.0033609740501391954
11093,0.0033609740501391954
11094,0.0033609740501391954
11095,0.0033609740501391954
11096,0.0033609740501391954
11097,0.0033609740501391954
11098,0.0033609740501391954
11099,0.0033609740501391954
11100,0.0033609740501391954
11101,0.0033609740501391954
11102,0.0033609740501391954
11103,0.0033609740501391954
11104,0.0033609740501391954
11105,0.0033609740501391954
11106,0.0033609740501391954
11107,0.0033609740501391954
11108,0.0033609740501391954
11109,0.0033609740501391954
11110,0.0033609740501391954
11111,0.0033609740501391954
11112,0.0033609740501391954
11113,0.0033609740501391954
11114,0.0033609740501391954
11115,0.0033609740501391954
11116,0.0033609740501391954
11117,0.0033609740501391954
11118,0.0033609740501391954
11119,0.0033609740501391954
11120,0.0033609740501391954
11121,0.0033609740501391954
11122,0.0033609740501391954
11123,0.0033609740501391954
11124,0.0033609740501391954
11125,0.0033609740501391954
11126,0.0033609740501391954
11127,0.0033609740501391954
11128,0.0033609740501391954
11129,0.0033609740501391954
11130,0.0033609740501391954
11131,0.0033609740501391954
11132,0.0033609740501391954
11133,0.0033609740501391954
11134,0.0033609740501391954
11135,0.0033609740501391954
11136,0.0033609740501391954
11137,0.0033609740501391954
11138,0.0033609740501391954
11139,0.0033609740501391954
11140,0.0033609740501391954
11141,0.0033609740501391954
11142,0.0033609740501391954
11143,0.0033609740501391954
11144,0.0033609740501391954
11145,0.0033609740501391954
11146,0.0033609740501391954
11147,0.0033609740501391954
11148,0.0033609740501391954
11149,0.0033609740501391954
11150,0.0033609740501391954
11151,0.0033609740501391954
11152,0.0033609740501391954
11153,0.0033609740501391954
11154,0.0033609740501391954
11155,0.0033609740501391954
11156,0.0033609740501391954
11157,0.0033609740501391954
11158,0.0033609740501391954
11159,0.0033609740501391954
11160,0.0033609740501391954
11161,0.0033609740501391954
11162,0.0033609740501391954
11163,0.0033609740501391954
11164,0.0033609740501391954
11165,0.0033609740501391954
11166,0.0033609740501391954
11167,0.0033609740501391954
11168,0.0033609740501391954
11169,0.0033609740501391954
11170,0.0033609740501391954
11171,0.0033609740501391954
11172,0.0033609740501391954
11173,0.0033609740501391954
11174,0.0033609740501391954
11175,0.0033609740501391954
11176,0.0033609740501391954
11177,0.0033609740501391954
11178,0.0033609740501391954
11179,0.0033609740501391954
11180,0.0033609740501391954
11181,0.0033609740501391954
11182,0.0033609740501391954
11183,0.0033609740501391954
11184,0.0033609740501391954
11185,0.0033609740501391954
11186,0.0033609740501391954
11187,0.0033609740501391954
11188,0.0033609740501391954
11189,0.0033609740501391954
11190,0.0033609740501391954
11191,0.0033609740501391954
11192,0.0033609740501391954
11193,0.0033609740501391954
11194,0.0033609740501391954
11195,0.0033609740501391954
11196,0.0033609740501391954
11197,0.0033609740501391954
11198,0.0033609740501391954
11199,0.0033609740501391954
11200,0.0033609740501391954
11201,0.0033609740501391954
11202,0.0033609740501391954
11203,0.0033609740501391954
11204,0.0033609740501391954
11205,0.0033609740501391954
11206,0.0033609740501391954
11207,0.0033609740501391954
11208,0.0033609740501391954
11209,0.0033609740501391954
11210,0.0033609740501391954
11211,0.0033609740501391954
11212,0.0033609740501391954
11213,0.0033609740501391954
11214,0.0033609740501391954
11215,0.0033609740501391954
11216,0.0033609740501391954
11217,0.0033609740501391954
11218,0.0033609740501391954
11219,0.0033609740501391954
11220,0.0033609740501391954
11221,0.0033609740501391954
11222,0.0033609740501391954
11223,0.0033609740501391954
11224,0.0033609740501391954
11225,0.0033609740501391954
11226,0.0033609740501391954
11227,0.0033609740501391954
11228,0.0033609740501391954
11229,0.0033609740501391954
11230,0.0033609740501391954
11231,0.0033609740501391954
11232,0.0033609740501391954
11233,0.0033609740501391954
11234,0.0033609740501391954
11235,0.0033609740501391954
11236,0.0033609740501391954
11237,0.0033609740501391954
11238,0.0033609740501391954
11239,0.0033609740501391954
11240,0.0033609740501391954
11241,0.0033609740501391954
11242,0.0033609740501391954
11243,0.0033609740501391954
11244,0.0033609740501391954
11245,0.0033609740501391954
11246,0.0033609740501391954
11247,0.0033609740501391954
11248,0.0033609740501391954
11249,0.0033609740501391954
11250,0.0033609740501391954
11251,0.0033609740501391954
11252,0.0033609740501391954
11253,0.0033609740501391954
11254,0.0033609740501391954
11255,0.0033609740501391954
11256,0.0033609740501391954
11257,0.0033609740501391954
11258,0.0033609740501391954
11259,0.0033609740501391954
11260,0.0033609740501391954
11261,0.0033609740501391954
11262,0.0033609740501391954
11263,0.0033609740501391954
11264,0.0033609740501391954
11265,0.0033609740501391954
11266,0.0033609740501391954
11267,0.0033609740501391954
11268,0.0033609740501391954
11269,0.0033609740501391954
11270,0.0033609740501391954
11271,0.0033609740501391954
11272,0.0033609740501391954
11273,0.0033609740501391954
11274,0.0033609740501391954
11275,0.0033609740501391954
11276,0.0033609740501391954
11277,0.0033609740501391954
11278,0.0033609740501391954
11279,0.0033609740501391954
11280,0.0033609740501391954
11281,0.0033609740501391954
11282,0.0033609740501391954
11283,0.0033609740501391954
11284,0.0033609740501391954
11285,0.0033609740501391954
11286,0.0033609740501391954
11287,0.0033609740501391954
11288,0.0033609740501391954
11289,0.0033609740501391954
11290,0.0033609740501391954
11291,0.0033609740501391954
11292,0.0033609740501391954
11293,0.0033609740501391954
11294,0.0033609740501391954
11295,0.0033609740501391954
11296,0.0033609740501391954
11297,0.0033609740501391954
11298,0.0033609740501391954
11299,0.0033609740501391954
11300,0.0033609740501391954
11301,0.0033609740501391954
11302,0.0033609740501391954
11303,0.0033609740501391954
11304,0.0033609740501391954
11305,0.0033609740501391954
11306,0.0033609740501391954
11307,0.0033609740501391954
11308,0.0033609740501391954
11309,0.0033609740501391954
11310,0.0033609740501391954
11311,0.0033609740501391954
11312,0.0033609740501391954
11313,0.0033609740501391954
11314,0.0033609740501391954
11315,0.0033609740501391954
11316,0.0033609740501391954
11317,0.0033609740501391954
11318,0.0033609740501391954
11319,0.0033609740501391954
11320,0.0033609740501391954
11321,0.0033609740501391954
11322,0.0033609740501391954
11323,0.0033609740501391954
11324,0.0033609740501391954
11325,0.0033609740501391954
11326,0.0033609740501391954
11327,0.0033609740501391954
11328,0.0033609740501391954
11329,0.0033609740501391954
11330,0.0033609740501391954
11331,0.0033609740501391954
11332,0.0033609740501391954
11333,0.0033609740501391954
11334,0.0033609740501391954
11335,0.0033609740501391954
11336,0.0033609740501391954
11337,0.0033609740501391954
11338,0.0033609740501391954
11339,0.0033609740501391954
11340,0.0033609740501391954
11341,0.0033609740501391954
11342,0.0033609740501391954
11343,0.0033609740501391954
11344,0.0033609740501391954
11345,0.0033609740501391954
11346,0.0033609740501391954
11347,0.0033609740501391954
11348,0.0033609740501391954
11349,0.0033609740501391954
11350,0.0033609740501391954
11351,0.0033609740501391954
11352,0.0033609740501391954
11353,0.0033609740501391954
11354,0.0033609740501391954
11355,0.0033609740501391954
11356,0.0033609740501391954
11357,0.0033609740501391954
11358,0.0033609740501391954
11359,0.0033609740501391954
11360,0.0033609740501391954
11361,0.0033609740501391954
11362,0.0033609740501391954
11363,0.0033609740501391954
11364,0.0033609740501391954
11365,0.0033609740501391954
11366,0.0033609740501391954
11367,0.0033609740501391954
11368,0.0033609740501391954
11369,0.0033609740501391954
11370,0.0033609740501391954
11371,0.0033609740501391954
11372,0.0033609740501391954
11373,0.0033609740501391954
11374,0.0033609740501391954
11375,0.0033609740501391954
11376,0.0033609740501391954
11377,0.0033609740501391954
11378,0.0033609740501391954
11379,0.0033609740501391954
11380,0.0033609740501391954
11381,0.0033609740501391954
11382,0.0033609740501391954
11383,0.0033609740501391954
11384,0.0033609740501391954
11385,0.0033609740501391954
11386,0.0033609740501391954
11387,0.0033609740501391954
11388,0.0033609740501391954
11389,0.0033609740501391954
11390,0.0033609740501391954
11391,0.0033609740501391954
11392,0.0033609740501391954
11393,0.0033609740501391954
11394,0.0033609740501391954
11395,0.0033609740501391954
11396,0.0033609740501391954
11397,0.0033609740501391954
11398,0.0033609740501391954
11399,0.0033609740501391954
11400,0.0033609740501391954
11401,0.0033609740501391954
11402,0.0033609740501391954
11403,0.0033609740501391954
11404,0.0033609740501391954
11405,0.0033609740501391954
11406,0.0033609740501391954
11407,0.0033609740501391954
11408,0.0033609740501391954
11409,0.0033609740501391954
11410,0.0033609740501391954
11411,0.0033609740501391954
11412,0.0033609740501391954
11413,0.0033609740501391954
11414,0.0033609740501391954
11415,0.0033609740501391954
11416,0.0033609740501391954
11417,0.0033609740501391954
11418,0.0033609740501391954
11419,0.0033609740501391954
11420,0.0033609740501391954
11421,0.0033609740501391954
11422,0.0033609740501391954
11423,0.0033609740501391954
11424,0.0033609740501391954
11425,0.0033609740501391954
11426,0.0033609740501391954
11427,0.0033609740501391954
11428,0.0033609740501391954
11429,0.0033609740501391954
11430,0.0033609740501391954
11431,0.0033609740501391954
11432,0.0033609740501391954
11433,0.0033609740501391954
11434,0.0033609740501391954
11435,0.0033609740501391954
11436,0.0033609740501391954
11437,0.0033609740501391954
11438,0.0033609740501391954
11439,0.0033609740501391954
11440,0.0033609740501391954
11441,0.0033609740501391954
11442,0.0033609740501391954
11443,0.0033609740501391954
11444,0.0033609740501391954
11445,0.0033609740501391954
11446,0.0033609740501391954
11447,0.0033609740501391954
11448,0.0033609740501391954
11449,0.0033609740501391954
11450,0.0033609740501391954
11451,0.0033609740501391954
11452,0.0033609740501391954
11453,0.0033609740501391954
11454,0.0033609740501391954
11455,0.0033609740501391954
11456,0.0033609740501391954
11457,0.0033609740501391954
11458,0.0033609740501391954
11459,0.0033609740501391954
11460,0.0033609740501391954
11461,0.0033609740501391954
11462,0.0033609740501391954
11463,0.0033609740501391954
11464,0.0033609740501391954
11465,0.0033609740501391954
11466,0.0033609740501391954
11467,0.0033609740501391954
11468,0.0033609740501391954
11469,0.0033609740501391954
11470,0.0033609740501391954
11471,0.0033609740501391954
11472,0.0033609740501391954
11473,0.0033609740501391954
11474,0.0033609740501391954
11475,0.0033609740501391954
11476,0.0033609740501391954
11477,0.0033609740501391954
11478,0.0033609740501391954
11479,0.0033609740501391954
11480,0.0033609740501391954
11481,0.0033609740501391954
11482,0.0033609740501391954
11483,0.0033609740501391954
11484,0.0033609740501391954
11485,0.0033609740501391954
11486,0.0033609740501391954
11487,0.0033609740501391954
11488,0.0033609740501391954
11489,0.0033609740501391954
11490,0.0033609740501391954
11491,0.0033609740501391954
11492,0.0033609740501391954
11493,0.0033609740501391954
11494,0.0033609740501391954
11495,0.0033609740501391954
11496,0.0033609740501391954
11497,0.0033609740501391954
11498,0.0033609740501391954
11499,0.0033609740501391954
11500,0.0033609740501391954
11501,0.0033609740501391954
11502,0.0033609740501391954
11503,0.0033609740501391954
11504,0.0033609740501391954
11505,0.0033609740501391954
11506,0.0033609740501391954
11507,0.0033609740501391954
11508,0.0033609740501391954
11509,0.0033609740501391954
11510,0.0033609740501391954
11511,0.0033609740501391954
11512,0.0033609740501391954
11513,0.0033609740501391954
11514,0.0033609740501391954
11515,0.0033609740501391954
11516,0.0033609740501391954
11517,0.0033609740501391954
11518,0.0033609740501391954
11519,0.0033609740501391954
11520,0.0033609740501391954
11521,0.0033609740501391954
11522,0.0033609740501391954
11523,0.0033609740501391954
11524,0.0033609740501391954
11525,0.0033609740501391954
11526,0.0033609740501391954
11527,0.0033609740501391954
11528,0.0033609740501391954
11529,0.0033609740501391954
11530,0.0033609740501391954
11531,0.0033609740501391954
11532,0.0033609740501391954
11533,0.0033609740501391954
11534,0.0033609740501391954
11535,0.0033609740501391954
11536,0.0033609740501391954
11537,0.0033609740501391954
11538,0.0033609740501391954
11539,0.0033609740501391954
11540,0.0033609740501391954
11541,0.0033609740501391954
11542,0.0033609740501391954
11543,0.0033609740501391954
11544,0.0033609740501391954
11545,0.0033609740501391954
11546,0.0033609740501391954
11547,0.0033609740501391954
11548,0.0033609740501391954
11549,0.0033609740501391954
11550,0.0033609740501391954
11551,0.0033609740501391954
11552,0.0033609740501391954
11553,0.0033609740501391954
11554,0.0033609740501391954
11555,0.0033609740501391954
11556,0.0033609740501391954
11557,0.0033609740501391954
11558,0.0033609740501391954
11559,0.0033609740501391954
11560,0.0033609740501391954
11561,0.0033609740501391954
11562,0.0033609740501391954
11563,0.0033609740501391954
11564,0.0033609740501391954
11565,0.0033609740501391954
11566,0.0033609740501391954
11567,0.0033609740501391954
11568,0.0033609740501391954
11569,0.0033609740501391954
11570,0.0033609740501391954
11571,0.0033609740501391954
11572,0.0033609740501391954
11573,0.0033609740501391954
11574,0.0033609740501391954
11575,0.0033609740501391954
11576,0.0033609740501391954
11577,0.0033609740501391954
11578,0.0033609740501391954
11579,0.0033609740501391954
11580,0.0033609740501391954
11581,0.0033609740501391954
11582,0.0033609740501391954
11583,0.0033609740501391954
11584,0.0033609740501391954
11585,0.0033609740501391954
11586,0.0033609740501391954
11587,0.0033609740501391954
11588,0.0033609740501391954
11589,0.0033609740501391954
11590,0.0033609740501391954
11591,0.0033609740501391954
11592,0.0033609740501391954
11593,0.0033609740501391954
11594,0.0033609740501391954
11595,0.0033609740501391954
11596,0.0033609740501391954
11597,0.0033609740501391954
11598,0.0033609740501391954
11599,0.0033609740501391954
11600,0.0033609740501391954
11601,0.0033609740501391954
11602,0.0033609740501391954
11603,0.0033609740501391954
11604,0.0033609740501391954
11605,0.0033609740501391954
11606,0.0033609740501391954
11607,0.0033609740501391954
11608,0.0033609740501391954
11609,0.0033609740501391954
11610,0.0033609740501391954
11611,0.0033609740501391954
11612,0.0033609740501391954
11613,0.0033609740501391954
11614,0.0033609740501391954
11615,0.0033609740501391954
11616,0.0033609740501391954
11617,0.0033609740501391954
11618,0.0033609740501391954
11619,0.0033609740501391954
11620,0.0033609740501391954
11621,0.0033609740501391954
11622,0.0033609740501391954
11623,0.0033609740501391954
11624,0.0033609740501391954
11625,0.0033609740501391954
11626,0.0033609740501391954
11627,0.0033609740501391954
11628,0.0033609740501391954
11629,0.0033609740501391954
11630,0.0033609740501391954
11631,0.0033609740501391954
11632,0.0033609740501391954
11633,0.0033609740501391954
11634,0.0033609740501391954
11635,0.0033609740501391954
11636,0.0033609740501391954
11637,0.0033609740501391954
11638,0.0033609740501391954
11639,0.0033609740501391954
11640,0.0033609740501391954
11641,0.0033609740501391954
11642,0.0033609740501391954
11643,0.0033609740501391954
11644,0.0033609740501391954
11645,0.0033609740501391954
11646,0.0033609740501391954
11647,0.0033609740501391954
11648,0.0033609740501391954
11649,0.0033609740501391954
11650,0.0033609740501391954
11651,0.0033609740501391954
11652,0.0033609740501391954
11653,0.0033609740501391954
11654,0.0033609740501391954
11655,0.0033609740501391954
11656,0.0033609740501391954
11657,0.0033609740501391954
11658,0.0033609740501391954
11659,0.0033609740501391954
11660,0.0033609740501391954
11661,0.0033609740501391954
11662,0.0033609740501391954
11663,0.0033609740501391954
11664,0.0033609740501391954
11665,0.0033609740501391954
11666,0.0033609740501391954
11667,0.0033609740501391954
11668,0.0033609740501391954
11669,0.0033609740501391954
11670,0.0033609740501391954
11671,0.0033609740501391954
11672,0.0033609740501391954
11673,0.0033609740501391954
11674,0.0033609740501391954
11675,0.0033609740501391954
11676,0.0033609740501391954
11677,0.0033609740501391954
11678,0.0033609740501391954
11679,0.0033609740501391954
11680,0.0033609740501391954
11681,0.0033609740501391954
11682,0.0033609740501391954
11683,0.0033609740501391954
11684,0.0033609740501391954
11685,0.0033609740501391954
11686,0.0033609740501391954
11687,0.0033609740501391954
11688,0.0033609740501391954
11689,0.0033609740501391954
11690,0.0033609740501391954
11691,0.0033609740501391954
11692,0.0033609740501391954
11693,0.0033609740501391954
11694,0.0033609740501391954
11695,0.0033609740501391954
11696,0.0033609740501391954
11697,0.0033609740501391954
11698,0.0033609740501391954
11699,0.0033609740501391954
11700,0.0033609740501391954
11701,0.0033609740501391954
11702,0.0033609740501391954
11703,0.0033609740501391954
11704,0.0033609740501391954
11705,0.0033609740501391954
11706,0.0033609740501391954
11707,0.0033609740501391954
11708,0.0033609740501391954
11709,0.0033609740501391954
11710,0.0033609740501391954
11711,0.0033609740501391954
11712,0.0033609740501391954
11713,0.0033609740501391954
11714,0.0033609740501391954
11715,0.0033609740501391954
11716,0.0033609740501391954
11717,0.0033609740501391954
11718,0.0033609740501391954
11719,0.0033609740501391954
11720,0.0033609740501391954
11721,0.0033609740501391954
11722,0.0033609740501391954
11723,0.0033609740501391954
11724,0.0033609740501391954
11725,0.0033609740501391954
11726,0.0033609740501391954
11727,0.0033609740501391954
11728,0.0033609740501391954
11729,0.0033609740501391954
11730,0.0033609740501391954
11731,0.0033609740501391954
11732,0.0033609740501391954
11733,0.0033609740501391954
11734,0.0033609740501391954
11735,0.0033609740501391954
11736,0.0033609740501391954
11737,0.0033609740501391954
11738,0.0033609740501391954
11739,0.0033609740501391954
11740,0.0033609740501391954
11741,0.0033609740501391954
11742,0.0033609740501391954
11743,0.0033609740501391954
11744,0.0033609740501391954
11745,0.0033609740501391954
11746,0.0033609740501391954
11747,0.0033609740501391954
11748,0.0033609740501391954
11749,0.0033609740501391954
11750,0.0033609740501391954
11751,0.0033609740501391954
11752,0.0033609740501391954
11753,0.0033609740501391954
11754,0.0033609740501391954
11755,0.0033609740501391954
11756,0.0033609740501391954
11757,0.0033609740501391954
11758,0.0033609740501391954
11759,0.0033609740501391954
11760,0.0033609740501391954
11761,0.0033609740501391954
11762,0.0033609740501391954
11763,0.0033609740501391954
11764,0.0033609740501391954
11765,0.0033609740501391954
11766,0.0033609740501391954
11767,0.0033609740501391954
11768,0.0033609740501391954
11769,0.0033609740501391954
11770,0.0033609740501391954
11771,0.0033609740501391954
11772,0.0033609740501391954
11773,0.0033609740501391954
11774,0.0033609740501391954
11775,0.0033609740501391954
11776,0.0033609740501391954
11777,0.0033609740501391954
11778,0.0033609740501391954
11779,0.0033609740501391954
11780,0.0033609740501391954
11781,0.0033609740501391954
11782,0.0033609740501391954
11783,0.0033609740501391954
11784,0.0033609740501391954
11785,0.0033609740501391954
11786,0.0033609740501391954
11787,0.0033609740501391954
11788,0.0033609740501391954
11789,0.0033609740501391954
11790,0.0033609740501391954
11791,0.0033609740501391954
11792,0.0033609740501391954
11793,0.0033609740501391954
11794,0.0033609740501391954
11795,0.0033609740501391954
11796,0.0033609740501391954
11797,0.0033609740501391954
11798,0.0033609740501391954
11799,0.0033609740501391954
11800,0.0033609740501391954
11801,0.0033609740501391954
11802,0.0033609740501391954
11803,0.0033609740501391954
11804,0.0033609740501391954
11805,0.0033609740501391954
11806,0.0033609740501391954
11807,0.0033609740501391954
11808,0.0033609740501391954
11809,0.0033609740501391954
11810,0.0033609740501391954
11811,0.0033609740501391954
11812,0.0033609740501391954
11813,0.0033609740501391954
11814,0.0033609740501391954
11815,0.0033609740501391954
11816,0.0033609740501391954
11817,0.0033609740501391954
11818,0.0033609740501391954
11819,0.0033609740501391954
11820,0.0033609740501391954
11821,0.0033609740501391954
11822,0.0033609740501391954
11823,0.0033609740501391954
11824,0.0033609740501391954
11825,0.0033609740501391954
11826,0.0033609740501391954
11827,0.0033609740501391954
11828,0.0033609740501391954
11829,0.0033609740501391954
11830,0.0033609740501391954
11831,0.0033609740501391954
11832,0.0033609740501391954
11833,0.0033609740501391954
11834,0.0033609740501391954
11835,0.0033609740501391954
11836,0.0033609740501391954
11837,0.0033609740501391954
11838,0.0033609740501391954
11839,0.0033609740501391954
11840,0.0033609740501391954
11841,0.0033609740501391954
11842,0.0033609740501391954
11843,0.0033609740501391954
11844,0.0033609740501391954
11845,0.0033609740501391954
11846,0.0033609740501391954
11847,0.0033609740501391954
11848,0.0033609740501391954
11849,0.0033609740501391954
11850,0.0033609740501391954
11851,0.0033609740501391954
11852,0.0033609740501391954
11853,0.0033609740501391954
11854,0.0033609740501391954
11855,0.0033609740501391954
11856,0.0033609740501391954
11857,0.0033609740501391954
11858,0.0033609740501391954
11859,0.0033609740501391954
11860,0.0033609740501391954
11861,0.0033609740501391954
11862,0.0033609740501391954
11863,0.0033609740501391954
11864,0.0033609740501391954
11865,0.0033609740501391954
11866,0.0033609740501391954
11867,0.0033609740501391954
11868,0.0033609740501391954
11869,0.0033609740501391954
11870,0.0033609740501391954
11871,0.0033609740501391954
11872,0.0033609740501391954
11873,0.0033609740501391954
11874,0.0033609740501391954
11875,0.0033609740501391954
11876,0.0033609740501391954
11877,0.0033609740501391954
11878,0.0033609740501391954
11879,0.0033609740501391954
11880,0.0033609740501391954
11881,0.0033609740501391954
11882,0.0033609740501391954
11883,0.0033609740501391954
11884,0.0033609740501391954
11885,0.0033609740501391954
11886,0.0033609740501391954
11887,0.0033609740501391954
11888,0.0033609740501391954
11889,0.0033609740501391954
11890,0.0033609740501391954
11891,0.0033609740501391954
11892,0.0033609740501391954
11893,0.0033609740501391954
11894,0.0033609740501391954
11895,0.0033609740501391954
11896,0.0033609740501391954
11897,0.0033609740501391954
11898,0.0033609740501391954
11899,0.0033609740501391954
11900,0.0033609740501391954
11901,0.0033609740501391954
11902,0.0033609740501391954
11903,0.0033609740501391954
11904,0.0033609740501391954
11905,0.0033609740501391954
11906,0.0033609740501391954
11907,0.0033609740501391954
11908,0.0033609740501391954
11909,0.0033609740501391954
11910,0.0033609740501391954
11911,0.0033609740501391954
11912,0.0033609740501391954
11913,0.0033609740501391954
11914,0.0033609740501391954
11915,0.0033609740501391954
11916,0.0033609740501391954
11917,0.0033609740501391954
11918,0.0033609740501391954
11919,0.0033609740501391954
11920,0.0033609740501391954
11921,0.0033609740501391954
11922,0.0033609740501391954
11923,0.0033609740501391954
11924,0.0033609740501391954
11925,0.0033609740501391954
11926,0.0033609740501391954
11927,0.0033609740501391954
11928,0.0033609740501391954
11929,0.0033609740501391954
11930,0.0033609740501391954
11931,0.0033609740501391954
11932,0.0033609740501391954
11933,0.0033609740501391954
11934,0.0033609740501391954
11935,0.0033609740501391954
11936,0.0033609740501391954
11937,0.0033609740501391954
11938,0.0033609740501391954
11939,0.0033609740501391954
11940,0.0033609740501391954
11941,0.0033609740501391954
11942,0.0033609740501391954
11943,0.0033609740501391954
11944,0.0033609740501391954
11945,0.0033609740501391954
11946,0.0033609740501391954
11947,0.0033609740501391954
11948,0.0033609740501391954
11949,0.0033609740501391954
11950,0.0033609740501391954
11951,0.0033609740501391954
11952,0.0033609740501391954
11953,0.0033609740501391954
11954,0.0033609740501391954
11955,0.0033609740501391954
11956,0.0033609740501391954
11957,0.0033609740501391954
11958,0.0033609740501391954
11959,0.0033609740501391954
11960,0.0033609740501391954
11961,0.0033609740501391954
11962,0.0033609740501391954
11963,0.0033609740501391954
11964,0.0033609740501391954
11965,0.0033609740501391954
11966,0.0033609740501391954
11967,0.0033609740501391954
11968,0.0033609740501391954
11969,0.0033609740501391954
11970,0.0033609740501391954
11971,0.0033609740501391954
11972,0.0033609740501391954
11973,0.0033609740501391954
11974,0.0033609740501391954
11975,0.0033609740501391954
11976,0.0033609740501391954
11977,0.0033609740501391954
11978,0.0033609740501391954
11979,0.0033609740501391954
11980,0.0033609740501391954
11981,0.0033609740501391954
11982,0.0033609740501391954
11983,0.0033609740501391954
11984,0.0033609740501391954
11985,0.0033609740501391954
11986,0.0033609740501391954
11987,0.0033609740501391954
11988,0.0033609740501391954
11989,0.0033609740501391954
11990,0.0033609740501391954
11991,0.0033609740501391954
11992,0.0033609740501391954
11993,0.0033609740501391954
11994,0.0033609740501391954
11995,0.0033609740501391954
11996,0.0033609740501391954
11997,0.0033609740501391954
11998,0.0033609740501391954
11999,0.0033609740501391954
12000,0.0033609740501391954
12001,0.0033609740501391954
12002,0.0033609740501391954
12003,0.0033609740501391954
12004,0.0033609740501391954
12005,0.0033609740501391954
12006,0.0033609740501391954
12007,0.0033609740501391954
12008,0.0033609740501391954
12009,0.0033609740501391954
12010,0.0033609740501391954
12011,0.0033609740501391954
12012,0.0033609740501391954
12013,0.0033609740501391954
12014,0.0033609740501391954
12015,0.0033609740501391954
12016,0.0033609740501391954
12017,0.0033609740501391954
12018,0.0033609740501391954
12019,0.0033609740501391954
12020,0.0033609740501391954
12021,0.0033609740501391954
12022,0.0033609740501391954
12023,0.0033609740501391954
12024,0.0033609740501391954
12025,0.0033609740501391954
12026,0.0033609740501391954
12027,0.0033609740501391954
12028,0.0033609740501391954
12029,0.0033609740501391954
12030,0.0033609740501391954
12031,0.0033609740501391954
12032,0.0033609740501391954
12033,0.0033609740501391954
12034,0.0033609740501391954
12035,0.0033609740501391954
12036,0.0033609740501391954
12037,0.0033609740501391954
12038,0.0033609740501391954
12039,0.0033609740501391954
12040,0.0033609740501391954
12041,0.0033609740501391954
12042,0.0033609740501391954
12043,0.0033609740501391954
12044,0.0033609740501391954
12045,0.0033609740501391954
12046,0.0033609740501391954
12047,0.0033609740501391954
12048,0.0033609740501391954
12049,0.0033609740501391954
12050,0.0033609740501391954
12051,0.0033609740501391954
12052,0.0033609740501391954
12053,0.0033609740501391954
12054,0.0033609740501391954
12055,0.0033609740501391954
12056,0.0033609740501391954
12057,0.0033609740501391954
12058,0.0033609740501391954
12059,0.0033609740501391954
12060,0.0033609740501391954
12061,0.0033609740501391954
12062,0.0033609740501391954
12063,0.0033609740501391954
12064,0.0033609740501391954
12065,0.0033609740501391954
12066,0.0033609740501391954
12067,0.0033609740501391954
12068,0.0033609740501391954
12069,0.0033609740501391954
12070,0.0033609740501391954
12071,0.0033609740501391954
12072,0.0033609740501391954
12073,0.0033609740501391954
12074,0.0033609740501391954
12075,0.0033609740501391954
12076,0.0033609740501391954
12077,0.0033609740501391954
12078,0.0033609740501391954
12079,0.0033609740501391954
12080,0.0033609740501391954
12081,0.0033609740501391954
12082,0.0033609740501391954
12083,0.0033609740501391954
12084,0.0033609740501391954
12085,0.0033609740501391954
12086,0.0033609740501391954
12087,0.0033609740501391954
12088,0.0033609740501391954
12089,0.0033609740501391954
12090,0.0033609740501391954
12091,0.0033609740501391954
12092,0.0033609740501391954
12093,0.0033609740501391954
12094,0.0033609740501391954
12095,0.0033609740501391954
12096,0.0033609740501391954
12097,0.0033609740501391954
12098,0.0033609740501391954
12099,0.0033609740501391954
12100,0.0033609740501391954
12101,0.0033609740501391954
12102,0.0033609740501391954
12103,0.0033609740501391954
12104,0.0033609740501391954
12105,0.0033609740501391954
12106,0.0033609740501391954
12107,0.0033609740501391954
12108,0.0033609740501391954
12109,0.0033609740501391954
12110,0.0033609740501391954
12111,0.0033609740501391954
12112,0.0033609740501391954
12113,0.0033609740501391954
12114,0.0033609740501391954
12115,0.0033609740501391954
12116,0.0033609740501391954
12117,0.0033609740501391954
12118,0.0033609740501391954
12119,0.0033609740501391954
12120,0.0033609740501391954
12121,0.0033609740501391954
12122,0.0033609740501391954
12123,0.0033609740501391954
12124,0.0033609740501391954
12125,0.0033609740501391954
12126,0.0033609740501391954
12127,0.0033609740501391954
12128,0.0033609740501391954
12129,0.0033609740501391954
12130,0.0033609740501391954
12131,0.0033609740501391954
12132,0.0033609740501391954
12133,0.0033609740501391954
12134,0.0033609740501391954
12135,0.0033609740501391954
12136,0.0033609740501391954
12137,0.0033609740501391954
12138,0.0033609740501391954
12139,0.0033609740501391954
12140,0.0033609740501391954
12141,0.0033609740501391954
12142,0.0033609740501391954
12143,0.0033609740501391954
12144,0.0033609740501391954
12145,0.0033609740501391954
12146,0.0033609740501391954
12147,0.0033609740501391954
12148,0.0033609740501391954
12149,0.0033609740501391954
12150,0.0033609740501391954
12151,0.0033609740501391954
12152,0.0033609740501391954
12153,0.0033609740501391954
12154,0.0033609740501391954
12155,0.0033609740501391954
12156,0.0033609740501391954
12157,0.0033609740501391954
12158,0.0033609740501391954
12159,0.0033609740501391954
12160,0.0033609740501391954
12161,0.0033609740501391954
12162,0.0033609740501391954
12163,0.0033609740501391954
12164,0.0033609740501391954
12165,0.0033609740501391954
12166,0.0033609740501391954
12167,0.0033609740501391954
12168,0.0033609740501391954
12169,0.0033609740501391954
12170,0.0033609740501391954
12171,0.0033609740501391954
12172,0.0033609740501391954
12173,0.0033609740501391954
12174,0.0033609740501391954
12175,0.0033609740501391954
12176,0.0033609740501391954
12177,0.0033609740501391954
12178,0.0033609740501391954
12179,0.0033609740501391954
12180,0.0033609740501391954
12181,0.0033609740501391954
12182,0.0033609740501391954
12183,0.0033609740501391954
12184,0.0033609740501391954
12185,0.0033609740501391954
12186,0.0033609740501391954
12187,0.0033609740501391954
12188,0.0033609740501391954
12189,0.0033609740501391954
12190,0.0033609740501391954
12191,0.0033609740501391954
12192,0.0033609740501391954
12193,0.0033609740501391954
12194,0.0033609740501391954
12195,0.0033609740501391954
12196,0.0033609740501391954
12197,0.0033609740501391954
12198,0.0033609740501391954
12199,0.0033609740501391954
12200,0.0033609740501391954
12201,0.0033609740501391954
12202,0.0033609740501391954
12203,0.0033609740501391954
12204,0.0033609740501391954
12205,0.0033609740501391954
12206,0.0033609740501391954
12207,0.0033609740501391954
12208,0.0033609740501391954
12209,0.0033609740501391954
12210,0.0033609740501391954
12211,0.0033609740501391954
12212,0.0033609740501391954
12213,0.0033609740501391954
12214,0.0033609740501391954
12215,0.0033609740501391954
12216,0.0033609740501391954
12217,0.0033609740501391954
12218,0.0033609740501391954
12219,0.0033609740501391954
12220,0.0033609740501391954
12221,0.0033609740501391954
12222,0.0033609740501391954
12223,0.0033609740501391954
12224,0.0033609740501391954
12225,0.0033609740501391954
12226,0.0033609740501391954
12227,0.0033609740501391954
12228,0.0033609740501391954
12229,0.0033609740501391954
12230,0.0033609740501391954
12231,0.0033609740501391954
12232,0.0033609740501391954
12233,0.0033609740501391954
12234,0.0033609740501391954
12235,0.0033609740501391954
12236,0.0033609740501391954
12237,0.0033609740501391954
12238,0.0033609740501391954
12239,0.0033609740501391954
12240,0.0033609740501391954
12241,0.0033609740501391954
12242,0.0033609740501391954
12243,0.0033609740501391954
12244,0.0033609740501391954
12245,0.0033609740501391954
12246,0.0033609740501391954
12247,0.0033609740501391954
12248,0.0033609740501391954
12249,0.0033609740501391954
12250,0.0033609740501391954
12251,0.0033609740501391954
12252,0.0033609740501391954
12253,0.0033609740501391954
12254,0.0033609740501391954
12255,0.0033609740501391954
12256,0.0033609740501391954
12257,0.0033609740501391954
12258,0.0033609740501391954
12259,0.0033609740501391954
12260,0.0033609740501391954
12261,0.0033609740501391954
12262,0.0033609740501391954
12263,0.0033609740501391954
12264,0.0033609740501391954
12265,0.0033609740501391954
12266,0.0033609740501391954
12267,0.0033609740501391954
12268,0.0033609740501391954
12269,0.0033609740501391954
12270,0.0033609740501391954
12271,0.0033609740501391954
12272,0.0033609740501391954
12273,0.0033609740501391954
12274,0.0033609740501391954
12275,0.0033609740501391954
12276,0.0033609740501391954
12277,0.0033609740501391954
12278,0.0033609740501391954
12279,0.0033609740501391954
12280,0.0033609740501391954
12281,0.0033609740501391954
12282,0.0033609740501391954
12283,0.0033609740501391954
12284,0.0033609740501391954
12285,0.0033609740501391954
12286,0.0033609740501391954
12287,0.0033609740501391954
12288,0.0033609740501391954
12289,0.0033609740501391954
12290,0.0033609740501391954
12291,0.0033609740501391954
12292,0.0033609740501391954
12293,0.0033609740501391954
12294,0.0033609740501391954
12295,0.0033609740501391954
12296,0.0033609740501391954
12297,0.0033609740501391954
12298,0.0033609740501391954
12299,0.0033609740501391954
12300,0.0033609740501391954
12301,0.0033609740501391954
12302,0.0033609740501391954
12303,0.0033609740501391954
12304,0.0033609740501391954
12305,0.0033609740501391954
12306,0.0033609740501391954
12307,0.0033609740501391954
12308,0.0033609740501391954
12309,0.0033609740501391954
12310,0.0033609740501391954
12311,0.0033609740501391954
12312,0.0033609740501391954
12313,0.0033609740501391954
12314,0.0033609740501391954
12315,0.0033609740501391954
12316,0.0033609740501391954
12317,0.0033609740501391954
12318,0.0033609740501391954
12319,0.0033609740501391954
12320,0.0033609740501391954
12321,0.0033609740501391954
12322,0.0033609740501391954
12323,0.0033609740501391954
12324,0.0033609740501391954
12325,0.0033609740501391954
12326,0.0033609740501391954
12327,0.0033609740501391954
12328,0.0033609740501391954
12329,0.0033609740501391954
12330,0.0033609740501391954
12331,0.0033609740501391954
12332,0.0033609740501391954
12333,0.0033609740501391954
12334,0.0033609740501391954
12335,0.0033609740501391954
12336,0.0033609740501391954
12337,0.0033609740501391954
12338,0.0033609740501391954
12339,0.0033609740501391954
12340,0.0033609740501391954
12341,0.0033609740501391954
12342,0.0033609740501391954
12343,0.0033609740501391954
12344,0.0033609740501391954
12345,0.0033609740501391954
12346,0.0033609740501391954
12347,0.0033609740501391954
12348,0.0033609740501391954
12349,0.0033609740501391954
12350,0.0033609740501391954
12351,0.0033609740501391954
12352,0.0033609740501391954
12353,0.0033609740501391954
12354,0.0033609740501391954
12355,0.0033609740501391954
12356,0.0033609740501391954
12357,0.0033609740501391954
12358,0.0033609740501391954
12359,0.0033609740501391954
12360,0.0033609740501391954
12361,0.0033609740501391954
12362,0.0033609740501391954
12363,0.0033609740501391954
12364,0.0033609740501391954
12365,0.0033609740501391954
12366,0.0033609740501391954
12367,0.0033609740501391954
12368,0.0033609740501391954
12369,0.0033609740501391954
12370,0.0033609740501391954
12371,0.0033609740501391954
12372,0.0033609740501391954
12373,0.0033609740501391954
12374,0.0033609740501391954
12375,0.0033609740501391954
12376,0.0033609740501391954
12377,0.0033609740501391954
12378,0.0033609740501391954
12379,0.0033609740501391954
12380,0.0033609740501391954
12381,0.0033609740501391954
12382,0.0033609740501391954
12383,0.0033609740501391954
12384,0.0033609740501391954
12385,0.0033609740501391954
12386,0.0033609740501391954
12387,0.0033609740501391954
12388,0.0033609740501391954
12389,0.0033609740501391954
12390,0.0033609740501391954
12391,0.0033609740501391954
12392,0.0033609740501391954
12393,0.0033609740501391954
12394,0.0033609740501391954
12395,0.0033609740501391954
12396,0.0033609740501391954
12397,0.0033609740501391954
12398,0.0033609740501391954
12399,0.0033609740501391954
12400,0.0033609740501391954
12401,0.0033609740501391954
12402,0.0033609740501391954
12403,0.0033609740501391954
12404,0.0033609740501391954
12405,0.0033609740501391954
12406,0.0033609740501391954
12407,0.0033609740501391954
12408,0.0033609740501391954
12409,0.0033609740501391954
12410,0.0033609740501391954
12411,0.0033609740501391954
12412,0.0033609740501391954
12413,0.0033609740501391954
12414,0.0033609740501391954
12415,0.0033609740501391954
12416,0.0033609740501391954
12417,0.0033609740501391954
12418,0.0033609740501391954
12419,0.0033609740501391954
12420,0.0033609740501391954
12421,0.0033609740501391954
12422,0.0033609740501391954
12423,0.0033609740501391954
12424,0.0033609740501391954
12425,0.0033609740501391954
12426,0.0033609740501391954
12427,0.0033609740501391954
12428,0.0033609740501391954
12429,0.0033609740501391954
12430,0.0033609740501391954
12431,0.0033609740501391954
12432,0.0033609740501391954
12433,0.0033609740501391954
12434,0.0033609740501391954
12435,0.0033609740501391954
12436,0.0033609740501391954
12437,0.0033609740501391954
12438,0.0033609740501391954
12439,0.0033609740501391954
12440,0.0033609740501391954
12441,0.0033609740501391954
12442,0.0033609740501391954
12443,0.0033609740501391954
12444,0.0033609740501391954
12445,0.0033609740501391954
12446,0.0033609740501391954
12447,0.0033609740501391954
12448,0.0033609740501391954
12449,0.0033609740501391954
12450,0.0033609740501391954
12451,0.0033609740501391954
12452,0.0033609740501391954
12453,0.0033609740501391954
12454,0.0033609740501391954
12455,0.0033609740501391954
12456,0.0033609740501391954
12457,0.0033609740501391954
12458,0.0033609740501391954
12459,0.0033609740501391954
12460,0.0033609740501391954
12461,0.0033609740501391954
12462,0.0033609740501391954
12463,0.0033609740501391954
12464,0.0033609740501391954
12465,0.0033609740501391954
12466,0.0033609740501391954
12467,0.0033609740501391954
12468,0.0033609740501391954
12469,0.0033609740501391954
12470,0.0033609740501391954
12471,0.0033609740501391954
12472,0.0033609740501391954
12473,0.0033609740501391954
12474,0.0033609740501391954
12475,0.0033609740501391954
12476,0.0033609740501391954
12477,0.0033609740501391954
12478,0.0033609740501391954
12479,0.0033609740501391954
12480,0.0033609740501391954
12481,0.0033609740501391954
12482,0.0033609740501391954
12483,0.0033609740501391954
12484,0.0033609740501391954
12485,0.0033609740501391954
12486,0.0033609740501391954
12487,0.0033609740501391954
12488,0.0033609740501391954
12489,0.0033609740501391954
12490,0.0033609740501391954
12491,0.0033609740501391954
12492,0.0033609740501391954
12493,0.0033609740501391954
12494,0.0033609740501391954
12495,0.0033609740501391954
12496,0.0033609740501391954
12497,0.0033609740501391954
12498,0.0033609740501391954
12499,0.0033609740501391954
12500,0.0033609740501391954
12501,0.0033609740501391954
12502,0.0033609740501391954
12503,0.0033609740501391954
12504,0.0033609740501391954
12505,0.0033609740501391954
12506,0.0033609740501391954
12507,0.0033609740501391954
12508,0.0033609740501391954
12509,0.0033609740501391954
12510,0.0033609740501391954
12511,0.0033609740501391954
12512,0.0033609740501391954
12513,0.0033609740501391954
12514,0.0033609740501391954
12515,0.0033609740501391954
12516,0.0033609740501391954
12517,0.0033609740501391954
12518,0.0033609740501391954
12519,0.0033609740501391954
12520,0.0033609740501391954
12521,0.0033609740501391954
12522,0.0033609740501391954
12523,0.0033609740501391954
12524,0.0033609740501391954
12525,0.0033609740501391954
12526,0.0033609740501391954
12527,0.0033609740501391954
12528,0.0033609740501391954
12529,0.0033609740501391954
12530,0.0033609740501391954
12531,0.0033609740501391954
12532,0.0033609740501391954
12533,0.0033609740501391954
12534,0.0033609740501391954
12535,0.0033609740501391954
12536,0.0033609740501391954
12537,0.0033609740501391954
12538,0.0033609740501391954
12539,0.0033609740501391954
12540,0.0033609740501391954
12541,0.0033609740501391954
12542,0.0033609740501391954
12543,0.0033609740501391954
12544,0.0033609740501391954
12545,0.0033609740501391954
12546,0.0033609740501391954
12547,0.0033609740501391954
12548,0.0033609740501391954
12549,0.0033609740501391954
12550,0.0033609740501391954
12551,0.0033609740501391954
12552,0.0033609740501391954
12553,0.0033609740501391954
12554,0.0033609740501391954
12555,0.0033609740501391954
12556,0.0033609740501391954
12557,0.0033609740501391954
12558,0.0033609740501391954
12559,0.0033609740501391954
12560,0.0033609740501391954
12561,0.0033609740501391954
12562,0.0033609740501391954
12563,0.0033609740501391954
12564,0.0033609740501391954
12565,0.0033609740501391954
12566,0.0033609740501391954
12567,0.0033609740501391954
12568,0.0033609740501391954
12569,0.0033609740501391954
12570,0.0033609740501391954
12571,0.0033609740501391954
12572,0.0033609740501391954
12573,0.0033609740501391954
12574,0.0033609740501391954
12575,0.0033609740501391954
12576,0.0033609740501391954
12577,0.0033609740501391954
12578,0.0033609740501391954
12579,0.0033609740501391954
12580,0.0033609740501391954
12581,0.0033609740501391954
12582,0.0033609740501391954
12583,0.0033609740501391954
12584,0.0033609740501391954
12585,0.0033609740501391954
12586,0.0033609740501391954
12587,0.0033609740501391954
12588,0.0033609740501391954
12589,0.0033609740501391954
12590,0.0033609740501391954
12591,0.0033609740501391954
12592,0.0033609740501391954
12593,0.0033609740501391954
12594,0.0033609740501391954
12595,0.0033609740501391954
12596,0.0033609740501391954
12597,0.0033609740501391954
12598,0.0033609740501391954
12599,0.0033609740501391954
12600,0.0033609740501391954
12601,0.0033609740501391954
12602,0.0033609740501391954
12603,0.0033609740501391954
12604,0.0033609740501391954
12605,0.0033609740501391954
12606,0.0033609740501391954
12607,0.0033609740501391954
12608,0.0033609740501391954
12609,0.0033609740501391954
12610,0.0033609740501391954
12611,0.0033609740501391954
12612,0.0033609740501391954
12613,0.0033609740501391954
12614,0.0033609740501391954
12615,0.0033609740501391954
12616,0.0033609740501391954
12617,0.0033609740501391954
12618,0.0033609740501391954
12619,0.0033609740501391954
12620,0.0033609740501391954
12621,0.0033609740501391954
12622,0.0033609740501391954
12623,0.0033609740501391954
12624,0.0033609740501391954
12625,0.0033609740501391954
12626,0.0033609740501391954
12627,0.0033609740501391954
12628,0.0033609740501391954
12629,0.0033609740501391954
12630,0.0033609740501391954
12631,0.0033609740501391954
12632,0.0033609740501391954
12633,0.0033609740501391954
12634,0.0033609740501391954
12635,0.0033609740501391954
12636,0.0033609740501391954
12637,0.0033609740501391954
12638,0.0033609740501391954
12639,0.0033609740501391954
12640,0.0033609740501391954
12641,0.0033609740501391954
12642,0.0033609740501391954
12643,0.0033609740501391954
12644,0.0033609740501391954
12645,0.0033609740501391954
12646,0.0033609740501391954
12647,0.0033609740501391954
12648,0.0033609740501391954
12649,0.0033609740501391954
12650,0.0033609740501391954
12651,0.0033609740501391954
12652,0.0033609740501391954
12653,0.0033609740501391954
12654,0.0033609740501391954
12655,0.0033609740501391954
12656,0.0033609740501391954
12657,0.0033609740501391954
12658,0.0033609740501391954
12659,0.0033609740501391954
12660,0.0033609740501391954
12661,0.0033609740501391954
12662,0.0033609740501391954
12663,0.0033609740501391954
12664,0.0033609740501391954
12665,0.0033609740501391954
12666,0.0033609740501391954
12667,0.0033609740501391954
12668,0.0033609740501391954
12669,0.0033609740501391954
12670,0.0033609740501391954
12671,0.0033609740501391954
12672,0.0033609740501391954
12673,0.0033609740501391954
12674,0.0033609740501391954
12675,0.0033609740501391954
12676,0.0033609740501391954
12677,0.0033609740501391954
12678,0.0033609740501391954
12679,0.0033609740501391954
12680,0.0033609740501391954
12681,0.0033609740501391954
12682,0.0033609740501391954
12683,0.0033609740501391954
12684,0.0033609740501391954
12685,0.0033609740501391954
12686,0.0033609740501391954
12687,0.0033609740501391954
12688,0.0033609740501391954
12689,0.0033609740501391954
12690,0.0033609740501391954
12691,0.0033609740501391954
12692,0.0033609740501391954
12693,0.0033609740501391954
12694,0.0033609740501391954
12695,0.0033609740501391954
12696,0.0033609740501391954
12697,0.0033609740501391954
12698,0.0033609740501391954
12699,0.0033609740501391954
12700,0.0033609740501391954
12701,0.0033609740501391954
12702,0.0033609740501391954
12703,0.0033609740501391954
12704,0.0033609740501391954
12705,0.0033609740501391954
12706,0.0033609740501391954
12707,0.0033609740501391954
12708,0.0033609740501391954
12709,0.0033609740501391954
12710,0.0033609740501391954
12711,0.0033609740501391954
12712,0.0033609740501391954
12713,0.0033609740501391954
12714,0.0033609740501391954
12715,0.0033609740501391954
12716,0.0033609740501391954
12717,0.0033609740501391954
12718,0.0033609740501391954
12719,0.0033609740501391954
12720,0.0033609740501391954
12721,0.0033609740501391954
12722,0.0033609740501391954
12723,0.0033609740501391954
12724,0.0033609740501391954
12725,0.0033609740501391954
12726,0.0033609740501391954
12727,0.0033609740501391954
12728,0.0033609740501391954
12729,0.0033609740501391954
12730,0.0033609740501391954
12731,0.0033609740501391954
12732,0.0033609740501391954
12733,0.0033609740501391954
12734,0.0033609740501391954
12735,0.0033609740501391954
12736,0.0033609740501391954
12737,0.0033609740501391954
12738,0.0033609740501391954
12739,0.0033609740501391954
12740,0.0033609740501391954
12741,0.0033609740501391954
12742,0.0033609740501391954
12743,0.0033609740501391954
12744,0.0033609740501391954
12745,0.0033609740501391954
12746,0.0033609740501391954
12747,0.0033609740501391954
12748,0.0033609740501391954
12749,0.0033609740501391954
12750,0.0033609740501391954
12751,0.0033609740501391954
12752,0.0033609740501391954
12753,0.0033609740501391954
12754,0.0033609740501391954
12755,0.0033609740501391954
12756,0.0033609740501391954
12757,0.0033609740501391954
12758,0.0033609740501391954
12759,0.0033609740501391954
12760,0.0033609740501391954
12761,0.0033609740501391954
12762,0.0033609740501391954
12763,0.0033609740501391954
12764,0.0033609740501391954
12765,0.0033609740501391954
12766,0.0033609740501391954
12767,0.0033609740501391954
12768,0.0033609740501391954
12769,0.0033609740501391954
12770,0.0033609740501391954
12771,0.0033609740501391954
12772,0.0033609740501391954
12773,0.0033609740501391954
12774,0.0033609740501391954
12775,0.0033609740501391954
12776,0.0033609740501391954
12777,0.0033609740501391954
12778,0.0033609740501391954
12779,0.0033609740501391954
12780,0.0033609740501391954
12781,0.0033609740501391954
12782,0.0033609740501391954
12783,0.0033609740501391954
12784,0.0033609740501391954
12785,0.0033609740501391954
12786,0.0033609740501391954
12787,0.0033609740501391954
12788,0.0033609740501391954
12789,0.0033609740501391954
12790,0.0033609740501391954
12791,0.0033609740501391954
12792,0.0033609740501391954
12793,0.0033609740501391954
12794,0.0033609740501391954
12795,0.0033609740501391954
12796,0.0033609740501391954
12797,0.0033609740501391954
12798,0.0033609740501391954
12799,0.0033609740501391954
12800,0.0033609740501391954
12801,0.0033609740501391954
12802,0.0033609740501391954
12803,0.0033609740501391954
12804,0.0033609740501391954
12805,0.0033609740501391954
12806,0.0033609740501391954
12807,0.0033609740501391954
12808,0.0033609740501391954
12809,0.0033609740501391954
12810,0.0033609740501391954
12811,0.0033609740501391954
12812,0.0033609740501391954
12813,0.0033609740501391954
12814,0.0033609740501391954
12815,0.0033609740501391954
12816,0.0033609740501391954
12817,0.0033609740501391954
12818,0.0033609740501391954
12819,0.0033609740501391954
12820,0.0033609740501391954
12821,0.0033609740501391954
12822,0.0033609740501391954
12823,0.0033609740501391954
12824,0.0033609740501391954
12825,0.0033609740501391954
12826,0.0033609740501391954
12827,0.0033609740501391954
12828,0.0033609740501391954
12829,0.0033609740501391954
12830,0.0033609740501391954
12831,0.0033609740501391954
12832,0.0033609740501391954
12833,0.0033609740501391954
12834,0.0033609740501391954
12835,0.0033609740501391954
12836,0.0033609740501391954
12837,0.0033609740501391954
12838,0.0033609740501391954
12839,0.0033609740501391954
12840,0.0033609740501391954
12841,0.0033609740501391954
12842,0.0033609740501391954
12843,0.0033609740501391954
12844,0.0033609740501391954
12845,0.0033609740501391954
12846,0.0033609740501391954
12847,0.0033609740501391954
12848,0.0033609740501391954
12849,0.0033609740501391954
12850,0.0033609740501391954
12851,0.0033609740501391954
12852,0.0033609740501391954
12853,0.0033609740501391954
12854,0.0033609740501391954
12855,0.0033609740501391954
12856,0.0033609740501391954
12857,0.0033609740501391954
12858,0.0033609740501391954
12859,0.0033609740501391954
12860,0.0033609740501391954
12861,0.0033609740501391954
12862,0.0033609740501391954
12863,0.0033609740501391954
12864,0.0033609740501391954
12865,0.0033609740501391954
12866,0.0033609740501391954
12867,0.0033609740501391954
12868,0.0033609740501391954
12869,0.0033609740501391954
12870,0.0033609740501391954
12871,0.0033609740501391954
12872,0.0033609740501391954
12873,0.0033609740501391954
12874,0.0033609740501391954
12875,0.0033609740501391954
12876,0.0033609740501391954
12877,0.0033609740501391954
12878,0.0033609740501391954
12879,0.0033609740501391954
12880,0.0033609740501391954
12881,0.0033609740501391954
12882,0.0033609740501391954
12883,0.0033609740501391954
12884,0.0033609740501391954
12885,0.0033609740501391954
12886,0.0033609740501391954
12887,0.0033609740501391954
12888,0.0033609740501391954
12889,0.0033609740501391954
12890,0.0033609740501391954
12891,0.0033609740501391954
12892,0.0033609740501391954
12893,0.0033609740501391954
12894,0.0033609740501391954
12895,0.0033609740501391954
12896,0.0033609740501391954
12897,0.0033609740501391954
12898,0.0033609740501391954
12899,0.0033609740501391954
12900,0.0033609740501391954
12901,0.0033609740501391954
12902,0.0033609740501391954
12903,0.0033609740501391954
12904,0.0033609740501391954
12905,0.0033609740501391954
12906,0.0033609740501391954
12907,0.0033609740501391954
12908,0.0033609740501391954
12909,0.0033609740501391954
12910,0.0033609740501391954
12911,0.0033609740501391954
12912,0.0033609740501391954
12913,0.0033609740501391954
12914,0.0033609740501391954
12915,0.0033609740501391954
12916,0.0033609740501391954
12917,0.0033609740501391954
12918,0.0033609740501391954
12919,0.0033609740501391954
12920,0.0033609740501391954
12921,0.0033609740501391954
12922,0.0033609740501391954
12923,0.0033609740501391954
12924,0.0033609740501391954
12925,0.0033609740501391954
12926,0.0033609740501391954
12927,0.0033609740501391954
12928,0.0033609740501391954
12929,0.0033609740501391954
12930,0.0033609740501391954
12931,0.0033609740501391954
12932,0.0033609740501391954
12933,0.0033609740501391954
12934,0.0033609740501391954
12935,0.0033609740501391954
12936,0.0033609740501391954
12937,0.0033609740501391954
12938,0.0033609740501391954
12939,0.0033609740501391954
12940,0.0033609740501391954
12941,0.0033609740501391954
12942,0.0033609740501391954
12943,0.0033609740501391954
12944,0.0033609740501391954
12945,0.0033609740501391954
12946,0.0033609740501391954
12947,0.0033609740501391954
12948,0.0033609740501391954
12949,0.0033609740501391954
12950,0.0033609740501391954
12951,0.0033609740501391954
12952,0.0033609740501391954
12953,0.0033609740501391954
12954,0.0033609740501391954
12955,0.0033609740501391954
12956,0.0033609740501391954
12957,0.0033609740501391954
12958,0.0033609740501391954
12959,0.0033609740501391954
12960,0.0033609740501391954
12961,0.0033609740501391954
12962,0.0033609740501391954
12963,0.0033609740501391954
12964,0.0033609740501391954
12965,0.0033609740501391954
12966,0.0033609740501391954
12967,0.0033609740501391954
12968,0.0033609740501391954
12969,0.0033609740501391954
12970,0.0033609740501391954
12971,0.0033609740501391954
12972,0.0033609740501391954
12973,0.0033609740501391954
12974,0.0033609740501391954
12975,0.0033609740501391954
12976,0.0033609740501391954
12977,0.0033609740501391954
12978,0.0033609740501391954
12979,0.0033609740501391954
12980,0.0033609740501391954
12981,0.0033609740501391954
12982,0.0033609740501391954
12983,0.0033609740501391954
12984,0.0033609740501391954
12985,0.0033609740501391954
12986,0.0033609740501391954
12987,0.0033609740501391954
12988,0.0033609740501391954
12989,0.0033609740501391954
12990,0.0033609740501391954
12991,0.0033609740501391954
12992,0.0033609740501391954
12993,0.0033609740501391954
12994,0.0033609740501391954
12995,0.0033609740501391954
12996,0.0033609740501391954
12997,0.0033609740501391954
12998,0.0033609740501391954
12999,0.0033609740501391954
13000,0.0033609740501391954
13001,0.0033609740501391954
13002,0.0033609740501391954
13003,0.0033609740501391954
13004,0.0033609740501391954
13005,0.0033609740501391954
13006,0.0033609740501391954
13007,0.0033609740501391954
13008,0.0033609740501391954
13009,0.0033609740501391954
13010,0.0033609740501391954
13011,0.0033609740501391954
13012,0.0033609740501391954
13013,0.0033609740501391954
13014,0.0033609740501391954
13015,0.0033609740501391954
13016,0.0033609740501391954
13017,0.0033609740501391954
13018,0.0033609740501391954
13019,0.0033609740501391954
13020,0.0033609740501391954
13021,0.0033609740501391954
13022,0.0033609740501391954
13023,0.0033609740501391954
13024,0.0033609740501391954
13025,0.0033609740501391954
13026,0.0033609740501391954
13027,0.0033609740501391954
13028,0.0033609740501391954
13029,0.0033609740501391954
13030,0.0033609740501391954
13031,0.0033609740501391954
13032,0.0033609740501391954
13033,0.0033609740501391954
13034,0.0033609740501391954
13035,0.0033609740501391954
13036,0.0033609740501391954
13037,0.0033609740501391954
13038,0.0033609740501391954
13039,0.0033609740501391954
13040,0.0033609740501391954
13041,0.0033609740501391954
13042,0.0033609740501391954
13043,0.0033609740501391954
13044,0.0033609740501391954
13045,0.0033609740501391954
13046,0.0033609740501391954
13047,0.0033609740501391954
13048,0.0033609740501391954
13049,0.0033609740501391954
13050,0.0033609740501391954
13051,0.0033609740501391954
13052,0.0033609740501391954
13053,0.0033609740501391954
13054,0.0033609740501391954
13055,0.0033609740501391954
13056,0.0033609740501391954
13057,0.0033609740501391954
13058,0.0033609740501391954
13059,0.0033609740501391954
13060,0.0033609740501391954
13061,0.0033609740501391954
13062,0.0033609740501391954
13063,0.0033609740501391954
13064,0.0033609740501391954
13065,0.0033609740501391954
13066,0.0033609740501391954
13067,0.0033609740501391954
13068,0.0033609740501391954
13069,0.0033609740501391954
13070,0.0033609740501391954
13071,0.0033609740501391954
13072,0.0033609740501391954
13073,0.0033609740501391954
13074,0.0033609740501391954
13075,0.0033609740501391954
13076,0.0033609740501391954
13077,0.0033609740501391954
13078,0.0033609740501391954
13079,0.0033609740501391954
13080,0.0033609740501391954
13081,0.0033609740501391954
13082,0.0033609740501391954
13083,0.0033609740501391954
13084,0.0033609740501391954
13085,0.0033609740501391954
13086,0.0033609740501391954
13087,0.0033609740501391954
13088,0.0033609740501391954
13089,0.0033609740501391954
13090,0.0033609740501391954
13091,0.0033609740501391954
13092,0.0033609740501391954
13093,0.0033609740501391954
13094,0.0033609740501391954
13095,0.0033609740501391954
13096,0.0033609740501391954
13097,0.0033609740501391954
13098,0.0033609740501391954
13099,0.0033609740501391954
13100,0.0033609740501391954
13101,0.0033609740501391954
13102,0.0033609740501391954
13103,0.0033609740501391954
13104,0.0033609740501391954
13105,0.0033609740501391954
13106,0.0033609740501391954
13107,0.0033609740501391954
13108,0.0033609740501391954
13109,0.0033609740501391954
13110,0.0033609740501391954
13111,0.0033609740501391954
13112,0.0033609740501391954
13113,0.0033609740501391954
13114,0.0033609740501391954
13115,0.0033609740501391954
13116,0.0033609740501391954
13117,0.0033609740501391954
13118,0.0033609740501391954
13119,0.0033609740501391954
13120,0.0033609740501391954
13121,0.0033609740501391954
13122,0.0033609740501391954
13123,0.0033609740501391954
13124,0.0033609740501391954
13125,0.0033609740501391954
13126,0.0033609740501391954
13127,0.0033609740501391954
13128,0.0033609740501391954
13129,0.0033609740501391954
13130,0.0033609740501391954
13131,0.0033609740501391954
13132,0.0033609740501391954
13133,0.0033609740501391954
13134,0.0033609740501391954
13135,0.0033609740501391954
13136,0.0033609740501391954
13137,0.0033609740501391954
13138,0.0033609740501391954
13139,0.0033609740501391954
13140,0.0033609740501391954
13141,0.0033609740501391954
13142,0.0033609740501391954
13143,0.0033609740501391954
13144,0.0033609740501391954
13145,0.0033609740501391954
13146,0.0033609740501391954
13147,0.0033609740501391954
13148,0.0033609740501391954
13149,0.0033609740501391954
13150,0.0033609740501391954
13151,0.0033609740501391954
13152,0.0033609740501391954
13153,0.0033609740501391954
13154,0.0033609740501391954
13155,0.0033609740501391954
13156,0.0033609740501391954
13157,0.0033609740501391954
13158,0.0033609740501391954
13159,0.0033609740501391954
13160,0.0033609740501391954
13161,0.0033609740501391954
13162,0.0033609740501391954
13163,0.0033609740501391954
13164,0.0033609740501391954
13165,0.0033609740501391954
13166,0.0033609740501391954
13167,0.0033609740501391954
13168,0.0033609740501391954
13169,0.0033609740501391954
13170,0.0033609740501391954
13171,0.0033609740501391954
13172,0.0033609740501391954
13173,0.0033609740501391954
13174,0.0033609740501391954
13175,0.0033609740501391954
13176,0.0033609740501391954
13177,0.0033609740501391954
13178,0.0033609740501391954
13179,0.0033609740501391954
13180,0.0033609740501391954
13181,0.0033609740501391954
13182,0.0033609740501391954
13183,0.0033609740501391954
13184,0.0033609740501391954
13185,0.0033609740501391954
13186,0.0033609740501391954
13187,0.0033609740501391954
13188,0.0033609740501391954
13189,0.0033609740501391954
13190,0.0033609740501391954
13191,0.0033609740501391954
13192,0.0033609740501391954
13193,0.0033609740501391954
13194,0.0033609740501391954
13195,0.0033609740501391954
13196,0.0033609740501391954
13197,0.0033609740501391954
13198,0.0033609740501391954
13199,0.0033609740501391954
13200,0.0033609740501391954
13201,0.0033609740501391954
13202,0.0033609740501391954
13203,0.0033609740501391954
13204,0.0033609740501391954
13205,0.0033609740501391954
13206,0.0033609740501391954
13207,0.0033609740501391954
13208,0.0033609740501391954
13209,0.0033609740501391954
13210,0.0033609740501391954
13211,0.0033609740501391954
13212,0.0033609740501391954
13213,0.0033609740501391954
13214,0.0033609740501391954
13215,0.0033609740501391954
13216,0.0033609740501391954
13217,0.0033609740501391954
13218,0.0033609740501391954
13219,0.0033609740501391954
13220,0.0033609740501391954
13221,0.0033609740501391954
13222,0.0033609740501391954
13223,0.0033609740501391954
13224,0.0033609740501391954
13225,0.0033609740501391954
13226,0.0033609740501391954
13227,0.0033609740501391954
13228,0.0033609740501391954
13229,0.0033609740501391954
13230,0.0033609740501391954
13231,0.0033609740501391954
13232,0.0033609740501391954
13233,0.0033609740501391954
13234,0.0033609740501391954
13235,0.0033609740501391954
13236,0.0033609740501391954
13237,0.0033609740501391954
13238,0.0033609740501391954
13239,0.0033609740501391954
13240,0.0033609740501391954
13241,0.0033609740501391954
13242,0.0033609740501391954
13243,0.0033609740501391954
13244,0.0033609740501391954
13245,0.0033609740501391954
13246,0.0033609740501391954
13247,0.0033609740501391954
13248,0.0033609740501391954
13249,0.0033609740501391954
13250,0.0033609740501391954
13251,0.0033609740501391954
13252,0.0033609740501391954
13253,0.0033609740501391954
13254,0.0033609740501391954
13255,0.0033609740501391954
13256,0.0033609740501391954
13257,0.0033609740501391954
13258,0.0033609740501391954
13259,0.0033609740501391954
13260,0.0033609740501391954
13261,0.0033609740501391954
13262,0.0033609740501391954
13263,0.0033609740501391954
13264,0.0033609740501391954
13265,0.0033609740501391954
13266,0.0033609740501391954
13267,0.0033609740501391954
13268,0.0033609740501391954
13269,0.0033609740501391954
13270,0.0033609740501391954
13271,0.0033609740501391954
13272,0.0033609740501391954
13273,0.0033609740501391954
13274,0.0033609740501391954
13275,0.0033609740501391954
13276,0.0033609740501391954
13277,0.0033609740501391954
13278,0.0033609740501391954
13279,0.0033609740501391954
13280,0.0033609740501391954
13281,0.0033609740501391954
13282,0.0033609740501391954
13283,0.0033609740501391954
13284,0.0033609740501391954
13285,0.0033609740501391954
13286,0.0033609740501391954
13287,0.0033609740501391954
13288,0.0033609740501391954
13289,0.0033609740501391954
13290,0.0033609740501391954
13291,0.0033609740501391954
13292,0.0033609740501391954
13293,0.0033609740501391954
13294,0.0033609740501391954
13295,0.0033609740501391954
13296,0.0033609740501391954
13297,0.0033609740501391954
13298,0.0033609740501391954
13299,0.0033609740501391954
13300,0.0033609740501391954
13301,0.0033609740501391954
13302,0.0033609740501391954
13303,0.0033609740501391954
13304,0.0033609740501391954
13305,0.0033609740501391954
13306,0.0033609740501391954
13307,0.0033609740501391954
13308,0.0033609740501391954
13309,0.0033609740501391954
13310,0.0033609740501391954
13311,0.0033609740501391954
13312,0.0033609740501391954
13313,0.0033609740501391954
13314,0.0033609740501391954
13315,0.0033609740501391954
13316,0.0033609740501391954
13317,0.0033609740501391954
13318,0.0033609740501391954
13319,0.0033609740501391954
13320,0.0033609740501391954
13321,0.0033609740501391954
13322,0.0033609740501391954
13323,0.0033609740501391954
13324,0.0033609740501391954
13325,0.0033609740501391954
13326,0.0033609740501391954
13327,0.0033609740501391954
13328,0.0033609740501391954
13329,0.0033609740501391954
13330,0.0033609740501391954
13331,0.0033609740501391954
13332,0.0033609740501391954
13333,0.0033609740501391954
13334,0.0033609740501391954
13335,0.0033609740501391954
13336,0.0033609740501391954
13337,0.0033609740501391954
13338,0.0033609740501391954
13339,0.0033609740501391954
13340,0.0033609740501391954
13341,0.0033609740501391954
13342,0.0033609740501391954
13343,0.0033609740501391954
13344,0.0033609740501391954
13345,0.0033609740501391954
13346,0.0033609740501391954
13347,0.0033609740501391954
13348,0.0033609740501391954
13349,0.0033609740501391954
13350,0.0033609740501391954
13351,0.0033609740501391954
13352,0.0033609740501391954
13353,0.0033609740501391954
13354,0.0033609740501391954
13355,0.0033609740501391954
13356,0.0033609740501391954
13357,0.0033609740501391954
13358,0.0033609740501391954
13359,0.0033609740501391954
13360,0.0033609740501391954
13361,0.0033609740501391954
13362,0.0033609740501391954
13363,0.0033609740501391954
13364,0.0033609740501391954
13365,0.0033609740501391954
13366,0.0033609740501391954
13367,0.0033609740501391954
13368,0.0033609740501391954
13369,0.0033609740501391954
13370,0.0033609740501391954
13371,0.0033609740501391954
13372,0.0033609740501391954
13373,0.0033609740501391954
13374,0.0033609740501391954
13375,0.0033609740501391954
13376,0.0033609740501391954
13377,0.0033609740501391954
13378,0.0033609740501391954
13379,0.0033609740501391954
13380,0.0033609740501391954
13381,0.0033609740501391954
13382,0.0033609740501391954
13383,0.0033609740501391954
13384,0.0033609740501391954
13385,0.0033609740501391954
13386,0.0033609740501391954
13387,0.0033609740501391954
13388,0.0033609740501391954
13389,0.0033609740501391954
13390,0.0033609740501391954
13391,0.0033609740501391954
13392,0.0033609740501391954
13393,0.0033609740501391954
13394,0.0033609740501391954
13395,0.0033609740501391954
13396,0.0033609740501391954
13397,0.0033609740501391954
13398,0.0033609740501391954
13399,0.0033609740501391954
13400,0.0033609740501391954
13401,0.0033609740501391954
13402,0.0033609740501391954
13403,0.0033609740501391954
13404,0.0033609740501391954
13405,0.0033609740501391954
13406,0.0033609740501391954
13407,0.0033609740501391954
13408,0.0033609740501391954
13409,0.0033609740501391954
13410,0.0033609740501391954
13411,0.0033609740501391954
13412,0.0033609740501391954
13413,0.0033609740501391954
13414,0.0033609740501391954
13415,0.0033609740501391954
13416,0.0033609740501391954
13417,0.0033609740501391954
13418,0.0033609740501391954
13419,0.0033609740501391954
13420,0.0033609740501391954
13421,0.0033609740501391954
13422,0.0033609740501391954
13423,0.0033609740501391954
13424,0.0033609740501391954
13425,0.0033609740501391954
13426,0.0033609740501391954
13427,0.0033609740501391954
13428,0.0033609740501391954
13429,0.0033609740501391954
13430,0.0033609740501391954
13431,0.0033609740501391954
13432,0.0033609740501391954
13433,0.0033609740501391954
13434,0.0033609740501391954
13435,0.0033609740501391954
13436,0.0033609740501391954
13437,0.0033609740501391954
13438,0.0033609740501391954
13439,0.0033609740501391954
13440,0.0033609740501391954
13441,0.0033609740501391954
13442,0.0033609740501391954
13443,0.0033609740501391954
13444,0.0033609740501391954
13445,0.0033609740501391954
13446,0.0033609740501391954
13447,0.0033609740501391954
13448,0.0033609740501391954
13449,0.0033609740501391954
13450,0.0033609740501391954
13451,0.0033609740501391954
13452,0.0033609740501391954
13453,0.0033609740501391954
13454,0.0033609740501391954
13455,0.0033609740501391954
13456,0.0033609740501391954
13457,0.0033609740501391954
13458,0.0033609740501391954
13459,0.0033609740501391954
13460,0.0033609740501391954
13461,0.0033609740501391954
13462,0.0033609740501391954
13463,0.0033609740501391954
13464,0.0033609740501391954
13465,0.0033609740501391954
13466,0.0033609740501391954
13467,0.0033609740501391954
13468,0.0033609740501391954
13469,0.0033609740501391954
13470,0.0033609740501391954
13471,0.0033609740501391954
13472,0.0033609740501391954
13473,0.0033609740501391954
13474,0.0033609740501391954
13475,0.0033609740501391954
13476,0.0033609740501391954
13477,0.0033609740501391954
13478,0.0033609740501391954
13479,0.0033609740501391954
13480,0.0033609740501391954
13481,0.0033609740501391954
13482,0.0033609740501391954
13483,0.0033609740501391954
13484,0.0033609740501391954
13485,0.0033609740501391954
13486,0.0033609740501391954
13487,0.0033609740501391954
13488,0.0033609740501391954
13489,0.0033609740501391954
13490,0.0033609740501391954
13491,0.0033609740501391954
13492,0.0033609740501391954
13493,0.0033609740501391954
13494,0.0033609740501391954
13495,0.0033609740501391954
13496,0.0033609740501391954
13497,0.0033609740501391954
13498,0.0033609740501391954
13499,0.0033609740501391954
13500,0.0033609740501391954
13501,0.0033609740501391954
13502,0.0033609740501391954
13503,0.0033609740501391954
13504,0.0033609740501391954
13505,0.0033609740501391954
13506,0.0033609740501391954
13507,0.0033609740501391954
13508,0.0033609740501391954
13509,0.0033609740501391954
13510,0.0033609740501391954
13511,0.0033609740501391954
13512,0.0033609740501391954
13513,0.0033609740501391954
13514,0.0033609740501391954
13515,0.0033609740501391954
13516,0.0033609740501391954
13517,0.0033609740501391954
13518,0.0033609740501391954
13519,0.0033609740501391954
13520,0.0033609740501391954
13521,0.0033609740501391954
13522,0.0033609740501391954
13523,0.0033609740501391954
13524,0.0033609740501391954
13525,0.0033609740501391954
13526,0.0033609740501391954
13527,0.0033609740501391954
13528,0.0033609740501391954
13529,0.0033609740501391954
13530,0.0033609740501391954
13531,0.0033609740501391954
13532,0.0033609740501391954
13533,0.0033609740501391954
13534,0.0033609740501391954
13535,0.0033609740501391954
13536,0.0033609740501391954
13537,0.0033609740501391954
13538,0.0033609740501391954
13539,0.0033609740501391954
13540,0.0033609740501391954
13541,0.0033609740501391954
13542,0.0033609740501391954
13543,0.0033609740501391954
13544,0.0033609740501391954
13545,0.0033609740501391954
13546,0.0033609740501391954
13547,0.0033609740501391954
13548,0.0033609740501391954
13549,0.0033609740501391954
13550,0.0033609740501391954
13551,0.0033609740501391954
13552,0.0033609740501391954
13553,0.0033609740501391954
13554,0.0033609740501391954
13555,0.0033609740501391954
13556,0.0033609740501391954
13557,0.0033609740501391954
13558,0.0033609740501391954
13559,0.0033609740501391954
13560,0.0033609740501391954
13561,0.0033609740501391954
13562,0.0033609740501391954
13563,0.0033609740501391954
13564,0.0033609740501391954
13565,0.0033609740501391954
13566,0.0033609740501391954
13567,0.0033609740501391954
13568,0.0033609740501391954
13569,0.0033609740501391954
13570,0.0033609740501391954
13571,0.0033609740501391954
13572,0.0033609740501391954
13573,0.0033609740501391954
13574,0.0033609740501391954
13575,0.0033609740501391954
13576,0.0033609740501391954
13577,0.0033609740501391954
13578,0.0033609740501391954
13579,0.0033609740501391954
13580,0.0033609740501391954
13581,0.0033609740501391954
13582,0.0033609740501391954
13583,0.0033609740501391954
13584,0.0033609740501391954
13585,0.0033609740501391954
13586,0.0033609740501391954
13587,0.0033609740501391954
13588,0.0033609740501391954
13589,0.0033609740501391954
13590,0.0033609740501391954
13591,0.0033609740501391954
13592,0.0033609740501391954
13593,0.0033609740501391954
13594,0.0033609740501391954
13595,0.0033609740501391954
13596,0.0033609740501391954
13597,0.0033609740501391954
13598,0.0033609740501391954
13599,0.0033609740501391954
13600,0.0033609740501391954
13601,0.0033609740501391954
13602,0.0033609740501391954
13603,0.0033609740501391954
13604,0.0033609740501391954
13605,0.0033609740501391954
13606,0.0033609740501391954
13607,0.0033609740501391954
13608,0.0033609740501391954
13609,0.0033609740501391954
13610,0.0033609740501391954
13611,0.0033609740501391954
13612,0.0033609740501391954
13613,0.0033609740501391954
13614,0.0033609740501391954
13615,0.0033609740501391954
13616,0.0033609740501391954
13617,0.0033609740501391954
13618,0.0033609740501391954
13619,0.0033609740501391954
13620,0.0033609740501391954
13621,0.0033609740501391954
13622,0.0033609740501391954
13623,0.0033609740501391954
13624,0.0033609740501391954
13625,0.0033609740501391954
13626,0.0033609740501391954
13627,0.0033609740501391954
13628,0.0033609740501391954
13629,0.0033609740501391954
13630,0.0033609740501391954
13631,0.0033609740501391954
13632,0.0033609740501391954
13633,0.0033609740501391954
13634,0.0033609740501391954
13635,0.0033609740501391954
13636,0.0033609740501391954
13637,0.0033609740501391954
13638,0.0033609740501391954
13639,0.0033609740501391954
13640,0.0033609740501391954
13641,0.0033609740501391954
13642,0.0033609740501391954
13643,0.0033609740501391954
13644,0.0033609740501391954
13645,0.0033609740501391954
13646,0.0033609740501391954
13647,0.0033609740501391954
13648,0.0033609740501391954
13649,0.0033609740501391954
13650,0.0033609740501391954
13651,0.0033609740501391954
13652,0.0033609740501391954
13653,0.0033609740501391954
13654,0.0033609740501391954
13655,0.0033609740501391954
13656,0.0033609740501391954
13657,0.0033609740501391954
13658,0.0033609740501391954
13659,0.0033609740501391954
13660,0.0033609740501391954
13661,0.0033609740501391954
13662,0.0033609740501391954
13663,0.0033609740501391954
13664,0.0033609740501391954
13665,0.0033609740501391954
13666,0.0033609740501391954
13667,0.0033609740501391954
13668,0.0033609740501391954
13669,0.0033609740501391954
13670,0.0033609740501391954
13671,0.0033609740501391954
13672,0.0033609740501391954
13673,0.0033609740501391954
13674,0.0033609740501391954
13675,0.0033609740501391954
13676,0.0033609740501391954
13677,0.0033609740501391954
13678,0.0033609740501391954
13679,0.0033609740501391954
13680,0.0033609740501391954
13681,0.0033609740501391954
13682,0.0033609740501391954
13683,0.0033609740501391954
13684,0.0033609740501391954
13685,0.0033609740501391954
13686,0.0033609740501391954
13687,0.0033609740501391954
13688,0.0033609740501391954
13689,0.0033609740501391954
13690,0.0033609740501391954
13691,0.0033609740501391954
13692,0.0033609740501391954
13693,0.0033609740501391954
13694,0.0033609740501391954
13695,0.0033609740501391954
13696,0.0033609740501391954
13697,0.0033609740501391954
13698,0.0033609740501391954
13699,0.0033609740501391954
13700,0.0033609740501391954
13701,0.0033609740501391954
13702,0.0033609740501391954
13703,0.0033609740501391954
13704,0.0033609740501391954
13705,0.0033609740501391954
13706,0.0033609740501391954
13707,0.0033609740501391954
13708,0.0033609740501391954
13709,0.0033609740501391954
13710,0.0033609740501391954
13711,0.0033609740501391954
13712,0.0033609740501391954
13713,0.0033609740501391954
13714,0.0033609740501391954
13715,0.0033609740501391954
13716,0.0033609740501391954
13717,0.0033609740501391954
13718,0.0033609740501391954
13719,0.0033609740501391954
13720,0.0033609740501391954
13721,0.0033609740501391954
13722,0.0033609740501391954
13723,0.0033609740501391954
13724,0.0033609740501391954
13725,0.0033609740501391954
13726,0.0033609740501391954
13727,0.0033609740501391954
13728,0.0033609740501391954
13729,0.0033609740501391954
13730,0.0033609740501391954
13731,0.0033609740501391954
13732,0.0033609740501391954
13733,0.0033609740501391954
13734,0.0033609740501391954
13735,0.0033609740501391954
13736,0.0033609740501391954
13737,0.0033609740501391954
13738,0.0033609740501391954
13739,0.0033609740501391954
13740,0.0033609740501391954
13741,0.0033609740501391954
13742,0.0033609740501391954
13743,0.0033609740501391954
13744,0.0033609740501391954
13745,0.0033609740501391954
13746,0.0033609740501391954
13747,0.0033609740501391954
13748,0.0033609740501391954
13749,0.0033609740501391954
13750,0.0033609740501391954
13751,0.0033609740501391954
13752,0.0033609740501391954
13753,0.0033609740501391954
13754,0.0033609740501391954
13755,0.0033609740501391954
13756,0.0033609740501391954
13757,0.0033609740501391954
13758,0.0033609740501391954
13759,0.0033609740501391954
13760,0.0033609740501391954
13761,0.0033609740501391954
13762,0.0033609740501391954
13763,0.0033609740501391954
13764,0.0033609740501391954
13765,0.0033609740501391954
13766,0.0033609740501391954
13767,0.0033609740501391954
13768,0.0033609740501391954
13769,0.0033609740501391954
13770,0.0033609740501391954
13771,0.0033609740501391954
13772,0.0033609740501391954
13773,0.0033609740501391954
13774,0.0033609740501391954
13775,0.0033609740501391954
13776,0.0033609740501391954
13777,0.0033609740501391954
13778,0.0033609740501391954
13779,0.0033609740501391954
13780,0.0033609740501391954
13781,0.0033609740501391954
13782,0.0033609740501391954
13783,0.0033609740501391954
13784,0.0033609740501391954
13785,0.0033609740501391954
13786,0.0033609740501391954
13787,0.0033609740501391954
13788,0.0033609740501391954
13789,0.0033609740501391954
13790,0.0033609740501391954
13791,0.0033609740501391954
13792,0.0033609740501391954
13793,0.0033609740501391954
13794,0.0033609740501391954
13795,0.0033609740501391954
13796,0.0033609740501391954
13797,0.0033609740501391954
13798,0.0033609740501391954
13799,0.0033609740501391954
13800,0.0033609740501391954
13801,0.0033609740501391954
13802,0.0033609740501391954
13803,0.0033609740501391954
13804,0.0033609740501391954
13805,0.0033609740501391954
13806,0.0033609740501391954
13807,0.0033609740501391954
13808,0.0033609740501391954
13809,0.0033609740501391954
13810,0.0033609740501391954
13811,0.0033609740501391954
13812,0.0033609740501391954
13813,0.0033609740501391954
13814,0.0033609740501391954
13815,0.0033609740501391954
13816,0.0033609740501391954
13817,0.0033609740501391954
13818,0.0033609740501391954
13819,0.0033609740501391954
13820,0.0033609740501391954
13821,0.0033609740501391954
13822,0.0033609740501391954
13823,0.0033609740501391954
13824,0.0033609740501391954
13825,0.0033609740501391954
13826,0.0033609740501391954
13827,0.0033609740501391954
13828,0.0033609740501391954
13829,0.0033609740501391954
13830,0.0033609740501391954
13831,0.0033609740501391954
13832,0.0033609740501391954
13833,0.0033609740501391954
13834,0.0033609740501391954
13835,0.0033609740501391954
13836,0.0033609740501391954
13837,0.0033609740501391954
13838,0.0033609740501391954
13839,0.0033609740501391954
13840,0.0033609740501391954
13841,0.0033609740501391954
13842,0.0033609740501391954
13843,0.0033609740501391954
13844,0.0033609740501391954
13845,0.0033609740501391954
13846,0.0033609740501391954
13847,0.0033609740501391954
13848,0.0033609740501391954
13849,0.0033609740501391954
13850,0.0033609740501391954
13851,0.0033609740501391954
13852,0.0033609740501391954
13853,0.0033609740501391954
13854,0.0033609740501391954
13855,0.0033609740501391954
13856,0.0033609740501391954
13857,0.0033609740501391954
13858,0.0033609740501391954
13859,0.0033609740501391954
13860,0.0033609740501391954
13861,0.0033609740501391954
13862,0.0033609740501391954
13863,0.0033609740501391954
13864,0.0033609740501391954
13865,0.0033609740501391954
13866,0.0033609740501391954
13867,0.0033609740501391954
13868,0.0033609740501391954
13869,0.0033609740501391954
13870,0.0033609740501391954
13871,0.0033609740501391954
13872,0.0033609740501391954
13873,0.0033609740501391954
13874,0.0033609740501391954
13875,0.0033609740501391954
13876,0.0033609740501391954
13877,0.0033609740501391954
13878,0.0033609740501391954
13879,0.0033609740501391954
13880,0.0033609740501391954
13881,0.0033609740501391954
13882,0.0033609740501391954
13883,0.0033609740501391954
13884,0.0033609740501391954
13885,0.0033609740501391954
13886,0.0033609740501391954
13887,0.0033609740501391954
13888,0.0033609740501391954
13889,0.0033609740501391954
13890,0.0033609740501391954
13891,0.0033609740501391954
13892,0.0033609740501391954
13893,0.0033609740501391954
13894,0.0033609740501391954
13895,0.0033609740501391954
13896,0.0033609740501391954
13897,0.0033609740501391954
13898,0.0033609740501391954
13899,0.0033609740501391954
13900,0.0033609740501391954
13901,0.0033609740501391954
13902,0.0033609740501391954
13903,0.0033609740501391954
13904,0.0033609740501391954
13905,0.0033609740501391954
13906,0.0033609740501391954
13907,0.0033609740501391954
13908,0.0033609740501391954
13909,0.0033609740501391954
13910,0.0033609740501391954
13911,0.0033609740501391954
13912,0.0033609740501391954
13913,0.0033609740501391954
13914,0.0033609740501391954
13915,0.0033609740501391954
13916,0.0033609740501391954
13917,0.0033609740501391954
13918,0.0033609740501391954
13919,0.0033609740501391954
13920,0.0033609740501391954
13921,0.0033609740501391954
13922,0.0033609740501391954
13923,0.0033609740501391954
13924,0.0033609740501391954
13925,0.0033609740501391954
13926,0.0033609740501391954
13927,0.0033609740501391954
13928,0.0033609740501391954
13929,0.0033609740501391954
13930,0.0033609740501391954
13931,0.0033609740501391954
13932,0.0033609740501391954
13933,0.0033609740501391954
13934,0.0033609740501391954
13935,0.0033609740501391954
13936,0.0033609740501391954
13937,0.0033609740501391954
13938,0.0033609740501391954
13939,0.0033609740501391954
13940,0.0033609740501391954
13941,0.0033609740501391954
13942,0.0033609740501391954
13943,0.0033609740501391954
13944,0.0033609740501391954
13945,0.0033609740501391954
13946,0.0033609740501391954
13947,0.0033609740501391954
13948,0.0033609740501391954
13949,0.0033609740501391954
13950,0.0033609740501391954
13951,0.0033609740501391954
13952,0.0033609740501391954
13953,0.0033609740501391954
13954,0.0033609740501391954
13955,0.0033609740501391954
13956,0.0033609740501391954
13957,0.0033609740501391954
13958,0.0033609740501391954
13959,0.0033609740501391954
13960,0.0033609740501391954
13961,0.0033609740501391954
13962,0.0033609740501391954
13963,0.0033609740501391954
13964,0.0033609740501391954
13965,0.0033609740501391954
13966,0.0033609740501391954
13967,0.0033609740501391954
13968,0.0033609740501391954
13969,0.0033609740501391954
13970,0.0033609740501391954
13971,0.0033609740501391954
13972,0.0033609740501391954
13973,0.0033609740501391954
13974,0.0033609740501391954
13975,0.0033609740501391954
13976,0.0033609740501391954
13977,0.0033609740501391954
13978,0.0033609740501391954
13979,0.0033609740501391954
13980,0.0033609740501391954
13981,0.0033609740501391954
13982,0.0033609740501391954
13983,0.0033609740501391954
13984,0.0033609740501391954
13985,0.0033609740501391954
13986,0.0033609740501391954
13987,0.0033609740501391954
13988,0.0033609740501391954
13989,0.0033609740501391954
13990,0.0033609740501391954
13991,0.0033609740501391954
13992,0.0033609740501391954
13993,0.0033609740501391954
13994,0.0033609740501391954
13995,0.0033609740501391954
13996,0.0033609740501391954
13997,0.0033609740501391954
13998,0.0033609740501391954
13999,0.0033609740501391954
14000,0.0033609740501391954
14001,0.0033609740501391954
14002,0.0033609740501391954
14003,0.0033609740501391954
14004,0.0033609740501391954
14005,0.0033609740501391954
14006,0.0033609740501391954
14007,0.0033609740501391954
14008,0.0033609740501391954
14009,0.0033609740501391954
14010,0.0033609740501391954
14011,0.0033609740501391954
14012,0.0033609740501391954
14013,0.0033609740501391954
14014,0.0033609740501391954
14015,0.0033609740501391954
14016,0.0033609740501391954
14017,0.0033609740501391954
14018,0.0033609740501391954
14019,0.0033609740501391954
14020,0.0033609740501391954
14021,0.0033609740501391954
14022,0.0033609740501391954
14023,0.0033609740501391954
14024,0.0033609740501391954
14025,0.0033609740501391954
14026,0.0033609740501391954
14027,0.0033609740501391954
14028,0.0033609740501391954
14029,0.0033609740501391954
14030,0.0033609740501391954
14031,0.0033609740501391954
14032,0.0033609740501391954
14033,0.0033609740501391954
14034,0.0033609740501391954
14035,0.0033609740501391954
14036,0.0033609740501391954
14037,0.0033609740501391954
14038,0.0033609740501391954
14039,0.0033609740501391954
14040,0.0033609740501391954
14041,0.0033609740501391954
14042,0.0033609740501391954
14043,0.0033609740501391954
14044,0.0033609740501391954
14045,0.0033609740501391954
14046,0.0033609740501391954
14047,0.0033609740501391954
14048,0.0033609740501391954
14049,0.0033609740501391954
14050,0.0033609740501391954
14051,0.0033609740501391954
14052,0.0033609740501391954
14053,0.0033609740501391954
14054,0.0033609740501391954
14055,0.0033609740501391954
14056,0.0033609740501391954
14057,0.0033609740501391954
14058,0.0033609740501391954
14059,0.0033609740501391954
14060,0.0033609740501391954
14061,0.0033609740501391954
14062,0.0033609740501391954
14063,0.0033609740501391954
14064,0.0033609740501391954
14065,0.0033609740501391954
14066,0.0033609740501391954
14067,0.0033609740501391954
14068,0.0033609740501391954
14069,0.0033609740501391954
14070,0.0033609740501391954
14071,0.0033609740501391954
14072,0.0033609740501391954
14073,0.0033609740501391954
14074,0.0033609740501391954
14075,0.0033609740501391954
14076,0.0033609740501391954
14077,0.0033609740501391954
14078,0.0033609740501391954
14079,0.0033609740501391954
14080,0.0033609740501391954
14081,0.0033609740501391954
14082,0.0033609740501391954
14083,0.0033609740501391954
14084,0.0033609740501391954
14085,0.0033609740501391954
14086,0.0033609740501391954
14087,0.0033609740501391954
14088,0.0033609740501391954
14089,0.0033609740501391954
14090,0.0033609740501391954
14091,0.0033609740501391954
14092,0.0033609740501391954
14093,0.0033609740501391954
14094,0.0033609740501391954
14095,0.0033609740501391954
14096,0.0033609740501391954
14097,0.0033609740501391954
14098,0.0033609740501391954
14099,0.0033609740501391954
14100,0.0033609740501391954
14101,0.0033609740501391954
14102,0.0033609740501391954
14103,0.0033609740501391954
14104,0.0033609740501391954
14105,0.0033609740501391954
14106,0.0033609740501391954
14107,0.0033609740501391954
14108,0.0033609740501391954
14109,0.0033609740501391954
14110,0.0033609740501391954
14111,0.0033609740501391954
14112,0.0033609740501391954
14113,0.0033609740501391954
14114,0.0033609740501391954
14115,0.0033609740501391954
14116,0.0033609740501391954
14117,0.0033609740501391954
14118,0.0033609740501391954
14119,0.0033609740501391954
14120,0.0033609740501391954
14121,0.0033609740501391954
14122,0.0033609740501391954
14123,0.0033609740501391954
14124,0.0033609740501391954
14125,0.0033609740501391954
14126,0.0033609740501391954
14127,0.0033609740501391954
14128,0.0033609740501391954
14129,0.0033609740501391954
14130,0.0033609740501391954
14131,0.0033609740501391954
14132,0.0033609740501391954
14133,0.0033609740501391954
14134,0.0033609740501391954
14135,0.0033609740501391954
14136,0.0033609740501391954
14137,0.0033609740501391954
14138,0.0033609740501391954
14139,0.0033609740501391954
14140,0.0033609740501391954
14141,0.0033609740501391954
14142,0.0033609740501391954
14143,0.0033609740501391954
14144,0.0033609740501391954
14145,0.0033609740501391954
14146,0.0033609740501391954
14147,0.0033609740501391954
14148,0.0033609740501391954
14149,0.0033609740501391954
14150,0.0033609740501391954
14151,0.0033609740501391954
14152,0.0033609740501391954
14153,0.0033609740501391954
14154,0.0033609740501391954
14155,0.0033609740501391954
14156,0.0033609740501391954
14157,0.0033609740501391954
14158,0.0033609740501391954
14159,0.0033609740501391954
14160,0.0033609740501391954
14161,0.0033609740501391954
14162,0.0033609740501391954
14163,0.0033609740501391954
14164,0.0033609740501391954
14165,0.0033609740501391954
14166,0.0033609740501391954
14167,0.0033609740501391954
14168,0.0033609740501391954
14169,0.0033609740501391954
14170,0.0033609740501391954
14171,0.0033609740501391954
14172,0.0033609740501391954
14173,0.0033609740501391954
14174,0.0033609740501391954
14175,0.0033609740501391954
14176,0.0033609740501391954
14177,0.0033609740501391954
14178,0.0033609740501391954
14179,0.0033609740501391954
14180,0.0033609740501391954
14181,0.0033609740501391954
14182,0.0033609740501391954
14183,0.0033609740501391954
14184,0.0033609740501391954
14185,0.0033609740501391954
14186,0.0033609740501391954
14187,0.0033609740501391954
14188,0.0033609740501391954
14189,0.0033609740501391954
14190,0.0033609740501391954
14191,0.0033609740501391954
14192,0.0033609740501391954
14193,0.0033609740501391954
14194,0.0033609740501391954
14195,0.0033609740501391954
14196,0.0033609740501391954
14197,0.0033609740501391954
14198,0.0033609740501391954
14199,0.0033609740501391954
14200,0.0033609740501391954
14201,0.0033609740501391954
14202,0.0033609740501391954
14203,0.0033609740501391954
14204,0.0033609740501391954
14205,0.0033609740501391954
14206,0.0033609740501391954
14207,0.0033609740501391954
14208,0.0033609740501391954
14209,0.0033609740501391954
14210,0.0033609740501391954
14211,0.0033609740501391954
14212,0.0033609740501391954
14213,0.0033609740501391954
14214,0.0033609740501391954
14215,0.0033609740501391954
14216,0.0033609740501391954
14217,0.0033609740501391954
14218,0.0033609740501391954
14219,0.0033609740501391954
14220,0.0033609740501391954
14221,0.0033609740501391954
14222,0.0033609740501391954
14223,0.0033609740501391954
14224,0.0033609740501391954
14225,0.0033609740501391954
14226,0.0033609740501391954
14227,0.0033609740501391954
14228,0.0033609740501391954
14229,0.0033609740501391954
14230,0.0033609740501391954
14231,0.0033609740501391954
14232,0.0033609740501391954
14233,0.0033609740501391954
14234,0.0033609740501391954
14235,0.0033609740501391954
14236,0.0033609740501391954
14237,0.0033609740501391954
14238,0.0033609740501391954
14239,0.0033609740501391954
14240,0.0033609740501391954
14241,0.0033609740501391954
14242,0.0033609740501391954
14243,0.0033609740501391954
14244,0.0033609740501391954
14245,0.0033609740501391954
14246,0.0033609740501391954
14247,0.0033609740501391954
14248,0.0033609740501391954
14249,0.0033609740501391954
14250,0.0033609740501391954
14251,0.0033609740501391954
14252,0.0033609740501391954
14253,0.0033609740501391954
14254,0.0033609740501391954
14255,0.0033609740501391954
14256,0.0033609740501391954
14257,0.0033609740501391954
14258,0.0033609740501391954
14259,0.0033609740501391954
14260,0.0033609740501391954
14261,0.0033609740501391954
14262,0.0033609740501391954
14263,0.0033609740501391954
14264,0.0033609740501391954
14265,0.0033609740501391954
14266,0.0033609740501391954
14267,0.0033609740501391954
14268,0.0033609740501391954
14269,0.0033609740501391954
14270,0.0033609740501391954
14271,0.0033609740501391954
14272,0.0033609740501391954
14273,0.0033609740501391954
14274,0.0033609740501391954
14275,0.0033609740501391954
14276,0.0033609740501391954
14277,0.0033609740501391954
14278,0.0033609740501391954
14279,0.0033609740501391954
14280,0.0033609740501391954
14281,0.0033609740501391954
14282,0.0033609740501391954
14283,0.0033609740501391954
14284,0.0033609740501391954
14285,0.0033609740501391954
14286,0.0033609740501391954
14287,0.0033609740501391954
14288,0.0033609740501391954
14289,0.0033609740501391954
14290,0.0033609740501391954
14291,0.0033609740501391954
14292,0.0033609740501391954
14293,0.0033609740501391954
14294,0.0033609740501391954
14295,0.0033609740501391954
14296,0.0033609740501391954
14297,0.0033609740501391954
14298,0.0033609740501391954
14299,0.0033609740501391954
14300,0.0033609740501391954
14301,0.0033609740501391954
14302,0.0033609740501391954
14303,0.0033609740501391954
14304,0.0033609740501391954
14305,0.0033609740501391954
14306,0.0033609740501391954
14307,0.0033609740501391954
14308,0.0033609740501391954
14309,0.0033609740501391954
14310,0.0033609740501391954
14311,0.0033609740501391954
14312,0.0033609740501391954
14313,0.0033609740501391954
14314,0.0033609740501391954
14315,0.0033609740501391954
14316,0.0033609740501391954
14317,0.0033609740501391954
14318,0.0033609740501391954
14319,0.0033609740501391954
14320,0.0033609740501391954
14321,0.0033609740501391954
14322,0.0033609740501391954
14323,0.0033609740501391954
14324,0.0033609740501391954
14325,0.0033609740501391954
14326,0.0033609740501391954
14327,0.0033609740501391954
14328,0.0033609740501391954
14329,0.0033609740501391954
14330,0.0033609740501391954
14331,0.0033609740501391954
14332,0.0033609740501391954
14333,0.0033609740501391954
14334,0.0033609740501391954
14335,0.0033609740501391954
14336,0.0033609740501391954
14337,0.0033609740501391954
14338,0.0033609740501391954
14339,0.0033609740501391954
14340,0.0033609740501391954
14341,0.0033609740501391954
14342,0.0033609740501391954
14343,0.0033609740501391954
14344,0.0033609740501391954
14345,0.0033609740501391954
14346,0.0033609740501391954
14347,0.0033609740501391954
14348,0.0033609740501391954
14349,0.0033609740501391954
14350,0.0033609740501391954
14351,0.0033609740501391954
14352,0.0033609740501391954
14353,0.0033609740501391954
14354,0.0033609740501391954
14355,0.0033609740501391954
14356,0.0033609740501391954
14357,0.0033609740501391954
14358,0.0033609740501391954
14359,0.0033609740501391954
14360,0.0033609740501391954
14361,0.0033609740501391954
14362,0.0033609740501391954
14363,0.0033609740501391954
14364,0.0033609740501391954
14365,0.0033609740501391954
14366,0.0033609740501391954
14367,0.0033609740501391954
14368,0.0033609740501391954
14369,0.0033609740501391954
14370,0.0033609740501391954
14371,0.0033609740501391954
14372,0.0033609740501391954
14373,0.0033609740501391954
14374,0.0033609740501391954
14375,0.0033609740501391954
14376,0.0033609740501391954
14377,0.0033609740501391954
14378,0.0033609740501391954
14379,0.0033609740501391954
14380,0.0033609740501391954
14381,0.0033609740501391954
14382,0.0033609740501391954
14383,0.0033609740501391954
14384,0.0033609740501391954
14385,0.0033609740501391954
14386,0.0033609740501391954
14387,0.0033609740501391954
14388,0.0033609740501391954
14389,0.0033609740501391954
14390,0.0033609740501391954
14391,0.0033609740501391954
14392,0.0033609740501391954
14393,0.0033609740501391954
14394,0.0033609740501391954
14395,0.0033609740501391954
14396,0.0033609740501391954
14397,0.0033609740501391954
14398,0.0033609740501391954
14399,0.0033609740501391954
14400,0.0033609740501391954
14401,0.0033609740501391954
14402,0.0033609740501391954
14403,0.0033609740501391954
14404,0.0033609740501391954
14405,0.0033609740501391954
14406,0.0033609740501391954
14407,0.0033609740501391954
14408,0.0033609740501391954
14409,0.0033609740501391954
14410,0.0033609740501391954
14411,0.0033609740501391954
14412,0.0033609740501391954
14413,0.0033609740501391954
14414,0.0033609740501391954
14415,0.0033609740501391954
14416,0.0033609740501391954
14417,0.0033609740501391954
14418,0.0033609740501391954
14419,0.0033609740501391954
14420,0.0033609740501391954
14421,0.0033609740501391954
14422,0.0033609740501391954
14423,0.0033609740501391954
14424,0.0033609740501391954
14425,0.0033609740501391954
14426,0.0033609740501391954
14427,0.0033609740501391954
14428,0.0033609740501391954
14429,0.0033609740501391954
14430,0.0033609740501391954
14431,0.0033609740501391954
14432,0.0033609740501391954
14433,0.0033609740501391954
14434,0.0033609740501391954
14435,0.0033609740501391954
14436,0.0033609740501391954
14437,0.0033609740501391954
14438,0.0033609740501391954
14439,0.0033609740501391954
14440,0.0033609740501391954
14441,0.0033609740501391954
14442,0.0033609740501391954
14443,0.0033609740501391954
14444,0.0033609740501391954
14445,0.0033609740501391954
14446,0.0033609740501391954
14447,0.0033609740501391954
14448,0.0033609740501391954
14449,0.0033609740501391954
14450,0.0033609740501391954
14451,0.0033609740501391954
14452,0.0033609740501391954
14453,0.0033609740501391954
14454,0.0033609740501391954
14455,0.0033609740501391954
14456,0.0033609740501391954
14457,0.0033609740501391954
14458,0.0033609740501391954
14459,0.0033609740501391954
14460,0.0033609740501391954
14461,0.0033609740501391954
14462,0.0033609740501391954
14463,0.0033609740501391954
14464,0.0033609740501391954
14465,0.0033609740501391954
14466,0.0033609740501391954
14467,0.0033609740501391954
14468,0.0033609740501391954
14469,0.0033609740501391954
14470,0.0033609740501391954
14471,0.0033609740501391954
14472,0.0033609740501391954
14473,0.0033609740501391954
14474,0.0033609740501391954
14475,0.0033609740501391954
14476,0.0033609740501391954
14477,0.0033609740501391954
14478,0.0033609740501391954
14479,0.0033609740501391954
14480,0.0033609740501391954
14481,0.0033609740501391954
14482,0.0033609740501391954
14483,0.0033609740501391954
14484,0.0033609740501391954
14485,0.0033609740501391954
14486,0.0033609740501391954
14487,0.0033609740501391954
14488,0.0033609740501391954
14489,0.0033609740501391954
14490,0.0033609740501391954
14491,0.0033609740501391954
14492,0.0033609740501391954
14493,0.0033609740501391954
14494,0.0033609740501391954
14495,0.0033609740501391954
14496,0.0033609740501391954
14497,0.0033609740501391954
14498,0.0033609740501391954
14499,0.0033609740501391954
14500,0.0033609740501391954
14501,0.0033609740501391954
14502,0.0033609740501391954
14503,0.0033609740501391954
14504,0.0033609740501391954
14505,0.0033609740501391954
14506,0.0033609740501391954
14507,0.0033609740501391954
14508,0.0033609740501391954
14509,0.0033609740501391954
14510,0.0033609740501391954
14511,0.0033609740501391954
14512,0.0033609740501391954
14513,0.0033609740501391954
14514,0.0033609740501391954
14515,0.0033609740501391954
14516,0.0033609740501391954
14517,0.0033609740501391954
14518,0.0033609740501391954
14519,0.0033609740501391954
14520,0.0033609740501391954
14521,0.0033609740501391954
14522,0.0033609740501391954
14523,0.0033609740501391954
14524,0.0033609740501391954
14525,0.0033609740501391954
14526,0.0033609740501391954
14527,0.0033609740501391954
14528,0.0033609740501391954
14529,0.0033609740501391954
14530,0.0033609740501391954
14531,0.0033609740501391954
14532,0.0033609740501391954
14533,0.0033609740501391954
14534,0.0033609740501391954
14535,0.0033609740501391954
14536,0.0033609740501391954
14537,0.0033609740501391954
14538,0.0033609740501391954
14539,0.0033609740501391954
14540,0.0033609740501391954
14541,0.0033609740501391954
14542,0.0033609740501391954
14543,0.0033609740501391954
14544,0.0033609740501391954
14545,0.0033609740501391954
14546,0.0033609740501391954
14547,0.0033609740501391954
14548,0.0033609740501391954
14549,0.0033609740501391954
14550,0.0033609740501391954
14551,0.0033609740501391954
14552,0.0033609740501391954
14553,0.0033609740501391954
14554,0.0033609740501391954
14555,0.0033609740501391954
14556,0.0033609740501391954
14557,0.0033609740501391954
14558,0.0033609740501391954
14559,0.0033609740501391954
14560,0.0033609740501391954
14561,0.0033609740501391954
14562,0.0033609740501391954
14563,0.0033609740501391954
14564,0.0033609740501391954
14565,0.0033609740501391954
14566,0.0033609740501391954
14567,0.0033609740501391954
14568,0.0033609740501391954
14569,0.0033609740501391954
14570,0.0033609740501391954
14571,0.0033609740501391954
14572,0.0033609740501391954
14573,0.0033609740501391954
14574,0.0033609740501391954
14575,0.0033609740501391954
14576,0.0033609740501391954
14577,0.0033609740501391954
14578,0.0033609740501391954
14579,0.0033609740501391954
14580,0.0033609740501391954
14581,0.0033609740501391954
14582,0.0033609740501391954
14583,0.0033609740501391954
14584,0.0033609740501391954
14585,0.0033609740501391954
14586,0.0033609740501391954
14587,0.0033609740501391954
14588,0.0033609740501391954
14589,0.0033609740501391954
14590,0.0033609740501391954
14591,0.0033609740501391954
14592,0.0033609740501391954
14593,0.0033609740501391954
14594,0.0033609740501391954
14595,0.0033609740501391954
14596,0.0033609740501391954
14597,0.0033609740501391954
14598,0.0033609740501391954
14599,0.0033609740501391954
14600,0.0033609740501391954
14601,0.0033609740501391954
14602,0.0033609740501391954
14603,0.0033609740501391954
14604,0.0033609740501391954
14605,0.0033609740501391954
14606,0.0033609740501391954
14607,0.0033609740501391954
14608,0.0033609740501391954
14609,0.0033609740501391954
14610,0.0033609740501391954
14611,0.0033609740501391954
14612,0.0033609740501391954
14613,0.0033609740501391954
14614,0.0033609740501391954
14615,0.0033609740501391954
14616,0.0033609740501391954
14617,0.0033609740501391954
14618,0.0033609740501391954
14619,0.0033609740501391954
14620,0.0033609740501391954
14621,0.0033609740501391954
14622,0.0033609740501391954
14623,0.0033609740501391954
14624,0.0033609740501391954
14625,0.0033609740501391954
14626,0.0033609740501391954
14627,0.0033609740501391954
14628,0.0033609740501391954
14629,0.0033609740501391954
14630,0.0033609740501391954
14631,0.0033609740501391954
14632,0.0033609740501391954
14633,0.0033609740501391954
14634,0.0033609740501391954
14635,0.0033609740501391954
14636,0.0033609740501391954
14637,0.0033609740501391954
14638,0.0033609740501391954
14639,0.0033609740501391954
14640,0.0033609740501391954
14641,0.0033609740501391954
14642,0.0033609740501391954
14643,0.0033609740501391954
14644,0.0033609740501391954
14645,0.0033609740501391954
14646,0.0033609740501391954
14647,0.0033609740501391954
14648,0.0033609740501391954
14649,0.0033609740501391954
14650,0.0033609740501391954
14651,0.0033609740501391954
14652,0.0033609740501391954
14653,0.0033609740501391954
14654,0.0033609740501391954
14655,0.0033609740501391954
14656,0.0033609740501391954
14657,0.0033609740501391954
14658,0.0033609740501391954
14659,0.0033609740501391954
14660,0.0033609740501391954
14661,0.0033609740501391954
14662,0.0033609740501391954
14663,0.0033609740501391954
14664,0.0033609740501391954
14665,0.0033609740501391954
14666,0.0033609740501391954
14667,0.0033609740501391954
14668,0.0033609740501391954
14669,0.0033609740501391954
14670,0.0033609740501391954
14671,0.0033609740501391954
14672,0.0033609740501391954
14673,0.0033609740501391954
14674,0.0033609740501391954
14675,0.0033609740501391954
14676,0.0033609740501391954
14677,0.0033609740501391954
14678,0.0033609740501391954
14679,0.0033609740501391954
14680,0.0033609740501391954
14681,0.0033609740501391954
14682,0.0033609740501391954
14683,0.0033609740501391954
14684,0.0033609740501391954
14685,0.0033609740501391954
14686,0.0033609740501391954
14687,0.0033609740501391954
14688,0.0033609740501391954
14689,0.0033609740501391954
14690,0.0033609740501391954
14691,0.0033609740501391954
14692,0.0033609740501391954
14693,0.0033609740501391954
14694,0.0033609740501391954
14695,0.0033609740501391954
14696,0.0033609740501391954
14697,0.0033609740501391954
14698,0.0033609740501391954
14699,0.0033609740501391954
14700,0.0033609740501391954
14701,0.0033609740501391954
14702,0.0033609740501391954
14703,0.0033609740501391954
14704,0.0033609740501391954
14705,0.0033609740501391954
14706,0.0033609740501391954
14707,0.0033609740501391954
14708,0.0033609740501391954
14709,0.0033609740501391954
14710,0.0033609740501391954
14711,0.0033609740501391954
14712,0.0033609740501391954
14713,0.0033609740501391954
14714,0.0033609740501391954
14715,0.0033609740501391954
14716,0.0033609740501391954
14717,0.0033609740501391954
14718,0.0033609740501391954
14719,0.0033609740501391954
14720,0.0033609740501391954
14721,0.0033609740501391954
14722,0.0033609740501391954
14723,0.0033609740501391954
14724,0.0033609740501391954
14725,0.0033609740501391954
14726,0.0033609740501391954
14727,0.0033609740501391954
14728,0.0033609740501391954
14729,0.0033609740501391954
14730,0.0033609740501391954
14731,0.0033609740501391954
14732,0.0033609740501391954
14733,0.0033609740501391954
14734,0.0033609740501391954
14735,0.0033609740501391954
14736,0.0033609740501391954
14737,0.0033609740501391954
14738,0.0033609740501391954
14739,0.0033609740501391954
14740,0.0033609740501391954
14741,0.0033609740501391954
14742,0.0033609740501391954
14743,0.0033609740501391954
14744,0.0033609740501391954
14745,0.0033609740501391954
14746,0.0033609740501391954
14747,0.0033609740501391954
14748,0.0033609740501391954
14749,0.0033609740501391954
14750,0.0033609740501391954
14751,0.0033609740501391954
14752,0.0033609740501391954
14753,0.0033609740501391954
14754,0.0033609740501391954
14755,0.0033609740501391954
14756,0.0033609740501391954
14757,0.0033609740501391954
14758,0.0033609740501391954
14759,0.0033609740501391954
14760,0.0033609740501391954
14761,0.0033609740501391954
14762,0.0033609740501391954
14763,0.0033609740501391954
14764,0.0033609740501391954
14765,0.0033609740501391954
14766,0.0033609740501391954
14767,0.0033609740501391954
14768,0.0033609740501391954
14769,0.0033609740501391954
14770,0.0033609740501391954
14771,0.0033609740501391954
14772,0.0033609740501391954
14773,0.0033609740501391954
14774,0.0033609740501391954
14775,0.0033609740501391954
14776,0.0033609740501391954
14777,0.0033609740501391954
14778,0.0033609740501391954
14779,0.0033609740501391954
14780,0.0033609740501391954
14781,0.0033609740501391954
14782,0.0033609740501391954
14783,0.0033609740501391954
14784,0.0033609740501391954
14785,0.0033609740501391954
14786,0.0033609740501391954
14787,0.0033609740501391954
14788,0.0033609740501391954
14789,0.0033609740501391954
14790,0.0033609740501391954
14791,0.0033609740501391954
14792,0.0033609740501391954
14793,0.0033609740501391954
14794,0.0033609740501391954
14795,0.0033609740501391954
14796,0.0033609740501391954
14797,0.0033609740501391954
14798,0.0033609740501391954
14799,0.0033609740501391954
14800,0.0033609740501391954
14801,0.0033609740501391954
14802,0.0033609740501391954
14803,0.0033609740501391954
14804,0.0033609740501391954
14805,0.0033609740501391954
14806,0.0033609740501391954
14807,0.0033609740501391954
14808,0.0033609740501391954
14809,0.0033609740501391954
14810,0.0033609740501391954
14811,0.0033609740501391954
14812,0.0033609740501391954
14813,0.0033609740501391954
14814,0.0033609740501391954
14815,0.0033609740501391954
14816,0.0033609740501391954
14817,0.0033609740501391954
14818,0.0033609740501391954
14819,0.0033609740501391954
14820,0.0033609740501391954
14821,0.0033609740501391954
14822,0.0033609740501391954
14823,0.0033609740501391954
14824,0.0033609740501391954
14825,0.0033609740501391954
14826,0.0033609740501391954
14827,0.0033609740501391954
14828,0.0033609740501391954
14829,0.0033609740501391954
14830,0.0033609740501391954
14831,0.0033609740501391954
14832,0.0033609740501391954
14833,0.0033609740501391954
14834,0.0033609740501391954
14835,0.0033609740501391954
14836,0.0033609740501391954
14837,0.0033609740501391954
14838,0.0033609740501391954
14839,0.0033609740501391954
14840,0.0033609740501391954
14841,0.0033609740501391954
14842,0.0033609740501391954
14843,0.0033609740501391954
14844,0.0033609740501391954
14845,0.0033609740501391954
14846,0.0033609740501391954
14847,0.0033609740501391954
14848,0.0033609740501391954
14849,0.0033609740501391954
14850,0.0033609740501391954
14851,0.0033609740501391954
14852,0.0033609740501391954
14853,0.0033609740501391954
14854,0.0033609740501391954
14855,0.0033609740501391954
14856,0.0033609740501391954
14857,0.0033609740501391954
14858,0.0033609740501391954
14859,0.0033609740501391954
14860,0.0033609740501391954
14861,0.0033609740501391954
14862,0.0033609740501391954
14863,0.0033609740501391954
14864,0.0033609740501391954
14865,0.0033609740501391954
14866,0.0033609740501391954
14867,0.0033609740501391954
14868,0.0033609740501391954
14869,0.0033609740501391954
14870,0.0033609740501391954
14871,0.0033609740501391954
14872,0.0033609740501391954
14873,0.0033609740501391954
14874,0.0033609740501391954
14875,0.0033609740501391954
14876,0.0033609740501391954
14877,0.0033609740501391954
14878,0.0033609740501391954
14879,0.0033609740501391954
14880,0.0033609740501391954
14881,0.0033609740501391954
14882,0.0033609740501391954
14883,0.0033609740501391954
14884,0.0033609740501391954
14885,0.0033609740501391954
14886,0.0033609740501391954
14887,0.0033609740501391954
14888,0.0033609740501391954
14889,0.0033609740501391954
14890,0.0033609740501391954
14891,0.0033609740501391954
14892,0.0033609740501391954
14893,0.0033609740501391954
14894,0.0033609740501391954
14895,0.0033609740501391954
14896,0.0033609740501391954
14897,0.0033609740501391954
14898,0.0033609740501391954
14899,0.0033609740501391954
14900,0.0033609740501391954
14901,0.0033609740501391954
14902,0.0033609740501391954
14903,0.0033609740501391954
14904,0.0033609740501391954
14905,0.0033609740501391954
14906,0.0033609740501391954
14907,0.0033609740501391954
14908,0.0033609740501391954
14909,0.0033609740501391954
14910,0.0033609740501391954
14911,0.0033609740501391954
14912,0.0033609740501391954
14913,0.0033609740501391954
14914,0.0033609740501391954
14915,0.0033609740501391954
14916,0.0033609740501391954
14917,0.0033609740501391954
14918,0.0033609740501391954
14919,0.0033609740501391954
14920,0.0033609740501391954
14921,0.0033609740501391954
14922,0.0033609740501391954
14923,0.0033609740501391954
14924,0.0033609740501391954
14925,0.0033609740501391954
14926,0.0033609740501391954
14927,0.0033609740501391954
14928,0.0033609740501391954
14929,0.0033609740501391954
14930,0.0033609740501391954
14931,0.0033609740501391954
14932,0.0033609740501391954
14933,0.0033609740501391954
14934,0.0033609740501391954
14935,0.0033609740501391954
14936,0.0033609740501391954
14937,0.0033609740501391954
14938,0.0033609740501391954
14939,0.0033609740501391954
14940,0.0033609740501391954
14941,0.0033609740501391954
14942,0.0033609740501391954
14943,0.0033609740501391954
14944,0.0033609740501391954
14945,0.0033609740501391954
14946,0.0033609740501391954
14947,0.0033609740501391954
14948,0.0033609740501391954
14949,0.0033609740501391954
14950,0.0033609740501391954
14951,0.0033609740501391954
14952,0.0033609740501391954
14953,0.0033609740501391954
14954,0.0033609740501391954
14955,0.0033609740501391954
14956,0.0033609740501391954
14957,0.0033609740501391954
14958,0.0033609740501391954
14959,0.0033609740501391954
14960,0.0033609740501391954
14961,0.0033609740501391954
14962,0.0033609740501391954
14963,0.0033609740501391954
14964,0.0033609740501391954
14965,0.0033609740501391954
14966,0.0033609740501391954
14967,0.0033609740501391954
14968,0.0033609740501391954
14969,0.0033609740501391954
14970,0.0033609740501391954
14971,0.0033609740501391954
14972,0.0033609740501391954
14973,0.0033609740501391954
14974,0.0033609740501391954
14975,0.0033609740501391954
14976,0.0033609740501391954
14977,0.0033609740501391954
14978,0.0033609740501391954
14979,0.0033609740501391954
14980,0.0033609740501391954
14981,0.0033609740501391954
14982,0.0033609740501391954
14983,0.0033609740501391954
14984,0.0033609740501391954
14985,0.0033609740501391954
14986,0.0033609740501391954
14987,0.0033609740501391954
14988,0.0033609740501391954
14989,0.0033609740501391954
14990,0.0033609740501391954
14991,0.0033609740501391954
14992,0.0033609740501391954
14993,0.0033609740501391954
14994,0.0033609740501391954
14995,0.0033609740501391954
14996,0.0033609740501391954
14997,0.0033609740501391954
14998,0.0033609740501391954
14999,0.0033609740501391954
15000,0.0033609740501391954
15001,0.0033609740501391954
15002,0.0033609740501391954
15003,0.0033609740501391954
15004,0.0033609740501391954
15005,0.0033609740501391954
15006,0.0033609740501391954
15007,0.0033609740501391954
15008,0.0033609740501391954
15009,0.0033609740501391954
15010,0.0033609740501391954
15011,0.0033609740501391954
15012,0.0033609740501391954
15013,0.0033609740501391954
15014,0.0033609740501391954
15015,0.0033609740501391954
15016,0.0033609740501391954
15017,0.0033609740501391954
15018,0.0033609740501391954
15019,0.0033609740501391954
15020,0.0033609740501391954
15021,0.0033609740501391954
15022,0.0033609740501391954
15023,0.0033609740501391954
15024,0.0033609740501391954
15025,0.0033609740501391954
15026,0.0033609740501391954
15027,0.0033609740501391954
15028,0.0033609740501391954
15029,0.0033609740501391954
15030,0.0033609740501391954
15031,0.0033609740501391954
15032,0.0033609740501391954
15033,0.0033609740501391954
15034,0.0033609740501391954
15035,0.0033609740501391954
15036,0.0033609740501391954
15037,0.0033609740501391954
15038,0.0033609740501391954
15039,0.0033609740501391954
15040,0.0033609740501391954
15041,0.0033609740501391954
15042,0.0033609740501391954
15043,0.0033609740501391954
15044,0.0033609740501391954
15045,0.0033609740501391954
15046,0.0033609740501391954
15047,0.0033609740501391954
15048,0.0033609740501391954
15049,0.0033609740501391954
15050,0.0033609740501391954
15051,0.0033609740501391954
15052,0.0033609740501391954
15053,0.0033609740501391954
15054,0.0033609740501391954
15055,0.0033609740501391954
15056,0.0033609740501391954
15057,0.0033609740501391954
15058,0.0033609740501391954
15059,0.0033609740501391954
15060,0.0033609740501391954
15061,0.0033609740501391954
15062,0.0033609740501391954
15063,0.0033609740501391954
15064,0.0033609740501391954
15065,0.0033609740501391954
15066,0.0033609740501391954
15067,0.0033609740501391954
15068,0.0033609740501391954
15069,0.0033609740501391954
15070,0.0033609740501391954
15071,0.0033609740501391954
15072,0.0033609740501391954
15073,0.0033609740501391954
15074,0.0033609740501391954
15075,0.0033609740501391954
15076,0.0033609740501391954
15077,0.0033609740501391954
15078,0.0033609740501391954
15079,0.0033609740501391954
15080,0.0033609740501391954
15081,0.0033609740501391954
15082,0.0033609740501391954
15083,0.0033609740501391954
15084,0.0033609740501391954
15085,0.0033609740501391954
15086,0.0033609740501391954
15087,0.0033609740501391954
15088,0.0033609740501391954
15089,0.0033609740501391954
15090,0.0033609740501391954
15091,0.0033609740501391954
15092,0.0033609740501391954
15093,0.0033609740501391954
15094,0.0033609740501391954
15095,0.0033609740501391954
15096,0.0033609740501391954
15097,0.0033609740501391954
15098,0.0033609740501391954
15099,0.0033609740501391954
15100,0.0033609740501391954
15101,0.0033609740501391954
15102,0.0033609740501391954
15103,0.0033609740501391954
15104,0.0033609740501391954
15105,0.0033609740501391954
15106,0.0033609740501391954
15107,0.0033609740501391954
15108,0.0033609740501391954
15109,0.0033609740501391954
15110,0.0033609740501391954
15111,0.0033609740501391954
15112,0.0033609740501391954
15113,0.0033609740501391954
15114,0.0033609740501391954
15115,0.0033609740501391954
15116,0.0033609740501391954
15117,0.0033609740501391954
15118,0.0033609740501391954
15119,0.0033609740501391954
15120,0.0033609740501391954
15121,0.0033609740501391954
15122,0.0033609740501391954
15123,0.0033609740501391954
15124,0.0033609740501391954
15125,0.0033609740501391954
15126,0.0033609740501391954
15127,0.0033609740501391954
15128,0.0033609740501391954
15129,0.0033609740501391954
15130,0.0033609740501391954
15131,0.0033609740501391954
15132,0.0033609740501391954
15133,0.0033609740501391954
15134,0.0033609740501391954
15135,0.0033609740501391954
15136,0.0033609740501391954
15137,0.0033609740501391954
15138,0.0033609740501391954
15139,0.0033609740501391954
15140,0.0033609740501391954
15141,0.0033609740501391954
15142,0.0033609740501391954
15143,0.0033609740501391954
15144,0.0033609740501391954
15145,0.0033609740501391954
15146,0.0033609740501391954
15147,0.0033609740501391954
15148,0.0033609740501391954
15149,0.0033609740501391954
15150,0.0033609740501391954
15151,0.0033609740501391954
15152,0.0033609740501391954
15153,0.0033609740501391954
15154,0.0033609740501391954
15155,0.0033609740501391954
15156,0.0033609740501391954
15157,0.0033609740501391954
15158,0.0033609740501391954
15159,0.0033609740501391954
15160,0.0033609740501391954
15161,0.0033609740501391954
15162,0.0033609740501391954
15163,0.0033609740501391954
15164,0.0033609740501391954
15165,0.0033609740501391954
15166,0.0033609740501391954
15167,0.0033609740501391954
15168,0.0033609740501391954
15169,0.0033609740501391954
15170,0.0033609740501391954
15171,0.0033609740501391954
15172,0.0033609740501391954
15173,0.0033609740501391954
15174,0.0033609740501391954
15175,0.0033609740501391954
15176,0.0033609740501391954
15177,0.0033609740501391954
15178,0.0033609740501391954
15179,0.0033609740501391954
15180,0.0033609740501391954
15181,0.0033609740501391954
15182,0.0033609740501391954
15183,0.0033609740501391954
15184,0.0033609740501391954
15185,0.0033609740501391954
15186,0.0033609740501391954
15187,0.0033609740501391954
15188,0.0033609740501391954
15189,0.0033609740501391954
15190,0.0033609740501391954
15191,0.0033609740501391954
15192,0.0033609740501391954
15193,0.0033609740501391954
15194,0.0033609740501391954
15195,0.0033609740501391954
15196,0.0033609740501391954
15197,0.0033609740501391954
15198,0.0033609740501391954
15199,0.0033609740501391954
15200,0.0033609740501391954
15201,0.0033609740501391954
15202,0.0033609740501391954
15203,0.0033609740501391954
15204,0.0033609740501391954
15205,0.0033609740501391954
15206,0.0033609740501391954
15207,0.0033609740501391954
15208,0.0033609740501391954
15209,0.0033609740501391954
15210,0.0033609740501391954
15211,0.0033609740501391954
15212,0.0033609740501391954
15213,0.0033609740501391954
15214,0.0033609740501391954
15215,0.0033609740501391954
15216,0.0033609740501391954
15217,0.0033609740501391954
15218,0.0033609740501391954
15219,0.0033609740501391954
15220,0.0033609740501391954
15221,0.0033609740501391954
15222,0.0033609740501391954
15223,0.0033609740501391954
15224,0.0033609740501391954
15225,0.0033609740501391954
15226,0.0033609740501391954
15227,0.0033609740501391954
15228,0.0033609740501391954
15229,0.0033609740501391954
15230,0.0033609740501391954
15231,0.0033609740501391954
15232,0.0033609740501391954
15233,0.0033609740501391954
15234,0.0033609740501391954
15235,0.0033609740501391954
15236,0.0033609740501391954
15237,0.0033609740501391954
15238,0.0033609740501391954
15239,0.0033609740501391954
15240,0.0033609740501391954
15241,0.0033609740501391954
15242,0.0033609740501391954
15243,0.0033609740501391954
15244,0.0033609740501391954
15245,0.0033609740501391954
15246,0.0033609740501391954
15247,0.0033609740501391954
15248,0.0033609740501391954
15249,0.0033609740501391954
15250,0.0033609740501391954
15251,0.0033609740501391954
15252,0.0033609740501391954
15253,0.0033609740501391954
15254,0.0033609740501391954
15255,0.0033609740501391954
15256,0.0033609740501391954
15257,0.0033609740501391954
15258,0.0033609740501391954
15259,0.0033609740501391954
15260,0.0033609740501391954
15261,0.0033609740501391954
15262,0.0033609740501391954
15263,0.0033609740501391954
15264,0.0033609740501391954
15265,0.0033609740501391954
15266,0.0033609740501391954
15267,0.0033609740501391954
15268,0.0033609740501391954
15269,0.0033609740501391954
15270,0.0033609740501391954
15271,0.0033609740501391954
15272,0.0033609740501391954
15273,0.0033609740501391954
15274,0.0033609740501391954
15275,0.0033609740501391954
15276,0.0033609740501391954
15277,0.0033609740501391954
15278,0.0033609740501391954
15279,0.0033609740501391954
15280,0.0033609740501391954
15281,0.0033609740501391954
15282,0.0033609740501391954
15283,0.0033609740501391954
15284,0.0033609740501391954
15285,0.0033609740501391954
15286,0.0033609740501391954
15287,0.0033609740501391954
15288,0.0033609740501391954
15289,0.0033609740501391954
15290,0.0033609740501391954
15291,0.0033609740501391954
15292,0.0033609740501391954
15293,0.0033609740501391954
15294,0.0033609740501391954
15295,0.0033609740501391954
15296,0.0033609740501391954
15297,0.0033609740501391954
15298,0.0033609740501391954
15299,0.0033609740501391954
15300,0.0033609740501391954
15301,0.0033609740501391954
15302,0.0033609740501391954
15303,0.0033609740501391954
15304,0.0033609740501391954
15305,0.0033609740501391954
15306,0.0033609740501391954
15307,0.0033609740501391954
15308,0.0033609740501391954
15309,0.0033609740501391954
15310,0.0033609740501391954
15311,0.0033609740501391954
15312,0.0033609740501391954
15313,0.0033609740501391954
15314,0.0033609740501391954
15315,0.0033609740501391954
15316,0.0033609740501391954
15317,0.0033609740501391954
15318,0.0033609740501391954
15319,0.0033609740501391954
15320,0.0033609740501391954
15321,0.0033609740501391954
15322,0.0033609740501391954
15323,0.0033609740501391954
15324,0.0033609740501391954
15325,0.0033609740501391954
15326,0.0033609740501391954
15327,0.0033609740501391954
15328,0.0033609740501391954
15329,0.0033609740501391954
15330,0.0033609740501391954
15331,0.0033609740501391954
15332,0.0033609740501391954
15333,0.0033609740501391954
15334,0.0033609740501391954
15335,0.0033609740501391954
15336,0.0033609740501391954
15337,0.0033609740501391954
15338,0.0033609740501391954
15339,0.0033609740501391954
15340,0.0033609740501391954
15341,0.0033609740501391954
15342,0.0033609740501391954
15343,0.0033609740501391954
15344,0.0033609740501391954
15345,0.0033609740501391954
15346,0.0033609740501391954
15347,0.0033609740501391954
15348,0.0033609740501391954
15349,0.0033609740501391954
15350,0.0033609740501391954
15351,0.0033609740501391954
15352,0.0033609740501391954
15353,0.0033609740501391954
15354,0.0033609740501391954
15355,0.0033609740501391954
15356,0.0033609740501391954
15357,0.0033609740501391954
15358,0.0033609740501391954
15359,0.0033609740501391954
15360,0.0033609740501391954
15361,0.0033609740501391954
15362,0.0033609740501391954
15363,0.0033609740501391954
15364,0.0033609740501391954
15365,0.0033609740501391954
15366,0.0033609740501391954
15367,0.0033609740501391954
15368,0.0033609740501391954
15369,0.0033609740501391954
15370,0.0033609740501391954
15371,0.0033609740501391954
15372,0.0033609740501391954
15373,0.0033609740501391954
15374,0.0033609740501391954
15375,0.0033609740501391954
15376,0.0033609740501391954
15377,0.0033609740501391954
15378,0.0033609740501391954
15379,0.0033609740501391954
15380,0.0033609740501391954
15381,0.0033609740501391954
15382,0.0033609740501391954
15383,0.0033609740501391954
15384,0.0033609740501391954
15385,0.0033609740501391954
15386,0.0033609740501391954
15387,0.0033609740501391954
15388,0.0033609740501391954
15389,0.0033609740501391954
15390,0.0033609740501391954
15391,0.0033609740501391954
15392,0.0033609740501391954
15393,0.0033609740501391954
15394,0.0033609740501391954
15395,0.0033609740501391954
15396,0.0033609740501391954
15397,0.0033609740501391954
15398,0.0033609740501391954
15399,0.0033609740501391954
15400,0.0033609740501391954
15401,0.0033609740501391954
15402,0.0033609740501391954
15403,0.0033609740501391954
15404,0.0033609740501391954
15405,0.0033609740501391954
15406,0.0033609740501391954
15407,0.0033609740501391954
15408,0.0033609740501391954
15409,0.0033609740501391954
15410,0.0033609740501391954
15411,0.0033609740501391954
15412,0.0033609740501391954
15413,0.0033609740501391954
15414,0.0033609740501391954
15415,0.0033609740501391954
15416,0.0033609740501391954
15417,0.0033609740501391954
15418,0.0033609740501391954
15419,0.0033609740501391954
15420,0.0033609740501391954
15421,0.0033609740501391954
15422,0.0033609740501391954
15423,0.0033609740501391954
15424,0.0033609740501391954
15425,0.0033609740501391954
15426,0.0033609740501391954
15427,0.0033609740501391954
15428,0.0033609740501391954
15429,0.0033609740501391954
15430,0.0033609740501391954
15431,0.0033609740501391954
15432,0.0033609740501391954
15433,0.0033609740501391954
15434,0.0033609740501391954
15435,0.0033609740501391954
15436,0.0033609740501391954
15437,0.0033609740501391954
15438,0.0033609740501391954
15439,0.0033609740501391954
15440,0.0033609740501391954
15441,0.0033609740501391954
15442,0.0033609740501391954
15443,0.0033609740501391954
15444,0.0033609740501391954
15445,0.0033609740501391954
15446,0.0033609740501391954
15447,0.0033609740501391954
15448,0.0033609740501391954
15449,0.0033609740501391954
15450,0.0033609740501391954
15451,0.0033609740501391954
15452,0.0033609740501391954
15453,0.0033609740501391954
15454,0.0033609740501391954
15455,0.0033609740501391954
15456,0.0033609740501391954
15457,0.0033609740501391954
15458,0.0033609740501391954
15459,0.0033609740501391954
15460,0.0033609740501391954
15461,0.0033609740501391954
15462,0.0033609740501391954
15463,0.0033609740501391954
15464,0.0033609740501391954
15465,0.0033609740501391954
15466,0.0033609740501391954
15467,0.0033609740501391954
15468,0.0033609740501391954
15469,0.0033609740501391954
15470,0.0033609740501391954
15471,0.0033609740501391954
15472,0.0033609740501391954
15473,0.0033609740501391954
15474,0.0033609740501391954
15475,0.0033609740501391954
15476,0.0033609740501391954
15477,0.0033609740501391954
15478,0.0033609740501391954
15479,0.0033609740501391954
15480,0.0033609740501391954
15481,0.0033609740501391954
15482,0.0033609740501391954
15483,0.0033609740501391954
15484,0.0033609740501391954
15485,0.0033609740501391954
15486,0.0033609740501391954
15487,0.0033609740501391954
15488,0.0033609740501391954
15489,0.0033609740501391954
15490,0.0033609740501391954
15491,0.0033609740501391954
15492,0.0033609740501391954
15493,0.0033609740501391954
15494,0.0033609740501391954
15495,0.0033609740501391954
15496,0.0033609740501391954
15497,0.0033609740501391954
15498,0.0033609740501391954
15499,0.0033609740501391954
15500,0.0033609740501391954
15501,0.0033609740501391954
15502,0.0033609740501391954
15503,0.0033609740501391954
15504,0.0033609740501391954
15505,0.0033609740501391954
15506,0.0033609740501391954
15507,0.0033609740501391954
15508,0.0033609740501391954
15509,0.0033609740501391954
15510,0.0033609740501391954
15511,0.0033609740501391954
15512,0.0033609740501391954
15513,0.0033609740501391954
15514,0.0033609740501391954
15515,0.0033609740501391954
15516,0.0033609740501391954
15517,0.0033609740501391954
15518,0.0033609740501391954
15519,0.0033609740501391954
15520,0.0033609740501391954
15521,0.0033609740501391954
15522,0.0033609740501391954
15523,0.0033609740501391954
15524,0.0033609740501391954
15525,0.0033609740501391954
15526,0.0033609740501391954
15527,0.0033609740501391954
15528,0.0033609740501391954
15529,0.0033609740501391954
15530,0.0033609740501391954
15531,0.0033609740501391954
15532,0.0033609740501391954
15533,0.0033609740501391954
15534,0.0033609740501391954
15535,0.0033609740501391954
15536,0.0033609740501391954
15537,0.0033609740501391954
15538,0.0033609740501391954
15539,0.0033609740501391954
15540,0.0033609740501391954
15541,0.0033609740501391954
15542,0.0033609740501391954
15543,0.0033609740501391954
15544,0.0033609740501391954
15545,0.0033609740501391954
15546,0.0033609740501391954
15547,0.0033609740501391954
15548,0.0033609740501391954
15549,0.0033609740501391954
15550,0.0033609740501391954
15551,0.0033609740501391954
15552,0.0033609740501391954
15553,0.0033609740501391954
15554,0.0033609740501391954
15555,0.0033609740501391954
15556,0.0033609740501391954
15557,0.0033609740501391954
15558,0.0033609740501391954
15559,0.0033609740501391954
15560,0.0033609740501391954
15561,0.0033609740501391954
15562,0.0033609740501391954
15563,0.0033609740501391954
15564,0.0033609740501391954
15565,0.0033609740501391954
15566,0.0033609740501391954
15567,0.0033609740501391954
15568,0.0033609740501391954
15569,0.0033609740501391954
15570,0.0033609740501391954
15571,0.0033609740501391954
15572,0.0033609740501391954
15573,0.0033609740501391954
15574,0.0033609740501391954
15575,0.0033609740501391954
15576,0.0033609740501391954
15577,0.0033609740501391954
15578,0.0033609740501391954
15579,0.0033609740501391954
15580,0.0033609740501391954
15581,0.0033609740501391954
15582,0.0033609740501391954
15583,0.0033609740501391954
15584,0.0033609740501391954
15585,0.0033609740501391954
15586,0.0033609740501391954
15587,0.0033609740501391954
15588,0.0033609740501391954
15589,0.0033609740501391954
15590,0.0033609740501391954
15591,0.0033609740501391954
15592,0.0033609740501391954
15593,0.0033609740501391954
15594,0.0033609740501391954
15595,0.0033609740501391954
15596,0.0033609740501391954
15597,0.0033609740501391954
15598,0.0033609740501391954
15599,0.0033609740501391954
15600,0.0033609740501391954
15601,0.0033609740501391954
15602,0.0033609740501391954
15603,0.0033609740501391954
15604,0.0033609740501391954
15605,0.0033609740501391954
15606,0.0033609740501391954
15607,0.0033609740501391954
15608,0.0033609740501391954
15609,0.0033609740501391954
15610,0.0033609740501391954
15611,0.0033609740501391954
15612,0.0033609740501391954
15613,0.0033609740501391954
15614,0.0033609740501391954
15615,0.0033609740501391954
15616,0.0033609740501391954
15617,0.0033609740501391954
15618,0.0033609740501391954
15619,0.0033609740501391954
15620,0.0033609740501391954
15621,0.0033609740501391954
15622,0.0033609740501391954
15623,0.0033609740501391954
15624,0.0033609740501391954
15625,0.0033609740501391954
15626,0.0033609740501391954
15627,0.0033609740501391954
15628,0.0033609740501391954
15629,0.0033609740501391954
15630,0.0033609740501391954
15631,0.0033609740501391954
15632,0.0033609740501391954
15633,0.0033609740501391954
15634,0.0033609740501391954
15635,0.0033609740501391954
15636,0.0033609740501391954
15637,0.0033609740501391954
15638,0.0033609740501391954
15639,0.0033609740501391954
15640,0.0033609740501391954
15641,0.0033609740501391954
15642,0.0033609740501391954
15643,0.0033609740501391954
15644,0.0033609740501391954
15645,0.0033609740501391954
15646,0.0033609740501391954
15647,0.0033609740501391954
15648,0.0033609740501391954
15649,0.0033609740501391954
15650,0.0033609740501391954
15651,0.0033609740501391954
15652,0.0033609740501391954
15653,0.0033609740501391954
15654,0.0033609740501391954
15655,0.0033609740501391954
15656,0.0033609740501391954
15657,0.0033609740501391954
15658,0.0033609740501391954
15659,0.0033609740501391954
15660,0.0033609740501391954
15661,0.0033609740501391954
15662,0.0033609740501391954
15663,0.0033609740501391954
15664,0.0033609740501391954
15665,0.0033609740501391954
15666,0.0033609740501391954
15667,0.0033609740501391954
15668,0.0033609740501391954
15669,0.0033609740501391954
15670,0.0033609740501391954
15671,0.0033609740501391954
15672,0.0033609740501391954
15673,0.0033609740501391954
15674,0.0033609740501391954
15675,0.0033609740501391954
15676,0.0033609740501391954
15677,0.0033609740501391954
15678,0.0033609740501391954
15679,0.0033609740501391954
15680,0.0033609740501391954
15681,0.0033609740501391954
15682,0.0033609740501391954
15683,0.0033609740501391954
15684,0.0033609740501391954
15685,0.0033609740501391954
15686,0.0033609740501391954
15687,0.0033609740501391954
15688,0.0033609740501391954
15689,0.0033609740501391954
15690,0.0033609740501391954
15691,0.0033609740501391954
15692,0.0033609740501391954
15693,0.0033609740501391954
15694,0.0033609740501391954
15695,0.0033609740501391954
15696,0.0033609740501391954
15697,0.0033609740501391954
15698,0.0033609740501391954
15699,0.0033609740501391954
15700,0.0033609740501391954
15701,0.0033609740501391954
15702,0.0033609740501391954
15703,0.0033609740501391954
15704,0.0033609740501391954
15705,0.0033609740501391954
15706,0.0033609740501391954
15707,0.0033609740501391954
15708,0.0033609740501391954
15709,0.0033609740501391954
15710,0.0033609740501391954
15711,0.0033609740501391954
15712,0.0033609740501391954
15713,0.0033609740501391954
15714,0.0033609740501391954
15715,0.0033609740501391954
15716,0.0033609740501391954
15717,0.0033609740501391954
15718,0.0033609740501391954
15719,0.0033609740501391954
15720,0.0033609740501391954
15721,0.0033609740501391954
15722,0.0033609740501391954
15723,0.0033609740501391954
15724,0.0033609740501391954
15725,0.0033609740501391954
15726,0.0033609740501391954
15727,0.0033609740501391954
15728,0.0033609740501391954
15729,0.0033609740501391954
15730,0.0033609740501391954
15731,0.0033609740501391954
15732,0.0033609740501391954
15733,0.0033609740501391954
15734,0.0033609740501391954
15735,0.0033609740501391954
15736,0.0033609740501391954
15737,0.0033609740501391954
15738,0.0033609740501391954
15739,0.0033609740501391954
15740,0.0033609740501391954
15741,0.0033609740501391954
15742,0.0033609740501391954
15743,0.0033609740501391954
15744,0.0033609740501391954
15745,0.0033609740501391954
15746,0.0033609740501391954
15747,0.0033609740501391954
15748,0.0033609740501391954
15749,0.0033609740501391954
15750,0.0033609740501391954
15751,0.0033609740501391954
15752,0.0033609740501391954
15753,0.0033609740501391954
15754,0.0033609740501391954
15755,0.0033609740501391954
15756,0.0033609740501391954
15757,0.0033609740501391954
15758,0.0033609740501391954
15759,0.0033609740501391954
15760,0.0033609740501391954
15761,0.0033609740501391954
15762,0.0033609740501391954
15763,0.0033609740501391954
15764,0.0033609740501391954
15765,0.0033609740501391954
15766,0.0033609740501391954
15767,0.0033609740501391954
15768,0.0033609740501391954
15769,0.0033609740501391954
15770,0.0033609740501391954
15771,0.0033609740501391954
15772,0.0033609740501391954
15773,0.0033609740501391954
15774,0.0033609740501391954
15775,0.0033609740501391954
15776,0.0033609740501391954
15777,0.0033609740501391954
15778,0.0033609740501391954
15779,0.0033609740501391954
15780,0.0033609740501391954
15781,0.0033609740501391954
15782,0.0033609740501391954
15783,0.0033609740501391954
15784,0.0033609740501391954
15785,0.0033609740501391954
15786,0.0033609740501391954
15787,0.0033609740501391954
15788,0.0033609740501391954
15789,0.0033609740501391954
15790,0.0033609740501391954
15791,0.0033609740501391954
15792,0.0033609740501391954
15793,0.0033609740501391954
15794,0.0033609740501391954
15795,0.0033609740501391954
15796,0.0033609740501391954
15797,0.0033609740501391954
15798,0.0033609740501391954
15799,0.0033609740501391954
15800,0.0033609740501391954
15801,0.0033609740501391954
15802,0.0033609740501391954
15803,0.0033609740501391954
15804,0.0033609740501391954
15805,0.0033609740501391954
15806,0.0033609740501391954
15807,0.0033609740501391954
15808,0.0033609740501391954
15809,0.0033609740501391954
15810,0.0033609740501391954
15811,0.0033609740501391954
15812,0.0033609740501391954
15813,0.0033609740501391954
15814,0.0033609740501391954
15815,0.0033609740501391954
15816,0.0033609740501391954
15817,0.0033609740501391954
15818,0.0033609740501391954
15819,0.0033609740501391954
15820,0.0033609740501391954
15821,0.0033609740501391954
15822,0.0033609740501391954
15823,0.0033609740501391954
15824,0.0033609740501391954
15825,0.0033609740501391954
15826,0.0033609740501391954
15827,0.0033609740501391954
15828,0.0033609740501391954
15829,0.0033609740501391954
15830,0.0033609740501391954
15831,0.0033609740501391954
15832,0.0033609740501391954
15833,0.0033609740501391954
15834,0.0033609740501391954
15835,0.0033609740501391954
15836,0.0033609740501391954
15837,0.0033609740501391954
15838,0.0033609740501391954
15839,0.0033609740501391954
15840,0.0033609740501391954
15841,0.0033609740501391954
15842,0.0033609740501391954
15843,0.0033609740501391954
15844,0.0033609740501391954
15845,0.0033609740501391954
15846,0.0033609740501391954
15847,0.0033609740501391954
15848,0.0033609740501391954
15849,0.0033609740501391954
15850,0.0033609740501391954
15851,0.0033609740501391954
15852,0.0033609740501391954
15853,0.0033609740501391954
15854,0.0033609740501391954
15855,0.0033609740501391954
15856,0.0033609740501391954
15857,0.0033609740501391954
15858,0.0033609740501391954
15859,0.0033609740501391954
15860,0.0033609740501391954
15861,0.0033609740501391954
15862,0.0033609740501391954
15863,0.0033609740501391954
15864,0.0033609740501391954
15865,0.0033609740501391954
15866,0.0033609740501391954
15867,0.0033609740501391954
15868,0.0033609740501391954
15869,0.0033609740501391954
15870,0.0033609740501391954
15871,0.0033609740501391954
15872,0.0033609740501391954
15873,0.0033609740501391954
15874,0.0033609740501391954
15875,0.0033609740501391954
15876,0.0033609740501391954
15877,0.0033609740501391954
15878,0.0033609740501391954
15879,0.0033609740501391954
15880,0.0033609740501391954
15881,0.0033609740501391954
15882,0.0033609740501391954
15883,0.0033609740501391954
15884,0.0033609740501391954
15885,0.0033609740501391954
15886,0.0033609740501391954
15887,0.0033609740501391954
15888,0.0033609740501391954
15889,0.0033609740501391954
15890,0.0033609740501391954
15891,0.0033609740501391954
15892,0.0033609740501391954
15893,0.0033609740501391954
15894,0.0033609740501391954
15895,0.0033609740501391954
15896,0.0033609740501391954
15897,0.0033609740501391954
15898,0.0033609740501391954
15899,0.0033609740501391954
15900,0.0033609740501391954
15901,0.0033609740501391954
15902,0.0033609740501391954
15903,0.0033609740501391954
15904,0.0033609740501391954
15905,0.0033609740501391954
15906,0.0033609740501391954
15907,0.0033609740501391954
15908,0.0033609740501391954
15909,0.0033609740501391954
15910,0.0033609740501391954
15911,0.0033609740501391954
15912,0.0033609740501391954
15913,0.0033609740501391954
15914,0.0033609740501391954
15915,0.0033609740501391954
15916,0.0033609740501391954
15917,0.0033609740501391954
15918,0.0033609740501391954
15919,0.0033609740501391954
15920,0.0033609740501391954
15921,0.0033609740501391954
15922,0.0033609740501391954
15923,0.0033609740501391954
15924,0.0033609740501391954
15925,0.0033609740501391954
15926,0.0033609740501391954
15927,0.0033609740501391954
15928,0.0033609740501391954
15929,0.0033609740501391954
15930,0.0033609740501391954
15931,0.0033609740501391954
15932,0.0033609740501391954
15933,0.0033609740501391954
15934,0.0033609740501391954
15935,0.0033609740501391954
15936,0.0033609740501391954
15937,0.0033609740501391954
15938,0.0033609740501391954
15939,0.0033609740501391954
15940,0.0033609740501391954
15941,0.0033609740501391954
15942,0.0033609740501391954
15943,0.0033609740501391954
15944,0.0033609740501391954
15945,0.0033609740501391954
15946,0.0033609740501391954
15947,0.0033609740501391954
15948,0.0033609740501391954
15949,0.0033609740501391954
15950,0.0033609740501391954
15951,0.0033609740501391954
15952,0.0033609740501391954
15953,0.0033609740501391954
15954,0.0033609740501391954
15955,0.0033609740501391954
15956,0.0033609740501391954
15957,0.0033609740501391954
15958,0.0033609740501391954
15959,0.0033609740501391954
15960,0.0033609740501391954
15961,0.0033609740501391954
15962,0.0033609740501391954
15963,0.0033609740501391954
15964,0.0033609740501391954
15965,0.0033609740501391954
15966,0.0033609740501391954
15967,0.0033609740501391954
15968,0.0033609740501391954
15969,0.0033609740501391954
15970,0.0033609740501391954
15971,0.0033609740501391954
15972,0.0033609740501391954
15973,0.0033609740501391954
15974,0.0033609740501391954
15975,0.0033609740501391954
15976,0.0033609740501391954
15977,0.0033609740501391954
15978,0.0033609740501391954
15979,0.0033609740501391954
15980,0.0033609740501391954
15981,0.0033609740501391954
15982,0.0033609740501391954
15983,0.0033609740501391954
15984,0.0033609740501391954
15985,0.0033609740501391954
15986,0.0033609740501391954
15987,0.0033609740501391954
15988,0.0033609740501391954
15989,0.0033609740501391954
15990,0.0033609740501391954
15991,0.0033609740501391954
15992,0.0033609740501391954
15993,0.0033609740501391954
15994,0.0033609740501391954
15995,0.0033609740501391954
15996,0.0033609740501391954
15997,0.0033609740501391954
15998,0.0033609740501391954
15999,0.0033609740501391954
16000,0.0033609740501391954
16001,0.0033609740501391954
16002,0.0033609740501391954
16003,0.0033609740501391954
16004,0.0033609740501391954
16005,0.0033609740501391954
16006,0.0033609740501391954
16007,0.0033609740501391954
16008,0.0033609740501391954
16009,0.0033609740501391954
16010,0.0033609740501391954
16011,0.0033609740501391954
16012,0.0033609740501391954
16013,0.0033609740501391954
16014,0.0033609740501391954
16015,0.0033609740501391954
16016,0.0033609740501391954
16017,0.0033609740501391954
16018,0.0033609740501391954
16019,0.0033609740501391954
16020,0.0033609740501391954
16021,0.0033609740501391954
16022,0.0033609740501391954
16023,0.0033609740501391954
16024,0.0033609740501391954
16025,0.0033609740501391954
16026,0.0033609740501391954
16027,0.0033609740501391954
16028,0.0033609740501391954
16029,0.0033609740501391954
16030,0.0033609740501391954
16031,0.0033609740501391954
16032,0.0033609740501391954
16033,0.0033609740501391954
16034,0.0033609740501391954
16035,0.0033609740501391954
16036,0.0033609740501391954
16037,0.0033609740501391954
16038,0.0033609740501391954
16039,0.0033609740501391954
16040,0.0033609740501391954
16041,0.0033609740501391954
16042,0.0033609740501391954
16043,0.0033609740501391954
16044,0.0033609740501391954
16045,0.0033609740501391954
16046,0.0033609740501391954
16047,0.0033609740501391954
16048,0.0033609740501391954
16049,0.0033609740501391954
16050,0.0033609740501391954
16051,0.0033609740501391954
16052,0.0033609740501391954
16053,0.0033609740501391954
16054,0.0033609740501391954
16055,0.0033609740501391954
16056,0.0033609740501391954
16057,0.0033609740501391954
16058,0.0033609740501391954
16059,0.0033609740501391954
16060,0.0033609740501391954
16061,0.0033609740501391954
16062,0.0033609740501391954
16063,0.0033609740501391954
16064,0.0033609740501391954
16065,0.0033609740501391954
16066,0.0033609740501391954
16067,0.0033609740501391954
16068,0.0033609740501391954
16069,0.0033609740501391954
16070,0.0033609740501391954
16071,0.0033609740501391954
16072,0.0033609740501391954
16073,0.0033609740501391954
16074,0.0033609740501391954
16075,0.0033609740501391954
16076,0.0033609740501391954
16077,0.0033609740501391954
16078,0.0033609740501391954
16079,0.0033609740501391954
16080,0.0033609740501391954
16081,0.0033609740501391954
16082,0.0033609740501391954
16083,0.0033609740501391954
16084,0.0033609740501391954
16085,0.0033609740501391954
16086,0.0033609740501391954
16087,0.0033609740501391954
16088,0.0033609740501391954
16089,0.0033609740501391954
16090,0.0033609740501391954
16091,0.0033609740501391954
16092,0.0033609740501391954
16093,0.0033609740501391954
16094,0.0033609740501391954
16095,0.0033609740501391954
16096,0.0033609740501391954
16097,0.0033609740501391954
16098,0.0033609740501391954
16099,0.0033609740501391954
16100,0.0033609740501391954
16101,0.0033609740501391954
16102,0.0033609740501391954
16103,0.0033609740501391954
16104,0.0033609740501391954
16105,0.0033609740501391954
16106,0.0033609740501391954
16107,0.0033609740501391954
16108,0.0033609740501391954
16109,0.0033609740501391954
16110,0.0033609740501391954
16111,0.0033609740501391954
16112,0.0033609740501391954
16113,0.0033609740501391954
16114,0.0033609740501391954
16115,0.0033609740501391954
16116,0.0033609740501391954
16117,0.0033609740501391954
16118,0.0033609740501391954
16119,0.0033609740501391954
16120,0.0033609740501391954
16121,0.0033609740501391954
16122,0.0033609740501391954
16123,0.0033609740501391954
16124,0.0033609740501391954
16125,0.0033609740501391954
16126,0.0033609740501391954
16127,0.0033609740501391954
16128,0.0033609740501391954
16129,0.0033609740501391954
16130,0.0033609740501391954
16131,0.0033609740501391954
16132,0.0033609740501391954
16133,0.0033609740501391954
16134,0.0033609740501391954
16135,0.0033609740501391954
16136,0.0033609740501391954
16137,0.0033609740501391954
16138,0.0033609740501391954
16139,0.0033609740501391954
16140,0.0033609740501391954
16141,0.0033609740501391954
16142,0.0033609740501391954
16143,0.0033609740501391954
16144,0.0033609740501391954
16145,0.0033609740501391954
16146,0.0033609740501391954
16147,0.0033609740501391954
16148,0.0033609740501391954
16149,0.0033609740501391954
16150,0.0033609740501391954
16151,0.0033609740501391954
16152,0.0033609740501391954
16153,0.0033609740501391954
16154,0.0033609740501391954
16155,0.0033609740501391954
16156,0.0033609740501391954
16157,0.0033609740501391954
16158,0.0033609740501391954
16159,0.0033609740501391954
16160,0.0033609740501391954
16161,0.0033609740501391954
16162,0.0033609740501391954
16163,0.0033609740501391954
16164,0.0033609740501391954
16165,0.0033609740501391954
16166,0.0033609740501391954
16167,0.0033609740501391954
16168,0.0033609740501391954
16169,0.0033609740501391954
16170,0.0033609740501391954
16171,0.0033609740501391954
16172,0.0033609740501391954
16173,0.0033609740501391954
16174,0.0033609740501391954
16175,0.0033609740501391954
16176,0.0033609740501391954
16177,0.0033609740501391954
16178,0.0033609740501391954
16179,0.0033609740501391954
16180,0.0033609740501391954
16181,0.0033609740501391954
16182,0.0033609740501391954
16183,0.0033609740501391954
16184,0.0033609740501391954
16185,0.0033609740501391954
16186,0.0033609740501391954
16187,0.0033609740501391954
16188,0.0033609740501391954
16189,0.0033609740501391954
16190,0.0033609740501391954
16191,0.0033609740501391954
16192,0.0033609740501391954
16193,0.0033609740501391954
16194,0.0033609740501391954
16195,0.0033609740501391954
16196,0.0033609740501391954
16197,0.0033609740501391954
16198,0.0033609740501391954
16199,0.0033609740501391954
16200,0.0033609740501391954
16201,0.0033609740501391954
16202,0.0033609740501391954
16203,0.0033609740501391954
16204,0.0033609740501391954
16205,0.0033609740501391954
16206,0.0033609740501391954
16207,0.0033609740501391954
16208,0.0033609740501391954
16209,0.0033609740501391954
16210,0.0033609740501391954
16211,0.0033609740501391954
16212,0.0033609740501391954
16213,0.0033609740501391954
16214,0.0033609740501391954
16215,0.0033609740501391954
16216,0.0033609740501391954
16217,0.0033609740501391954
16218,0.0033609740501391954
16219,0.0033609740501391954
16220,0.0033609740501391954
16221,0.0033609740501391954
16222,0.0033609740501391954
16223,0.0033609740501391954
16224,0.0033609740501391954
16225,0.0033609740501391954
16226,0.0033609740501391954
16227,0.0033609740501391954
16228,0.0033609740501391954
16229,0.0033609740501391954
16230,0.0033609740501391954
16231,0.0033609740501391954
16232,0.0033609740501391954
16233,0.0033609740501391954
16234,0.0033609740501391954
16235,0.0033609740501391954
16236,0.0033609740501391954
16237,0.0033609740501391954
16238,0.0033609740501391954
16239,0.0033609740501391954
16240,0.0033609740501391954
16241,0.0033609740501391954
16242,0.0033609740501391954
16243,0.0033609740501391954
16244,0.0033609740501391954
16245,0.0033609740501391954
16246,0.0033609740501391954
16247,0.0033609740501391954
16248,0.0033609740501391954
16249,0.0033609740501391954
16250,0.0033609740501391954
16251,0.0033609740501391954
16252,0.0033609740501391954
16253,0.0033609740501391954
16254,0.0033609740501391954
16255,0.0033609740501391954
16256,0.0033609740501391954
16257,0.0033609740501391954
16258,0.0033609740501391954
16259,0.0033609740501391954
16260,0.0033609740501391954
16261,0.0033609740501391954
16262,0.0033609740501391954
16263,0.0033609740501391954
16264,0.0033609740501391954
16265,0.0033609740501391954
16266,0.0033609740501391954
16267,0.0033609740501391954
16268,0.0033609740501391954
16269,0.0033609740501391954
16270,0.0033609740501391954
16271,0.0033609740501391954
16272,0.0033609740501391954
16273,0.0033609740501391954
16274,0.0033609740501391954
16275,0.0033609740501391954
16276,0.0033609740501391954
16277,0.0033609740501391954
16278,0.0033609740501391954
16279,0.0033609740501391954
16280,0.0033609740501391954
16281,0.0033609740501391954
16282,0.0033609740501391954
16283,0.0033609740501391954
16284,0.0033609740501391954
16285,0.0033609740501391954
16286,0.0033609740501391954
16287,0.0033609740501391954
16288,0.0033609740501391954
16289,0.0033609740501391954
16290,0.0033609740501391954
16291,0.0033609740501391954
16292,0.0033609740501391954
16293,0.0033609740501391954
16294,0.0033609740501391954
16295,0.0033609740501391954
16296,0.0033609740501391954
16297,0.0033609740501391954
16298,0.0033609740501391954
16299,0.0033609740501391954
16300,0.0033609740501391954
16301,0.0033609740501391954
16302,0.0033609740501391954
16303,0.0033609740501391954
16304,0.0033609740501391954
16305,0.0033609740501391954
16306,0.0033609740501391954
16307,0.0033609740501391954
16308,0.0033609740501391954
16309,0.0033609740501391954
16310,0.0033609740501391954
16311,0.0033609740501391954
16312,0.0033609740501391954
16313,0.0033609740501391954
16314,0.0033609740501391954
16315,0.0033609740501391954
16316,0.0033609740501391954
16317,0.0033609740501391954
16318,0.0033609740501391954
16319,0.0033609740501391954
16320,0.0033609740501391954
16321,0.0033609740501391954
16322,0.0033609740501391954
16323,0.0033609740501391954
16324,0.0033609740501391954
16325,0.0033609740501391954
16326,0.0033609740501391954
16327,0.0033609740501391954
16328,0.0033609740501391954
16329,0.0033609740501391954
16330,0.0033609740501391954
16331,0.0033609740501391954
16332,0.0033609740501391954
16333,0.0033609740501391954
16334,0.0033609740501391954
16335,0.0033609740501391954
16336,0.0033609740501391954
16337,0.0033609740501391954
16338,0.0033609740501391954
16339,0.0033609740501391954
16340,0.0033609740501391954
16341,0.0033609740501391954
16342,0.0033609740501391954
16343,0.0033609740501391954
16344,0.0033609740501391954
16345,0.0033609740501391954
16346,0.0033609740501391954
16347,0.0033609740501391954
16348,0.0033609740501391954
16349,0.0033609740501391954
16350,0.0033609740501391954
16351,0.0033609740501391954
16352,0.0033609740501391954
16353,0.0033609740501391954
16354,0.0033609740501391954
16355,0.0033609740501391954
16356,0.0033609740501391954
16357,0.0033609740501391954
16358,0.0033609740501391954
16359,0.0033609740501391954
16360,0.0033609740501391954
16361,0.0033609740501391954
16362,0.0033609740501391954
16363,0.0033609740501391954
16364,0.0033609740501391954
16365,0.0033609740501391954
16366,0.0033609740501391954
16367,0.0033609740501391954
16368,0.0033609740501391954
16369,0.0033609740501391954
16370,0.0033609740501391954
16371,0.0033609740501391954
16372,0.0033609740501391954
16373,0.0033609740501391954
16374,0.0033609740501391954
16375,0.0033609740501391954
16376,0.0033609740501391954
16377,0.0033609740501391954
16378,0.0033609740501391954
16379,0.0033609740501391954
16380,0.0033609740501391954
16381,0.0033609740501391954
16382,0.0033609740501391954
16383,0.0033609740501391954
16384,0.0033609740501391954
16385,0.0033609740501391954
16386,0.0033609740501391954
16387,0.0033609740501391954
16388,0.0033609740501391954
16389,0.0033609740501391954
16390,0.0033609740501391954
16391,0.0033609740501391954
16392,0.0033609740501391954
16393,0.0033609740501391954
16394,0.0033609740501391954
16395,0.0033609740501391954
16396,0.0033609740501391954
16397,0.0033609740501391954
16398,0.0033609740501391954
16399,0.0033609740501391954
16400,0.0033609740501391954
16401,0.0033609740501391954
16402,0.0033609740501391954
16403,0.0033609740501391954
16404,0.0033609740501391954
16405,0.0033609740501391954
16406,0.0033609740501391954
16407,0.0033609740501391954
16408,0.0033609740501391954
16409,0.0033609740501391954
16410,0.0033609740501391954
16411,0.0033609740501391954
16412,0.0033609740501391954
16413,0.0033609740501391954
16414,0.0033609740501391954
16415,0.0033609740501391954
16416,0.0033609740501391954
16417,0.0033609740501391954
16418,0.0033609740501391954
16419,0.0033609740501391954
16420,0.0033609740501391954
16421,0.0033609740501391954
16422,0.0033609740501391954
16423,0.0033609740501391954
16424,0.0033609740501391954
16425,0.0033609740501391954
16426,0.0033609740501391954
16427,0.0033609740501391954
16428,0.0033609740501391954
16429,0.0033609740501391954
16430,0.0033609740501391954
16431,0.0033609740501391954
16432,0.0033609740501391954
16433,0.0033609740501391954
16434,0.0033609740501391954
16435,0.0033609740501391954
16436,0.0033609740501391954
16437,0.0033609740501391954
16438,0.0033609740501391954
16439,0.0033609740501391954
16440,0.0033609740501391954
16441,0.0033609740501391954
16442,0.0033609740501391954
16443,0.0033609740501391954
16444,0.0033609740501391954
16445,0.0033609740501391954
16446,0.0033609740501391954
16447,0.0033609740501391954
16448,0.0033609740501391954
16449,0.0033609740501391954
16450,0.0033609740501391954
16451,0.0033609740501391954
16452,0.0033609740501391954
16453,0.0033609740501391954
16454,0.0033609740501391954
16455,0.0033609740501391954
16456,0.0033609740501391954
16457,0.0033609740501391954
16458,0.0033609740501391954
16459,0.0033609740501391954
16460,0.0033609740501391954
16461,0.0033609740501391954
16462,0.0033609740501391954
16463,0.0033609740501391954
16464,0.0033609740501391954
16465,0.0033609740501391954
16466,0.0033609740501391954
16467,0.0033609740501391954
16468,0.0033609740501391954
16469,0.0033609740501391954
16470,0.0033609740501391954
16471,0.0033609740501391954
16472,0.0033609740501391954
16473,0.0033609740501391954
16474,0.0033609740501391954
16475,0.0033609740501391954
16476,0.0033609740501391954
16477,0.0033609740501391954
16478,0.0033609740501391954
16479,0.0033609740501391954
16480,0.0033609740501391954
16481,0.0033609740501391954
16482,0.0033609740501391954
16483,0.0033609740501391954
16484,0.0033609740501391954
16485,0.0033609740501391954
16486,0.0033609740501391954
16487,0.0033609740501391954
16488,0.0033609740501391954
16489,0.0033609740501391954
16490,0.0033609740501391954
16491,0.0033609740501391954
16492,0.0033609740501391954
16493,0.0033609740501391954
16494,0.0033609740501391954
16495,0.0033609740501391954
16496,0.0033609740501391954
16497,0.0033609740501391954
16498,0.0033609740501391954
16499,0.0033609740501391954
16500,0.0033609740501391954
16501,0.0033609740501391954
16502,0.0033609740501391954
16503,0.0033609740501391954
16504,0.0033609740501391954
16505,0.0033609740501391954
16506,0.0033609740501391954
16507,0.0033609740501391954
16508,0.0033609740501391954
16509,0.0033609740501391954
16510,0.0033609740501391954
16511,0.0033609740501391954
16512,0.0033609740501391954
16513,0.0033609740501391954
16514,0.0033609740501391954
16515,0.0033609740501391954
16516,0.0033609740501391954
16517,0.0033609740501391954
16518,0.0033609740501391954
16519,0.0033609740501391954
16520,0.0033609740501391954
16521,0.0033609740501391954
16522,0.0033609740501391954
16523,0.0033609740501391954
16524,0.0033609740501391954
16525,0.0033609740501391954
16526,0.0033609740501391954
16527,0.0033609740501391954
16528,0.0033609740501391954
16529,0.0033609740501391954
16530,0.0033609740501391954
16531,0.0033609740501391954
16532,0.0033609740501391954
16533,0.0033609740501391954
16534,0.0033609740501391954
16535,0.0033609740501391954
16536,0.0033609740501391954
16537,0.0033609740501391954
16538,0.0033609740501391954
16539,0.0033609740501391954
16540,0.0033609740501391954
16541,0.0033609740501391954
16542,0.0033609740501391954
16543,0.0033609740501391954
16544,0.0033609740501391954
16545,0.0033609740501391954
16546,0.0033609740501391954
16547,0.0033609740501391954
16548,0.0033609740501391954
16549,0.0033609740501391954
16550,0.0033609740501391954
16551,0.0033609740501391954
16552,0.0033609740501391954
16553,0.0033609740501391954
16554,0.0033609740501391954
16555,0.0033609740501391954
16556,0.0033609740501391954
16557,0.0033609740501391954
16558,0.0033609740501391954
16559,0.0033609740501391954
16560,0.0033609740501391954
16561,0.0033609740501391954
16562,0.0033609740501391954
16563,0.0033609740501391954
16564,0.0033609740501391954
16565,0.0033609740501391954
16566,0.0033609740501391954
16567,0.0033609740501391954
16568,0.0033609740501391954
16569,0.0033609740501391954
16570,0.0033609740501391954
16571,0.0033609740501391954
16572,0.0033609740501391954
16573,0.0033609740501391954
16574,0.0033609740501391954
16575,0.0033609740501391954
16576,0.0033609740501391954
16577,0.0033609740501391954
16578,0.0033609740501391954
16579,0.0033609740501391954
16580,0.0033609740501391954
16581,0.0033609740501391954
16582,0.0033609740501391954
16583,0.0033609740501391954
16584,0.0033609740501391954
16585,0.0033609740501391954
16586,0.0033609740501391954
16587,0.0033609740501391954
16588,0.0033609740501391954
16589,0.0033609740501391954
16590,0.0033609740501391954
16591,0.0033609740501391954
16592,0.0033609740501391954
16593,0.0033609740501391954
16594,0.0033609740501391954
16595,0.0033609740501391954
16596,0.0033609740501391954
16597,0.0033609740501391954
16598,0.0033609740501391954
16599,0.0033609740501391954
16600,0.0033609740501391954
16601,0.0033609740501391954
16602,0.0033609740501391954
16603,0.0033609740501391954
16604,0.0033609740501391954
16605,0.0033609740501391954
16606,0.0033609740501391954
16607,0.0033609740501391954
16608,0.0033609740501391954
16609,0.0033609740501391954
16610,0.0033609740501391954
16611,0.0033609740501391954
16612,0.0033609740501391954
16613,0.0033609740501391954
16614,0.0033609740501391954
16615,0.0033609740501391954
16616,0.0033609740501391954
16617,0.0033609740501391954
16618,0.0033609740501391954
16619,0.0033609740501391954
16620,0.0033609740501391954
16621,0.0033609740501391954
16622,0.0033609740501391954
16623,0.0033609740501391954
16624,0.0033609740501391954
16625,0.0033609740501391954
16626,0.0033609740501391954
16627,0.0033609740501391954
16628,0.0033609740501391954
16629,0.0033609740501391954
16630,0.0033609740501391954
16631,0.0033609740501391954
16632,0.0033609740501391954
16633,0.0033609740501391954
16634,0.0033609740501391954
16635,0.0033609740501391954
16636,0.0033609740501391954
16637,0.0033609740501391954
16638,0.0033609740501391954
16639,0.0033609740501391954
16640,0.0033609740501391954
16641,0.0033609740501391954
16642,0.0033609740501391954
16643,0.0033609740501391954
16644,0.0033609740501391954
16645,0.0033609740501391954
16646,0.0033609740501391954
16647,0.0033609740501391954
16648,0.0033609740501391954
16649,0.0033609740501391954
16650,0.0033609740501391954
16651,0.0033609740501391954
16652,0.0033609740501391954
16653,0.0033609740501391954
16654,0.0033609740501391954
16655,0.0033609740501391954
16656,0.0033609740501391954
16657,0.0033609740501391954
16658,0.0033609740501391954
16659,0.0033609740501391954
16660,0.0033609740501391954
16661,0.0033609740501391954
16662,0.0033609740501391954
16663,0.0033609740501391954
16664,0.0033609740501391954
16665,0.0033609740501391954
16666,0.0033609740501391954
16667,0.0033609740501391954
16668,0.0033609740501391954
16669,0.0033609740501391954
16670,0.0033609740501391954
16671,0.0033609740501391954
16672,0.0033609740501391954
16673,0.0033609740501391954
16674,0.0033609740501391954
16675,0.0033609740501391954
16676,0.0033609740501391954
16677,0.0033609740501391954
16678,0.0033609740501391954
16679,0.0033609740501391954
16680,0.0033609740501391954
16681,0.0033609740501391954
16682,0.0033609740501391954
16683,0.0033609740501391954
16684,0.0033609740501391954
16685,0.0033609740501391954
16686,0.0033609740501391954
16687,0.0033609740501391954
16688,0.0033609740501391954
16689,0.0033609740501391954
16690,0.0033609740501391954
16691,0.0033609740501391954
16692,0.0033609740501391954
16693,0.0033609740501391954
16694,0.0033609740501391954
16695,0.0033609740501391954
16696,0.0033609740501391954
16697,0.0033609740501391954
16698,0.0033609740501391954
16699,0.0033609740501391954
16700,0.0033609740501391954
16701,0.0033609740501391954
16702,0.0033609740501391954
16703,0.0033609740501391954
16704,0.0033609740501391954
16705,0.0033609740501391954
16706,0.0033609740501391954
16707,0.0033609740501391954
16708,0.0033609740501391954
16709,0.0033609740501391954
16710,0.0033609740501391954
16711,0.0033609740501391954
16712,0.0033609740501391954
16713,0.0033609740501391954
16714,0.0033609740501391954
16715,0.0033609740501391954
16716,0.0033609740501391954
16717,0.0033609740501391954
16718,0.0033609740501391954
16719,0.0033609740501391954
16720,0.0033609740501391954
16721,0.0033609740501391954
16722,0.0033609740501391954
16723,0.0033609740501391954
16724,0.0033609740501391954
16725,0.0033609740501391954
16726,0.0033609740501391954
16727,0.0033609740501391954
16728,0.0033609740501391954
16729,0.0033609740501391954
16730,0.0033609740501391954
16731,0.0033609740501391954
16732,0.0033609740501391954
16733,0.0033609740501391954
16734,0.0033609740501391954
16735,0.0033609740501391954
16736,0.0033609740501391954
16737,0.0033609740501391954
16738,0.0033609740501391954
16739,0.0033609740501391954
16740,0.0033609740501391954
16741,0.0033609740501391954
16742,0.0033609740501391954
16743,0.0033609740501391954
16744,0.0033609740501391954
16745,0.0033609740501391954
16746,0.0033609740501391954
16747,0.0033609740501391954
16748,0.0033609740501391954
16749,0.0033609740501391954
16750,0.0033609740501391954
16751,0.0033609740501391954
16752,0.0033609740501391954
16753,0.0033609740501391954
16754,0.0033609740501391954
16755,0.0033609740501391954
16756,0.0033609740501391954
16757,0.0033609740501391954
16758,0.0033609740501391954
16759,0.0033609740501391954
16760,0.0033609740501391954
16761,0.0033609740501391954
16762,0.0033609740501391954
16763,0.0033609740501391954
16764,0.0033609740501391954
16765,0.0033609740501391954
16766,0.0033609740501391954
16767,0.0033609740501391954
16768,0.0033609740501391954
16769,0.0033609740501391954
16770,0.0033609740501391954
16771,0.0033609740501391954
16772,0.0033609740501391954
16773,0.0033609740501391954
16774,0.0033609740501391954
16775,0.0033609740501391954
16776,0.0033609740501391954
16777,0.0033609740501391954
16778,0.0033609740501391954
16779,0.0033609740501391954
16780,0.0033609740501391954
16781,0.0033609740501391954
16782,0.0033609740501391954
16783,0.0033609740501391954
16784,0.0033609740501391954
16785,0.0033609740501391954
16786,0.0033609740501391954
16787,0.0033609740501391954
16788,0.0033609740501391954
16789,0.0033609740501391954
16790,0.0033609740501391954
16791,0.0033609740501391954
16792,0.0033609740501391954
16793,0.0033609740501391954
16794,0.0033609740501391954
16795,0.0033609740501391954
16796,0.0033609740501391954
16797,0.0033609740501391954
16798,0.0033609740501391954
16799,0.0033609740501391954
16800,0.0033609740501391954
16801,0.0033609740501391954
16802,0.0033609740501391954
16803,0.0033609740501391954
16804,0.0033609740501391954
16805,0.0033609740501391954
16806,0.0033609740501391954
16807,0.0033609740501391954
16808,0.0033609740501391954
16809,0.0033609740501391954
16810,0.0033609740501391954
16811,0.0033609740501391954
16812,0.0033609740501391954
16813,0.0033609740501391954
16814,0.0033609740501391954
16815,0.0033609740501391954
16816,0.0033609740501391954
16817,0.0033609740501391954
16818,0.0033609740501391954
16819,0.0033609740501391954
16820,0.0033609740501391954
16821,0.0033609740501391954
16822,0.0033609740501391954
16823,0.0033609740501391954
16824,0.0033609740501391954
16825,0.0033609740501391954
16826,0.0033609740501391954
16827,0.0033609740501391954
16828,0.0033609740501391954
16829,0.0033609740501391954
16830,0.0033609740501391954
16831,0.0033609740501391954
16832,0.0033609740501391954
16833,0.0033609740501391954
16834,0.0033609740501391954
16835,0.0033609740501391954
16836,0.0033609740501391954
16837,0.0033609740501391954
16838,0.0033609740501391954
16839,0.0033609740501391954
16840,0.0033609740501391954
16841,0.0033609740501391954
16842,0.0033609740501391954
16843,0.0033609740501391954
16844,0.0033609740501391954
16845,0.0033609740501391954
16846,0.0033609740501391954
16847,0.0033609740501391954
16848,0.0033609740501391954
16849,0.0033609740501391954
16850,0.0033609740501391954
16851,0.0033609740501391954
16852,0.0033609740501391954
16853,0.0033609740501391954
16854,0.0033609740501391954
16855,0.0033609740501391954
16856,0.0033609740501391954
16857,0.0033609740501391954
16858,0.0033609740501391954
16859,0.0033609740501391954
16860,0.0033609740501391954
16861,0.0033609740501391954
16862,0.0033609740501391954
16863,0.0033609740501391954
16864,0.0033609740501391954
16865,0.0033609740501391954
16866,0.0033609740501391954
16867,0.0033609740501391954
16868,0.0033609740501391954
16869,0.0033609740501391954
16870,0.0033609740501391954
16871,0.0033609740501391954
16872,0.0033609740501391954
16873,0.0033609740501391954
16874,0.0033609740501391954
16875,0.0033609740501391954
16876,0.0033609740501391954
16877,0.0033609740501391954
16878,0.0033609740501391954
16879,0.0033609740501391954
16880,0.0033609740501391954
16881,0.0033609740501391954
16882,0.0033609740501391954
16883,0.0033609740501391954
16884,0.0033609740501391954
16885,0.0033609740501391954
16886,0.0033609740501391954
16887,0.0033609740501391954
16888,0.0033609740501391954
16889,0.0033609740501391954
16890,0.0033609740501391954
16891,0.0033609740501391954
16892,0.0033609740501391954
16893,0.0033609740501391954
16894,0.0033609740501391954
16895,0.0033609740501391954
16896,0.0033609740501391954
16897,0.0033609740501391954
16898,0.0033609740501391954
16899,0.0033609740501391954
16900,0.0033609740501391954
16901,0.0033609740501391954
16902,0.0033609740501391954
16903,0.0033609740501391954
16904,0.0033609740501391954
16905,0.0033609740501391954
16906,0.0033609740501391954
16907,0.0033609740501391954
16908,0.0033609740501391954
16909,0.0033609740501391954
16910,0.0033609740501391954
16911,0.0033609740501391954
16912,0.0033609740501391954
16913,0.0033609740501391954
16914,0.0033609740501391954
16915,0.0033609740501391954
16916,0.0033609740501391954
16917,0.0033609740501391954
16918,0.0033609740501391954
16919,0.0033609740501391954
16920,0.0033609740501391954
16921,0.0033609740501391954
16922,0.0033609740501391954
16923,0.0033609740501391954
16924,0.0033609740501391954
16925,0.0033609740501391954
16926,0.0033609740501391954
16927,0.0033609740501391954
16928,0.0033609740501391954
16929,0.0033609740501391954
16930,0.0033609740501391954
16931,0.0033609740501391954
16932,0.0033609740501391954
16933,0.0033609740501391954
16934,0.0033609740501391954
16935,0.0033609740501391954
16936,0.0033609740501391954
16937,0.0033609740501391954
16938,0.0033609740501391954
16939,0.0033609740501391954
16940,0.0033609740501391954
16941,0.0033609740501391954
16942,0.0033609740501391954
16943,0.0033609740501391954
16944,0.0033609740501391954
16945,0.0033609740501391954
16946,0.0033609740501391954
16947,0.0033609740501391954
16948,0.0033609740501391954
16949,0.0033609740501391954
16950,0.0033609740501391954
16951,0.0033609740501391954
16952,0.0033609740501391954
16953,0.0033609740501391954
16954,0.0033609740501391954
16955,0.0033609740501391954
16956,0.0033609740501391954
16957,0.0033609740501391954
16958,0.0033609740501391954
16959,0.0033609740501391954
16960,0.0033609740501391954
16961,0.0033609740501391954
16962,0.0033609740501391954
16963,0.0033609740501391954
16964,0.0033609740501391954
16965,0.0033609740501391954
16966,0.0033609740501391954
16967,0.0033609740501391954
16968,0.0033609740501391954
16969,0.0033609740501391954
16970,0.0033609740501391954
16971,0.0033609740501391954
16972,0.0033609740501391954
16973,0.0033609740501391954
16974,0.0033609740501391954
16975,0.0033609740501391954
16976,0.0033609740501391954
16977,0.0033609740501391954
16978,0.0033609740501391954
16979,0.0033609740501391954
16980,0.0033609740501391954
16981,0.0033609740501391954
16982,0.0033609740501391954
16983,0.0033609740501391954
16984,0.0033609740501391954
16985,0.0033609740501391954
16986,0.0033609740501391954
16987,0.0033609740501391954
16988,0.0033609740501391954
16989,0.0033609740501391954
16990,0.0033609740501391954
16991,0.0033609740501391954
16992,0.0033609740501391954
16993,0.0033609740501391954
16994,0.0033609740501391954
16995,0.0033609740501391954
16996,0.0033609740501391954
16997,0.0033609740501391954
16998,0.0033609740501391954
16999,0.0033609740501391954
17000,0.0033609740501391954
17001,0.0033609740501391954
17002,0.0033609740501391954
17003,0.0033609740501391954
17004,0.0033609740501391954
17005,0.0033609740501391954
17006,0.0033609740501391954
17007,0.0033609740501391954
17008,0.0033609740501391954
17009,0.0033609740501391954
17010,0.0033609740501391954
17011,0.0033609740501391954
17012,0.0033609740501391954
17013,0.0033609740501391954
17014,0.0033609740501391954
17015,0.0033609740501391954
17016,0.0033609740501391954
17017,0.0033609740501391954
17018,0.0033609740501391954
17019,0.0033609740501391954
17020,0.0033609740501391954
17021,0.0033609740501391954
17022,0.0033609740501391954
17023,0.0033609740501391954
17024,0.0033609740501391954
17025,0.0033609740501391954
17026,0.0033609740501391954
17027,0.0033609740501391954
17028,0.0033609740501391954
17029,0.0033609740501391954
17030,0.0033609740501391954
17031,0.0033609740501391954
17032,0.0033609740501391954
17033,0.0033609740501391954
17034,0.0033609740501391954
17035,0.0033609740501391954
17036,0.0033609740501391954
17037,0.0033609740501391954
17038,0.0033609740501391954
17039,0.0033609740501391954
17040,0.0033609740501391954
17041,0.0033609740501391954
17042,0.0033609740501391954
17043,0.0033609740501391954
17044,0.0033609740501391954
17045,0.0033609740501391954
17046,0.0033609740501391954
17047,0.0033609740501391954
17048,0.0033609740501391954
17049,0.0033609740501391954
17050,0.0033609740501391954
17051,0.0033609740501391954
17052,0.0033609740501391954
17053,0.0033609740501391954
17054,0.0033609740501391954
17055,0.0033609740501391954
17056,0.0033609740501391954
17057,0.0033609740501391954
17058,0.0033609740501391954
17059,0.0033609740501391954
17060,0.0033609740501391954
17061,0.0033609740501391954
17062,0.0033609740501391954
17063,0.0033609740501391954
17064,0.0033609740501391954
17065,0.0033609740501391954
17066,0.0033609740501391954
17067,0.0033609740501391954
17068,0.0033609740501391954
17069,0.0033609740501391954
17070,0.0033609740501391954
17071,0.0033609740501391954
17072,0.0033609740501391954
17073,0.0033609740501391954
17074,0.0033609740501391954
17075,0.0033609740501391954
17076,0.0033609740501391954
17077,0.0033609740501391954
17078,0.0033609740501391954
17079,0.0033609740501391954
17080,0.0033609740501391954
17081,0.0033609740501391954
17082,0.0033609740501391954
17083,0.0033609740501391954
17084,0.0033609740501391954
17085,0.0033609740501391954
17086,0.0033609740501391954
17087,0.0033609740501391954
17088,0.0033609740501391954
17089,0.0033609740501391954
17090,0.0033609740501391954
17091,0.0033609740501391954
17092,0.0033609740501391954
17093,0.0033609740501391954
17094,0.0033609740501391954
17095,0.0033609740501391954
17096,0.0033609740501391954
17097,0.0033609740501391954
17098,0.0033609740501391954
17099,0.0033609740501391954
17100,0.0033609740501391954
17101,0.0033609740501391954
17102,0.0033609740501391954
17103,0.0033609740501391954
17104,0.0033609740501391954
17105,0.0033609740501391954
17106,0.0033609740501391954
17107,0.0033609740501391954
17108,0.0033609740501391954
17109,0.0033609740501391954
17110,0.0033609740501391954
17111,0.0033609740501391954
17112,0.0033609740501391954
17113,0.0033609740501391954
17114,0.0033609740501391954
17115,0.0033609740501391954
17116,0.0033609740501391954
17117,0.0033609740501391954
17118,0.0033609740501391954
17119,0.0033609740501391954
17120,0.0033609740501391954
17121,0.0033609740501391954
17122,0.0033609740501391954
17123,0.0033609740501391954
17124,0.0033609740501391954
17125,0.0033609740501391954
17126,0.0033609740501391954
17127,0.0033609740501391954
17128,0.0033609740501391954
17129,0.0033609740501391954
17130,0.0033609740501391954
17131,0.0033609740501391954
17132,0.0033609740501391954
17133,0.0033609740501391954
17134,0.0033609740501391954
17135,0.0033609740501391954
17136,0.0033609740501391954
17137,0.0033609740501391954
17138,0.0033609740501391954
17139,0.0033609740501391954
17140,0.0033609740501391954
17141,0.0033609740501391954
17142,0.0033609740501391954
17143,0.0033609740501391954
17144,0.0033609740501391954
17145,0.0033609740501391954
17146,0.0033609740501391954
17147,0.0033609740501391954
17148,0.0033609740501391954
17149,0.0033609740501391954
17150,0.0033609740501391954
17151,0.0033609740501391954
17152,0.0033609740501391954
17153,0.0033609740501391954
17154,0.0033609740501391954
17155,0.0033609740501391954
17156,0.0033609740501391954
17157,0.0033609740501391954
17158,0.0033609740501391954
17159,0.0033609740501391954
17160,0.0033609740501391954
17161,0.0033609740501391954
17162,0.0033609740501391954
17163,0.0033609740501391954
17164,0.0033609740501391954
17165,0.0033609740501391954
17166,0.0033609740501391954
17167,0.0033609740501391954
17168,0.0033609740501391954
17169,0.0033609740501391954
17170,0.0033609740501391954
17171,0.0033609740501391954
17172,0.0033609740501391954
17173,0.0033609740501391954
17174,0.0033609740501391954
17175,0.0033609740501391954
17176,0.0033609740501391954
17177,0.0033609740501391954
17178,0.0033609740501391954
17179,0.0033609740501391954
17180,0.0033609740501391954
17181,0.0033609740501391954
17182,0.0033609740501391954
17183,0.0033609740501391954
17184,0.0033609740501391954
17185,0.0033609740501391954
17186,0.0033609740501391954
17187,0.0033609740501391954
17188,0.0033609740501391954
17189,0.0033609740501391954
17190,0.0033609740501391954
17191,0.0033609740501391954
17192,0.0033609740501391954
17193,0.0033609740501391954
17194,0.0033609740501391954
17195,0.0033609740501391954
17196,0.0033609740501391954
17197,0.0033609740501391954
17198,0.0033609740501391954
17199,0.0033609740501391954
17200,0.0033609740501391954
17201,0.0033609740501391954
17202,0.0033609740501391954
17203,0.0033609740501391954
17204,0.0033609740501391954
17205,0.0033609740501391954
17206,0.0033609740501391954
17207,0.0033609740501391954
17208,0.0033609740501391954
17209,0.0033609740501391954
17210,0.0033609740501391954
17211,0.0033609740501391954
17212,0.0033609740501391954
17213,0.0033609740501391954
17214,0.0033609740501391954
17215,0.0033609740501391954
17216,0.0033609740501391954
17217,0.0033609740501391954
17218,0.0033609740501391954
17219,0.0033609740501391954
17220,0.0033609740501391954
17221,0.0033609740501391954
17222,0.0033609740501391954
17223,0.0033609740501391954
17224,0.0033609740501391954
17225,0.0033609740501391954
17226,0.0033609740501391954
17227,0.0033609740501391954
17228,0.0033609740501391954
17229,0.0033609740501391954
17230,0.0033609740501391954
17231,0.0033609740501391954
17232,0.0033609740501391954
17233,0.0033609740501391954
17234,0.0033609740501391954
17235,0.0033609740501391954
17236,0.0033609740501391954
17237,0.0033609740501391954
17238,0.0033609740501391954
17239,0.0033609740501391954
17240,0.0033609740501391954
17241,0.0033609740501391954
17242,0.0033609740501391954
17243,0.0033609740501391954
17244,0.0033609740501391954
17245,0.0033609740501391954
17246,0.0033609740501391954
17247,0.0033609740501391954
17248,0.0033609740501391954
17249,0.0033609740501391954
17250,0.0033609740501391954
17251,0.0033609740501391954
17252,0.0033609740501391954
17253,0.0033609740501391954
17254,0.0033609740501391954
17255,0.0033609740501391954
17256,0.0033609740501391954
17257,0.0033609740501391954
17258,0.0033609740501391954
17259,0.0033609740501391954
17260,0.0033609740501391954
17261,0.0033609740501391954
17262,0.0033609740501391954
17263,0.0033609740501391954
17264,0.0033609740501391954
17265,0.0033609740501391954
17266,0.0033609740501391954
17267,0.0033609740501391954
17268,0.0033609740501391954
17269,0.0033609740501391954
17270,0.0033609740501391954
17271,0.0033609740501391954
17272,0.0033609740501391954
17273,0.0033609740501391954
17274,0.0033609740501391954
