sample,best_train_mse
1,100000000.0
2,0.2688679326166435
3,0.00986901181564084
4,0.00986901181564084
5,0.00986901181564084
6,0.00986901181564084
7,0.00986901181564084
8,0.00986901181564084
9,0.00986901181564084
10,0.00986901181564084
11,0.00986901181564084
12,0.00986901181564084
13,0.00986901181564084
14,0.00986901181564084
15,0.00986901181564084
16,0.00986901181564084
17,0.00986901181564084
18,0.00986901181564084
19,0.00986901181564084
20,0.00986901181564084
21,0.005062010293074173
22,0.005062010293074173
23,0.005062010293074173
24,0.005062010293074173
25,0.005062010293074173
26,0.005062010293074173
27,0.005062010293074173
28,0.005062010293074173
29,0.005062010293074173
30,0.005062010293074173
31,0.005062010293074173
32,0.005062010293074173
33,0.005062010293074173
34,0.005062010293074173
35,0.005062010293074173
36,0.005062010293074173
37,0.005062010293074173
38,0.005062010205283403
39,0.005062010205283403
40,0.005062010205283403
41,0.005062010205283403
42,0.005062010205283403
43,0.005062010205283403
44,0.005062010205283403
45,0.005062010205283403
46,0.005062010205283403
47,0.005062010205283403
48,0.005062010205283403
49,0.005062010205283403
50,0.005062010205283403
51,0.005062010205283403
52,0.005062010205283403
53,0.005062010205283403
54,0.005062010205283403
55,0.005062010205283403
56,0.005062010205283403
57,0.005062010205283403
58,0.005062010205283403
59,0.005062010205283403
60,0.005062010205283403
61,0.005062010205283403
62,0.005062010205283403
63,0.005062010205283403
64,0.005062010205283403
65,0.005062010205283403
66,0.005062010205283403
67,0.005062010205283403
68,0.005062010205283403
69,0.005062010205283403
70,0.005062010205283403
71,0.005062010205283403
72,0.005062010205283403
73,0.005062010205283403
74,0.005062010205283403
75,0.005062010205283403
76,0.005062010205283403
77,0.005062010205283403
78,0.005062010205283403
79,0.005062010205283403
80,0.005062010205283403
81,0.004636872822782588
82,0.004636872822782588
83,0.004636872822782588
84,0.004636872822782588
85,0.004636872822782588
86,0.004636872822782588
87,0.004636872822782588
88,0.004636872822782588
89,0.004636872822782588
90,0.004636872822782588
91,0.004636872822782588
92,0.004636872822782588
93,0.004636872822782588
94,0.004636872822782588
95,0.004636872822782588
96,0.004636872822782588
97,0.004636872822782588
98,0.004636872822782588
99,0.004636872822782588
100,0.004636872822782588
101,0.004636872822782588
102,0.004636872822782588
103,0.004636872822782588
104,0.004636872822782588
105,0.004636872822782588
106,0.004636872822782588
107,0.004636872822782588
108,0.004636872822782588
109,0.004636872822782588
110,0.004636872822782588
111,0.004636872822782588
112,0.004636872822782588
113,0.004636872822782588
114,0.004636872822782588
115,0.004636872822782588
116,0.004636872822782588
117,0.004636872822782588
118,0.004636872822782588
119,0.004636872822782588
120,0.004636872822782588
121,0.004636872822782588
122,0.004636872822782588
123,0.004636872822782588
124,0.004636872822782588
125,0.004636872822782588
126,0.004636872822782588
127,0.004636872822782588
128,0.004636872822782588
129,0.004636872822782588
130,0.004636872822782588
131,0.004636872822782588
132,0.004636872822782588
133,0.004636872822782588
134,0.004636872822782588
135,0.004636872822782588
136,0.004636872822782588
137,0.004577102060752711
138,0.004577102060752711
139,0.004577102060752711
140,0.004577102060752711
141,0.004577102060752711
142,0.004577102060752711
143,0.004577102060752711
144,0.004577102060752711
145,0.004577102060752711
146,0.004577102060752711
147,0.004577102060752711
148,0.004577102060752711
149,0.004577102060752711
150,0.004577102060752711
151,0.004577102060752711
152,0.004577102060752711
153,0.004577102060752711
154,0.004577102060752711
155,0.004577102060752711
156,0.004577102060752711
157,0.004577102060752711
158,0.004577102060752711
159,0.004577102060752711
160,0.004577102060752711
161,0.004577102060752711
162,0.004577102060752711
163,0.004577102060752711
164,0.004577102060752711
165,0.004577102060752711
166,0.004577102060752711
167,0.004577102060752711
168,0.004577102060752711
169,0.004577102060752711
170,0.004577102060752711
171,0.004577102060752711
172,0.004577102060752711
173,0.004577102060752711
174,0.004577102060752711
175,0.004519783323281094
176,0.004519783323281094
177,0.004519783323281094
178,0.004519783323281094
179,0.004519783323281094
180,0.004519783323281094
181,0.004519783323281094
182,0.004519783323281094
183,0.004519783323281094
184,0.004519783323281094
185,0.004519783323281094
186,0.004519783323281094
187,0.004519783323281094
188,0.004519783323281094
189,0.004519783323281094
190,0.004519783323281094
191,0.004519783323281094
192,0.004519783323281094
193,0.004519783323281094
194,0.004519783323281094
195,0.004519783323281094
196,0.004519783323281094
197,0.004519783323281094
198,0.004519783323281094
199,0.004519783323281094
200,0.004519783323281094
201,0.004519783323281094
202,0.004519783323281094
203,0.004519783323281094
204,0.004519783323281094
205,0.004519783323281094
206,0.004519783323281094
207,0.004519783323281094
208,0.004519783323281094
209,0.004519783323281094
210,0.004519783323281094
211,0.004519783323281094
212,0.004519783323281094
213,0.004519783323281094
214,0.004519783323281094
215,0.004519783323281094
216,0.004519783323281094
217,0.004519783323281094
218,0.004519783323281094
219,0.004519783323281094
220,0.004519783323281094
221,0.004519783323281094
222,0.004519783323281094
223,0.004519783323281094
224,0.004519783323281094
225,0.004519783323281094
226,0.004519783323281094
227,0.004519783323281094
228,0.004519783323281094
229,0.004519783323281094
230,0.004519783323281094
231,0.004519783323281094
232,0.004519783323281094
233,0.004519783323281094
234,0.004519783323281094
235,0.004519783323281094
236,0.004519783323281094
237,0.004519783323281094
238,0.004519783323281094
239,0.004519783323281094
240,0.004519783323281094
241,0.004519783323281094
242,0.004519783323281094
243,0.004519783323281094
244,0.004519783323281094
245,0.004519783323281094
246,0.004519783323281094
247,0.004519783323281094
248,0.004519783323281094
249,0.004519783323281094
250,0.004519783323281094
251,0.004519783323281094
252,0.004519783323281094
253,0.004519783323281094
254,0.004519783323281094
255,0.004519783323281094
256,0.004519783323281094
257,0.004519783323281094
258,0.004519783323281094
259,0.004519783323281094
260,0.004519783323281094
261,0.004519783323281094
262,0.004519783323281094
263,0.004519783323281094
264,0.004519783323281094
265,0.004519783323281094
266,0.004519783323281094
267,0.004519783323281094
268,0.004235291174646814
269,0.004235291174646814
270,0.004235291174646814
271,0.004235291174646814
272,0.004235291174646814
273,0.004235291174646814
274,0.004235291174646814
275,0.004235291174646814
276,0.004235291174646814
277,0.004235291174646814
278,0.004235291174646814
279,0.004235291174646814
280,0.004235291174646814
281,0.004235291174646814
282,0.004235291174646814
283,0.004235291174646814
284,0.004235291174646814
285,0.004235291174646814
286,0.004235291174646814
287,0.004235291174646814
288,0.004235291174646814
289,0.004235291174646814
290,0.004235291174646814
291,0.004235291174646814
292,0.004235291174646814
293,0.004235291174646814
294,0.004235291174646814
295,0.004235291174646814
296,0.004235291174646814
297,0.004235291174646814
298,0.004235291174646814
299,0.004235291174646814
300,0.004235291174646814
301,0.004235291174646814
302,0.004235291174646814
303,0.004235291174646814
304,0.004235291174646814
305,0.004235291174646814
306,0.004235291174646814
307,0.004235291174646814
308,0.004235291174646814
309,0.004235291174646814
310,0.004235291174646814
311,0.004235291174646814
312,0.004235291174646814
313,0.004235291174646814
314,0.004235291174646814
315,0.004235291174646814
316,0.004235291174646814
317,0.004235291174646814
318,0.004235291174646814
319,0.004235291174646814
320,0.004235291174646814
321,0.004235291174646814
322,0.004235291174646814
323,0.004235291174646814
324,0.004235291174646814
325,0.004235291174646814
326,0.004235291174646814
327,0.004235291174646814
328,0.004235291174646814
329,0.004235291174646814
330,0.004235291174646814
331,0.004235291174646814
332,0.004235291174646814
333,0.004235291174646814
334,0.004235291174646814
335,0.004235291174646814
336,0.004235291174646814
337,0.004235291174646814
338,0.004235291174646814
339,0.004235291174646814
340,0.004235291174646814
341,0.004235291174646814
342,0.004235291174646814
343,0.004235291174646814
344,0.004235291174646814
345,0.004235291174646814
346,0.004235291174646814
347,0.004235291174646814
348,0.004235291174646814
349,0.004235291174646814
350,0.004235291174646814
351,0.004235291174646814
352,0.004235291174646814
353,0.004235291174646814
354,0.004235291174646814
355,0.004235291174646814
356,0.004235291174646814
357,0.004235291174646814
358,0.004235291174646814
359,0.004235291174646814
360,0.004235291174646814
361,0.004235291174646814
362,0.004235291174646814
363,0.004235291174646814
364,0.004235291174646814
365,0.004235291174646814
366,0.004235291174646814
367,0.004235291174646814
368,0.004235291174646814
369,0.004235291174646814
370,0.004235291174646814
371,0.004235291174646814
372,0.004235291174646814
373,0.004235291174646814
374,0.004235291174646814
375,0.004235291174646814
376,0.004235291174646814
377,0.004235291174646814
378,0.004235291174646814
379,0.004235291174646814
380,0.004235291174646814
381,0.004235291174646814
382,0.004235291174646814
383,0.004235291174646814
384,0.004235291174646814
385,0.004235291174646814
386,0.004235291174646814
387,0.004235291174646814
388,0.004235291174646814
389,0.004235291174646814
390,0.004235291174646814
391,0.004235291174646814
392,0.004235291174646814
393,0.004235291174646814
394,0.004235291174646814
395,0.004235291174646814
396,0.004235291174646814
397,0.004235291174646814
398,0.004235291174646814
399,0.004235291174646814
400,0.004235291174646814
401,0.004235291174646814
402,0.004235291174646814
403,0.004235291174646814
404,0.004235291174646814
405,0.004235291174646814
406,0.004235291174646814
407,0.004235291174646814
408,0.004235291174646814
409,0.004235291174646814
410,0.004235291174646814
411,0.004235291174646814
412,0.004235291174646814
413,0.004235291174646814
414,0.004235291174646814
415,0.004235291174646814
416,0.004235291174646814
417,0.004235291174646814
418,0.004235291174646814
419,0.004235291174646814
420,0.004235291174646814
421,0.004235291174646814
422,0.004235291174646814
423,0.004235291174646814
424,0.004235291174646814
425,0.004235291174646814
426,0.004235291174646814
427,0.004235291174646814
428,0.004235291174646814
429,0.004235291174646814
430,0.004235291174646814
431,0.004235291174646814
432,0.004235291174646814
433,0.004235291174646814
434,0.004235291174646814
435,0.004235291174646814
436,0.004235291174646814
437,0.004235291174646814
438,0.003901120140560381
439,0.003901120140560381
440,0.003901120140560381
441,0.003901120140560381
442,0.003901120140560381
443,0.003901120140560381
444,0.003901120140560381
445,0.003901120140560381
446,0.003901120140560381
447,0.003901120140560381
448,0.003901120140560381
449,0.003901120140560381
450,0.003901120140560381
451,0.003901120140560381
452,0.003901120140560381
453,0.003901120140560381
454,0.003901120140560381
455,0.003901120140560381
456,0.003901120140560381
457,0.003901120140560381
458,0.003901120140560381
459,0.003901120140560381
460,0.003901120140560381
461,0.003901120140560381
462,0.003901120140560381
463,0.003901120140560381
464,0.003901120140560381
465,0.003901120140560381
466,0.003901120140560381
467,0.003901120140560381
468,0.003901120140560381
469,0.003901120140560381
470,0.003901120140560381
471,0.003901120140560381
472,0.003901120140560381
473,0.003901120140560381
474,0.003901120140560381
475,0.003901120140560381
476,0.003901120140560381
477,0.003901120140560381
478,0.003901120140560381
479,0.003901120140560381
480,0.003901120140560381
481,0.003901120140560381
482,0.003901120140560381
483,0.003901120140560381
484,0.003901120140560381
485,0.003901120140560381
486,0.003901120140560381
487,0.003901120140560381
488,0.003901120140560381
489,0.003901120140560381
490,0.003901120140560381
491,0.003901120140560381
492,0.003901120140560381
493,0.003901120140560381
494,0.003901120140560381
495,0.003901120140560381
496,0.003901120140560381
497,0.003901120140560381
498,0.003901120140560381
499,0.003901120140560381
500,0.003901120140560381
501,0.003901120140560381
502,0.003901120140560381
503,0.003901120140560381
504,0.003901120140560381
505,0.003901120140560381
506,0.003901120140560381
507,0.003901120140560381
508,0.003901120140560381
509,0.003901120140560381
510,0.003901120140560381
511,0.003901120140560381
512,0.003901120140560381
513,0.003901120140560381
514,0.003901120140560381
515,0.003901120140560381
516,0.003901120140560381
517,0.003901120140560381
518,0.003901120140560381
519,0.003901120140560381
520,0.003901120140560381
521,0.003901120140560381
522,0.003901120140560381
523,0.003901120140560381
524,0.003901120140560381
525,0.003901120140560381
526,0.003901120140560381
527,0.003901120140560381
528,0.003901120140560381
529,0.003901120140560381
530,0.003901120140560381
531,0.003901120140560381
532,0.003901120140560381
533,0.003901120140560381
534,0.003901120140560381
535,0.003901120140560381
536,0.003901120140560381
537,0.003901120140560381
538,0.003901120140560381
539,0.003901120140560381
540,0.003901120140560381
541,0.003901120140560381
542,0.003901120140560381
543,0.003901120140560381
544,0.003901120140560381
545,0.003901120140560381
546,0.003901120140560381
547,0.003901120140560381
548,0.003901120140560381
549,0.003901120140560381
550,0.003901120140560381
551,0.003901120140560381
552,0.003901120140560381
553,0.003901120140560381
554,0.003901120140560381
555,0.003901120140560381
556,0.003901120140560381
557,0.003901120140560381
558,0.003901120140560381
559,0.003901120140560381
560,0.003901120140560381
561,0.003901120140560381
562,0.003901120140560381
563,0.003901120140560381
564,0.003901120140560381
565,0.003901120140560381
566,0.003901120140560381
567,0.003901120140560381
568,0.003901120140560381
569,0.003901120140560381
570,0.003901120140560381
571,0.003901120140560381
572,0.003901120140560381
573,0.003901120140560381
574,0.003901120140560381
575,0.003901120140560381
576,0.003901120140560381
577,0.003901120140560381
578,0.003901120140560381
579,0.003901120140560381
580,0.003901120140560381
581,0.003901120140560381
582,0.003901120140560381
583,0.003901120140560381
584,0.003901120140560381
585,0.003901120140560381
586,0.003901120140560381
587,0.003901120140560381
588,0.003901120140560381
589,0.003901120140560381
590,0.003901120140560381
591,0.003901120140560381
592,0.003901120140560381
593,0.003901120140560381
594,0.003901120140560381
595,0.003901120140560381
596,0.003901120140560381
597,0.003901120140560381
598,0.003901120140560381
599,0.003901120140560381
600,0.003901120140560381
601,0.003901120140560381
602,0.003901120140560381
603,0.003901120140560381
604,0.003901120140560381
605,0.003901120140560381
606,0.003901120140560381
607,0.003901120140560381
608,0.003901120140560381
609,0.003901120140560381
610,0.003901120140560381
611,0.003901120140560381
612,0.003901120140560381
613,0.003901120140560381
614,0.003901120140560381
615,0.003901120140560381
616,0.003901120140560381
617,0.003901120140560381
618,0.003901120140560381
619,0.003901120140560381
620,0.003901120140560381
621,0.003901120140560381
622,0.003901120140560381
623,0.003901120140560381
624,0.003901120140560381
625,0.003901120140560381
626,0.003901120140560381
627,0.003901120140560381
628,0.003901120140560381
629,0.003901120140560381
630,0.003901120140560381
631,0.003901120140560381
632,0.003901120140560381
633,0.003901120140560381
634,0.003901120140560381
635,0.003901120140560381
636,0.003901120140560381
637,0.003901120140560381
638,0.003901120140560381
639,0.003901120140560381
640,0.003901120140560381
641,0.003901120140560381
642,0.003901120140560381
643,0.003901120140560381
644,0.003901120140560381
645,0.003901120140560381
646,0.003901120140560381
647,0.003901120140560381
648,0.003901120140560381
649,0.003901120140560381
650,0.003901120140560381
651,0.003901120140560381
652,0.003901120140560381
653,0.003901120140560381
654,0.003901120140560381
655,0.003901120140560381
656,0.003901120140560381
657,0.003901120140560381
658,0.003901120140560381
659,0.003901120140560381
660,0.003901120140560381
661,0.003901120140560381
662,0.003901120140560381
663,0.003901120140560381
664,0.003901120140560381
665,0.003901120140560381
666,0.003901120140560381
667,0.003901120140560381
668,0.003901120140560381
669,0.003901120140560381
670,0.003901120140560381
671,0.003901120140560381
672,0.003901120140560381
673,0.003901120140560381
674,0.003901120140560381
675,0.003901120140560381
676,0.003901120140560381
677,0.003901120140560381
678,0.003901120140560381
679,0.003901120140560381
680,0.003901120140560381
681,0.003901120140560381
682,0.003901120140560381
683,0.003901120140560381
684,0.003901120140560381
685,0.003901120140560381
686,0.003901120140560381
687,0.003901120140560381
688,0.003901120140560381
689,0.003901120140560381
690,0.003901120140560381
691,0.003901120140560381
692,0.003901120140560381
693,0.003901120140560381
694,0.003901120140560381
695,0.003901120140560381
696,0.003901120140560381
697,0.003901120140560381
698,0.003901120140560381
699,0.003901120140560381
700,0.003901120140560381
701,0.003901120140560381
702,0.003901120140560381
703,0.003901120140560381
704,0.003901120140560381
705,0.003901120140560381
706,0.003901120140560381
707,0.003901120140560381
708,0.003901120140560381
709,0.003901120140560381
710,0.003901120140560381
711,0.003901120140560381
712,0.003901120140560381
713,0.003901120140560381
714,0.003901120140560381
715,0.003901120140560381
716,0.003901120140560381
717,0.003901120140560381
718,0.003901120140560381
719,0.003901120140560381
720,0.003901120140560381
721,0.003901120140560381
722,0.003901120140560381
723,0.003901120140560381
724,0.003901120140560381
725,0.003901120140560381
726,0.003901120140560381
727,0.003901120140560381
728,0.003901120140560381
729,0.003901120140560381
730,0.003901120140560381
731,0.003901120140560381
732,0.003901120140560381
733,0.003901120140560381
734,0.003901120140560381
735,0.003901120140560381
736,0.003901120140560381
737,0.003901120140560381
738,0.003901120140560381
739,0.003901120140560381
740,0.003901120140560381
741,0.003901120140560381
742,0.003901120140560381
743,0.003901120140560381
744,0.003901120140560381
745,0.003901120140560381
746,0.003901120140560381
747,0.003901120140560381
748,0.003901120140560381
749,0.003901120140560381
750,0.003901120140560381
751,0.003901120140560381
752,0.003901120140560381
753,0.003901120140560381
754,0.003901120140560381
755,0.003901120140560381
756,0.003901120140560381
757,0.003901120140560381
758,0.003901120140560381
759,0.003901120140560381
760,0.003901120140560381
761,0.003901120140560381
762,0.003901120140560381
763,0.003901120140560381
764,0.003901120140560381
765,0.003901120140560381
766,0.003901120140560381
767,0.003901120140560381
768,0.003901120140560381
769,0.003901120140560381
770,0.003901120140560381
771,0.003901120140560381
772,0.003901120140560381
773,0.003901120140560381
774,0.003901120140560381
775,0.003901120140560381
776,0.003901120140560381
777,0.003901120140560381
778,0.003901120140560381
779,0.003901120140560381
780,0.003901120140560381
781,0.003901120140560381
782,0.003901120140560381
783,0.003901120140560381
784,0.003901120140560381
785,0.003901120140560381
786,0.003901120140560381
787,0.003901120140560381
788,0.003901120140560381
789,0.003901120140560381
790,0.003901120140560381
791,0.003901120140560381
792,0.003901120140560381
793,0.003901120140560381
794,0.003901120140560381
795,0.003901120140560381
796,0.003901120140560381
797,0.003901120140560381
798,0.003901120140560381
799,0.003901120140560381
800,0.003901120140560381
801,0.003901120140560381
802,0.003901120140560381
803,0.003901120140560381
804,0.003901120140560381
805,0.003901120140560381
806,0.003901120140560381
807,0.003901120140560381
808,0.003901120140560381
809,0.003901120140560381
810,0.003901120140560381
811,0.003901120140560381
812,0.003901120140560381
813,0.003901120140560381
814,0.003901120140560381
815,0.003901120140560381
816,0.003901120140560381
817,0.003901120140560381
818,0.003901120140560381
819,0.003901120140560381
820,0.003901120140560381
821,0.003901120140560381
822,0.003901120140560381
823,0.003901120140560381
824,0.003901120140560381
825,0.003901120140560381
826,0.003901120140560381
827,0.003901120140560381
828,0.003901120140560381
829,0.003901120140560381
830,0.003901120140560381
831,0.003901120140560381
832,0.003901120140560381
833,0.003901120140560381
834,0.003901120140560381
835,0.003901120140560381
836,0.003901120140560381
837,0.003901120140560381
838,0.003901120140560381
839,0.003901120140560381
840,0.003901120140560381
841,0.003901120140560381
842,0.003901120140560381
843,0.003901120140560381
844,0.003901120140560381
845,0.003901120140560381
846,0.003901120140560381
847,0.003901120140560381
848,0.003901120140560381
849,0.003901120140560381
850,0.003901120140560381
851,0.003901120140560381
852,0.003901120140560381
853,0.003901120140560381
854,0.003901120140560381
855,0.003901120140560381
856,0.003901120140560381
857,0.003901120140560381
858,0.003901120140560381
859,0.003901120140560381
860,0.003901120140560381
861,0.003901120140560381
862,0.003901120140560381
863,0.003901120140560381
864,0.003901120140560381
865,0.003901120140560381
866,0.003901120140560381
867,0.003901120140560381
868,0.003901120140560381
869,0.003901120140560381
870,0.003901120140560381
871,0.003901120140560381
872,0.003901120140560381
873,0.003901120140560381
874,0.003901120140560381
875,0.003901120140560381
876,0.003901120140560381
877,0.003901120140560381
878,0.003901120140560381
879,0.003901120140560381
880,0.003901120140560381
881,0.003901120140560381
882,0.003901120140560381
883,0.003901120140560381
884,0.003901120140560381
885,0.003901120140560381
886,0.003901120140560381
887,0.003901120140560381
888,0.003901120140560381
889,0.003901120140560381
890,0.003901120140560381
891,0.003901120140560381
892,0.003901120140560381
893,0.003901120140560381
894,0.003901120140560381
895,0.003901120140560381
896,0.003901120140560381
897,0.003901120140560381
898,0.003901120140560381
899,0.003901120140560381
900,0.003901120140560381
901,0.003901120140560381
902,0.003901120140560381
903,0.003901120140560381
904,0.003901120140560381
905,0.003901120140560381
906,0.003901120140560381
907,0.003901120140560381
908,0.003901120140560381
909,0.003901120140560381
910,0.003901120140560381
911,0.003901120140560381
912,0.003901120140560381
913,0.003901120140560381
914,0.003901120140560381
915,0.003901120140560381
916,0.003901120140560381
917,0.003901120140560381
918,0.003901120140560381
919,0.003901120140560381
920,0.003901120140560381
921,0.003901120140560381
922,0.003901120140560381
923,0.003901120140560381
924,0.003901120140560381
925,0.003901120140560381
926,0.003901120140560381
927,0.003901120140560381
928,0.003901120140560381
929,0.003901120140560381
930,0.003901120140560381
931,0.003901120140560381
932,0.003901120140560381
933,0.003901120140560381
934,0.003901120140560381
935,0.003901120140560381
936,0.003901120140560381
937,0.003901120140560381
938,0.003901120140560381
939,0.003901120140560381
940,0.003901120140560381
941,0.003901120140560381
942,0.003901120140560381
943,0.003901120140560381
944,0.003901120140560381
945,0.003901120140560381
946,0.003901120140560381
947,0.003901120140560381
948,0.003901120140560381
949,0.003901120140560381
950,0.003901120140560381
951,0.003901120140560381
952,0.003901120140560381
953,0.003901120140560381
954,0.003901120140560381
955,0.003901120140560381
956,0.003901120140560381
957,0.003901120140560381
958,0.003901120140560381
959,0.003901120140560381
960,0.003901120140560381
961,0.003901120140560381
962,0.003901120140560381
963,0.003901120140560381
964,0.003901120140560381
965,0.003901120140560381
966,0.003901120140560381
967,0.003901120140560381
968,0.003901120140560381
969,0.003901120140560381
970,0.003901120140560381
971,0.003901120140560381
972,0.003901120140560381
973,0.003901120140560381
974,0.003901120140560381
975,0.003901120140560381
976,0.003901120140560381
977,0.003901120140560381
978,0.003901120140560381
979,0.003901120140560381
980,0.003901120140560381
981,0.003901120140560381
982,0.003901120140560381
983,0.003901120140560381
984,0.003901120140560381
985,0.003901120140560381
986,0.003901120140560381
987,0.003901120140560381
988,0.003901120140560381
989,0.003901120140560381
990,0.003901120140560381
991,0.003901120140560381
992,0.003901120140560381
993,0.003901120140560381
994,0.003901120140560381
995,0.003901120140560381
996,0.003901120140560381
997,0.003901120140560381
998,0.003901120140560381
999,0.003901120140560381
1000,0.003901120140560381
1001,0.003901120140560381
1002,0.003901120140560381
1003,0.003901120140560381
1004,0.003901120140560381
1005,0.003901120140560381
1006,0.003901120140560381
1007,0.003901120140560381
1008,0.003901120140560381
1009,0.003901120140560381
1010,0.003901120140560381
1011,0.003901120140560381
1012,0.003901120140560381
1013,0.003901120140560381
1014,0.003901120140560381
1015,0.003901120140560381
1016,0.003901120140560381
1017,0.003901120140560381
1018,0.003901120140560381
1019,0.003901120140560381
1020,0.003901120140560381
1021,0.003901120140560381
1022,0.003901120140560381
1023,0.003901120140560381
1024,0.003901120140560381
1025,0.003901120140560381
1026,0.003901120140560381
1027,0.003901120140560381
1028,0.003901120140560381
1029,0.003901120140560381
1030,0.003901120140560381
1031,0.003901120140560381
1032,0.003901120140560381
1033,0.003901120140560381
1034,0.003901120140560381
1035,0.003901120140560381
1036,0.003901120140560381
1037,0.003901120140560381
1038,0.003901120140560381
1039,0.003901120140560381
1040,0.003901120140560381
1041,0.003901120140560381
1042,0.003901120140560381
1043,0.003901120140560381
1044,0.003901120140560381
1045,0.003901120140560381
1046,0.003901120140560381
1047,0.003901120140560381
1048,0.003901120140560381
1049,0.003901120140560381
1050,0.003901120140560381
1051,0.003901120140560381
1052,0.003901120140560381
1053,0.003901120140560381
1054,0.003901120140560381
1055,0.003901120140560381
1056,0.003901120140560381
1057,0.003901120140560381
1058,0.003901120140560381
1059,0.003901120140560381
1060,0.003901120140560381
1061,0.003901120140560381
1062,0.003901120140560381
1063,0.003901120140560381
1064,0.003901120140560381
1065,0.003901120140560381
1066,0.003901120140560381
1067,0.003901120140560381
1068,0.003901120140560381
1069,0.003901120140560381
1070,0.003901120140560381
1071,0.003901120140560381
1072,0.003901120140560381
1073,0.003901120140560381
1074,0.003901120140560381
1075,0.003901120140560381
1076,0.003901120140560381
1077,0.003901120140560381
1078,0.003901120140560381
1079,0.003901120140560381
1080,0.003901120140560381
1081,0.003901120140560381
1082,0.003901120140560381
1083,0.003901120140560381
1084,0.003901120140560381
1085,0.003901120140560381
1086,0.003901120140560381
1087,0.003901120140560381
1088,0.003901120140560381
1089,0.003901120140560381
1090,0.003901120140560381
1091,0.003901120140560381
1092,0.003901120140560381
1093,0.003901120140560381
1094,0.003901120140560381
1095,0.003901120140560381
1096,0.003901120140560381
1097,0.003901120140560381
1098,0.003901120140560381
1099,0.003901120140560381
1100,0.003901120140560381
1101,0.003901120140560381
1102,0.003901120140560381
1103,0.003901120140560381
1104,0.003901120140560381
1105,0.003901120140560381
1106,0.003901120140560381
1107,0.003901120140560381
1108,0.003901120140560381
1109,0.003901120140560381
1110,0.003901120140560381
1111,0.003901120140560381
1112,0.003901120140560381
1113,0.003901120140560381
1114,0.003901120140560381
1115,0.003901120140560381
1116,0.003901120140560381
1117,0.003901120140560381
1118,0.003901120140560381
1119,0.003901120140560381
1120,0.003901120140560381
1121,0.003901120140560381
1122,0.003901120140560381
1123,0.003901120140560381
1124,0.003901120140560381
1125,0.003901120140560381
1126,0.003901120140560381
1127,0.003901120140560381
1128,0.003901120140560381
1129,0.003901120140560381
1130,0.003901120140560381
1131,0.003901120140560381
1132,0.003901120140560381
1133,0.003901120140560381
1134,0.003901120140560381
1135,0.003901120140560381
1136,0.003901120140560381
1137,0.003901120140560381
1138,0.003901120140560381
1139,0.003901120140560381
1140,0.003901120140560381
1141,0.003901120140560381
1142,0.003901120140560381
1143,0.003901120140560381
1144,0.003901120140560381
1145,0.003901120140560381
1146,0.003901120140560381
1147,0.003901120140560381
1148,0.003901120140560381
1149,0.003901120140560381
1150,0.003901120140560381
1151,0.003901120140560381
1152,0.003901120140560381
1153,0.003901120140560381
1154,0.003901120140560381
1155,0.003901120140560381
1156,0.003901120140560381
1157,0.003901120140560381
1158,0.003901120140560381
1159,0.003901120140560381
1160,0.003901120140560381
1161,0.003901120140560381
1162,0.0033096383285611975
1163,0.0033096383285611975
1164,0.0033096383285611975
1165,0.0033096383285611975
1166,0.0033096383285611975
1167,0.0033096383285611975
1168,0.0033096383285611975
1169,0.0033096383285611975
1170,0.0033096383285611975
1171,0.0033096383285611975
1172,0.0033096383285611975
1173,0.0033096383285611975
1174,0.0033096383285611975
1175,0.0033096383285611975
1176,0.0033096383285611975
1177,0.0033096383285611975
1178,0.0033096383285611975
1179,0.0033096383285611975
1180,0.0033096383285611975
1181,0.0033096383285611975
1182,0.0033096383285611975
1183,0.0033096383285611975
1184,0.0033096383285611975
1185,0.0033096383285611975
1186,0.0033096383285611975
1187,0.0033096383285611975
1188,0.0033096383285611975
1189,0.0033096383285611975
1190,0.0033096383285611975
1191,0.0033096383285611975
1192,0.0033096383285611975
1193,0.0033096383285611975
1194,0.0033096383285611975
1195,0.0033096383285611975
1196,0.0033096383285611975
1197,0.0033096383285611975
1198,0.0033096383285611975
1199,0.0033096383285611975
1200,0.0033096383285611975
1201,0.0033096383285611975
1202,0.0033096383285611975
1203,0.0033096383285611975
1204,0.0033096383285611975
1205,0.0033096383285611975
1206,0.0033096383285611975
1207,0.0033096383285611975
1208,0.0033096383285611975
1209,0.0033096383285611975
1210,0.0033096383285611975
1211,0.0033096383285611975
1212,0.0033096383285611975
1213,0.0033096383285611975
1214,0.0033096383285611975
1215,0.0033096383285611975
1216,0.0033096383285611975
1217,0.0033096383285611975
1218,0.0033096383285611975
1219,0.0033096383285611975
1220,0.0033096383285611975
1221,0.0033096383285611975
1222,0.0033096383285611975
1223,0.0033096383285611975
1224,0.0033096383285611975
1225,0.0033096383285611975
1226,0.0033096383285611975
1227,0.0033096383285611975
1228,0.0033096383285611975
1229,0.0033096383285611975
1230,0.0033096383285611975
1231,0.0033096383285611975
1232,0.0033096383285611975
1233,0.0033096383285611975
1234,0.0033096383285611975
1235,0.0033096383285611975
1236,0.0033096383285611975
1237,0.0033096383285611975
1238,0.0033096383285611975
1239,0.0033096383285611975
1240,0.0033096383285611975
1241,0.0033096383285611975
1242,0.0033096383285611975
1243,0.0033096383285611975
1244,0.0033096383285611975
1245,0.0033096383285611975
1246,0.0033096383285611975
1247,0.0033096383285611975
1248,0.0033096383285611975
1249,0.0033096383285611975
1250,0.0033096383285611975
1251,0.0033096383285611975
1252,0.0033096383285611975
1253,0.0033096383285611975
1254,0.0033096383285611975
1255,0.0033096383285611975
1256,0.0033096383285611975
1257,0.0033096383285611975
1258,0.0033096383285611975
1259,0.0033096383285611975
1260,0.0033096383285611975
1261,0.0033096383285611975
1262,0.0033096383285611975
1263,0.0033096383285611975
1264,0.0033096383285611975
1265,0.0033096383285611975
1266,0.0033096383285611975
1267,0.0033096383285611975
1268,0.0033096383285611975
1269,0.0033096383285611975
1270,0.0033096383285611975
1271,0.0033096383285611975
1272,0.0033096383285611975
1273,0.0033096383285611975
1274,0.0033096383285611975
1275,0.0033096383285611975
1276,0.0033096383285611975
1277,0.0033096383285611975
1278,0.0033096383285611975
1279,0.0033096383285611975
1280,0.0033096383285611975
1281,0.0033096383285611975
1282,0.0033096383285611975
1283,0.0033096383285611975
1284,0.0033096383285611975
1285,0.0033096383285611975
1286,0.0033096383285611975
1287,0.0033096383285611975
1288,0.0033096383285611975
1289,0.0033096383285611975
1290,0.0033096383285611975
1291,0.0033096383285611975
1292,0.0033096383285611975
1293,0.0033096383285611975
1294,0.0033096383285611975
1295,0.0033096383285611975
1296,0.0033096383285611975
1297,0.0033096383285611975
1298,0.0033096383285611975
1299,0.0033096383285611975
1300,0.0033096383285611975
1301,0.0033096383285611975
1302,0.0033096383285611975
1303,0.0033096383285611975
1304,0.0033096383285611975
1305,0.0033096383285611975
1306,0.0033096383285611975
1307,0.0033096383285611975
1308,0.0033096383285611975
1309,0.0033096383285611975
1310,0.0033096383285611975
1311,0.0033096383285611975
1312,0.0033096383285611975
1313,0.0033096383285611975
1314,0.0033096383285611975
1315,0.0033096383285611975
1316,0.0033096383285611975
1317,0.0033096383285611975
1318,0.0033096383285611975
1319,0.0033096383285611975
1320,0.0033096383285611975
1321,0.0033096383285611975
1322,0.0033096383285611975
1323,0.0033096383285611975
1324,0.0033096383285611975
1325,0.0033096383285611975
1326,0.0033096383285611975
1327,0.0033096383285611975
1328,0.0033096383285611975
1329,0.0033096383285611975
1330,0.0033096383285611975
1331,0.0033096383285611975
1332,0.0033096383285611975
1333,0.0033096383285611975
1334,0.0033096383285611975
1335,0.0033096383285611975
1336,0.0033096383285611975
1337,0.0033096383285611975
1338,0.0033096383285611975
1339,0.0033096383285611975
1340,0.0033096383285611975
1341,0.0033096383285611975
1342,0.0033096383285611975
1343,0.0033096383285611975
1344,0.0033096383285611975
1345,0.0033096383285611975
1346,0.0033096383285611975
1347,0.0033096383285611975
1348,0.0033096383285611975
1349,0.0033096383285611975
1350,0.0033096383285611975
1351,0.0033096383285611975
1352,0.0033096383285611975
1353,0.0033096383285611975
1354,0.0033096383285611975
1355,0.0033096383285611975
1356,0.0033096383285611975
1357,0.0033096383285611975
1358,0.0033096383285611975
1359,0.0033096383285611975
1360,0.0033096383285611975
1361,0.0033096383285611975
1362,0.0033096383285611975
1363,0.0033096383285611975
1364,0.0033096383285611975
1365,0.0033096383285611975
1366,0.0033096383285611975
1367,0.0033096383285611975
1368,0.0033096383285611975
1369,0.0033096383285611975
1370,0.0033096383285611975
1371,0.0033096383285611975
1372,0.0033096383285611975
1373,0.0033096383285611975
1374,0.0033096383285611975
1375,0.0033096383285611975
1376,0.0033096383285611975
1377,0.0033096383285611975
1378,0.0033096383285611975
1379,0.0033096383285611975
1380,0.0033096383285611975
1381,0.0033096383285611975
1382,0.0033096383285611975
1383,0.0033096383285611975
1384,0.0033096383285611975
1385,0.0033096383285611975
1386,0.0033096383285611975
1387,0.0033096383285611975
1388,0.0033096383285611975
1389,0.0033096383285611975
1390,0.0033096383285611975
1391,0.0033096383285611975
1392,0.0033096383285611975
1393,0.0033096383285611975
1394,0.0033096383285611975
1395,0.0033096383285611975
1396,0.0033096383285611975
1397,0.0033096383285611975
1398,0.0033096383285611975
1399,0.0033096383285611975
1400,0.0033096383285611975
1401,0.0033096383285611975
1402,0.0033096383285611975
1403,0.0033096383285611975
1404,0.0033096383285611975
1405,0.0033096383285611975
1406,0.0033096383285611975
1407,0.0033096383285611975
1408,0.0033096383285611975
1409,0.0033096383285611975
1410,0.0033096383285611975
1411,0.0033096383285611975
1412,0.0033096383285611975
1413,0.0033096383285611975
1414,0.0033096383285611975
1415,0.0033096383285611975
1416,0.0033096383285611975
1417,0.0033096383285611975
1418,0.0033096383285611975
1419,0.0033096383285611975
1420,0.0033096383285611975
1421,0.0033096383285611975
1422,0.0033096383285611975
1423,0.0033096383285611975
1424,0.0033096383285611975
1425,0.0033096383285611975
1426,0.0033096383285611975
1427,0.0033096383285611975
1428,0.0033096383285611975
1429,0.0033096383285611975
1430,0.0033096383285611975
1431,0.0033096383285611975
1432,0.0033096383285611975
1433,0.0033096383285611975
1434,0.0033096383285611975
1435,0.0033096383285611975
1436,0.0033096383285611975
1437,0.0033096383285611975
1438,0.0033096383285611975
1439,0.0033096383285611975
1440,0.0033096383285611975
1441,0.0033096383285611975
1442,0.0033096383285611975
1443,0.0033096383285611975
1444,0.0033096383285611975
1445,0.0033096383285611975
1446,0.0033096383285611975
1447,0.0033096383285611975
1448,0.0033096383285611975
1449,0.0033096383285611975
1450,0.0033096383285611975
1451,0.0033096383285611975
1452,0.0033096383285611975
1453,0.0033096383285611975
1454,0.0033096383285611975
1455,0.0033096383285611975
1456,0.0033096383285611975
1457,0.0033096383285611975
1458,0.0033096383285611975
1459,0.0033096383285611975
1460,0.0033096383285611975
1461,0.0033096383285611975
1462,0.0033096383285611975
1463,0.0033096383285611975
1464,0.0033096383285611975
1465,0.0033096383285611975
1466,0.0033096383285611975
1467,0.0033096383285611975
1468,0.0033096383285611975
1469,0.0033096383285611975
1470,0.0033096383285611975
1471,0.0033096383285611975
1472,0.0033096383285611975
1473,0.0033096383285611975
1474,0.0033096383285611975
1475,0.0033096383285611975
1476,0.0033096383285611975
1477,0.0033096383285611975
1478,0.0033096383285611975
1479,0.0033096383285611975
1480,0.0033096383285611975
1481,0.0033096383285611975
1482,0.0033096383285611975
1483,0.0033096383285611975
1484,0.0033096383285611975
1485,0.0033096383285611975
1486,0.0033096383285611975
1487,0.0033096383285611975
1488,0.0033096383285611975
1489,0.0033096383285611975
1490,0.0033096383285611975
1491,0.0033096383285611975
1492,0.0033096383285611975
1493,0.0033096383285611975
1494,0.0033096383285611975
1495,0.0033096383285611975
1496,0.0033096383285611975
1497,0.0033096383285611975
1498,0.0033096383285611975
1499,0.0033096383285611975
1500,0.0033096383285611975
1501,0.0033096383285611975
1502,0.0033096383285611975
1503,0.0033096383285611975
1504,0.0033096383285611975
1505,0.0033096383285611975
1506,0.0033096383285611975
1507,0.0033096383285611975
1508,0.0033096383285611975
1509,0.0033096383285611975
1510,0.0033096383285611975
1511,0.0033096383285611975
1512,0.0033096383285611975
1513,0.0033096383285611975
1514,0.0033096383285611975
1515,0.0033096383285611975
1516,0.0033096383285611975
1517,0.0033096383285611975
1518,0.0033096383285611975
1519,0.0033096383285611975
1520,0.0033096383285611975
1521,0.0033096383285611975
1522,0.0033096383285611975
1523,0.0033096383285611975
1524,0.0033096383285611975
1525,0.0033096383285611975
1526,0.0033096383285611975
1527,0.0033096383285611975
1528,0.0033096383285611975
1529,0.0033096383285611975
1530,0.0033096383285611975
1531,0.0033096383285611975
1532,0.0033096383285611975
1533,0.0033096383285611975
1534,0.0033096383285611975
1535,0.0033096383285611975
1536,0.0033096383285611975
1537,0.0033096383285611975
1538,0.0033096383285611975
1539,0.0033096383285611975
1540,0.0033096383285611975
1541,0.0033096383285611975
1542,0.0033096383285611975
1543,0.0033096383285611975
1544,0.0033096383285611975
1545,0.0033096383285611975
1546,0.0033096383285611975
1547,0.0033096383285611975
1548,0.0033096383285611975
1549,0.0033096383285611975
1550,0.0033096383285611975
1551,0.0033096383285611975
1552,0.0033096383285611975
1553,0.0033096383285611975
1554,0.0033096383285611975
1555,0.0033096383285611975
1556,0.0033096383285611975
1557,0.0033096383285611975
1558,0.0033096383285611975
1559,0.0033096383285611975
1560,0.0033096383285611975
1561,0.0033096383285611975
1562,0.0033096383285611975
1563,0.0033096383285611975
1564,0.0033096383285611975
1565,0.0033096383285611975
1566,0.0033096383285611975
1567,0.0033096383285611975
1568,0.0033096383285611975
1569,0.0033096383285611975
1570,0.0033096383285611975
1571,0.0033096383285611975
1572,0.0033096383285611975
1573,0.0033096383285611975
1574,0.0033096383285611975
1575,0.0033096383285611975
1576,0.0033096383285611975
1577,0.0033096383285611975
1578,0.0033096383285611975
1579,0.0033096383285611975
1580,0.0033096383285611975
1581,0.0033096383285611975
1582,0.0033096383285611975
1583,0.0033096383285611975
1584,0.0033096383285611975
1585,0.0033096383285611975
1586,0.0033096383285611975
1587,0.0033096383285611975
1588,0.0033096383285611975
1589,0.0033096383285611975
1590,0.0033096383285611975
1591,0.0033096383285611975
1592,0.0033096383285611975
1593,0.0033096383285611975
1594,0.0033096383285611975
1595,0.0033096383285611975
1596,0.0033096383285611975
1597,0.0033096383285611975
1598,0.0033096383285611975
1599,0.0033096383285611975
1600,0.0033096383285611975
1601,0.0033096383285611975
1602,0.0033096383285611975
1603,0.0033096383285611975
1604,0.0033096383285611975
1605,0.0033096383285611975
1606,0.0033096383285611975
1607,0.0033096383285611975
1608,0.0033096383285611975
1609,0.0033096383285611975
1610,0.0033096383285611975
1611,0.0033096383285611975
1612,0.0033096383285611975
1613,0.0033096383285611975
1614,0.0033096383285611975
1615,0.0033096383285611975
1616,0.0033096383285611975
1617,0.0033096383285611975
1618,0.0033096383285611975
1619,0.0033096383285611975
1620,0.0033096383285611975
1621,0.0033096383285611975
1622,0.0033096383285611975
1623,0.0033096383285611975
1624,0.0033096383285611975
1625,0.0033096383285611975
1626,0.0033096383285611975
1627,0.0033096383285611975
1628,0.0033096383285611975
1629,0.0033096383285611975
1630,0.0033096383285611975
1631,0.0033096383285611975
1632,0.0033096383285611975
1633,0.0033096383285611975
1634,0.0033096383285611975
1635,0.0033096383285611975
1636,0.0033096383285611975
1637,0.0033096383285611975
1638,0.0033096383285611975
1639,0.0033096383285611975
1640,0.0033096383285611975
1641,0.0033096383285611975
1642,0.0033096383285611975
1643,0.0033096383285611975
1644,0.0033096383285611975
1645,0.0033096383285611975
1646,0.0033096383285611975
1647,0.0033096383285611975
1648,0.0033096383285611975
1649,0.0033096383285611975
1650,0.0033096383285611975
1651,0.0033096383285611975
1652,0.0033096383285611975
1653,0.0033096383285611975
1654,0.0033096383285611975
1655,0.0033096383285611975
1656,0.0033096383285611975
1657,0.0033096383285611975
1658,0.0033096383285611975
1659,0.0033096383285611975
1660,0.0033096383285611975
1661,0.0033096383285611975
1662,0.0033096383285611975
1663,0.0033096383285611975
1664,0.0033096383285611975
1665,0.0033096383285611975
1666,0.0033096383285611975
1667,0.0033096383285611975
1668,0.0033096383285611975
1669,0.0033096383285611975
1670,0.0033096383285611975
1671,0.0033096383285611975
1672,0.0033096383285611975
1673,0.0033096383285611975
1674,0.0033096383285611975
1675,0.0033096383285611975
1676,0.0033096383285611975
1677,0.0033096383285611975
1678,0.0033096383285611975
1679,0.0033096383285611975
1680,0.0033096383285611975
1681,0.0033096383285611975
1682,0.0033096383285611975
1683,0.0033096383285611975
1684,0.0033096383285611975
1685,0.0033096383285611975
1686,0.0033096383285611975
1687,0.0033096383285611975
1688,0.0033096383285611975
1689,0.0033096383285611975
1690,0.0033096383285611975
1691,0.0033096383285611975
1692,0.0033096383285611975
1693,0.0033096383285611975
1694,0.0033096383285611975
1695,0.0033096383285611975
1696,0.0033096383285611975
1697,0.0033096383285611975
1698,0.0033096383285611975
1699,0.0033096383285611975
1700,0.0033096383285611975
1701,0.0033096383285611975
1702,0.0033096383285611975
1703,0.0033096383285611975
1704,0.0033096383285611975
1705,0.0033096383285611975
1706,0.0033096383285611975
1707,0.0033096383285611975
1708,0.0033096383285611975
1709,0.0033096383285611975
1710,0.0033096383285611975
1711,0.0033096383285611975
1712,0.0033096383285611975
1713,0.0033096383285611975
1714,0.0033096383285611975
1715,0.0033096383285611975
1716,0.0033096383285611975
1717,0.0033096383285611975
1718,0.0033096383285611975
1719,0.0033096383285611975
1720,0.0033096383285611975
1721,0.0033096383285611975
1722,0.0033096383285611975
1723,0.0033096383285611975
1724,0.0033096383285611975
1725,0.0033096383285611975
1726,0.0033096383285611975
1727,0.0033096383285611975
1728,0.0033096383285611975
1729,0.0033096383285611975
1730,0.0033096383285611975
1731,0.0033096383285611975
1732,0.0033096383285611975
1733,0.0033096383285611975
1734,0.0033096383285611975
1735,0.0033096383285611975
1736,0.0033096383285611975
1737,0.0033096383285611975
1738,0.0033096383285611975
1739,0.0033096383285611975
1740,0.0033096383285611975
1741,0.0033096383285611975
1742,0.0033096383285611975
1743,0.0033096383285611975
1744,0.0033096383285611975
1745,0.0033096383285611975
1746,0.0033096383285611975
1747,0.0033096383285611975
1748,0.0033096383285611975
1749,0.0033096383285611975
1750,0.0033096383285611975
1751,0.0033096383285611975
1752,0.0033096383285611975
1753,0.0033096383285611975
1754,0.0033096383285611975
1755,0.0033096383285611975
1756,0.0033096383285611975
1757,0.0033096383285611975
1758,0.0033096383285611975
1759,0.0033096383285611975
1760,0.0033096383285611975
1761,0.0033096383285611975
1762,0.0033096383285611975
1763,0.0033096383285611975
1764,0.0033096383285611975
1765,0.0033096383285611975
1766,0.0033096383285611975
1767,0.0033096383285611975
1768,0.0033096383285611975
1769,0.0033096383285611975
1770,0.0033096383285611975
1771,0.0033096383285611975
1772,0.0033096383285611975
1773,0.0033096383285611975
1774,0.0033096383285611975
1775,0.0033096383285611975
1776,0.0033096383285611975
1777,0.0033096383285611975
1778,0.0033096383285611975
1779,0.0033096383285611975
1780,0.0033096383285611975
1781,0.0033096383285611975
1782,0.0033096383285611975
1783,0.0033096383285611975
1784,0.0033096383285611975
1785,0.0033096383285611975
1786,0.0033096383285611975
1787,0.0033096383285611975
1788,0.0033096383285611975
1789,0.0033096383285611975
1790,0.0033096383285611975
1791,0.0033096383285611975
1792,0.0033096383285611975
1793,0.0033096383285611975
1794,0.0033096383285611975
1795,0.0033096383285611975
1796,0.0033096383285611975
1797,0.0033096383285611975
1798,0.0033096383285611975
1799,0.0033096383285611975
1800,0.0033096383285611975
1801,0.0033096383285611975
1802,0.0033096383285611975
1803,0.0033096383285611975
1804,0.0033096383285611975
1805,0.0033096383285611975
1806,0.0033096383285611975
1807,0.0033096383285611975
1808,0.0033096383285611975
1809,0.0033096383285611975
1810,0.0033096383285611975
1811,0.0033096383285611975
1812,0.0033096383285611975
1813,0.0033096383285611975
1814,0.0033096383285611975
1815,0.0033096383285611975
1816,0.0033096383285611975
1817,0.0033096383285611975
1818,0.0033096383285611975
1819,0.0033096383285611975
1820,0.0033096383285611975
1821,0.0033096383285611975
1822,0.0033096383285611975
1823,0.0033096383285611975
1824,0.0033096383285611975
1825,0.0033096383285611975
1826,0.0033096383285611975
1827,0.0033096383285611975
1828,0.0033096383285611975
1829,0.0033096383285611975
1830,0.0033096383285611975
1831,0.0033096383285611975
1832,0.0033096383285611975
1833,0.0033096383285611975
1834,0.0033096383285611975
1835,0.0033096383285611975
1836,0.0033096383285611975
1837,0.0033096383285611975
1838,0.0033096383285611975
1839,0.0033096383285611975
1840,0.0033096383285611975
1841,0.0033096383285611975
1842,0.0033096383285611975
1843,0.0033096383285611975
1844,0.0033096383285611975
1845,0.0033096383285611975
1846,0.0033096383285611975
1847,0.0033096383285611975
1848,0.0033096383285611975
1849,0.0033096383285611975
1850,0.0033096383285611975
1851,0.0033096383285611975
1852,0.0033096383285611975
1853,0.0033096383285611975
1854,0.0033096383285611975
1855,0.0033096383285611975
1856,0.0033096383285611975
1857,0.0033096383285611975
1858,0.0033096383285611975
1859,0.0033096383285611975
1860,0.0033096383285611975
1861,0.0033096383285611975
1862,0.0033096383285611975
1863,0.0033096383285611975
1864,0.0033096383285611975
1865,0.0033096383285611975
1866,0.0033096383285611975
1867,0.0033096383285611975
1868,0.0033096383285611975
1869,0.0033096383285611975
1870,0.0033096383285611975
1871,0.0033096383285611975
1872,0.0033096383285611975
1873,0.0033096383285611975
1874,0.0033096383285611975
1875,0.0033096383285611975
1876,0.0033096383285611975
1877,0.0033096383285611975
1878,0.0033096383285611975
1879,0.0033096383285611975
1880,0.0033096383285611975
1881,0.0033096383285611975
1882,0.0033096383285611975
1883,0.0033096383285611975
1884,0.0033096383285611975
1885,0.0033096383285611975
1886,0.0033096383285611975
1887,0.0033096383285611975
1888,0.0033096383285611975
1889,0.0033096383285611975
1890,0.0033096383285611975
1891,0.0033096383285611975
1892,0.0033096383285611975
1893,0.0033096383285611975
1894,0.0033096383285611975
1895,0.0033096383285611975
1896,0.0033096383285611975
1897,0.0033096383285611975
1898,0.0033096383285611975
1899,0.0033096383285611975
1900,0.0033096383285611975
1901,0.0033096383285611975
1902,0.0033096383285611975
1903,0.0033096383285611975
1904,0.0033096383285611975
1905,0.0033096383285611975
1906,0.0033096383285611975
1907,0.0033096383285611975
1908,0.0033096383285611975
1909,0.0033096383285611975
1910,0.0033096383285611975
1911,0.0033096383285611975
1912,0.0033096383285611975
1913,0.0033096383285611975
1914,0.0033096383285611975
1915,0.0033096383285611975
1916,0.0033096383285611975
1917,0.0033096383285611975
1918,0.0033096383285611975
1919,0.0033096383285611975
1920,0.0033096383285611975
1921,0.0033096383285611975
1922,0.0033096383285611975
1923,0.0033096383285611975
1924,0.0033096383285611975
1925,0.0033096383285611975
1926,0.0033096383285611975
1927,0.0033096383285611975
1928,0.0033096383285611975
1929,0.0033096383285611975
1930,0.0033096383285611975
1931,0.0033096383285611975
1932,0.0033096383285611975
1933,0.0033096383285611975
1934,0.0033096383285611975
1935,0.0033096383285611975
1936,0.0033096383285611975
1937,0.0033096383285611975
1938,0.0033096383285611975
1939,0.0033096383285611975
1940,0.0033096383285611975
1941,0.0033096383285611975
1942,0.0033096383285611975
1943,0.0033096383285611975
1944,0.0033096383285611975
1945,0.0033096383285611975
1946,0.0033096383285611975
1947,0.0033096383285611975
1948,0.0033096383285611975
1949,0.0033096383285611975
1950,0.0033096383285611975
1951,0.0033096383285611975
1952,0.0033096383285611975
1953,0.0033096383285611975
1954,0.0033096383285611975
1955,0.0033096383285611975
1956,0.0033096383285611975
1957,0.0033096383285611975
1958,0.0033096383285611975
1959,0.0033096383285611975
1960,0.0033096383285611975
1961,0.0033096383285611975
1962,0.0033096383285611975
1963,0.0033096383285611975
1964,0.0033096383285611975
1965,0.0033096383285611975
1966,0.0033096383285611975
1967,0.0033096383285611975
1968,0.0033096383285611975
1969,0.0033096383285611975
1970,0.0033096383285611975
1971,0.0033096383285611975
1972,0.0033096383285611975
1973,0.0033096383285611975
1974,0.0033096383285611975
1975,0.0033096383285611975
1976,0.0033096383285611975
1977,0.0033096383285611975
1978,0.0033096383285611975
1979,0.0033096383285611975
1980,0.0033096383285611975
1981,0.0033096383285611975
1982,0.0033096383285611975
1983,0.0033096383285611975
1984,0.0033096383285611975
1985,0.0033096383285611975
1986,0.0033096383285611975
1987,0.0033096383285611975
1988,0.0033096383285611975
1989,0.0033096383285611975
1990,0.0033096383285611975
1991,0.0033096383285611975
1992,0.0033096383285611975
1993,0.0033096383285611975
1994,0.0033096383285611975
1995,0.0033096383285611975
1996,0.0033096383285611975
1997,0.0033096383285611975
1998,0.0033096383285611975
1999,0.0033096383285611975
2000,0.0033096383285611975
2001,0.0033096383285611975
2002,0.0033096383285611975
2003,0.0033096383285611975
2004,0.0033096383285611975
2005,0.0033096383285611975
2006,0.0033096383285611975
2007,0.0033096383285611975
2008,0.0033096383285611975
2009,0.0033096383285611975
2010,0.0033096383285611975
2011,0.0033096383285611975
2012,0.0033096383285611975
2013,0.0033096383285611975
2014,0.0033096383285611975
2015,0.0033096383285611975
2016,0.0033096383285611975
2017,0.0033096383285611975
2018,0.0033096383285611975
2019,0.0033096383285611975
2020,0.0033096383285611975
2021,0.0033096383285611975
2022,0.0033096383285611975
2023,0.0033096383285611975
2024,0.0033096383285611975
2025,0.0033096383285611975
2026,0.0033096383285611975
2027,0.0033096383285611975
2028,0.0033096383285611975
2029,0.0033096383285611975
2030,0.0033096383285611975
2031,0.0033096383285611975
2032,0.0033096383285611975
2033,0.0033096383285611975
2034,0.0033096383285611975
2035,0.0033096383285611975
2036,0.0033096383285611975
2037,0.0033096383285611975
2038,0.0033096383285611975
2039,0.0033096383285611975
2040,0.0033096383285611975
2041,0.0033096383285611975
2042,0.0033096383285611975
2043,0.0033096383285611975
2044,0.0033096383285611975
2045,0.0033096383285611975
2046,0.0033096383285611975
2047,0.0033096383285611975
2048,0.0033096383285611975
2049,0.0033096383285611975
2050,0.0033096383285611975
2051,0.0033096383285611975
2052,0.0033096383285611975
2053,0.0033096383285611975
2054,0.0033096383285611975
2055,0.0033096383285611975
2056,0.0033096383285611975
2057,0.0033096383285611975
2058,0.0033096383285611975
2059,0.0033096383285611975
2060,0.0033096383285611975
2061,0.0033096383285611975
2062,0.0033096383285611975
2063,0.0033096383285611975
2064,0.0033096383285611975
2065,0.0033096383285611975
2066,0.0033096383285611975
2067,0.0033096383285611975
2068,0.0033096383285611975
2069,0.0033096383285611975
2070,0.0033096383285611975
2071,0.0033096383285611975
2072,0.0033096383285611975
2073,0.0033096383285611975
2074,0.0033096383285611975
2075,0.0033096383285611975
2076,0.0033096383285611975
2077,0.0033096383285611975
2078,0.0033096383285611975
2079,0.0033096383285611975
2080,0.0033096383285611975
2081,0.0033096383285611975
2082,0.0033096383285611975
2083,0.0033096383285611975
2084,0.0033096383285611975
2085,0.0033096383285611975
2086,0.0033096383285611975
2087,0.0033096383285611975
2088,0.0033096383285611975
2089,0.0033096383285611975
2090,0.0033096383285611975
2091,0.0033096383285611975
2092,0.0033096383285611975
2093,0.0033096383285611975
2094,0.0033096383285611975
2095,0.0033096383285611975
2096,0.0033096383285611975
2097,0.0033096383285611975
2098,0.0033096383285611975
2099,0.0033096383285611975
2100,0.0033096383285611975
2101,0.0033096383285611975
2102,0.0033096383285611975
2103,0.0033096383285611975
2104,0.0033096383285611975
2105,0.0033096383285611975
2106,0.0033096383285611975
2107,0.0033096383285611975
2108,0.0033096383285611975
2109,0.0033096383285611975
2110,0.0033096383285611975
2111,0.0033096383285611975
2112,0.0033096383285611975
2113,0.0033096383285611975
2114,0.0033096383285611975
2115,0.0033096383285611975
2116,0.0033096383285611975
2117,0.0033096383285611975
2118,0.0033096383285611975
2119,0.0033096383285611975
2120,0.0033096383285611975
2121,0.0033096383285611975
2122,0.0033096383285611975
2123,0.0033096383285611975
2124,0.0033096383285611975
2125,0.0033096383285611975
2126,0.0033096383285611975
2127,0.0033096383285611975
2128,0.0033096383285611975
2129,0.0033096383285611975
2130,0.0033096383285611975
2131,0.0033096383285611975
2132,0.0033096383285611975
2133,0.0033096383285611975
2134,0.0033096383285611975
2135,0.0033096383285611975
2136,0.0033096383285611975
2137,0.0033096383285611975
2138,0.0033096383285611975
2139,0.0033096383285611975
2140,0.0033096383285611975
2141,0.0033096383285611975
2142,0.0033096383285611975
2143,0.0033096383285611975
2144,0.0033096383285611975
2145,0.0033096383285611975
2146,0.0033096383285611975
2147,0.0033096383285611975
2148,0.0033096383285611975
2149,0.0033096383285611975
2150,0.0033096383285611975
2151,0.0033096383285611975
2152,0.0033096383285611975
2153,0.0033096383285611975
2154,0.0033096383285611975
2155,0.0033096383285611975
2156,0.0033096383285611975
2157,0.0033096383285611975
2158,0.0033096383285611975
2159,0.0033096383285611975
2160,0.0033096383285611975
2161,0.0033096383285611975
2162,0.0033096383285611975
2163,0.0033096383285611975
2164,0.0033096383285611975
2165,0.0033096383285611975
2166,0.0033096383285611975
2167,0.0033096383285611975
2168,0.0033096383285611975
2169,0.0033096383285611975
2170,0.0033096383285611975
2171,0.0033096383285611975
2172,0.0033096383285611975
2173,0.0033096383285611975
2174,0.0033096383285611975
2175,0.0033096383285611975
2176,0.0033096383285611975
2177,0.0033096383285611975
2178,0.0033096383285611975
2179,0.0033096383285611975
2180,0.0033096383285611975
2181,0.0033096383285611975
2182,0.0033096383285611975
2183,0.0033096383285611975
2184,0.0033096383285611975
2185,0.0033096383285611975
2186,0.0033096383285611975
2187,0.0033096383285611975
2188,0.0033096383285611975
2189,0.0033096383285611975
2190,0.0033096383285611975
2191,0.0033096383285611975
2192,0.0033096383285611975
2193,0.0033096383285611975
2194,0.0033096383285611975
2195,0.0033096383285611975
2196,0.0033096383285611975
2197,0.0033096383285611975
2198,0.0033096383285611975
2199,0.0033096383285611975
2200,0.0033096383285611975
2201,0.0033096383285611975
2202,0.0033096383285611975
2203,0.0033096383285611975
2204,0.0033096383285611975
2205,0.0033096383285611975
2206,0.0033096383285611975
2207,0.0033096383285611975
2208,0.0033096383285611975
2209,0.0033096383285611975
2210,0.0033096383285611975
2211,0.0033096383285611975
2212,0.0033096383285611975
2213,0.0033096383285611975
2214,0.0033096383285611975
2215,0.0033096383285611975
2216,0.0033096383285611975
2217,0.0033096383285611975
2218,0.0033096383285611975
2219,0.0033096383285611975
2220,0.0033096383285611975
2221,0.0033096383285611975
2222,0.0033096383285611975
2223,0.0033096383285611975
2224,0.0033096383285611975
2225,0.0033096383285611975
2226,0.0033096383285611975
2227,0.0033096383285611975
2228,0.0033096383285611975
2229,0.0033096383285611975
2230,0.0033096383285611975
2231,0.0033096383285611975
2232,0.0033096383285611975
2233,0.0033096383285611975
2234,0.0033096383285611975
2235,0.0033096383285611975
2236,0.0033096383285611975
2237,0.0033096383285611975
2238,0.0033096383285611975
2239,0.0033096383285611975
2240,0.0033096383285611975
2241,0.0033096383285611975
2242,0.0033096383285611975
2243,0.0033096383285611975
2244,0.0033096383285611975
2245,0.0033096383285611975
2246,0.0033096383285611975
2247,0.0033096383285611975
2248,0.0033096383285611975
2249,0.0033096383285611975
2250,0.0033096383285611975
2251,0.0033096383285611975
2252,0.0033096383285611975
2253,0.0033096383285611975
2254,0.0033096383285611975
2255,0.0033096383285611975
2256,0.0033096383285611975
2257,0.0033096383285611975
2258,0.0033096383285611975
2259,0.0033096383285611975
2260,0.0033096383285611975
2261,0.0033096383285611975
2262,0.0033096383285611975
2263,0.0033096383285611975
2264,0.0033096383285611975
2265,0.0033096383285611975
2266,0.0033096383285611975
2267,0.0033096383285611975
2268,0.0033096383285611975
2269,0.0033096383285611975
2270,0.0033096383285611975
2271,0.0033096383285611975
2272,0.0033096383285611975
2273,0.0033096383285611975
2274,0.0033096383285611975
2275,0.0033096383285611975
2276,0.0033096383285611975
2277,0.0033096383285611975
2278,0.0033096383285611975
2279,0.0033096383285611975
2280,0.0033096383285611975
2281,0.0033096383285611975
2282,0.0033096383285611975
2283,0.0033096383285611975
2284,0.0033096383285611975
2285,0.0033096383285611975
2286,0.0033096383285611975
2287,0.0033096383285611975
2288,0.0033096383285611975
2289,0.0033096383285611975
2290,0.0033096383285611975
2291,0.0033096383285611975
2292,0.0033096383285611975
2293,0.0033096383285611975
2294,0.0033096383285611975
2295,0.0033096383285611975
2296,0.0033096383285611975
2297,0.0033096383285611975
2298,0.0033096383285611975
2299,0.0033096383285611975
2300,0.0033096383285611975
2301,0.0033096383285611975
2302,0.0033096383285611975
2303,0.0033096383285611975
2304,0.0033096383285611975
2305,0.0033096383285611975
2306,0.0033096383285611975
2307,0.0033096383285611975
2308,0.0033096383285611975
2309,0.0033096383285611975
2310,0.0033096383285611975
2311,0.0033096383285611975
2312,0.0033096383285611975
2313,0.0033096383285611975
2314,0.0033096383285611975
2315,0.0033096383285611975
2316,0.0033096383285611975
2317,0.0033096383285611975
2318,0.0033096383285611975
2319,0.0033096383285611975
2320,0.0033096383285611975
2321,0.0033096383285611975
2322,0.0033096383285611975
2323,0.0033096383285611975
2324,0.0033096383285611975
2325,0.0033096383285611975
2326,0.0033096383285611975
2327,0.0033096383285611975
2328,0.0033096383285611975
2329,0.0033096383285611975
2330,0.0033096383285611975
2331,0.0033096383285611975
2332,0.0033096383285611975
2333,0.0033096383285611975
2334,0.0033096383285611975
2335,0.0033096383285611975
2336,0.0033096383285611975
2337,0.0033096383285611975
2338,0.0033096383285611975
2339,0.0033096383285611975
2340,0.0033096383285611975
2341,0.0033096383285611975
2342,0.0033096383285611975
2343,0.0033096383285611975
2344,0.0033096383285611975
2345,0.0033096383285611975
2346,0.0033096383285611975
2347,0.0033096383285611975
2348,0.0033096383285611975
2349,0.0033096383285611975
2350,0.0033096383285611975
2351,0.0033096383285611975
2352,0.0033096383285611975
2353,0.0033096383285611975
2354,0.0033096383285611975
2355,0.0033096383285611975
2356,0.0033096383285611975
2357,0.0033096383285611975
2358,0.0033096383285611975
2359,0.0033096383285611975
2360,0.0033096383285611975
2361,0.0033096383285611975
2362,0.0033096383285611975
2363,0.0033096383285611975
2364,0.0033096383285611975
2365,0.0033096383285611975
2366,0.0033096383285611975
2367,0.0033096383285611975
2368,0.0033096383285611975
2369,0.0033096383285611975
2370,0.0033096383285611975
2371,0.0033096383285611975
2372,0.0033096383285611975
2373,0.0033096383285611975
2374,0.0033096383285611975
2375,0.0033096383285611975
2376,0.0033096383285611975
2377,0.0033096383285611975
2378,0.0033096383285611975
2379,0.0033096383285611975
2380,0.0033096383285611975
2381,0.0033096383285611975
2382,0.0033096383285611975
2383,0.0033096383285611975
2384,0.0033096383285611975
2385,0.0033096383285611975
2386,0.0033096383285611975
2387,0.0033096383285611975
2388,0.0033096383285611975
2389,0.0033096383285611975
2390,0.0033096383285611975
2391,0.0033096383285611975
2392,0.0033096383285611975
2393,0.0033096383285611975
2394,0.0033096383285611975
2395,0.0033096383285611975
2396,0.0033096383285611975
2397,0.0033096383285611975
2398,0.0033096383285611975
2399,0.0033096383285611975
2400,0.0033096383285611975
2401,0.0033096383285611975
2402,0.0033096383285611975
2403,0.0033096383285611975
2404,0.0033096383285611975
2405,0.0033096383285611975
2406,0.0033096383285611975
2407,0.0033096383285611975
2408,0.0033096383285611975
2409,0.0033096383285611975
2410,0.0033096383285611975
2411,0.0033096383285611975
2412,0.0033096383285611975
2413,0.0033096383285611975
2414,0.0033096383285611975
2415,0.0033096383285611975
2416,0.0033096383285611975
2417,0.0033096383285611975
2418,0.0033096383285611975
2419,0.0033096383285611975
2420,0.0033096383285611975
2421,0.0033096383285611975
2422,0.0033096383285611975
2423,0.0033096383285611975
2424,0.0033096383285611975
2425,0.0033096383285611975
2426,0.0033096383285611975
2427,0.0033096383285611975
2428,0.0033096383285611975
2429,0.0033096383285611975
2430,0.0033096383285611975
2431,0.0033096383285611975
2432,0.0033096383285611975
2433,0.0033096383285611975
2434,0.0033096383285611975
2435,0.0033096383285611975
2436,0.0033096383285611975
2437,0.0033096383285611975
2438,0.0033096383285611975
2439,0.0033096383285611975
2440,0.0033096383285611975
2441,0.0033096383285611975
2442,0.0033096383285611975
2443,0.0033096383285611975
2444,0.0033096383285611975
2445,0.0033096383285611975
2446,0.0033096383285611975
2447,0.0033096383285611975
2448,0.0033096383285611975
2449,0.0033096383285611975
2450,0.0033096383285611975
2451,0.0033096383285611975
2452,0.0033096383285611975
2453,0.0033096383285611975
2454,0.0033096383285611975
2455,0.0033096383285611975
2456,0.0033096383285611975
2457,0.0033096383285611975
2458,0.0033096383285611975
2459,0.0033096383285611975
2460,0.0033096383285611975
2461,0.0033096383285611975
2462,0.0033096383285611975
2463,0.0033096383285611975
2464,0.0033096383285611975
2465,0.0033096383285611975
2466,0.0033096383285611975
2467,0.0033096383285611975
2468,0.0033096383285611975
2469,0.0033096383285611975
2470,0.0033096383285611975
2471,0.0033096383285611975
2472,0.0033096383285611975
2473,0.0033096383285611975
2474,0.0033096383285611975
2475,0.0033096383285611975
2476,0.0033096383285611975
2477,0.0033096383285611975
2478,0.0033096383285611975
2479,0.0033096383285611975
2480,0.0033096383285611975
2481,0.0033096383285611975
2482,0.0033096383285611975
2483,0.0033096383285611975
2484,0.0033096383285611975
2485,0.0033096383285611975
2486,0.0033096383285611975
2487,0.0033096383285611975
2488,0.0033096383285611975
2489,0.0033096383285611975
2490,0.0033096383285611975
2491,0.0033096383285611975
2492,0.0033096383285611975
2493,0.0033096383285611975
2494,0.0033096383285611975
2495,0.0033096383285611975
2496,0.0033096383285611975
2497,0.0033096383285611975
2498,0.0033096383285611975
2499,0.0033096383285611975
2500,0.0033096383285611975
2501,0.0033096383285611975
2502,0.0033096383285611975
2503,0.0033096383285611975
2504,0.0033096383285611975
2505,0.0033096383285611975
2506,0.0033096383285611975
2507,0.0033096383285611975
2508,0.0033096383285611975
2509,0.0033096383285611975
2510,0.0033096383285611975
2511,0.0033096383285611975
2512,0.0033096383285611975
2513,0.0033096383285611975
2514,0.0033096383285611975
2515,0.0033096383285611975
2516,0.0033096383285611975
2517,0.0033096383285611975
2518,0.0033096383285611975
2519,0.0033096383285611975
2520,0.0033096383285611975
2521,0.0033096383285611975
2522,0.0033096383285611975
2523,0.0033096383285611975
2524,0.0033096383285611975
2525,0.0033096383285611975
2526,0.0033096383285611975
2527,0.0033096383285611975
2528,0.0033096383285611975
2529,0.0033096383285611975
2530,0.0033096383285611975
2531,0.0033096383285611975
2532,0.0033096383285611975
2533,0.0033096383285611975
2534,0.0033096383285611975
2535,0.0033096383285611975
2536,0.0033096383285611975
2537,0.0033096383285611975
2538,0.0033096383285611975
2539,0.0033096383285611975
2540,0.0033096383285611975
2541,0.0033096383285611975
2542,0.0033096383285611975
2543,0.0033096383285611975
2544,0.0033096383285611975
2545,0.0033096383285611975
2546,0.0033096383285611975
2547,0.0033096383285611975
2548,0.0033096383285611975
2549,0.0033096383285611975
2550,0.0033096383285611975
2551,0.0033096383285611975
2552,0.0033096383285611975
2553,0.0033096383285611975
2554,0.0033096383285611975
2555,0.0033096383285611975
2556,0.0033096383285611975
2557,0.0033096383285611975
2558,0.0033096383285611975
2559,0.0033096383285611975
2560,0.0033096383285611975
2561,0.0033096383285611975
2562,0.0033096383285611975
2563,0.0033096383285611975
2564,0.0033096383285611975
2565,0.0033096383285611975
2566,0.0033096383285611975
2567,0.0033096383285611975
2568,0.0033096383285611975
2569,0.0033096383285611975
2570,0.0033096383285611975
2571,0.0033096383285611975
2572,0.0033096383285611975
2573,0.0033096383285611975
2574,0.0033096383285611975
2575,0.0033096383285611975
2576,0.0033096383285611975
2577,0.0033096383285611975
2578,0.0033096383285611975
2579,0.0033096383285611975
2580,0.0033096383285611975
2581,0.0033096383285611975
2582,0.0033096383285611975
2583,0.0033096383285611975
2584,0.0033096383285611975
2585,0.0033096383285611975
2586,0.0033096383285611975
2587,0.0033096383285611975
2588,0.0033096383285611975
2589,0.0033096383285611975
2590,0.0033096383285611975
2591,0.0033096383285611975
2592,0.0033096383285611975
2593,0.0033096383285611975
2594,0.0033096383285611975
2595,0.0033096383285611975
2596,0.0033096383285611975
2597,0.0033096383285611975
2598,0.0033096383285611975
2599,0.0033096383285611975
2600,0.0033096383285611975
2601,0.0033096383285611975
2602,0.0033096383285611975
2603,0.0033096383285611975
2604,0.0033096383285611975
2605,0.0033096383285611975
2606,0.0033096383285611975
2607,0.0033096383285611975
2608,0.0033096383285611975
2609,0.0033096383285611975
2610,0.0033096383285611975
2611,0.0033096383285611975
2612,0.0033096383285611975
2613,0.0033096383285611975
2614,0.0033096383285611975
2615,0.0033096383285611975
2616,0.0033096383285611975
2617,0.0033096383285611975
2618,0.0033096383285611975
2619,0.0033096383285611975
2620,0.0033096383285611975
2621,0.0033096383285611975
2622,0.0033096383285611975
2623,0.0033096383285611975
2624,0.0033096383285611975
2625,0.0033096383285611975
2626,0.0033096383285611975
2627,0.0033096383285611975
2628,0.0033096383285611975
2629,0.0033096383285611975
2630,0.0033096383285611975
2631,0.0033096383285611975
2632,0.0033096383285611975
2633,0.0033096383285611975
2634,0.0033096383285611975
2635,0.0033096383285611975
2636,0.0033096383285611975
2637,0.0033096383285611975
2638,0.0033096383285611975
2639,0.0033096383285611975
2640,0.0033096383285611975
2641,0.0033096383285611975
2642,0.0033096383285611975
2643,0.0033096383285611975
2644,0.0033096383285611975
2645,0.0033096383285611975
2646,0.0033096383285611975
2647,0.0033096383285611975
2648,0.0033096383285611975
2649,0.0033096383285611975
2650,0.0033096383285611975
2651,0.0033096383285611975
2652,0.0033096383285611975
2653,0.0033096383285611975
2654,0.0033096383285611975
2655,0.0033096383285611975
2656,0.0033096383285611975
2657,0.0033096383285611975
2658,0.0033096383285611975
2659,0.0033096383285611975
2660,0.0033096383285611975
2661,0.0033096383285611975
2662,0.0033096383285611975
2663,0.0033096383285611975
2664,0.0033096383285611975
2665,0.0033096383285611975
2666,0.0033096383285611975
2667,0.0033096383285611975
2668,0.0033096383285611975
2669,0.0033096383285611975
2670,0.0033096383285611975
2671,0.0033096383285611975
2672,0.0033096383285611975
2673,0.0033096383285611975
2674,0.0033096383285611975
2675,0.0033096383285611975
2676,0.0033096383285611975
2677,0.0033096383285611975
2678,0.0033096383285611975
2679,0.0033096383285611975
2680,0.0033096383285611975
2681,0.0033096383285611975
2682,0.0033096383285611975
2683,0.0033096383285611975
2684,0.0033096383285611975
2685,0.0033096383285611975
2686,0.0033096383285611975
2687,0.0033096383285611975
2688,0.0033096383285611975
2689,0.0033096383285611975
2690,0.0033096383285611975
2691,0.0033096383285611975
2692,0.0033096383285611975
2693,0.0033096383285611975
2694,0.0033096383285611975
2695,0.0033096383285611975
2696,0.0033096383285611975
2697,0.0033096383285611975
2698,0.0033096383285611975
2699,0.0033096383285611975
2700,0.0033096383285611975
2701,0.0033096383285611975
2702,0.0033096383285611975
2703,0.0033096383285611975
2704,0.0033096383285611975
2705,0.0033096383285611975
2706,0.0033096383285611975
2707,0.0033096383285611975
2708,0.0033096383285611975
2709,0.0033096383285611975
2710,0.0033096383285611975
2711,0.0033096383285611975
2712,0.0033096383285611975
2713,0.0033096383285611975
2714,0.0033096383285611975
2715,0.0033096383285611975
2716,0.0033096383285611975
2717,0.0033096383285611975
2718,0.0033096383285611975
2719,0.0033096383285611975
2720,0.0033096383285611975
2721,0.0033096383285611975
2722,0.0033096383285611975
2723,0.0033096383285611975
2724,0.0033096383285611975
2725,0.0033096383285611975
2726,0.0033096383285611975
2727,0.0033096383285611975
2728,0.0033096383285611975
2729,0.0033096383285611975
2730,0.0033096383285611975
2731,0.0033096383285611975
2732,0.0033096383285611975
2733,0.0033096383285611975
2734,0.0033096383285611975
2735,0.0033096383285611975
2736,0.0033096383285611975
2737,0.0033096383285611975
2738,0.0033096383285611975
2739,0.0033096383285611975
2740,0.0033096383285611975
2741,0.0033096383285611975
2742,0.0033096383285611975
2743,0.0033096383285611975
2744,0.0033096383285611975
2745,0.0033096383285611975
2746,0.0033096383285611975
2747,0.0033096383285611975
2748,0.0033096383285611975
2749,0.0033096383285611975
2750,0.0033096383285611975
2751,0.0033096383285611975
2752,0.0033096383285611975
2753,0.0033096383285611975
2754,0.0033096383285611975
2755,0.0033096383285611975
2756,0.0033096383285611975
2757,0.0033096383285611975
2758,0.0033096383285611975
2759,0.0033096383285611975
2760,0.0033096383285611975
2761,0.0033096383285611975
2762,0.0033096383285611975
2763,0.0033096383285611975
2764,0.0033096383285611975
2765,0.0033096383285611975
2766,0.0033096383285611975
2767,0.0033096383285611975
2768,0.0033096383285611975
2769,0.0033096383285611975
2770,0.0033096383285611975
2771,0.0033096383285611975
2772,0.0033096383285611975
2773,0.0033096383285611975
2774,0.0033096383285611975
2775,0.0033096383285611975
2776,0.0033096383285611975
2777,0.0033096383285611975
2778,0.0033096383285611975
2779,0.0033096383285611975
2780,0.0033096383285611975
2781,0.0033096383285611975
2782,0.0033096383285611975
2783,0.0033096383285611975
2784,0.0033096383285611975
2785,0.0033096383285611975
2786,0.0033096383285611975
2787,0.0033096383285611975
2788,0.0033096383285611975
2789,0.0033096383285611975
2790,0.0033096383285611975
2791,0.0033096383285611975
2792,0.0033096383285611975
2793,0.0033096383285611975
2794,0.0033096383285611975
2795,0.0033096383285611975
2796,0.0033096383285611975
2797,0.0033096383285611975
2798,0.0033096383285611975
2799,0.0033096383285611975
2800,0.0033096383285611975
2801,0.0033096383285611975
2802,0.0033096383285611975
2803,0.0033096383285611975
2804,0.0033096383285611975
2805,0.0033096383285611975
2806,0.0033096383285611975
2807,0.0033096383285611975
2808,0.0033096383285611975
2809,0.0033096383285611975
2810,0.0033096383285611975
2811,0.0033096383285611975
2812,0.0033096383285611975
2813,0.0033096383285611975
2814,0.0033096383285611975
2815,0.0033096383285611975
2816,0.0033096383285611975
2817,0.0033096383285611975
2818,0.0033096383285611975
2819,0.0033096383285611975
2820,0.0033096383285611975
2821,0.0033096383285611975
2822,0.0033096383285611975
2823,0.0033096383285611975
2824,0.0033096383285611975
2825,0.0033096383285611975
2826,0.0033096383285611975
2827,0.0033096383285611975
2828,0.0033096383285611975
2829,0.0033096383285611975
2830,0.0033096383285611975
2831,0.0033096383285611975
2832,0.0033096383285611975
2833,0.0033096383285611975
2834,0.0033096383285611975
2835,0.0033096383285611975
2836,0.0033096383285611975
2837,0.0033096383285611975
2838,0.0033096383285611975
2839,0.0033096383285611975
2840,0.0033096383285611975
2841,0.0033096383285611975
2842,0.0033096383285611975
2843,0.0033096383285611975
2844,0.0033096383285611975
2845,0.0033096383285611975
2846,0.0033096383285611975
2847,0.0033096383285611975
2848,0.0033096383285611975
2849,0.0033096383285611975
2850,0.0033096383285611975
2851,0.0033096383285611975
2852,0.0033096383285611975
2853,0.0033096383285611975
2854,0.0033096383285611975
2855,0.0033096383285611975
2856,0.0033096383285611975
2857,0.0033096383285611975
2858,0.0033096383285611975
2859,0.0033096383285611975
2860,0.0033096383285611975
2861,0.0033096383285611975
2862,0.0033096383285611975
2863,0.0033096383285611975
2864,0.0033096383285611975
2865,0.0033096383285611975
2866,0.0033096383285611975
2867,0.0033096383285611975
2868,0.0033096383285611975
2869,0.0033096383285611975
2870,0.0033096383285611975
2871,0.0033096383285611975
2872,0.0033096383285611975
2873,0.0033096383285611975
2874,0.0033096383285611975
2875,0.0033096383285611975
2876,0.0033096383285611975
2877,0.0033096383285611975
2878,0.0033096383285611975
2879,0.0033096383285611975
2880,0.0033096383285611975
2881,0.0033096383285611975
2882,0.0033096383285611975
2883,0.0033096383285611975
2884,0.0033096383285611975
2885,0.0033096383285611975
2886,0.0033096383285611975
2887,0.0033096383285611975
2888,0.0033096383285611975
2889,0.0033096383285611975
2890,0.0033096383285611975
2891,0.0033096383285611975
2892,0.0033096383285611975
2893,0.0033096383285611975
2894,0.0033096383285611975
2895,0.0033096383285611975
2896,0.0033096383285611975
2897,0.0033096383285611975
2898,0.0033096383285611975
2899,0.0033096383285611975
2900,0.0033096383285611975
2901,0.0033096383285611975
2902,0.0033096383285611975
2903,0.0033096383285611975
2904,0.0033096383285611975
2905,0.0033096383285611975
2906,0.0033096383285611975
2907,0.0033096383285611975
2908,0.0033096383285611975
2909,0.0033096383285611975
2910,0.0033096383285611975
2911,0.0033096383285611975
2912,0.0033096383285611975
2913,0.0033096383285611975
2914,0.0033096383285611975
2915,0.0033096383285611975
2916,0.0033096383285611975
2917,0.0033096383285611975
2918,0.0033096383285611975
2919,0.0033096383285611975
2920,0.0033096383285611975
2921,0.0033096383285611975
2922,0.0033096383285611975
2923,0.0033096383285611975
2924,0.0033096383285611975
2925,0.0033096383285611975
2926,0.0033096383285611975
2927,0.0033096383285611975
2928,0.0033096383285611975
2929,0.0033096383285611975
2930,0.0033096383285611975
2931,0.0033096383285611975
2932,0.0033096383285611975
2933,0.0033096383285611975
2934,0.0033096383285611975
2935,0.0033096383285611975
2936,0.0033096383285611975
2937,0.0033096383285611975
2938,0.0033096383285611975
2939,0.0033096383285611975
2940,0.0033096383285611975
2941,0.0033096383285611975
2942,0.0033096383285611975
2943,0.0033096383285611975
2944,0.0033096383285611975
2945,0.0033096383285611975
2946,0.0033096383285611975
2947,0.0033096383285611975
2948,0.0033096383285611975
2949,0.0033096383285611975
2950,0.0033096383285611975
2951,0.0033096383285611975
2952,0.0033096383285611975
2953,0.0033096383285611975
2954,0.0033096383285611975
2955,0.0033096383285611975
2956,0.0033096383285611975
2957,0.0033096383285611975
2958,0.0033096383285611975
2959,0.0033096383285611975
2960,0.0033096383285611975
2961,0.0033096383285611975
2962,0.0033096383285611975
2963,0.0033096383285611975
2964,0.0033096383285611975
2965,0.0033096383285611975
2966,0.0033096383285611975
2967,0.0033096383285611975
2968,0.0033096383285611975
2969,0.0033096383285611975
2970,0.0033096383285611975
2971,0.0033096383285611975
2972,0.0033096383285611975
2973,0.0033096383285611975
2974,0.0033096383285611975
2975,0.0033096383285611975
2976,0.0033096383285611975
2977,0.0033096383285611975
2978,0.0033096383285611975
2979,0.0033096383285611975
2980,0.0033096383285611975
2981,0.0033096383285611975
2982,0.0033096383285611975
2983,0.0033096383285611975
2984,0.0033096383285611975
2985,0.0033096383285611975
2986,0.0033096383285611975
2987,0.0033096383285611975
2988,0.0033096383285611975
2989,0.0033096383285611975
2990,0.0033096383285611975
2991,0.0033096383285611975
2992,0.0033096383285611975
2993,0.0033096383285611975
2994,0.0033096383285611975
2995,0.0033096383285611975
2996,0.0033096383285611975
2997,0.0033096383285611975
2998,0.0033096383285611975
2999,0.0033096383285611975
3000,0.0033096383285611975
3001,0.0033096383285611975
3002,0.0033096383285611975
3003,0.0033096383285611975
3004,0.0033096383285611975
3005,0.0033096383285611975
3006,0.0033096383285611975
3007,0.0033096383285611975
3008,0.0033096383285611975
3009,0.0033096383285611975
3010,0.0033096383285611975
3011,0.0033096383285611975
3012,0.0033096383285611975
3013,0.0033096383285611975
3014,0.0033096383285611975
3015,0.0033096383285611975
3016,0.0033096383285611975
3017,0.0033096383285611975
3018,0.0033096383285611975
3019,0.0033096383285611975
3020,0.0033096383285611975
3021,0.0033096383285611975
3022,0.0033096383285611975
3023,0.0033096383285611975
3024,0.0033096383285611975
3025,0.0033096383285611975
3026,0.0033096383285611975
3027,0.0033096383285611975
3028,0.0033096383285611975
3029,0.0033096383285611975
3030,0.0033096383285611975
3031,0.0033096383285611975
3032,0.0033096383285611975
3033,0.0033096383285611975
3034,0.0033096383285611975
3035,0.0033096383285611975
3036,0.0033096383285611975
3037,0.0033096383285611975
3038,0.0033096383285611975
3039,0.0033096383285611975
3040,0.0033096383285611975
3041,0.0033096383285611975
3042,0.0033096383285611975
3043,0.0033096383285611975
3044,0.0033096383285611975
3045,0.0033096383285611975
3046,0.0033096383285611975
3047,0.0033096383285611975
3048,0.0033096383285611975
3049,0.0033096383285611975
3050,0.0033096383285611975
3051,0.0033096383285611975
3052,0.0033096383285611975
3053,0.0033096383285611975
3054,0.0033096383285611975
3055,0.0033096383285611975
3056,0.0033096383285611975
3057,0.0033096383285611975
3058,0.0033096383285611975
3059,0.0033096383285611975
3060,0.0033096383285611975
3061,0.0033096383285611975
3062,0.0033096383285611975
3063,0.0033096383285611975
3064,0.0033096383285611975
3065,0.0033096383285611975
3066,0.0033096383285611975
3067,0.0033096383285611975
3068,0.0033096383285611975
3069,0.0033096383285611975
3070,0.0033096383285611975
3071,0.0033096383285611975
3072,0.0033096383285611975
3073,0.0033096383285611975
3074,0.0033096383285611975
3075,0.0033096383285611975
3076,0.0033096383285611975
3077,0.0033096383285611975
3078,0.0033096383285611975
3079,0.0033096383285611975
3080,0.0033096383285611975
3081,0.0033096383285611975
3082,0.0033096383285611975
3083,0.0033096383285611975
3084,0.0033096383285611975
3085,0.0033096383285611975
3086,0.0033096383285611975
3087,0.0033096383285611975
3088,0.0033096383285611975
3089,0.0033096383285611975
3090,0.0033096383285611975
3091,0.0033096383285611975
3092,0.0033096383285611975
3093,0.0033096383285611975
3094,0.0033096383285611975
3095,0.0033096383285611975
3096,0.0033096383285611975
3097,0.0033096383285611975
3098,0.0033096383285611975
3099,0.0033096383285611975
3100,0.0033096383285611975
3101,0.0033096383285611975
3102,0.0033096383285611975
3103,0.0033096383285611975
3104,0.0033096383285611975
3105,0.0033096383285611975
3106,0.0033096383285611975
3107,0.0033096383285611975
3108,0.0033096383285611975
3109,0.0033096383285611975
3110,0.0033096383285611975
3111,0.0033096383285611975
3112,0.0033096383285611975
3113,0.0033096383285611975
3114,0.0033096383285611975
3115,0.0033096383285611975
3116,0.0033096383285611975
3117,0.0033096383285611975
3118,0.0033096383285611975
3119,0.0033096383285611975
3120,0.0033096383285611975
3121,0.0033096383285611975
3122,0.0033096383285611975
3123,0.0033096383285611975
3124,0.0033096383285611975
3125,0.0033096383285611975
3126,0.0033096383285611975
3127,0.0033096383285611975
3128,0.0033096383285611975
3129,0.0033096383285611975
3130,0.0033096383285611975
3131,0.0033096383285611975
3132,0.0033096383285611975
3133,0.0033096383285611975
3134,0.0033096383285611975
3135,0.0033096383285611975
3136,0.0033096383285611975
3137,0.0033096383285611975
3138,0.0033096383285611975
3139,0.0033096383285611975
3140,0.0033096383285611975
3141,0.0033096383285611975
3142,0.0033096383285611975
3143,0.0033096383285611975
3144,0.0033096383285611975
3145,0.0033096383285611975
3146,0.0033096383285611975
3147,0.0033096383285611975
3148,0.0033096383285611975
3149,0.0033096383285611975
3150,0.0033096383285611975
3151,0.0033096383285611975
3152,0.0033096383285611975
3153,0.0033096383285611975
3154,0.0033096383285611975
3155,0.0033096383285611975
3156,0.0033096383285611975
3157,0.0033096383285611975
3158,0.0033096383285611975
3159,0.0033096383285611975
3160,0.0033096383285611975
3161,0.0033096383285611975
3162,0.0033096383285611975
3163,0.0033096383285611975
3164,0.0033096383285611975
3165,0.0033096383285611975
3166,0.0033096383285611975
3167,0.0033096383285611975
3168,0.0033096383285611975
3169,0.0033096383285611975
3170,0.0033096383285611975
3171,0.0033096383285611975
3172,0.0033096383285611975
3173,0.0033096383285611975
3174,0.0033096383285611975
3175,0.0033096383285611975
3176,0.0033096383285611975
3177,0.0033096383285611975
3178,0.0033096383285611975
3179,0.0033096383285611975
3180,0.0033096383285611975
3181,0.0033096383285611975
3182,0.0033096383285611975
3183,0.0033096383285611975
3184,0.0033096383285611975
3185,0.0033096383285611975
3186,0.0033096383285611975
3187,0.0033096383285611975
3188,0.0033096383285611975
3189,0.0033096383285611975
3190,0.0033096383285611975
3191,0.0033096383285611975
3192,0.0033096383285611975
3193,0.0033096383285611975
3194,0.0033096383285611975
3195,0.0033096383285611975
3196,0.0033096383285611975
3197,0.0033096383285611975
3198,0.0033096383285611975
3199,0.0033096383285611975
3200,0.0033096383285611975
3201,0.0033096383285611975
3202,0.0033096383285611975
3203,0.0033096383285611975
3204,0.0033096383285611975
3205,0.0033096383285611975
3206,0.0033096383285611975
3207,0.0033096383285611975
3208,0.0033096383285611975
3209,0.0033096383285611975
3210,0.0033096383285611975
3211,0.0033096383285611975
3212,0.0033096383285611975
3213,0.0033096383285611975
3214,0.0033096383285611975
3215,0.0033096383285611975
3216,0.0033096383285611975
3217,0.0033096383285611975
3218,0.0033096383285611975
3219,0.0033096383285611975
3220,0.0033096383285611975
3221,0.0033096383285611975
3222,0.0033096383285611975
3223,0.0033096383285611975
3224,0.0033096383285611975
3225,0.0033096383285611975
3226,0.0033096383285611975
3227,0.0033096383285611975
3228,0.0033096383285611975
3229,0.0033096383285611975
3230,0.0033096383285611975
3231,0.0033096383285611975
3232,0.0033096383285611975
3233,0.0033096383285611975
3234,0.0033096383285611975
3235,0.0033096383285611975
3236,0.0033096383285611975
3237,0.0033096383285611975
3238,0.0033096383285611975
3239,0.0033096383285611975
3240,0.0033096383285611975
3241,0.0033096383285611975
3242,0.0033096383285611975
3243,0.0033096383285611975
3244,0.0033096383285611975
3245,0.0033096383285611975
3246,0.0033096383285611975
3247,0.0033096383285611975
3248,0.0033096383285611975
3249,0.0033096383285611975
3250,0.0033096383285611975
3251,0.0033096383285611975
3252,0.0033096383285611975
3253,0.0033096383285611975
3254,0.0033096383285611975
3255,0.0033096383285611975
3256,0.0033096383285611975
3257,0.0033096383285611975
3258,0.0033096383285611975
3259,0.0033096383285611975
3260,0.0033096383285611975
3261,0.0033096383285611975
3262,0.0033096383285611975
3263,0.0033096383285611975
3264,0.0033096383285611975
3265,0.0033096383285611975
3266,0.0033096383285611975
3267,0.0033096383285611975
3268,0.0033096383285611975
3269,0.0033096383285611975
3270,0.0033096383285611975
3271,0.0033096383285611975
3272,0.0033096383285611975
3273,0.0033096383285611975
3274,0.0033096383285611975
3275,0.0033096383285611975
3276,0.0033096383285611975
3277,0.0033096383285611975
3278,0.0033096383285611975
3279,0.0033096383285611975
3280,0.0033096383285611975
3281,0.0033096383285611975
3282,0.0033096383285611975
3283,0.0033096383285611975
3284,0.0033096383285611975
3285,0.0033096383285611975
3286,0.0033096383285611975
3287,0.0033096383285611975
3288,0.0033096383285611975
3289,0.0033096383285611975
3290,0.0033096383285611975
3291,0.0033096383285611975
3292,0.0033096383285611975
3293,0.0033096383285611975
3294,0.0033096383285611975
3295,0.0033096383285611975
3296,0.0033096383285611975
3297,0.0033096383285611975
3298,0.0033096383285611975
3299,0.0033096383285611975
3300,0.0033096383285611975
3301,0.0033096383285611975
3302,0.0033096383285611975
3303,0.0033096383285611975
3304,0.0033096383285611975
3305,0.0033096383285611975
3306,0.0033096383285611975
3307,0.0033096383285611975
3308,0.0033096383285611975
3309,0.0033096383285611975
3310,0.0033096383285611975
3311,0.0033096383285611975
3312,0.0033096383285611975
3313,0.0033096383285611975
3314,0.0033096383285611975
3315,0.0033096383285611975
3316,0.0033096383285611975
3317,0.0033096383285611975
3318,0.0033096383285611975
3319,0.0033096383285611975
3320,0.0033096383285611975
3321,0.0033096383285611975
3322,0.0033096383285611975
3323,0.0033096383285611975
3324,0.0033096383285611975
3325,0.0033096383285611975
3326,0.0033096383285611975
3327,0.0033096383285611975
3328,0.0033096383285611975
3329,0.0033096383285611975
3330,0.0033096383285611975
3331,0.0033096383285611975
3332,0.0033096383285611975
3333,0.0033096383285611975
3334,0.0033096383285611975
3335,0.0033096383285611975
3336,0.0033096383285611975
3337,0.0033096383285611975
3338,0.0033096383285611975
3339,0.0033096383285611975
3340,0.0033096383285611975
3341,0.0033096383285611975
3342,0.0033096383285611975
3343,0.0033096383285611975
3344,0.0033096383285611975
3345,0.0033096383285611975
3346,0.0033096383285611975
3347,0.0033096383285611975
3348,0.0033096383285611975
3349,0.0033096383285611975
3350,0.0033096383285611975
3351,0.0033096383285611975
3352,0.0033096383285611975
3353,0.0033096383285611975
3354,0.0033096383285611975
3355,0.0033096383285611975
3356,0.0033096383285611975
3357,0.0033096383285611975
3358,0.0033096383285611975
3359,0.0033096383285611975
3360,0.0033096383285611975
3361,0.0033096383285611975
3362,0.0033096383285611975
3363,0.0033096383285611975
3364,0.0033096383285611975
3365,0.0033096383285611975
3366,0.0033096383285611975
3367,0.0033096383285611975
3368,0.0033096383285611975
3369,0.0033096383285611975
3370,0.0033096383285611975
3371,0.0033096383285611975
3372,0.0033096383285611975
3373,0.0033096383285611975
3374,0.0033096383285611975
3375,0.0033096383285611975
3376,0.0033096383285611975
3377,0.0033096383285611975
3378,0.0033096383285611975
3379,0.0033096383285611975
3380,0.0033096383285611975
3381,0.0033096383285611975
3382,0.0033096383285611975
3383,0.0033096383285611975
3384,0.0033096383285611975
3385,0.0033096383285611975
3386,0.0033096383285611975
3387,0.0033096383285611975
3388,0.0033096383285611975
3389,0.0033096383285611975
3390,0.0033096383285611975
3391,0.0033096383285611975
3392,0.0033096383285611975
3393,0.0033096383285611975
3394,0.0033096383285611975
3395,0.0033096383285611975
3396,0.0033096383285611975
3397,0.0033096383285611975
3398,0.0033096383285611975
3399,0.0033096383285611975
3400,0.0033096383285611975
3401,0.0033096383285611975
3402,0.0033096383285611975
3403,0.0033096383285611975
3404,0.0033096383285611975
3405,0.0033096383285611975
3406,0.0033096383285611975
3407,0.0033096383285611975
3408,0.0033096383285611975
3409,0.0033096383285611975
3410,0.0033096383285611975
3411,0.0033096383285611975
3412,0.0033096383285611975
3413,0.0033096383285611975
3414,0.0033096383285611975
3415,0.0033096383285611975
3416,0.0033096383285611975
3417,0.0033096383285611975
3418,0.0033096383285611975
3419,0.0033096383285611975
3420,0.0033096383285611975
3421,0.0033096383285611975
3422,0.0033096383285611975
3423,0.0033096383285611975
3424,0.0033096383285611975
3425,0.0033096383285611975
3426,0.0033096383285611975
3427,0.0033096383285611975
3428,0.0033096383285611975
3429,0.0033096383285611975
3430,0.0033096383285611975
3431,0.0033096383285611975
3432,0.0033096383285611975
3433,0.0033096383285611975
3434,0.0033096383285611975
3435,0.0033096383285611975
3436,0.0033096383285611975
3437,0.0033096383285611975
3438,0.0033096383285611975
3439,0.0033096383285611975
3440,0.0033096383285611975
3441,0.0033096383285611975
3442,0.0033096383285611975
3443,0.0033096383285611975
3444,0.0033096383285611975
3445,0.0033096383285611975
3446,0.0033096383285611975
3447,0.0033096383285611975
3448,0.0033096383285611975
3449,0.0033096383285611975
3450,0.0033096383285611975
3451,0.0033096383285611975
3452,0.0033096383285611975
3453,0.0033096383285611975
3454,0.0033096383285611975
3455,0.0033096383285611975
3456,0.0033096383285611975
3457,0.0033096383285611975
3458,0.0033096383285611975
3459,0.0033096383285611975
3460,0.0033096383285611975
3461,0.0033096383285611975
3462,0.0033096383285611975
3463,0.0033096383285611975
3464,0.0033096383285611975
3465,0.0033096383285611975
3466,0.0033096383285611975
3467,0.0033096383285611975
3468,0.0033096383285611975
3469,0.0033096383285611975
3470,0.0033096383285611975
3471,0.0033096383285611975
3472,0.0033096383285611975
3473,0.0033096383285611975
3474,0.0033096383285611975
3475,0.0033096383285611975
3476,0.0033096383285611975
3477,0.0033096383285611975
3478,0.0033096383285611975
3479,0.0033096383285611975
3480,0.0033096383285611975
3481,0.0033096383285611975
3482,0.0033096383285611975
3483,0.0033096383285611975
3484,0.0033096383285611975
3485,0.0033096383285611975
3486,0.0033096383285611975
3487,0.0033096383285611975
3488,0.0033096383285611975
3489,0.0033096383285611975
3490,0.0033096383285611975
3491,0.0033096383285611975
3492,0.0033096383285611975
3493,0.0033096383285611975
3494,0.0033096383285611975
3495,0.0033096383285611975
3496,0.0033096383285611975
3497,0.0033096383285611975
3498,0.0033096383285611975
3499,0.0033096383285611975
3500,0.0033096383285611975
3501,0.0033096383285611975
3502,0.0033096383285611975
3503,0.0033096383285611975
3504,0.0033096383285611975
3505,0.0033096383285611975
3506,0.0033096383285611975
3507,0.0033096383285611975
3508,0.0033096383285611975
3509,0.0033096383285611975
3510,0.0033096383285611975
3511,0.0033096383285611975
3512,0.0033096383285611975
3513,0.0033096383285611975
3514,0.0033096383285611975
3515,0.0033096383285611975
3516,0.0033096383285611975
3517,0.0033096383285611975
3518,0.0033096383285611975
3519,0.0033096383285611975
3520,0.0033096383285611975
3521,0.0033096383285611975
3522,0.0033096383285611975
3523,0.0033096383285611975
3524,0.0033096383285611975
3525,0.0033096383285611975
3526,0.0033096383285611975
3527,0.0033096383285611975
3528,0.0033096383285611975
3529,0.0033096383285611975
3530,0.0033096383285611975
3531,0.0033096383285611975
3532,0.0033096383285611975
3533,0.0033096383285611975
3534,0.0033096383285611975
3535,0.0033096383285611975
3536,0.0033096383285611975
3537,0.0033096383285611975
3538,0.0033096383285611975
3539,0.0033096383285611975
3540,0.0033096383285611975
3541,0.0033096383285611975
3542,0.0033096383285611975
3543,0.0033096383285611975
3544,0.0033096383285611975
3545,0.0033096383285611975
3546,0.0033096383285611975
3547,0.0033096383285611975
3548,0.0033096383285611975
3549,0.0033096383285611975
3550,0.0033096383285611975
3551,0.0033096383285611975
3552,0.0033096383285611975
3553,0.0033096383285611975
3554,0.0033096383285611975
3555,0.0033096383285611975
3556,0.0033096383285611975
3557,0.0033096383285611975
3558,0.0033096383285611975
3559,0.0033096383285611975
3560,0.0033096383285611975
3561,0.0033096383285611975
3562,0.0033096383285611975
3563,0.0033096383285611975
3564,0.0033096383285611975
3565,0.0033096383285611975
3566,0.0033096383285611975
3567,0.0033096383285611975
3568,0.0033096383285611975
3569,0.0033096383285611975
3570,0.0033096383285611975
3571,0.0033096383285611975
3572,0.0033096383285611975
3573,0.0033096383285611975
3574,0.0033096383285611975
3575,0.0033096383285611975
3576,0.0033096383285611975
3577,0.0033096383285611975
3578,0.0033096383285611975
3579,0.0033096383285611975
3580,0.0033096383285611975
3581,0.0033096383285611975
3582,0.0033096383285611975
3583,0.0033096383285611975
3584,0.0033096383285611975
3585,0.0033096383285611975
3586,0.0033096383285611975
3587,0.0033096383285611975
3588,0.0033096383285611975
3589,0.0033096383285611975
3590,0.0033096383285611975
3591,0.0033096383285611975
3592,0.0033096383285611975
3593,0.0033096383285611975
3594,0.0033096383285611975
3595,0.0033096383285611975
3596,0.0033096383285611975
3597,0.0033096383285611975
3598,0.0033096383285611975
3599,0.0033096383285611975
3600,0.0033096383285611975
3601,0.0033096383285611975
3602,0.0033096383285611975
3603,0.0033096383285611975
3604,0.0033096383285611975
3605,0.0033096383285611975
3606,0.0033096383285611975
3607,0.0033096383285611975
3608,0.0033096383285611975
3609,0.0033096383285611975
3610,0.0033096383285611975
3611,0.0033096383285611975
3612,0.0033096383285611975
3613,0.0033096383285611975
3614,0.0033096383285611975
3615,0.0033096383285611975
3616,0.0033096383285611975
3617,0.0033096383285611975
3618,0.0033096383285611975
3619,0.0033096383285611975
3620,0.0033096383285611975
3621,0.0033096383285611975
3622,0.0033096383285611975
3623,0.0033096383285611975
3624,0.0033096383285611975
3625,0.0033096383285611975
3626,0.0033096383285611975
3627,0.0033096383285611975
3628,0.0033096383285611975
3629,0.0033096383285611975
3630,0.0033096383285611975
3631,0.0033096383285611975
3632,0.0033096383285611975
3633,0.0033096383285611975
3634,0.0033096383285611975
3635,0.0033096383285611975
3636,0.0033096383285611975
3637,0.0033096383285611975
3638,0.0033096383285611975
3639,0.0033096383285611975
3640,0.0033096383285611975
3641,0.0033096383285611975
3642,0.0033096383285611975
3643,0.0033096383285611975
3644,0.0033096383285611975
3645,0.0033096383285611975
3646,0.0033096383285611975
3647,0.0033096383285611975
3648,0.0033096383285611975
3649,0.0033096383285611975
3650,0.0033096383285611975
3651,0.0033096383285611975
3652,0.0033096383285611975
3653,0.0033096383285611975
3654,0.0033096383285611975
3655,0.0033096383285611975
3656,0.0033096383285611975
3657,0.0033096383285611975
3658,0.0033096383285611975
3659,0.0033096383285611975
3660,0.0033096383285611975
3661,0.0033096383285611975
3662,0.0033096383285611975
3663,0.0033096383285611975
3664,0.0033096383285611975
3665,0.0033096383285611975
3666,0.0033096383285611975
3667,0.0033096383285611975
3668,0.0033096383285611975
3669,0.0033096383285611975
3670,0.0033096383285611975
3671,0.0033096383285611975
3672,0.0033096383285611975
3673,0.0033096383285611975
3674,0.0033096383285611975
3675,0.0033096383285611975
3676,0.0033096383285611975
3677,0.0033096383285611975
3678,0.0033096383285611975
3679,0.0033096383285611975
3680,0.0033096383285611975
3681,0.0033096383285611975
3682,0.0033096383285611975
3683,0.0033096383285611975
3684,0.0033096383285611975
3685,0.0033096383285611975
3686,0.0033096383285611975
3687,0.0033096383285611975
3688,0.0033096383285611975
3689,0.0033096383285611975
3690,0.0033096383285611975
3691,0.0033096383285611975
3692,0.0033096383285611975
3693,0.0033096383285611975
3694,0.0033096383285611975
3695,0.0033096383285611975
3696,0.0033096383285611975
3697,0.0033096383285611975
3698,0.0033096383285611975
3699,0.0033096383285611975
3700,0.0033096383285611975
3701,0.0033096383285611975
3702,0.0033096383285611975
3703,0.0033096383285611975
3704,0.0033096383285611975
3705,0.0033096383285611975
3706,0.0033096383285611975
3707,0.0033096383285611975
3708,0.0033096383285611975
3709,0.0033096383285611975
3710,0.0033096383285611975
3711,0.0033096383285611975
3712,0.0033096383285611975
3713,0.0033096383285611975
3714,0.0033096383285611975
3715,0.0033096383285611975
3716,0.0033096383285611975
3717,0.0033096383285611975
3718,0.0033096383285611975
3719,0.0033096383285611975
3720,0.0033096383285611975
3721,0.0033096383285611975
3722,0.0033096383285611975
3723,0.0033096383285611975
3724,0.0033096383285611975
3725,0.0033096383285611975
3726,0.0033096383285611975
3727,0.0033096383285611975
3728,0.0033096383285611975
3729,0.0033096383285611975
3730,0.0033096383285611975
3731,0.0033096383285611975
3732,0.0033096383285611975
3733,0.0033096383285611975
3734,0.0033096383285611975
3735,0.0033096383285611975
3736,0.0033096383285611975
3737,0.0033096383285611975
3738,0.0033096383285611975
3739,0.0033096383285611975
3740,0.0033096383285611975
3741,0.0033096383285611975
3742,0.0033096383285611975
3743,0.0033096383285611975
3744,0.0033096383285611975
3745,0.0033096383285611975
3746,0.0033096383285611975
3747,0.0033096383285611975
3748,0.0033096383285611975
3749,0.0033096383285611975
3750,0.0033096383285611975
3751,0.0033096383285611975
3752,0.0033096383285611975
3753,0.0033096383285611975
3754,0.0033096383285611975
3755,0.0033096383285611975
3756,0.0033096383285611975
3757,0.0033096383285611975
3758,0.0033096383285611975
3759,0.0033096383285611975
3760,0.0033096383285611975
3761,0.0033096383285611975
3762,0.0033096383285611975
3763,0.0033096383285611975
3764,0.0033096383285611975
3765,0.0033096383285611975
3766,0.0033096383285611975
3767,0.0033096383285611975
3768,0.0033096383285611975
3769,0.0033096383285611975
3770,0.0033096383285611975
3771,0.0033096383285611975
3772,0.0033096383285611975
3773,0.0033096383285611975
3774,0.0033096383285611975
3775,0.0033096383285611975
3776,0.0033096383285611975
3777,0.0033096383285611975
3778,0.0033096383285611975
3779,0.0033096383285611975
3780,0.0033096383285611975
3781,0.0033096383285611975
3782,0.0033096383285611975
3783,0.0033096383285611975
3784,0.0033096383285611975
3785,0.0033096383285611975
3786,0.0033096383285611975
3787,0.0033096383285611975
3788,0.0033096383285611975
3789,0.0033096383285611975
3790,0.0033096383285611975
3791,0.0033096383285611975
3792,0.0033096383285611975
3793,0.0033096383285611975
3794,0.0033096383285611975
3795,0.0033096383285611975
3796,0.0033096383285611975
3797,0.0033096383285611975
3798,0.0033096383285611975
3799,0.0033096383285611975
3800,0.0033096383285611975
3801,0.0033096383285611975
3802,0.0033096383285611975
3803,0.0033096383285611975
3804,0.0033096383285611975
3805,0.0033096383285611975
3806,0.0033096383285611975
3807,0.0033096383285611975
3808,0.0033096383285611975
3809,0.0033096383285611975
3810,0.0033096383285611975
3811,0.0033096383285611975
3812,0.0033096383285611975
3813,0.0033096383285611975
3814,0.0033096383285611975
3815,0.0033096383285611975
3816,0.0033096383285611975
3817,0.0033096383285611975
3818,0.0033096383285611975
3819,0.0033096383285611975
3820,0.0033096383285611975
3821,0.0033096383285611975
3822,0.0033096383285611975
3823,0.0033096383285611975
3824,0.0033096383285611975
3825,0.0033096383285611975
3826,0.0033096383285611975
3827,0.0033096383285611975
3828,0.0033096383285611975
3829,0.0033096383285611975
3830,0.0033096383285611975
3831,0.0033096383285611975
3832,0.0033096383285611975
3833,0.0033096383285611975
3834,0.0033096383285611975
3835,0.0033096383285611975
3836,0.0033096383285611975
3837,0.0033096383285611975
3838,0.0033096383285611975
3839,0.0033096383285611975
3840,0.0033096383285611975
3841,0.0033096383285611975
3842,0.0033096383285611975
3843,0.0033096383285611975
3844,0.0033096383285611975
3845,0.0033096383285611975
3846,0.0033096383285611975
3847,0.0033096383285611975
3848,0.0033096383285611975
3849,0.0033096383285611975
3850,0.0033096383285611975
3851,0.0033096383285611975
3852,0.0033096383285611975
3853,0.0033096383285611975
3854,0.0033096383285611975
3855,0.0033096383285611975
3856,0.0033096383285611975
3857,0.0033096383285611975
3858,0.0033096383285611975
3859,0.0033096383285611975
3860,0.0033096383285611975
3861,0.0033096383285611975
3862,0.0033096383285611975
3863,0.0033096383285611975
3864,0.0033096383285611975
3865,0.0033096383285611975
3866,0.0033096383285611975
3867,0.0033096383285611975
3868,0.0033096383285611975
3869,0.0033096383285611975
3870,0.0033096383285611975
3871,0.0033096383285611975
3872,0.0033096383285611975
3873,0.0033096383285611975
3874,0.0033096383285611975
3875,0.0033096383285611975
3876,0.0033096383285611975
3877,0.0033096383285611975
3878,0.0033096383285611975
3879,0.0033096383285611975
3880,0.0033096383285611975
3881,0.0033096383285611975
3882,0.0033096383285611975
3883,0.0033096383285611975
3884,0.0033096383285611975
3885,0.0033096383285611975
3886,0.0033096383285611975
3887,0.0033096383285611975
3888,0.0033096383285611975
3889,0.0033096383285611975
3890,0.0033096383285611975
3891,0.0033096383285611975
3892,0.0033096383285611975
3893,0.0033096383285611975
3894,0.0033096383285611975
3895,0.0033096383285611975
3896,0.0033096383285611975
3897,0.0033096383285611975
3898,0.0033096383285611975
3899,0.0033096383285611975
3900,0.0033096383285611975
3901,0.0033096383285611975
3902,0.0033096383285611975
3903,0.0033096383285611975
3904,0.0033096383285611975
3905,0.0033096383285611975
3906,0.0033096383285611975
3907,0.0033096383285611975
3908,0.0033096383285611975
3909,0.0033096383285611975
3910,0.0033096383285611975
3911,0.0033096383285611975
3912,0.0033096383285611975
3913,0.0033096383285611975
3914,0.0033096383285611975
3915,0.0033096383285611975
3916,0.0033096383285611975
3917,0.0033096383285611975
3918,0.0033096383285611975
3919,0.0033096383285611975
3920,0.0033096383285611975
3921,0.0033096383285611975
3922,0.0033096383285611975
3923,0.0033096383285611975
3924,0.0033096383285611975
3925,0.0033096383285611975
3926,0.0033096383285611975
3927,0.0033096383285611975
3928,0.0033096383285611975
3929,0.0033096383285611975
3930,0.0033096383285611975
3931,0.0033096383285611975
3932,0.0033096383285611975
3933,0.0033096383285611975
3934,0.0033096383285611975
3935,0.0033096383285611975
3936,0.0033096383285611975
3937,0.0033096383285611975
3938,0.0033096383285611975
3939,0.0033096383285611975
3940,0.0033096383285611975
3941,0.0033096383285611975
3942,0.0033096383285611975
3943,0.0033096383285611975
3944,0.0033096383285611975
3945,0.0033096383285611975
3946,0.0033096383285611975
3947,0.0033096383285611975
3948,0.0033096383285611975
3949,0.0033096383285611975
3950,0.0033096383285611975
3951,0.0033096383285611975
3952,0.0033096383285611975
3953,0.0033096383285611975
3954,0.0033096383285611975
3955,0.0033096383285611975
3956,0.0033096383285611975
3957,0.0033096383285611975
3958,0.0033096383285611975
3959,0.0033096383285611975
3960,0.0033096383285611975
3961,0.0033096383285611975
3962,0.0033096383285611975
3963,0.0033096383285611975
3964,0.0033096383285611975
3965,0.0033096383285611975
3966,0.0033096383285611975
3967,0.0033096383285611975
3968,0.0033096383285611975
3969,0.0033096383285611975
3970,0.0033096383285611975
3971,0.0033096383285611975
3972,0.0033096383285611975
3973,0.0033096383285611975
3974,0.0033096383285611975
3975,0.0033096383285611975
3976,0.0033096383285611975
3977,0.0033096383285611975
3978,0.0033096383285611975
3979,0.0033096383285611975
3980,0.0033096383285611975
3981,0.0033096383285611975
3982,0.0033096383285611975
3983,0.0033096383285611975
3984,0.0033096383285611975
3985,0.0033096383285611975
3986,0.0033096383285611975
3987,0.0033096383285611975
3988,0.0033096383285611975
3989,0.0033096383285611975
3990,0.0033096383285611975
3991,0.0033096383285611975
3992,0.0033096383285611975
3993,0.0033096383285611975
3994,0.0033096383285611975
3995,0.0033096383285611975
3996,0.0033096383285611975
3997,0.0033096383285611975
3998,0.0033096383285611975
3999,0.0033096383285611975
4000,0.0033096383285611975
4001,0.0033096383285611975
4002,0.0033096383285611975
4003,0.0033096383285611975
4004,0.0033096383285611975
4005,0.0033096383285611975
4006,0.0033096383285611975
4007,0.0033096383285611975
4008,0.0033096383285611975
4009,0.0033096383285611975
4010,0.0033096383285611975
4011,0.0033096383285611975
4012,0.0033096383285611975
4013,0.0033096383285611975
4014,0.0033096383285611975
4015,0.0033096383285611975
4016,0.0033096383285611975
4017,0.0033096383285611975
4018,0.0033096383285611975
4019,0.0033096383285611975
4020,0.0033096383285611975
4021,0.0033096383285611975
4022,0.0033096383285611975
4023,0.0033096383285611975
4024,0.0033096383285611975
4025,0.0033096383285611975
4026,0.0033096383285611975
4027,0.0033096383285611975
4028,0.0033096383285611975
4029,0.0033096383285611975
4030,0.0033096383285611975
4031,0.0033096383285611975
4032,0.0033096383285611975
4033,0.0033096383285611975
4034,0.0033096383285611975
4035,0.0033096383285611975
4036,0.0033096383285611975
4037,0.0033096383285611975
4038,0.0033096383285611975
4039,0.0033096383285611975
4040,0.0033096383285611975
4041,0.0033096383285611975
4042,0.0033096383285611975
4043,0.0033096383285611975
4044,0.0033096383285611975
4045,0.0033096383285611975
4046,0.0033096383285611975
4047,0.0033096383285611975
4048,0.0033096383285611975
4049,0.0033096383285611975
4050,0.0033096383285611975
4051,0.0033096383285611975
4052,0.0033096383285611975
4053,0.0033096383285611975
4054,0.0033096383285611975
4055,0.0033096383285611975
4056,0.0033096383285611975
4057,0.0033096383285611975
4058,0.0033096383285611975
4059,0.0033096383285611975
4060,0.0033096383285611975
4061,0.0033096383285611975
4062,0.0033096383285611975
4063,0.0033096383285611975
4064,0.0033096383285611975
4065,0.0033096383285611975
4066,0.0033096383285611975
4067,0.0033096383285611975
4068,0.0033096383285611975
4069,0.0033096383285611975
4070,0.0033096383285611975
4071,0.0033096383285611975
4072,0.0033096383285611975
4073,0.0033096383285611975
4074,0.0033096383285611975
4075,0.0033096383285611975
4076,0.0033096383285611975
4077,0.0033096383285611975
4078,0.0033096383285611975
4079,0.0033096383285611975
4080,0.0033096383285611975
4081,0.0033096383285611975
4082,0.0033096383285611975
4083,0.0033096383285611975
4084,0.0033096383285611975
4085,0.0033096383285611975
4086,0.0033096383285611975
4087,0.0033096383285611975
4088,0.0033096383285611975
4089,0.0033096383285611975
4090,0.0033096383285611975
4091,0.0033096383285611975
4092,0.0033096383285611975
4093,0.0033096383285611975
4094,0.0033096383285611975
4095,0.0033096383285611975
4096,0.0033096383285611975
4097,0.0033096383285611975
4098,0.0033096383285611975
4099,0.0033096383285611975
4100,0.0033096383285611975
4101,0.0033096383285611975
4102,0.0033096383285611975
4103,0.0033096383285611975
4104,0.0033096383285611975
4105,0.0033096383285611975
4106,0.0033096383285611975
4107,0.0033096383285611975
4108,0.0033096383285611975
4109,0.0033096383285611975
4110,0.0033096383285611975
4111,0.0033096383285611975
4112,0.0033096383285611975
4113,0.0033096383285611975
4114,0.0033096383285611975
4115,0.0033096383285611975
4116,0.0033096383285611975
4117,0.0033096383285611975
4118,0.0033096383285611975
4119,0.0033096383285611975
4120,0.0033096383285611975
4121,0.0033096383285611975
4122,0.0033096383285611975
4123,0.0033096383285611975
4124,0.0033096383285611975
4125,0.0033096383285611975
4126,0.0033096383285611975
4127,0.0033096383285611975
4128,0.0033096383285611975
4129,0.0033096383285611975
4130,0.0033096383285611975
4131,0.0033096383285611975
4132,0.0033096383285611975
4133,0.0033096383285611975
4134,0.0033096383285611975
4135,0.0033096383285611975
4136,0.0033096383285611975
4137,0.0033096383285611975
4138,0.0033096383285611975
4139,0.0033096383285611975
4140,0.0033096383285611975
4141,0.0033096383285611975
4142,0.0033096383285611975
4143,0.0033096383285611975
4144,0.0033096383285611975
4145,0.0033096383285611975
4146,0.0033096383285611975
4147,0.0033096383285611975
4148,0.0033096383285611975
4149,0.0033096383285611975
4150,0.0033096383285611975
4151,0.0033096383285611975
4152,0.0033096383285611975
4153,0.0033096383285611975
4154,0.0033096383285611975
4155,0.0033096383285611975
4156,0.0033096383285611975
4157,0.0033096383285611975
4158,0.0033096383285611975
4159,0.0033096383285611975
4160,0.0033096383285611975
4161,0.0033096383285611975
4162,0.0033096383285611975
4163,0.0033096383285611975
4164,0.0033096383285611975
4165,0.0033096383285611975
4166,0.0033096383285611975
4167,0.0033096383285611975
4168,0.0033096383285611975
4169,0.0033096383285611975
4170,0.0033096383285611975
4171,0.0033096383285611975
4172,0.0033096383285611975
4173,0.0033096383285611975
4174,0.0033096383285611975
4175,0.0033096383285611975
4176,0.0033096383285611975
4177,0.0033096383285611975
4178,0.0033096383285611975
4179,0.0033096383285611975
4180,0.0033096383285611975
4181,0.0033096383285611975
4182,0.0033096383285611975
4183,0.0033096383285611975
4184,0.0033096383285611975
4185,0.0033096383285611975
4186,0.0033096383285611975
4187,0.0033096383285611975
4188,0.0033096383285611975
4189,0.0033096383285611975
4190,0.0033096383285611975
4191,0.0033096383285611975
4192,0.0033096383285611975
4193,0.0033096383285611975
4194,0.0033096383285611975
4195,0.0033096383285611975
4196,0.0033096383285611975
4197,0.0033096383285611975
4198,0.0033096383285611975
4199,0.0033096383285611975
4200,0.0033096383285611975
4201,0.0033096383285611975
4202,0.0033096383285611975
4203,0.0033096383285611975
4204,0.0033096383285611975
4205,0.0033096383285611975
4206,0.0033096383285611975
4207,0.0033096383285611975
4208,0.0033096383285611975
4209,0.0033096383285611975
4210,0.0033096383285611975
4211,0.0033096383285611975
4212,0.0033096383285611975
4213,0.0033096383285611975
4214,0.0033096383285611975
4215,0.0033096383285611975
4216,0.0033096383285611975
4217,0.0033096383285611975
4218,0.0033096383285611975
4219,0.0033096383285611975
4220,0.0033096383285611975
4221,0.0033096383285611975
4222,0.0033096383285611975
4223,0.0033096383285611975
4224,0.0033096383285611975
4225,0.0033096383285611975
4226,0.0033096383285611975
4227,0.0033096383285611975
4228,0.0033096383285611975
4229,0.0033096383285611975
4230,0.0033096383285611975
4231,0.0033096383285611975
4232,0.0033096383285611975
4233,0.0033096383285611975
4234,0.0033096383285611975
4235,0.0033096383285611975
4236,0.0033096383285611975
4237,0.0033096383285611975
4238,0.0033096383285611975
4239,0.0033096383285611975
4240,0.0033096383285611975
4241,0.0033096383285611975
4242,0.0033096383285611975
4243,0.0033096383285611975
4244,0.0033096383285611975
4245,0.0033096383285611975
4246,0.0033096383285611975
4247,0.0033096383285611975
4248,0.0033096383285611975
4249,0.0033096383285611975
4250,0.0033096383285611975
4251,0.0033096383285611975
4252,0.0033096383285611975
4253,0.0033096383285611975
4254,0.0033096383285611975
4255,0.0033096383285611975
4256,0.0033096383285611975
4257,0.0033096383285611975
4258,0.0033096383285611975
4259,0.0033096383285611975
4260,0.0033096383285611975
4261,0.0033096383285611975
4262,0.0033096383285611975
4263,0.0033096383285611975
4264,0.0033096383285611975
4265,0.0033096383285611975
4266,0.0033096383285611975
4267,0.0033096383285611975
4268,0.0033096383285611975
4269,0.0033096383285611975
4270,0.0033096383285611975
4271,0.0033096383285611975
4272,0.0033096383285611975
4273,0.0033096383285611975
4274,0.0033096383285611975
4275,0.0033096383285611975
4276,0.0033096383285611975
4277,0.0033096383285611975
4278,0.0033096383285611975
4279,0.0033096383285611975
4280,0.0033096383285611975
4281,0.0033096383285611975
4282,0.0033096383285611975
4283,0.0033096383285611975
4284,0.0033096383285611975
4285,0.0033096383285611975
4286,0.0033096383285611975
4287,0.0033096383285611975
4288,0.0033096383285611975
4289,0.0033096383285611975
4290,0.0033096383285611975
4291,0.0033096383285611975
4292,0.0033096383285611975
4293,0.0033096383285611975
4294,0.0033096383285611975
4295,0.0033096383285611975
4296,0.0033096383285611975
4297,0.0033096383285611975
4298,0.0033096383285611975
4299,0.0033096383285611975
4300,0.0033096383285611975
4301,0.0033096383285611975
4302,0.0033096383285611975
4303,0.0033096383285611975
4304,0.0033096383285611975
4305,0.0033096383285611975
4306,0.0033096383285611975
4307,0.0033096383285611975
4308,0.0033096383285611975
4309,0.0033096383285611975
4310,0.0033096383285611975
4311,0.0033096383285611975
4312,0.0033096383285611975
4313,0.0033096383285611975
4314,0.0033096383285611975
4315,0.0033096383285611975
4316,0.0033096383285611975
4317,0.0033096383285611975
4318,0.0033096383285611975
4319,0.0033096383285611975
4320,0.0033096383285611975
4321,0.0033096383285611975
4322,0.0033096383285611975
4323,0.0033096383285611975
4324,0.0033096383285611975
4325,0.0033096383285611975
4326,0.0033096383285611975
4327,0.0033096383285611975
4328,0.0033096383285611975
4329,0.0033096383285611975
4330,0.0033096383285611975
4331,0.0033096383285611975
4332,0.0033096383285611975
4333,0.0033096383285611975
4334,0.0033096383285611975
4335,0.0033096383285611975
4336,0.0033096383285611975
4337,0.0033096383285611975
4338,0.0033096383285611975
4339,0.0033096383285611975
4340,0.0033096383285611975
4341,0.0033096383285611975
4342,0.0033096383285611975
4343,0.0033096383285611975
4344,0.0033096383285611975
4345,0.0033096383285611975
4346,0.0033096383285611975
4347,0.0033096383285611975
4348,0.0033096383285611975
4349,0.0033096383285611975
4350,0.0033096383285611975
4351,0.0033096383285611975
4352,0.0033096383285611975
4353,0.0033096383285611975
4354,0.0033096383285611975
4355,0.0033096383285611975
4356,0.0033096383285611975
4357,0.0033096383285611975
4358,0.0033096383285611975
4359,0.0033096383285611975
4360,0.0033096383285611975
4361,0.0033096383285611975
4362,0.0033096383285611975
4363,0.0033096383285611975
4364,0.0033096383285611975
4365,0.0033096383285611975
4366,0.0033096383285611975
4367,0.0033096383285611975
4368,0.0033096383285611975
4369,0.0033096383285611975
4370,0.0033096383285611975
4371,0.0033096383285611975
4372,0.0033096383285611975
4373,0.0033096383285611975
4374,0.0033096383285611975
4375,0.0033096383285611975
4376,0.0033096383285611975
4377,0.0033096383285611975
4378,0.0033096383285611975
4379,0.0033096383285611975
4380,0.0033096383285611975
4381,0.0033096383285611975
4382,0.0033096383285611975
4383,0.0033096383285611975
4384,0.0033096383285611975
4385,0.0033096383285611975
4386,0.0033096383285611975
4387,0.0033096383285611975
4388,0.0033096383285611975
4389,0.0033096383285611975
4390,0.0033096383285611975
4391,0.0033096383285611975
4392,0.0033096383285611975
4393,0.0033096383285611975
4394,0.0033096383285611975
4395,0.0033096383285611975
4396,0.0033096383285611975
4397,0.0033096383285611975
4398,0.0033096383285611975
4399,0.0033096383285611975
4400,0.0033096383285611975
4401,0.0033096383285611975
4402,0.0033096383285611975
4403,0.0033096383285611975
4404,0.0033096383285611975
4405,0.0033096383285611975
4406,0.0033096383285611975
4407,0.0033096383285611975
4408,0.0033096383285611975
4409,0.0033096383285611975
4410,0.0033096383285611975
4411,0.0033096383285611975
4412,0.0033096383285611975
4413,0.0033096383285611975
4414,0.0033096383285611975
4415,0.0033096383285611975
4416,0.0033096383285611975
4417,0.0033096383285611975
4418,0.0033096383285611975
4419,0.0033096383285611975
4420,0.0033096383285611975
4421,0.0033096383285611975
4422,0.0033096383285611975
4423,0.0033096383285611975
4424,0.0033096383285611975
4425,0.0033096383285611975
4426,0.0033096383285611975
4427,0.0033096383285611975
4428,0.0033096383285611975
4429,0.0033096383285611975
4430,0.0033096383285611975
4431,0.0033096383285611975
4432,0.0033096383285611975
4433,0.0033096383285611975
4434,0.0033096383285611975
4435,0.0033096383285611975
4436,0.0033096383285611975
4437,0.0033096383285611975
4438,0.0033096383285611975
4439,0.0033096383285611975
4440,0.0033096383285611975
4441,0.0033096383285611975
4442,0.0033096383285611975
4443,0.0033096383285611975
4444,0.0033096383285611975
4445,0.0033096383285611975
4446,0.0033096383285611975
4447,0.0033096383285611975
4448,0.0033096383285611975
4449,0.0033096383285611975
4450,0.0033096383285611975
4451,0.0033096383285611975
4452,0.0033096383285611975
4453,0.0033096383285611975
4454,0.0033096383285611975
4455,0.0033096383285611975
4456,0.0033096383285611975
4457,0.0033096383285611975
4458,0.0033096383285611975
4459,0.0033096383285611975
4460,0.0033096383285611975
4461,0.0033096383285611975
4462,0.0033096383285611975
4463,0.0033096383285611975
4464,0.0033096383285611975
4465,0.0033096383285611975
4466,0.0033096383285611975
4467,0.0033096383285611975
4468,0.0033096383285611975
4469,0.0033096383285611975
4470,0.0033096383285611975
4471,0.0033096383285611975
4472,0.0033096383285611975
4473,0.0033096383285611975
4474,0.0033096383285611975
4475,0.0033096383285611975
4476,0.0033096383285611975
4477,0.0033096383285611975
4478,0.0033096383285611975
4479,0.0033096383285611975
4480,0.0033096383285611975
4481,0.0033096383285611975
4482,0.0033096383285611975
4483,0.0033096383285611975
4484,0.0033096383285611975
4485,0.0033096383285611975
4486,0.0033096383285611975
4487,0.0033096383285611975
4488,0.0033096383285611975
4489,0.0033096383285611975
4490,0.0033096383285611975
4491,0.0033096383285611975
4492,0.0033096383285611975
4493,0.0033096383285611975
4494,0.0033096383285611975
4495,0.0033096383285611975
4496,0.0033096383285611975
4497,0.0033096383285611975
4498,0.0033096383285611975
4499,0.0033096383285611975
4500,0.0033096383285611975
4501,0.0033096383285611975
4502,0.0033096383285611975
4503,0.0033096383285611975
4504,0.0033096383285611975
4505,0.0033096383285611975
4506,0.0033096383285611975
4507,0.0033096383285611975
4508,0.0033096383285611975
4509,0.0033096383285611975
4510,0.0033096383285611975
4511,0.0033096383285611975
4512,0.0033096383285611975
4513,0.0033096383285611975
4514,0.0033096383285611975
4515,0.0033096383285611975
4516,0.0033096383285611975
4517,0.0033096383285611975
4518,0.0033096383285611975
4519,0.0033096383285611975
4520,0.0033096383285611975
4521,0.0033096383285611975
4522,0.0033096383285611975
4523,0.0033096383285611975
4524,0.0033096383285611975
4525,0.0033096383285611975
4526,0.0033096383285611975
4527,0.0033096383285611975
4528,0.0033096383285611975
4529,0.0033096383285611975
4530,0.0033096383285611975
4531,0.0033096383285611975
4532,0.0033096383285611975
4533,0.0033096383285611975
4534,0.0033096383285611975
4535,0.0033096383285611975
4536,0.0033096383285611975
4537,0.0033096383285611975
4538,0.0033096383285611975
4539,0.0033096383285611975
4540,0.0033096383285611975
4541,0.0033096383285611975
4542,0.0033096383285611975
4543,0.0033096383285611975
4544,0.0033096383285611975
4545,0.0033096383285611975
4546,0.0033096383285611975
4547,0.0033096383285611975
4548,0.0033096383285611975
4549,0.0033096383285611975
4550,0.0033096383285611975
4551,0.0033096383285611975
4552,0.0033096383285611975
4553,0.0033096383285611975
4554,0.0033096383285611975
4555,0.0033096383285611975
4556,0.0033096383285611975
4557,0.0033096383285611975
4558,0.0033096383285611975
4559,0.0033096383285611975
4560,0.0033096383285611975
4561,0.0033096383285611975
4562,0.0033096383285611975
4563,0.0033096383285611975
4564,0.0033096383285611975
4565,0.0033096383285611975
4566,0.0033096383285611975
4567,0.0033096383285611975
4568,0.0033096383285611975
4569,0.0033096383285611975
4570,0.0033096383285611975
4571,0.0033096383285611975
4572,0.0033096383285611975
4573,0.0033096383285611975
4574,0.0033096383285611975
4575,0.0033096383285611975
4576,0.0033096383285611975
4577,0.0033096383285611975
4578,0.0033096383285611975
4579,0.0033096383285611975
4580,0.0033096383285611975
4581,0.0033096383285611975
4582,0.0033096383285611975
4583,0.0033096383285611975
4584,0.0033096383285611975
4585,0.0033096383285611975
4586,0.0033096383285611975
4587,0.0033096383285611975
4588,0.0033096383285611975
4589,0.0033096383285611975
4590,0.0033096383285611975
4591,0.0033096383285611975
4592,0.0033096383285611975
4593,0.0033096383285611975
4594,0.0033096383285611975
4595,0.0033096383285611975
4596,0.0033096383285611975
4597,0.0033096383285611975
4598,0.0033096383285611975
4599,0.0033096383285611975
4600,0.0033096383285611975
4601,0.0033096383285611975
4602,0.0033096383285611975
4603,0.0033096383285611975
4604,0.0033096383285611975
4605,0.0033096383285611975
4606,0.0033096383285611975
4607,0.0033096383285611975
4608,0.0033096383285611975
4609,0.0033096383285611975
4610,0.0033096383285611975
4611,0.0033096383285611975
4612,0.0033096383285611975
4613,0.0033096383285611975
4614,0.0033096383285611975
4615,0.0033096383285611975
4616,0.0033096383285611975
4617,0.0033096383285611975
4618,0.0033096383285611975
4619,0.0033096383285611975
4620,0.0033096383285611975
4621,0.0033096383285611975
4622,0.0033096383285611975
4623,0.0033096383285611975
4624,0.0033096383285611975
4625,0.0033096383285611975
4626,0.0033096383285611975
4627,0.0033096383285611975
4628,0.0033096383285611975
4629,0.0033096383285611975
4630,0.0033096383285611975
4631,0.0033096383285611975
4632,0.0033096383285611975
4633,0.0033096383285611975
4634,0.0033096383285611975
4635,0.0033096383285611975
4636,0.0033096383285611975
4637,0.0033096383285611975
4638,0.0033096383285611975
4639,0.0033096383285611975
4640,0.0033096383285611975
4641,0.0033096383285611975
4642,0.0033096383285611975
4643,0.0033096383285611975
4644,0.0033096383285611975
4645,0.0033096383285611975
4646,0.0033096383285611975
4647,0.0033096383285611975
4648,0.0033096383285611975
4649,0.0033096383285611975
4650,0.0033096383285611975
4651,0.0033096383285611975
4652,0.0033096383285611975
4653,0.0033096383285611975
4654,0.0033096383285611975
4655,0.0033096383285611975
4656,0.0033096383285611975
4657,0.0033096383285611975
4658,0.0033096383285611975
4659,0.0033096383285611975
4660,0.0033096383285611975
4661,0.0033096383285611975
4662,0.0033096383285611975
4663,0.0033096383285611975
4664,0.0033096383285611975
4665,0.0033096383285611975
4666,0.0033096383285611975
4667,0.0033096383285611975
4668,0.0033096383285611975
4669,0.0033096383285611975
4670,0.0033096383285611975
4671,0.0033096383285611975
4672,0.0033096383285611975
4673,0.0033096383285611975
4674,0.0033096383285611975
4675,0.0033096383285611975
4676,0.0033096383285611975
4677,0.0033096383285611975
4678,0.0033096383285611975
4679,0.0033096383285611975
4680,0.0033096383285611975
4681,0.0033096383285611975
4682,0.0033096383285611975
4683,0.0033096383285611975
4684,0.0033096383285611975
4685,0.0033096383285611975
4686,0.0033096383285611975
4687,0.0033096383285611975
4688,0.0033096383285611975
4689,0.0033096383285611975
4690,0.0033096383285611975
4691,0.0033096383285611975
4692,0.0033096383285611975
4693,0.0033096383285611975
4694,0.0033096383285611975
4695,0.0033096383285611975
4696,0.0033096383285611975
4697,0.0033096383285611975
4698,0.0033096383285611975
4699,0.0033096383285611975
4700,0.0033096383285611975
4701,0.0033096383285611975
4702,0.0033096383285611975
4703,0.0033096383285611975
4704,0.0033096383285611975
4705,0.0033096383285611975
4706,0.0033096383285611975
4707,0.0033096383285611975
4708,0.0033096383285611975
4709,0.0033096383285611975
4710,0.0033096383285611975
4711,0.0033096383285611975
4712,0.0033096383285611975
4713,0.0033096383285611975
4714,0.0033096383285611975
4715,0.0033096383285611975
4716,0.0033096383285611975
4717,0.0033096383285611975
4718,0.0033096383285611975
4719,0.0033096383285611975
4720,0.0033096383285611975
4721,0.0033096383285611975
4722,0.0033096383285611975
4723,0.0033096383285611975
4724,0.0033096383285611975
4725,0.0033096383285611975
4726,0.0033096383285611975
4727,0.0033096383285611975
4728,0.0033096383285611975
4729,0.0033096383285611975
4730,0.0033096383285611975
4731,0.0033096383285611975
4732,0.0033096383285611975
4733,0.0033096383285611975
4734,0.0033096383285611975
4735,0.0033096383285611975
4736,0.0033096383285611975
4737,0.0033096383285611975
4738,0.0033096383285611975
4739,0.0033096383285611975
4740,0.0033096383285611975
4741,0.0033096383285611975
4742,0.0033096383285611975
4743,0.0033096383285611975
4744,0.0033096383285611975
4745,0.0033096383285611975
4746,0.0033096383285611975
4747,0.0033096383285611975
4748,0.0033096383285611975
4749,0.0033096383285611975
4750,0.0033096383285611975
4751,0.0033096383285611975
4752,0.0033096383285611975
4753,0.0033096383285611975
4754,0.0033096383285611975
4755,0.0033096383285611975
4756,0.0033096383285611975
4757,0.0033096383285611975
4758,0.0033096383285611975
4759,0.0033096383285611975
4760,0.0033096383285611975
4761,0.0033096383285611975
4762,0.0033096383285611975
4763,0.0033096383285611975
4764,0.0033096383285611975
4765,0.0033096383285611975
4766,0.0033096383285611975
4767,0.0033096383285611975
4768,0.0033096383285611975
4769,0.0033096383285611975
4770,0.0033096383285611975
4771,0.0033096383285611975
4772,0.0033096383285611975
4773,0.0033096383285611975
4774,0.0033096383285611975
4775,0.0033096383285611975
4776,0.0033096383285611975
4777,0.0033096383285611975
4778,0.0033096383285611975
4779,0.0033096383285611975
4780,0.0033096383285611975
4781,0.0033096383285611975
4782,0.0033096383285611975
4783,0.0033096383285611975
4784,0.0033096383285611975
4785,0.0033096383285611975
4786,0.0033096383285611975
4787,0.0033096383285611975
4788,0.0033096383285611975
4789,0.0033096383285611975
4790,0.0033096383285611975
4791,0.0033096383285611975
4792,0.0033096383285611975
4793,0.0033096383285611975
4794,0.0033096383285611975
4795,0.0033096383285611975
4796,0.0033096383285611975
4797,0.0033096383285611975
4798,0.0033096383285611975
4799,0.0033096383285611975
4800,0.0033096383285611975
4801,0.0033096383285611975
4802,0.0033096383285611975
4803,0.0033096383285611975
4804,0.0033096383285611975
4805,0.0033096383285611975
4806,0.0033096383285611975
4807,0.0033096383285611975
4808,0.0033096383285611975
4809,0.0033096383285611975
4810,0.0033096383285611975
4811,0.0033096383285611975
4812,0.0033096383285611975
4813,0.0033096383285611975
4814,0.0033096383285611975
4815,0.0033096383285611975
4816,0.0033096383285611975
4817,0.0033096383285611975
4818,0.0033096383285611975
4819,0.0033096383285611975
4820,0.0033096383285611975
4821,0.0033096383285611975
4822,0.0033096383285611975
4823,0.0033096383285611975
4824,0.0033096383285611975
4825,0.0033096383285611975
4826,0.0033096383285611975
4827,0.0033096383285611975
4828,0.0033096383285611975
4829,0.0033096383285611975
4830,0.0033096383285611975
4831,0.0033096383285611975
4832,0.0033096383285611975
4833,0.0033096383285611975
4834,0.0033096383285611975
4835,0.0033096383285611975
4836,0.0033096383285611975
4837,0.0033096383285611975
4838,0.0033096383285611975
4839,0.0033096383285611975
4840,0.0033096383285611975
4841,0.0033096383285611975
4842,0.0033096383285611975
4843,0.0033096383285611975
4844,0.0033096383285611975
4845,0.0033096383285611975
4846,0.0033096383285611975
4847,0.0033096383285611975
4848,0.0033096383285611975
4849,0.0033096383285611975
4850,0.0033096383285611975
4851,0.0033096383285611975
4852,0.0033096383285611975
4853,0.0033096383285611975
4854,0.0033096383285611975
4855,0.0033096383285611975
4856,0.0033096383285611975
4857,0.0033096383285611975
4858,0.0033096383285611975
4859,0.0033096383285611975
4860,0.0033096383285611975
4861,0.0033096383285611975
4862,0.0033096383285611975
4863,0.0033096383285611975
4864,0.0033096383285611975
4865,0.0033096383285611975
4866,0.0033096383285611975
4867,0.0033096383285611975
4868,0.0033096383285611975
4869,0.0033096383285611975
4870,0.0033096383285611975
4871,0.0033096383285611975
4872,0.0033096383285611975
4873,0.0033096383285611975
4874,0.0033096383285611975
4875,0.0033096383285611975
4876,0.0033096383285611975
4877,0.0033096383285611975
4878,0.0033096383285611975
4879,0.0033096383285611975
4880,0.0033096383285611975
4881,0.0033096383285611975
4882,0.0033096383285611975
4883,0.0033096383285611975
4884,0.0033096383285611975
4885,0.0033096383285611975
4886,0.0033096383285611975
4887,0.0033096383285611975
4888,0.0033096383285611975
4889,0.0033096383285611975
4890,0.0033096383285611975
4891,0.0033096383285611975
4892,0.0033096383285611975
4893,0.0033096383285611975
4894,0.0033096383285611975
4895,0.0033096383285611975
4896,0.0033096383285611975
4897,0.0033096383285611975
4898,0.0033096383285611975
4899,0.0033096383285611975
4900,0.0033096383285611975
4901,0.0033096383285611975
4902,0.0033096383285611975
4903,0.0033096383285611975
4904,0.0033096383285611975
4905,0.0033096383285611975
4906,0.0033096383285611975
4907,0.0033096383285611975
4908,0.0033096383285611975
4909,0.0033096383285611975
4910,0.0033096383285611975
4911,0.0033096383285611975
4912,0.0033096383285611975
4913,0.0033096383285611975
4914,0.0033096383285611975
4915,0.0033096383285611975
4916,0.0033096383285611975
4917,0.0033096383285611975
4918,0.0033096383285611975
4919,0.0033096383285611975
4920,0.0033096383285611975
4921,0.0033096383285611975
4922,0.0033096383285611975
4923,0.0033096383285611975
4924,0.0033096383285611975
4925,0.0033096383285611975
4926,0.0033096383285611975
4927,0.0033096383285611975
4928,0.0033096383285611975
4929,0.0033096383285611975
4930,0.0033096383285611975
4931,0.0033096383285611975
4932,0.0033096383285611975
4933,0.0033096383285611975
4934,0.0033096383285611975
4935,0.0033096383285611975
4936,0.0033096383285611975
4937,0.0033096383285611975
4938,0.0033096383285611975
4939,0.0033096383285611975
4940,0.0033096383285611975
4941,0.0033096383285611975
4942,0.0033096383285611975
4943,0.0033096383285611975
4944,0.0033096383285611975
4945,0.0033096383285611975
4946,0.0033096383285611975
4947,0.0033096383285611975
4948,0.0033096383285611975
4949,0.0033096383285611975
4950,0.0033096383285611975
4951,0.0033096383285611975
4952,0.0033096383285611975
4953,0.0033096383285611975
4954,0.0033096383285611975
4955,0.0033096383285611975
4956,0.0033096383285611975
4957,0.0033096383285611975
4958,0.0033096383285611975
4959,0.0033096383285611975
4960,0.0033096383285611975
4961,0.0033096383285611975
4962,0.0033096383285611975
4963,0.0033096383285611975
4964,0.0033096383285611975
4965,0.0033096383285611975
4966,0.0033096383285611975
4967,0.0033096383285611975
4968,0.0033096383285611975
4969,0.0033096383285611975
4970,0.0033096383285611975
4971,0.0033096383285611975
4972,0.0033096383285611975
4973,0.0033096383285611975
4974,0.0033096383285611975
4975,0.0033096383285611975
4976,0.0033096383285611975
4977,0.0033096383285611975
4978,0.0033096383285611975
4979,0.0033096383285611975
4980,0.0033096383285611975
4981,0.0033096383285611975
4982,0.0033096383285611975
4983,0.0033096383285611975
4984,0.0033096383285611975
4985,0.0033096383285611975
4986,0.0033096383285611975
4987,0.0033096383285611975
4988,0.0033096383285611975
4989,0.0033096383285611975
4990,0.0033096383285611975
4991,0.0033096383285611975
4992,0.0033096383285611975
4993,0.0033096383285611975
4994,0.0033096383285611975
4995,0.0033096383285611975
4996,0.0033096383285611975
4997,0.0033096383285611975
4998,0.0033096383285611975
4999,0.0033096383285611975
5000,0.0033096383285611975
5001,0.0033096383285611975
5002,0.0033096383285611975
5003,0.0033096383285611975
5004,0.0033096383285611975
5005,0.0033096383285611975
5006,0.0033096383285611975
5007,0.0033096383285611975
5008,0.0033096383285611975
5009,0.0033096383285611975
5010,0.0033096383285611975
5011,0.0033096383285611975
5012,0.0033096383285611975
5013,0.0033096383285611975
5014,0.0033096383285611975
5015,0.0033096383285611975
5016,0.0033096383285611975
5017,0.0033096383285611975
5018,0.0033096383285611975
5019,0.0033096383285611975
5020,0.0033096383285611975
5021,0.0033096383285611975
5022,0.0033096383285611975
5023,0.0033096383285611975
5024,0.0033096383285611975
5025,0.0033096383285611975
5026,0.0033096383285611975
5027,0.0033096383285611975
5028,0.0033096383285611975
5029,0.0033096383285611975
5030,0.0033096383285611975
5031,0.0033096383285611975
5032,0.0033096383285611975
5033,0.0033096383285611975
5034,0.0033096383285611975
5035,0.0033096383285611975
5036,0.0033096383285611975
5037,0.0033096383285611975
5038,0.0033096383285611975
5039,0.0033096383285611975
5040,0.0033096383285611975
5041,0.0033096383285611975
5042,0.0033096383285611975
5043,0.0033096383285611975
5044,0.0033096383285611975
5045,0.0033096383285611975
5046,0.0033096383285611975
5047,0.0033096383285611975
5048,0.0033096383285611975
5049,0.0033096383285611975
5050,0.0033096383285611975
5051,0.0033096383285611975
5052,0.0033096383285611975
5053,0.0033096383285611975
5054,0.0033096383285611975
5055,0.0033096383285611975
5056,0.0033096383285611975
5057,0.0033096383285611975
5058,0.0033096383285611975
5059,0.0033096383285611975
5060,0.0033096383285611975
5061,0.0033096383285611975
5062,0.0033096383285611975
5063,0.0033096383285611975
5064,0.0033096383285611975
5065,0.0033096383285611975
5066,0.0033096383285611975
5067,0.0033096383285611975
5068,0.0033096383285611975
5069,0.0033096383285611975
5070,0.0033096383285611975
5071,0.0033096383285611975
5072,0.0033096383285611975
5073,0.0033096383285611975
5074,0.0033096383285611975
5075,0.0033096383285611975
5076,0.0033096383285611975
5077,0.0033096383285611975
5078,0.0033096383285611975
5079,0.0033096383285611975
5080,0.0033096383285611975
5081,0.0033096383285611975
5082,0.0033096383285611975
5083,0.0033096383285611975
5084,0.0033096383285611975
5085,0.0033096383285611975
5086,0.0033096383285611975
5087,0.0033096383285611975
5088,0.0033096383285611975
5089,0.0033096383285611975
5090,0.0033096383285611975
5091,0.0033096383285611975
5092,0.0033096383285611975
5093,0.0033096383285611975
5094,0.0033096383285611975
5095,0.0033096383285611975
5096,0.0033096383285611975
5097,0.0033096383285611975
5098,0.0033096383285611975
5099,0.0033096383285611975
5100,0.0033096383285611975
5101,0.0033096383285611975
5102,0.0033096383285611975
5103,0.0033096383285611975
5104,0.0033096383285611975
5105,0.0033096383285611975
5106,0.0033096383285611975
5107,0.0033096383285611975
5108,0.0033096383285611975
5109,0.0033096383285611975
5110,0.0033096383285611975
5111,0.0033096383285611975
5112,0.0033096383285611975
5113,0.0033096383285611975
5114,0.0033096383285611975
5115,0.0033096383285611975
5116,0.0033096383285611975
5117,0.0033096383285611975
5118,0.0033096383285611975
5119,0.0033096383285611975
5120,0.0033096383285611975
5121,0.0033096383285611975
5122,0.0033096383285611975
5123,0.0033096383285611975
5124,0.0033096383285611975
5125,0.0033096383285611975
5126,0.0033096383285611975
5127,0.0033096383285611975
5128,0.0033096383285611975
5129,0.0033096383285611975
5130,0.0033096383285611975
5131,0.0033096383285611975
5132,0.0033096383285611975
5133,0.0033096383285611975
5134,0.0033096383285611975
5135,0.0033096383285611975
5136,0.0033096383285611975
5137,0.0033096383285611975
5138,0.0033096383285611975
5139,0.0033096383285611975
5140,0.0033096383285611975
5141,0.0033096383285611975
5142,0.0033096383285611975
5143,0.0033096383285611975
5144,0.0033096383285611975
5145,0.0033096383285611975
5146,0.0033096383285611975
5147,0.0033096383285611975
5148,0.0033096383285611975
5149,0.0033096383285611975
5150,0.0033096383285611975
5151,0.0033096383285611975
5152,0.0033096383285611975
5153,0.0033096383285611975
5154,0.0033096383285611975
5155,0.0033096383285611975
5156,0.0033096383285611975
5157,0.0033096383285611975
5158,0.0033096383285611975
5159,0.0033096383285611975
5160,0.0033096383285611975
5161,0.0033096383285611975
5162,0.0033096383285611975
5163,0.0033096383285611975
5164,0.0033096383285611975
5165,0.0033096383285611975
5166,0.0033096383285611975
5167,0.0033096383285611975
5168,0.0033096383285611975
5169,0.0033096383285611975
5170,0.0033096383285611975
5171,0.0033096383285611975
5172,0.0033096383285611975
5173,0.0033096383285611975
5174,0.0033096383285611975
5175,0.0033096383285611975
5176,0.0033096383285611975
5177,0.0033096383285611975
5178,0.0033096383285611975
5179,0.0033096383285611975
5180,0.0033096383285611975
5181,0.0033096383285611975
5182,0.0033096383285611975
5183,0.0033096383285611975
5184,0.0033096383285611975
5185,0.0033096383285611975
5186,0.0033096383285611975
5187,0.0033096383285611975
5188,0.0033096383285611975
5189,0.0033096383285611975
5190,0.0033096383285611975
5191,0.0033096383285611975
5192,0.0033096383285611975
5193,0.0033096383285611975
5194,0.0033096383285611975
5195,0.0033096383285611975
5196,0.0033096383285611975
5197,0.0033096383285611975
5198,0.0033096383285611975
5199,0.0033096383285611975
5200,0.0033096383285611975
5201,0.0033096383285611975
5202,0.0033096383285611975
5203,0.0033096383285611975
5204,0.0033096383285611975
5205,0.0033096383285611975
5206,0.0033096383285611975
5207,0.0033096383285611975
5208,0.0033096383285611975
5209,0.0033096383285611975
5210,0.0033096383285611975
5211,0.0033096383285611975
5212,0.0033096383285611975
5213,0.0033096383285611975
5214,0.0033096383285611975
5215,0.0033096383285611975
5216,0.0033096383285611975
5217,0.0033096383285611975
5218,0.0033096383285611975
5219,0.0033096383285611975
5220,0.0033096383285611975
5221,0.0033096383285611975
5222,0.0033096383285611975
5223,0.0033096383285611975
5224,0.0033096383285611975
5225,0.0033096383285611975
5226,0.0033096383285611975
5227,0.0033096383285611975
5228,0.0033096383285611975
5229,0.0033096383285611975
5230,0.0033096383285611975
5231,0.0033096383285611975
5232,0.0033096383285611975
5233,0.0033096383285611975
5234,0.0033096383285611975
5235,0.0033096383285611975
5236,0.0033096383285611975
5237,0.0033096383285611975
5238,0.0033096383285611975
5239,0.0033096383285611975
5240,0.0033096383285611975
5241,0.0033096383285611975
5242,0.0033096383285611975
5243,0.0033096383285611975
5244,0.0033096383285611975
5245,0.0033096383285611975
5246,0.0033096383285611975
5247,0.0033096383285611975
5248,0.0033096383285611975
5249,0.0033096383285611975
5250,0.0033096383285611975
5251,0.0033096383285611975
5252,0.0033096383285611975
5253,0.0033096383285611975
5254,0.0033096383285611975
5255,0.0033096383285611975
5256,0.0033096383285611975
5257,0.0033096383285611975
5258,0.0033096383285611975
5259,0.0033096383285611975
5260,0.0033096383285611975
5261,0.0033096383285611975
5262,0.0033096383285611975
5263,0.0033096383285611975
5264,0.0033096383285611975
5265,0.0033096383285611975
5266,0.0033096383285611975
5267,0.0033096383285611975
5268,0.0033096383285611975
5269,0.0033096383285611975
5270,0.0033096383285611975
5271,0.0033096383285611975
5272,0.0033096383285611975
5273,0.0033096383285611975
5274,0.0033096383285611975
5275,0.0033096383285611975
5276,0.0033096383285611975
5277,0.0033096383285611975
5278,0.0033096383285611975
5279,0.0033096383285611975
5280,0.0033096383285611975
5281,0.0033096383285611975
5282,0.0033096383285611975
5283,0.0033096383285611975
5284,0.0033096383285611975
5285,0.0033096383285611975
5286,0.0033096383285611975
5287,0.0033096383285611975
5288,0.0033096383285611975
5289,0.0033096383285611975
5290,0.0033096383285611975
5291,0.0033096383285611975
5292,0.0033096383285611975
5293,0.0033096383285611975
5294,0.0033096383285611975
5295,0.0033096383285611975
5296,0.0033096383285611975
5297,0.0033096383285611975
5298,0.0033096383285611975
5299,0.0033096383285611975
5300,0.0033096383285611975
5301,0.0033096383285611975
5302,0.0033096383285611975
5303,0.0033096383285611975
5304,0.0033096383285611975
5305,0.0033096383285611975
5306,0.0033096383285611975
5307,0.0033096383285611975
5308,0.0033096383285611975
5309,0.0033096383285611975
5310,0.0033096383285611975
5311,0.0033096383285611975
5312,0.0033096383285611975
5313,0.0033096383285611975
5314,0.0033096383285611975
5315,0.0033096383285611975
5316,0.0033096383285611975
5317,0.0033096383285611975
5318,0.0033096383285611975
5319,0.0033096383285611975
5320,0.0033096383285611975
5321,0.0033096383285611975
5322,0.0033096383285611975
5323,0.0033096383285611975
5324,0.0033096383285611975
5325,0.0033096383285611975
5326,0.0033096383285611975
5327,0.0033096383285611975
5328,0.0033096383285611975
5329,0.0033096383285611975
5330,0.0033096383285611975
5331,0.0033096383285611975
5332,0.0033096383285611975
5333,0.0033096383285611975
5334,0.0033096383285611975
5335,0.0033096383285611975
5336,0.0033096383285611975
5337,0.0033096383285611975
5338,0.0033096383285611975
5339,0.0033096383285611975
5340,0.0033096383285611975
5341,0.0033096383285611975
5342,0.0033096383285611975
5343,0.0033096383285611975
5344,0.0033096383285611975
5345,0.0033096383285611975
5346,0.0033096383285611975
5347,0.0033096383285611975
5348,0.0033096383285611975
5349,0.0033096383285611975
5350,0.0033096383285611975
5351,0.0033096383285611975
5352,0.0033096383285611975
5353,0.0033096383285611975
5354,0.0033096383285611975
5355,0.0033096383285611975
5356,0.0033096383285611975
5357,0.0033096383285611975
5358,0.0033096383285611975
5359,0.0033096383285611975
5360,0.0033096383285611975
5361,0.0033096383285611975
5362,0.0033096383285611975
5363,0.0033096383285611975
5364,0.0033096383285611975
5365,0.0033096383285611975
5366,0.0033096383285611975
5367,0.0033096383285611975
5368,0.0033096383285611975
5369,0.0033096383285611975
5370,0.0033096383285611975
5371,0.0033096383285611975
5372,0.0033096383285611975
5373,0.0033096383285611975
5374,0.0033096383285611975
5375,0.0033096383285611975
5376,0.0033096383285611975
5377,0.0033096383285611975
5378,0.0033096383285611975
5379,0.0033096383285611975
5380,0.0033096383285611975
5381,0.0033096383285611975
5382,0.0033096383285611975
5383,0.0033096383285611975
5384,0.0033096383285611975
5385,0.0033096383285611975
5386,0.0033096383285611975
5387,0.0033096383285611975
5388,0.0033096383285611975
5389,0.0033096383285611975
5390,0.0033096383285611975
5391,0.0033096383285611975
5392,0.0033096383285611975
5393,0.0033096383285611975
5394,0.0033096383285611975
5395,0.0033096383285611975
5396,0.0033096383285611975
5397,0.0033096383285611975
5398,0.0033096383285611975
5399,0.0033096383285611975
5400,0.0033096383285611975
5401,0.0033096383285611975
5402,0.0033096383285611975
5403,0.0033096383285611975
5404,0.0033096383285611975
5405,0.0033096383285611975
5406,0.0033096383285611975
5407,0.0033096383285611975
5408,0.0033096383285611975
5409,0.0033096383285611975
5410,0.0033096383285611975
5411,0.0033096383285611975
5412,0.0033096383285611975
5413,0.0033096383285611975
5414,0.0033096383285611975
5415,0.0033096383285611975
5416,0.0033096383285611975
5417,0.0033096383285611975
5418,0.0033096383285611975
5419,0.0033096383285611975
5420,0.0033096383285611975
5421,0.0033096383285611975
5422,0.0033096383285611975
5423,0.0033096383285611975
5424,0.0033096383285611975
5425,0.0033096383285611975
5426,0.0033096383285611975
5427,0.0033096383285611975
5428,0.0033096383285611975
5429,0.0033096383285611975
5430,0.0033096383285611975
5431,0.0033096383285611975
5432,0.0033096383285611975
5433,0.0033096383285611975
5434,0.0033096383285611975
5435,0.0033096383285611975
5436,0.0033096383285611975
5437,0.0033096383285611975
5438,0.0033096383285611975
5439,0.0033096383285611975
5440,0.0033096383285611975
5441,0.0033096383285611975
5442,0.0033096383285611975
5443,0.0033096383285611975
5444,0.0033096383285611975
5445,0.0033096383285611975
5446,0.0033096383285611975
5447,0.0033096383285611975
5448,0.0033096383285611975
5449,0.0033096383285611975
5450,0.0033096383285611975
5451,0.0033096383285611975
5452,0.0033096383285611975
5453,0.0033096383285611975
5454,0.0033096383285611975
5455,0.0033096383285611975
5456,0.0033096383285611975
5457,0.0033096383285611975
5458,0.0033096383285611975
5459,0.0033096383285611975
5460,0.0033096383285611975
5461,0.0033096383285611975
5462,0.0033096383285611975
5463,0.0033096383285611975
5464,0.0033096383285611975
5465,0.0033096383285611975
5466,0.0033096383285611975
5467,0.0033096383285611975
5468,0.0033096383285611975
5469,0.0033096383285611975
5470,0.0033096383285611975
5471,0.0033096383285611975
5472,0.0033096383285611975
5473,0.0033096383285611975
5474,0.0033096383285611975
5475,0.0033096383285611975
5476,0.0033096383285611975
5477,0.0033096383285611975
5478,0.0033096383285611975
5479,0.0033096383285611975
5480,0.0033096383285611975
5481,0.0033096383285611975
5482,0.0033096383285611975
5483,0.0033096383285611975
5484,0.0033096383285611975
5485,0.0033096383285611975
5486,0.0033096383285611975
5487,0.0033096383285611975
5488,0.0033096383285611975
5489,0.0033096383285611975
5490,0.0033096383285611975
5491,0.0033096383285611975
5492,0.0033096383285611975
5493,0.0033096383285611975
5494,0.0033096383285611975
5495,0.0033096383285611975
5496,0.0033096383285611975
5497,0.0033096383285611975
5498,0.0033096383285611975
5499,0.0033096383285611975
5500,0.0033096383285611975
5501,0.0033096383285611975
5502,0.0033096383285611975
5503,0.0033096383285611975
5504,0.0033096383285611975
5505,0.0033096383285611975
5506,0.0033096383285611975
5507,0.0033096383285611975
5508,0.0033096383285611975
5509,0.0033096383285611975
5510,0.0033096383285611975
5511,0.0033096383285611975
5512,0.0033096383285611975
5513,0.0033096383285611975
5514,0.0033096383285611975
5515,0.0033096383285611975
5516,0.0033096383285611975
5517,0.0033096383285611975
5518,0.0033096383285611975
5519,0.0033096383285611975
5520,0.0033096383285611975
5521,0.0033096383285611975
5522,0.0033096383285611975
5523,0.0033096383285611975
5524,0.0033096383285611975
5525,0.0033096383285611975
5526,0.0033096383285611975
5527,0.0033096383285611975
5528,0.0033096383285611975
5529,0.0033096383285611975
5530,0.0033096383285611975
5531,0.0033096383285611975
5532,0.0033096383285611975
5533,0.0033096383285611975
5534,0.0033096383285611975
5535,0.0033096383285611975
5536,0.0033096383285611975
5537,0.0033096383285611975
5538,0.0033096383285611975
5539,0.0033096383285611975
5540,0.0033096383285611975
5541,0.0033096383285611975
5542,0.0033096383285611975
5543,0.0033096383285611975
5544,0.0033096383285611975
5545,0.0033096383285611975
5546,0.0033096383285611975
5547,0.0033096383285611975
5548,0.0033096383285611975
5549,0.0033096383285611975
5550,0.0033096383285611975
5551,0.0033096383285611975
5552,0.0033096383285611975
5553,0.0033096383285611975
5554,0.0033096383285611975
5555,0.0033096383285611975
5556,0.0033096383285611975
5557,0.0033096383285611975
5558,0.0033096383285611975
5559,0.0033096383285611975
5560,0.0033096383285611975
5561,0.0033096383285611975
5562,0.0033096383285611975
5563,0.0033096383285611975
5564,0.0033096383285611975
5565,0.0033096383285611975
5566,0.0033096383285611975
5567,0.0033096383285611975
5568,0.0033096383285611975
5569,0.0033096383285611975
5570,0.0033096383285611975
5571,0.0033096383285611975
5572,0.0033096383285611975
5573,0.0033096383285611975
5574,0.0033096383285611975
5575,0.0033096383285611975
5576,0.0033096383285611975
5577,0.0033096383285611975
5578,0.0033096383285611975
5579,0.0033096383285611975
5580,0.0033096383285611975
5581,0.0033096383285611975
5582,0.0033096383285611975
5583,0.0033096383285611975
5584,0.0033096383285611975
5585,0.0033096383285611975
5586,0.0033096383285611975
5587,0.0033096383285611975
5588,0.0033096383285611975
5589,0.0033096383285611975
5590,0.0033096383285611975
5591,0.0033096383285611975
5592,0.0033096383285611975
5593,0.0033096383285611975
5594,0.0033096383285611975
5595,0.0033096383285611975
5596,0.0033096383285611975
5597,0.0033096383285611975
5598,0.0033096383285611975
5599,0.0033096383285611975
5600,0.0033096383285611975
5601,0.0033096383285611975
5602,0.0033096383285611975
5603,0.0033096383285611975
5604,0.0033096383285611975
5605,0.0033096383285611975
5606,0.0033096383285611975
5607,0.0033096383285611975
5608,0.0033096383285611975
5609,0.0033096383285611975
5610,0.0033096383285611975
5611,0.0033096383285611975
5612,0.0033096383285611975
5613,0.0033096383285611975
5614,0.0033096383285611975
5615,0.0033096383285611975
5616,0.0033096383285611975
5617,0.0033096383285611975
5618,0.0033096383285611975
5619,0.0033096383285611975
5620,0.0033096383285611975
5621,0.0033096383285611975
5622,0.0033096383285611975
5623,0.0033096383285611975
5624,0.0033096383285611975
5625,0.0033096383285611975
5626,0.0033096383285611975
5627,0.0033096383285611975
5628,0.0033096383285611975
5629,0.0033096383285611975
5630,0.0033096383285611975
5631,0.0033096383285611975
5632,0.0033096383285611975
5633,0.0033096383285611975
5634,0.0033096383285611975
5635,0.0033096383285611975
5636,0.0033096383285611975
5637,0.0033096383285611975
5638,0.0033096383285611975
5639,0.0033096383285611975
5640,0.0033096383285611975
5641,0.0033096383285611975
5642,0.0033096383285611975
5643,0.0033096383285611975
5644,0.0033096383285611975
5645,0.0033096383285611975
5646,0.0033096383285611975
5647,0.0033096383285611975
5648,0.0033096383285611975
5649,0.0033096383285611975
5650,0.0033096383285611975
5651,0.0033096383285611975
5652,0.0033096383285611975
5653,0.0033096383285611975
5654,0.0033096383285611975
5655,0.0033096383285611975
5656,0.0033096383285611975
5657,0.0033096383285611975
5658,0.0033096383285611975
5659,0.0033096383285611975
5660,0.0033096383285611975
5661,0.0033096383285611975
5662,0.0033096383285611975
5663,0.0033096383285611975
5664,0.0033096383285611975
5665,0.0033096383285611975
5666,0.0033096383285611975
5667,0.0033096383285611975
5668,0.0033096383285611975
5669,0.0033096383285611975
5670,0.0033096383285611975
5671,0.0033096383285611975
5672,0.0033096383285611975
5673,0.0033096383285611975
5674,0.0033096383285611975
5675,0.0033096383285611975
5676,0.0033096383285611975
5677,0.0033096383285611975
5678,0.0033096383285611975
5679,0.0033096383285611975
5680,0.0033096383285611975
5681,0.0033096383285611975
5682,0.0033096383285611975
5683,0.0033096383285611975
5684,0.0033096383285611975
5685,0.0033096383285611975
5686,0.0033096383285611975
5687,0.0033096383285611975
5688,0.0033096383285611975
5689,0.0033096383285611975
5690,0.0033096383285611975
5691,0.0033096383285611975
5692,0.0033096383285611975
5693,0.0033096383285611975
5694,0.0033096383285611975
5695,0.0033096383285611975
5696,0.0033096383285611975
5697,0.0033096383285611975
5698,0.0033096383285611975
5699,0.0033096383285611975
5700,0.0033096383285611975
5701,0.0033096383285611975
5702,0.0033096383285611975
5703,0.0033096383285611975
5704,0.0033096383285611975
5705,0.0033096383285611975
5706,0.0033096383285611975
5707,0.0033096383285611975
5708,0.0033096383285611975
5709,0.0033096383285611975
5710,0.0033096383285611975
5711,0.0033096383285611975
5712,0.0033096383285611975
5713,0.0033096383285611975
5714,0.0033096383285611975
5715,0.0033096383285611975
5716,0.0033096383285611975
5717,0.0033096383285611975
5718,0.0033096383285611975
5719,0.0033096383285611975
5720,0.0033096383285611975
5721,0.0033096383285611975
5722,0.0033096383285611975
5723,0.0033096383285611975
5724,0.0033096383285611975
5725,0.0033096383285611975
5726,0.0033096383285611975
5727,0.0033096383285611975
5728,0.0033096383285611975
5729,0.0033096383285611975
5730,0.0033096383285611975
5731,0.0033096383285611975
5732,0.0033096383285611975
5733,0.0033096383285611975
5734,0.0033096383285611975
5735,0.0033096383285611975
5736,0.0033096383285611975
5737,0.0033096383285611975
5738,0.0033096383285611975
5739,0.0033096383285611975
5740,0.0033096383285611975
5741,0.0033096383285611975
5742,0.0033096383285611975
5743,0.0033096383285611975
5744,0.0033096383285611975
5745,0.0033096383285611975
5746,0.0033096383285611975
5747,0.0033096383285611975
5748,0.0033096383285611975
5749,0.0033096383285611975
5750,0.0033096383285611975
5751,0.0033096383285611975
5752,0.0033096383285611975
5753,0.0033096383285611975
5754,0.0033096383285611975
5755,0.0033096383285611975
5756,0.0033096383285611975
5757,0.0033096383285611975
5758,0.0033096383285611975
5759,0.0033096383285611975
5760,0.0033096383285611975
5761,0.0033096383285611975
5762,0.0033096383285611975
5763,0.0033096383285611975
5764,0.0033096383285611975
5765,0.0033096383285611975
5766,0.0033096383285611975
5767,0.0033096383285611975
5768,0.0033096383285611975
5769,0.0033096383285611975
5770,0.0033096383285611975
5771,0.0033096383285611975
5772,0.0033096383285611975
5773,0.0033096383285611975
5774,0.0033096383285611975
5775,0.0033096383285611975
5776,0.0033096383285611975
5777,0.0033096383285611975
5778,0.0033096383285611975
5779,0.0033096383285611975
5780,0.0033096383285611975
5781,0.0033096383285611975
5782,0.0033096383285611975
5783,0.0033096383285611975
5784,0.0033096383285611975
5785,0.0033096383285611975
5786,0.0033096383285611975
5787,0.0033096383285611975
5788,0.0033096383285611975
5789,0.0033096383285611975
5790,0.0033096383285611975
5791,0.0033096383285611975
5792,0.0033096383285611975
5793,0.0033096383285611975
5794,0.0033096383285611975
5795,0.0033096383285611975
5796,0.0033096383285611975
5797,0.0033096383285611975
5798,0.0033096383285611975
5799,0.0033096383285611975
5800,0.0033096383285611975
5801,0.0033096383285611975
5802,0.0033096383285611975
5803,0.0033096383285611975
5804,0.0033096383285611975
5805,0.0033096383285611975
5806,0.0033096383285611975
5807,0.0033096383285611975
5808,0.0033096383285611975
5809,0.0033096383285611975
5810,0.0033096383285611975
5811,0.0033096383285611975
5812,0.0033096383285611975
5813,0.0033096383285611975
5814,0.0033096383285611975
5815,0.0033096383285611975
5816,0.0033096383285611975
5817,0.0033096383285611975
5818,0.0033096383285611975
5819,0.0033096383285611975
5820,0.0033096383285611975
5821,0.0033096383285611975
5822,0.0033096383285611975
5823,0.0033096383285611975
5824,0.0033096383285611975
5825,0.0033096383285611975
5826,0.0033096383285611975
5827,0.0033096383285611975
5828,0.0033096383285611975
5829,0.0033096383285611975
5830,0.0033096383285611975
5831,0.0033096383285611975
5832,0.0033096383285611975
5833,0.0033096383285611975
5834,0.0033096383285611975
5835,0.0033096383285611975
5836,0.0033096383285611975
5837,0.0033096383285611975
5838,0.0033096383285611975
5839,0.0033096383285611975
5840,0.0033096383285611975
5841,0.0033096383285611975
5842,0.0033096383285611975
5843,0.0033096383285611975
5844,0.0033096383285611975
5845,0.0033096383285611975
5846,0.0033096383285611975
5847,0.0033096383285611975
5848,0.0033096383285611975
5849,0.0033096383285611975
5850,0.0033096383285611975
5851,0.0033096383285611975
5852,0.0033096383285611975
5853,0.0033096383285611975
5854,0.0033096383285611975
5855,0.0033096383285611975
5856,0.0033096383285611975
5857,0.0033096383285611975
5858,0.0033096383285611975
5859,0.0033096383285611975
5860,0.0033096383285611975
5861,0.0033096383285611975
5862,0.0033096383285611975
5863,0.0033096383285611975
5864,0.0033096383285611975
5865,0.0033096383285611975
5866,0.0033096383285611975
5867,0.0033096383285611975
5868,0.0033096383285611975
5869,0.0033096383285611975
5870,0.0033096383285611975
5871,0.0033096383285611975
5872,0.0033096383285611975
5873,0.0033096383285611975
5874,0.0033096383285611975
5875,0.0033096383285611975
5876,0.0033096383285611975
5877,0.0033096383285611975
5878,0.0033096383285611975
5879,0.0033096383285611975
5880,0.0033096383285611975
5881,0.0033096383285611975
5882,0.0033096383285611975
5883,0.0033096383285611975
5884,0.0033096383285611975
5885,0.0033096383285611975
5886,0.0033096383285611975
5887,0.0033096383285611975
5888,0.0033096383285611975
5889,0.0033096383285611975
5890,0.0033096383285611975
5891,0.0033096383285611975
5892,0.0033096383285611975
5893,0.0033096383285611975
5894,0.0033096383285611975
5895,0.0033096383285611975
5896,0.0033096383285611975
5897,0.0033096383285611975
5898,0.0033096383285611975
5899,0.0033096383285611975
5900,0.0033096383285611975
5901,0.0033096383285611975
5902,0.0033096383285611975
5903,0.0033096383285611975
5904,0.0033096383285611975
5905,0.0033096383285611975
5906,0.0033096383285611975
5907,0.0033096383285611975
5908,0.0033096383285611975
5909,0.0033096383285611975
5910,0.0033096383285611975
5911,0.0033096383285611975
5912,0.0033096383285611975
5913,0.0033096383285611975
5914,0.0033096383285611975
5915,0.0033096383285611975
5916,0.0033096383285611975
5917,0.0033096383285611975
5918,0.0033096383285611975
5919,0.0033096383285611975
5920,0.0033096383285611975
5921,0.0033096383285611975
5922,0.0033096383285611975
5923,0.0033096383285611975
5924,0.0033096383285611975
5925,0.0033096383285611975
5926,0.0033096383285611975
5927,0.0033096383285611975
5928,0.0033096383285611975
5929,0.0033096383285611975
5930,0.0033096383285611975
5931,0.0033096383285611975
5932,0.0033096383285611975
5933,0.0033096383285611975
5934,0.0033096383285611975
5935,0.0033096383285611975
5936,0.0033096383285611975
5937,0.0033096383285611975
5938,0.0033096383285611975
5939,0.0033096383285611975
5940,0.0033096383285611975
5941,0.0033096383285611975
5942,0.0033096383285611975
5943,0.0033096383285611975
5944,0.0033096383285611975
5945,0.0033096383285611975
5946,0.0033096383285611975
5947,0.0033096383285611975
5948,0.0033096383285611975
5949,0.0033096383285611975
5950,0.0033096383285611975
5951,0.0033096383285611975
5952,0.0033096383285611975
5953,0.0033096383285611975
5954,0.0033096383285611975
5955,0.0033096383285611975
5956,0.0033096383285611975
5957,0.0033096383285611975
5958,0.0033096383285611975
5959,0.0033096383285611975
5960,0.0033096383285611975
5961,0.0033096383285611975
5962,0.0033096383285611975
5963,0.0033096383285611975
5964,0.0033096383285611975
5965,0.0033096383285611975
5966,0.0033096383285611975
5967,0.0033096383285611975
5968,0.0033096383285611975
5969,0.0033096383285611975
5970,0.0033096383285611975
5971,0.0033096383285611975
5972,0.0033096383285611975
5973,0.0033096383285611975
5974,0.0033096383285611975
5975,0.0033096383285611975
5976,0.0033096383285611975
5977,0.0033096383285611975
5978,0.0033096383285611975
5979,0.0033096383285611975
5980,0.0033096383285611975
5981,0.0033096383285611975
5982,0.0033096383285611975
5983,0.0033096383285611975
5984,0.0033096383285611975
5985,0.0033096383285611975
5986,0.0033096383285611975
5987,0.0033096383285611975
5988,0.0033096383285611975
5989,0.0033096383285611975
5990,0.0033096383285611975
5991,0.0033096383285611975
5992,0.0033096383285611975
5993,0.0033096383285611975
5994,0.0033096383285611975
5995,0.0033096383285611975
5996,0.0033096383285611975
5997,0.0033096383285611975
5998,0.0033096383285611975
5999,0.0033096383285611975
6000,0.0033096383285611975
6001,0.0033096383285611975
6002,0.0033096383285611975
6003,0.0033096383285611975
6004,0.0033096383285611975
6005,0.0033096383285611975
6006,0.0033096383285611975
6007,0.0033096383285611975
6008,0.0033096383285611975
6009,0.0033096383285611975
6010,0.0033096383285611975
6011,0.0033096383285611975
6012,0.0033096383285611975
6013,0.0033096383285611975
6014,0.0033096383285611975
6015,0.0033096383285611975
6016,0.0033096383285611975
6017,0.0033096383285611975
6018,0.0033096383285611975
6019,0.0033096383285611975
6020,0.0033096383285611975
6021,0.0033096383285611975
6022,0.0033096383285611975
6023,0.0033096383285611975
6024,0.0033096383285611975
6025,0.0033096383285611975
6026,0.0033096383285611975
6027,0.0033096383285611975
6028,0.0033096383285611975
6029,0.0033096383285611975
6030,0.0033096383285611975
6031,0.0033096383285611975
6032,0.0033096383285611975
6033,0.0033096383285611975
6034,0.0033096383285611975
6035,0.0033096383285611975
6036,0.0033096383285611975
6037,0.0033096383285611975
6038,0.0033096383285611975
6039,0.0033096383285611975
6040,0.0033096383285611975
6041,0.0033096383285611975
6042,0.0033096383285611975
6043,0.0033096383285611975
6044,0.0033096383285611975
6045,0.0033096383285611975
6046,0.0033096383285611975
6047,0.0033096383285611975
6048,0.0033096383285611975
6049,0.0033096383285611975
6050,0.0033096383285611975
6051,0.0033096383285611975
6052,0.0033096383285611975
6053,0.0033096383285611975
6054,0.0033096383285611975
6055,0.0033096383285611975
6056,0.0033096383285611975
6057,0.0033096383285611975
6058,0.0033096383285611975
6059,0.0033096383285611975
6060,0.0033096383285611975
6061,0.0033096383285611975
6062,0.0033096383285611975
6063,0.0033096383285611975
6064,0.0033096383285611975
6065,0.0033096383285611975
6066,0.0033096383285611975
6067,0.0033096383285611975
6068,0.0033096383285611975
6069,0.0033096383285611975
6070,0.0033096383285611975
6071,0.0033096383285611975
6072,0.0033096383285611975
6073,0.0033096383285611975
6074,0.0033096383285611975
6075,0.0033096383285611975
6076,0.0033096383285611975
6077,0.0033096383285611975
6078,0.0033096383285611975
6079,0.0033096383285611975
6080,0.0033096383285611975
6081,0.0033096383285611975
6082,0.0033096383285611975
6083,0.0033096383285611975
6084,0.0033096383285611975
6085,0.0033096383285611975
6086,0.0033096383285611975
6087,0.0033096383285611975
6088,0.0033096383285611975
6089,0.0033096383285611975
6090,0.0033096383285611975
6091,0.0033096383285611975
6092,0.0033096383285611975
6093,0.0033096383285611975
6094,0.0033096383285611975
6095,0.0033096383285611975
6096,0.0033096383285611975
6097,0.0033096383285611975
6098,0.0033096383285611975
6099,0.0033096383285611975
6100,0.0033096383285611975
6101,0.0033096383285611975
6102,0.0033096383285611975
6103,0.0033096383285611975
6104,0.0033096383285611975
6105,0.0033096383285611975
6106,0.0033096383285611975
6107,0.0033096383285611975
6108,0.0033096383285611975
6109,0.0033096383285611975
6110,0.0033096383285611975
6111,0.0033096383285611975
6112,0.0033096383285611975
6113,0.0033096383285611975
6114,0.0033096383285611975
6115,0.0033096383285611975
6116,0.0033096383285611975
6117,0.0033096383285611975
6118,0.0033096383285611975
6119,0.0033096383285611975
6120,0.0033096383285611975
6121,0.0033096383285611975
6122,0.0033096383285611975
6123,0.0033096383285611975
6124,0.0033096383285611975
6125,0.0033096383285611975
6126,0.0033096383285611975
6127,0.0033096383285611975
6128,0.0033096383285611975
6129,0.0033096383285611975
6130,0.0033096383285611975
6131,0.0033096383285611975
6132,0.0033096383285611975
6133,0.0033096383285611975
6134,0.0033096383285611975
6135,0.0033096383285611975
6136,0.0033096383285611975
6137,0.0033096383285611975
6138,0.0033096383285611975
6139,0.0033096383285611975
6140,0.0033096383285611975
6141,0.0033096383285611975
6142,0.0033096383285611975
6143,0.0033096383285611975
6144,0.0033096383285611975
6145,0.0033096383285611975
6146,0.0033096383285611975
6147,0.0033096383285611975
6148,0.0033096383285611975
6149,0.0033096383285611975
6150,0.0033096383285611975
6151,0.0033096383285611975
6152,0.0033096383285611975
6153,0.0033096383285611975
6154,0.0033096383285611975
6155,0.0033096383285611975
6156,0.0033096383285611975
6157,0.0033096383285611975
6158,0.0033096383285611975
6159,0.0033096383285611975
6160,0.0033096383285611975
6161,0.0033096383285611975
6162,0.0033096383285611975
6163,0.0033096383285611975
6164,0.0033096383285611975
6165,0.0033096383285611975
6166,0.0033096383285611975
6167,0.0033096383285611975
6168,0.0033096383285611975
6169,0.0033096383285611975
6170,0.0033096383285611975
6171,0.0033096383285611975
6172,0.0033096383285611975
6173,0.0033096383285611975
6174,0.0033096383285611975
6175,0.0033096383285611975
6176,0.0033096383285611975
6177,0.0033096383285611975
6178,0.0033096383285611975
6179,0.0033096383285611975
6180,0.0033096383285611975
6181,0.0033096383285611975
6182,0.0033096383285611975
6183,0.0033096383285611975
6184,0.0033096383285611975
6185,0.0033096383285611975
6186,0.0033096383285611975
6187,0.0033096383285611975
6188,0.0033096383285611975
6189,0.0033096383285611975
6190,0.0033096383285611975
6191,0.0033096383285611975
6192,0.0033096383285611975
6193,0.0033096383285611975
6194,0.0033096383285611975
6195,0.0033096383285611975
6196,0.0033096383285611975
6197,0.0033096383285611975
6198,0.0033096383285611975
6199,0.0033096383285611975
6200,0.0033096383285611975
6201,0.0033096383285611975
6202,0.0033096383285611975
6203,0.0033096383285611975
6204,0.0033096383285611975
6205,0.0033096383285611975
6206,0.0033096383285611975
6207,0.0033096383285611975
6208,0.0033096383285611975
6209,0.0033096383285611975
6210,0.0033096383285611975
6211,0.0033096383285611975
6212,0.0033096383285611975
6213,0.0033096383285611975
6214,0.0033096383285611975
6215,0.0033096383285611975
6216,0.0033096383285611975
6217,0.0033096383285611975
6218,0.0033096383285611975
6219,0.0033096383285611975
6220,0.0033096383285611975
6221,0.0033096383285611975
6222,0.0033096383285611975
6223,0.0033096383285611975
6224,0.0033096383285611975
6225,0.0033096383285611975
6226,0.0033096383285611975
6227,0.0033096383285611975
6228,0.0033096383285611975
6229,0.0033096383285611975
6230,0.0033096383285611975
6231,0.0033096383285611975
6232,0.0033096383285611975
6233,0.0033096383285611975
6234,0.0033096383285611975
6235,0.0033096383285611975
6236,0.0033096383285611975
6237,0.0033096383285611975
6238,0.0033096383285611975
6239,0.0033096383285611975
6240,0.0033096383285611975
6241,0.0033096383285611975
6242,0.0033096383285611975
6243,0.0033096383285611975
6244,0.0033096383285611975
6245,0.0033096383285611975
6246,0.0033096383285611975
6247,0.0033096383285611975
6248,0.0033096383285611975
6249,0.0033096383285611975
6250,0.0033096383285611975
6251,0.0033096383285611975
6252,0.0033096383285611975
6253,0.0033096383285611975
6254,0.0033096383285611975
6255,0.0033096383285611975
6256,0.0033096383285611975
6257,0.0033096383285611975
6258,0.0033096383285611975
6259,0.0033096383285611975
6260,0.0033096383285611975
6261,0.0033096383285611975
6262,0.0033096383285611975
6263,0.0033096383285611975
6264,0.0033096383285611975
6265,0.0033096383285611975
6266,0.0033096383285611975
6267,0.0033096383285611975
6268,0.0033096383285611975
6269,0.0033096383285611975
6270,0.0033096383285611975
6271,0.0033096383285611975
6272,0.0033096383285611975
6273,0.0033096383285611975
6274,0.0033096383285611975
6275,0.0033096383285611975
6276,0.0033096383285611975
6277,0.0033096383285611975
6278,0.0033096383285611975
6279,0.0033096383285611975
6280,0.0033096383285611975
6281,0.0033096383285611975
6282,0.0033096383285611975
6283,0.0033096383285611975
6284,0.0033096383285611975
6285,0.0033096383285611975
6286,0.0033096383285611975
6287,0.0033096383285611975
6288,0.0033096383285611975
6289,0.0033096383285611975
6290,0.0033096383285611975
6291,0.0033096383285611975
6292,0.0033096383285611975
6293,0.0033096383285611975
6294,0.0033096383285611975
6295,0.0033096383285611975
6296,0.0033096383285611975
6297,0.0033096383285611975
6298,0.0033096383285611975
6299,0.0033096383285611975
6300,0.0033096383285611975
6301,0.0033096383285611975
6302,0.0033096383285611975
6303,0.0033096383285611975
6304,0.0033096383285611975
6305,0.0033096383285611975
6306,0.0033096383285611975
6307,0.0033096383285611975
6308,0.0033096383285611975
6309,0.0033096383285611975
6310,0.0033096383285611975
6311,0.0033096383285611975
6312,0.0033096383285611975
6313,0.0033096383285611975
6314,0.0033096383285611975
6315,0.0033096383285611975
6316,0.0033096383285611975
6317,0.0033096383285611975
6318,0.0033096383285611975
6319,0.0033096383285611975
6320,0.0033096383285611975
6321,0.0033096383285611975
6322,0.0033096383285611975
6323,0.0033096383285611975
6324,0.0033096383285611975
6325,0.0033096383285611975
6326,0.0033096383285611975
6327,0.0033096383285611975
6328,0.0033096383285611975
6329,0.0033096383285611975
6330,0.0033096383285611975
6331,0.0033096383285611975
6332,0.0033096383285611975
6333,0.0033096383285611975
6334,0.0033096383285611975
6335,0.0033096383285611975
6336,0.0033096383285611975
6337,0.0033096383285611975
6338,0.0033096383285611975
6339,0.0033096383285611975
6340,0.0033096383285611975
6341,0.0033096383285611975
6342,0.0033096383285611975
6343,0.0033096383285611975
6344,0.0033096383285611975
6345,0.0033096383285611975
6346,0.0033096383285611975
6347,0.0033096383285611975
6348,0.0033096383285611975
6349,0.0033096383285611975
6350,0.0033096383285611975
6351,0.0033096383285611975
6352,0.0033096383285611975
6353,0.0033096383285611975
6354,0.0033096383285611975
6355,0.0033096383285611975
6356,0.0033096383285611975
6357,0.0033096383285611975
6358,0.0033096383285611975
6359,0.0033096383285611975
6360,0.0033096383285611975
6361,0.0033096383285611975
6362,0.0033096383285611975
6363,0.0033096383285611975
6364,0.0033096383285611975
6365,0.0033096383285611975
6366,0.0033096383285611975
6367,0.0033096383285611975
6368,0.0033096383285611975
6369,0.0033096383285611975
6370,0.0033096383285611975
6371,0.0033096383285611975
6372,0.0033096383285611975
6373,0.0033096383285611975
6374,0.0033096383285611975
6375,0.0033096383285611975
6376,0.0033096383285611975
6377,0.0033096383285611975
6378,0.0033096383285611975
6379,0.0033096383285611975
6380,0.0033096383285611975
6381,0.0033096383285611975
6382,0.0033096383285611975
6383,0.0033096383285611975
6384,0.0033096383285611975
6385,0.0033096383285611975
6386,0.0033096383285611975
6387,0.0033096383285611975
6388,0.0033096383285611975
6389,0.0033096383285611975
6390,0.0033096383285611975
6391,0.0033096383285611975
6392,0.0033096383285611975
6393,0.0033096383285611975
6394,0.0033096383285611975
6395,0.0033096383285611975
6396,0.0033096383285611975
6397,0.0033096383285611975
6398,0.0033096383285611975
6399,0.0033096383285611975
6400,0.0033096383285611975
6401,0.0033096383285611975
6402,0.0033096383285611975
6403,0.0033096383285611975
6404,0.0033096383285611975
6405,0.0033096383285611975
6406,0.0033096383285611975
6407,0.0033096383285611975
6408,0.0033096383285611975
6409,0.0033096383285611975
6410,0.0033096383285611975
6411,0.0033096383285611975
6412,0.0033096383285611975
6413,0.0033096383285611975
6414,0.0033096383285611975
6415,0.0033096383285611975
6416,0.0033096383285611975
6417,0.0033096383285611975
6418,0.0033096383285611975
6419,0.0033096383285611975
6420,0.0033096383285611975
6421,0.0033096383285611975
6422,0.0033096383285611975
6423,0.0033096383285611975
6424,0.0033096383285611975
6425,0.0033096383285611975
6426,0.0033096383285611975
6427,0.0033096383285611975
6428,0.0033096383285611975
6429,0.0033096383285611975
6430,0.0033096383285611975
6431,0.0033096383285611975
6432,0.0033096383285611975
6433,0.0033096383285611975
6434,0.0033096383285611975
6435,0.0033096383285611975
6436,0.0033096383285611975
6437,0.0033096383285611975
6438,0.0033096383285611975
6439,0.0033096383285611975
6440,0.0033096383285611975
6441,0.0033096383285611975
6442,0.0033096383285611975
6443,0.0033096383285611975
6444,0.0033096383285611975
6445,0.0033096383285611975
6446,0.0033096383285611975
6447,0.0033096383285611975
6448,0.0033096383285611975
6449,0.0033096383285611975
6450,0.0033096383285611975
6451,0.0033096383285611975
6452,0.0033096383285611975
6453,0.0033096383285611975
6454,0.0033096383285611975
6455,0.0033096383285611975
6456,0.0033096383285611975
6457,0.0033096383285611975
6458,0.0033096383285611975
6459,0.0033096383285611975
6460,0.0033096383285611975
6461,0.0033096383285611975
6462,0.0033096383285611975
6463,0.0033096383285611975
6464,0.0033096383285611975
6465,0.0033096383285611975
6466,0.0033096383285611975
6467,0.0033096383285611975
6468,0.0033096383285611975
6469,0.0033096383285611975
6470,0.0033096383285611975
6471,0.0033096383285611975
6472,0.0033096383285611975
6473,0.0033096383285611975
6474,0.0033096383285611975
6475,0.0033096383285611975
6476,0.0033096383285611975
6477,0.0033096383285611975
6478,0.0033096383285611975
6479,0.0033096383285611975
6480,0.0033096383285611975
6481,0.0033096383285611975
6482,0.0033096383285611975
6483,0.0033096383285611975
6484,0.0033096383285611975
6485,0.0033096383285611975
6486,0.0033096383285611975
6487,0.0033096383285611975
6488,0.0033096383285611975
6489,0.0033096383285611975
6490,0.0033096383285611975
6491,0.0033096383285611975
6492,0.0033096383285611975
6493,0.0033096383285611975
6494,0.0033096383285611975
6495,0.0033096383285611975
6496,0.0033096383285611975
6497,0.0033096383285611975
6498,0.0033096383285611975
6499,0.0033096383285611975
6500,0.0033096383285611975
6501,0.0033096383285611975
6502,0.0033096383285611975
6503,0.0033096383285611975
6504,0.0033096383285611975
6505,0.0033096383285611975
6506,0.0033096383285611975
6507,0.0033096383285611975
6508,0.0033096383285611975
6509,0.0033096383285611975
6510,0.0033096383285611975
6511,0.0033096383285611975
6512,0.0033096383285611975
6513,0.0033096383285611975
6514,0.0033096383285611975
6515,0.0033096383285611975
6516,0.0033096383285611975
6517,0.0033096383285611975
6518,0.0033096383285611975
6519,0.0033096383285611975
6520,0.0033096383285611975
6521,0.0033096383285611975
6522,0.0033096383285611975
6523,0.0033096383285611975
6524,0.0033096383285611975
6525,0.0033096383285611975
6526,0.0033096383285611975
6527,0.0033096383285611975
6528,0.0033096383285611975
6529,0.0033096383285611975
6530,0.0033096383285611975
6531,0.0033096383285611975
6532,0.0033096383285611975
6533,0.0033096383285611975
6534,0.0033096383285611975
6535,0.0033096383285611975
6536,0.0033096383285611975
6537,0.0033096383285611975
6538,0.0033096383285611975
6539,0.0033096383285611975
6540,0.0033096383285611975
6541,0.0033096383285611975
6542,0.0033096383285611975
6543,0.0033096383285611975
6544,0.0033096383285611975
6545,0.0033096383285611975
6546,0.0033096383285611975
6547,0.0033096383285611975
6548,0.0033096383285611975
6549,0.0033096383285611975
6550,0.0033096383285611975
6551,0.0033096383285611975
6552,0.0033096383285611975
6553,0.0033096383285611975
6554,0.0033096383285611975
6555,0.0033096383285611975
6556,0.0033096383285611975
6557,0.0033096383285611975
6558,0.0033096383285611975
6559,0.0033096383285611975
6560,0.0033096383285611975
6561,0.0033096383285611975
6562,0.0033096383285611975
6563,0.0033096383285611975
6564,0.0033096383285611975
6565,0.0033096383285611975
6566,0.0033096383285611975
6567,0.0033096383285611975
6568,0.0033096383285611975
6569,0.0033096383285611975
6570,0.0033096383285611975
6571,0.0033096383285611975
6572,0.0033096383285611975
6573,0.0033096383285611975
6574,0.0033096383285611975
6575,0.0033096383285611975
6576,0.0033096383285611975
6577,0.0033096383285611975
6578,0.0033096383285611975
6579,0.0033096383285611975
6580,0.0033096383285611975
6581,0.0033096383285611975
6582,0.0033096383285611975
6583,0.0033096383285611975
6584,0.0033096383285611975
6585,0.0033096383285611975
6586,0.0033096383285611975
6587,0.0033096383285611975
6588,0.0033096383285611975
6589,0.0033096383285611975
6590,0.0033096383285611975
6591,0.0033096383285611975
6592,0.0033096383285611975
6593,0.0033096383285611975
6594,0.0033096383285611975
6595,0.0033096383285611975
6596,0.0033096383285611975
6597,0.0033096383285611975
6598,0.0033096383285611975
6599,0.0033096383285611975
6600,0.0033096383285611975
6601,0.0033096383285611975
6602,0.0033096383285611975
6603,0.0033096383285611975
6604,0.0033096383285611975
6605,0.0033096383285611975
6606,0.0033096383285611975
6607,0.0033096383285611975
6608,0.0033096383285611975
6609,0.0033096383285611975
6610,0.0033096383285611975
6611,0.0033096383285611975
6612,0.0033096383285611975
6613,0.0033096383285611975
6614,0.0033096383285611975
6615,0.0033096383285611975
6616,0.0033096383285611975
6617,0.0033096383285611975
6618,0.0033096383285611975
6619,0.0033096383285611975
6620,0.0033096383285611975
6621,0.0033096383285611975
6622,0.0033096383285611975
6623,0.0033096383285611975
6624,0.0033096383285611975
6625,0.0033096383285611975
6626,0.0033096383285611975
6627,0.0033096383285611975
6628,0.0033096383285611975
6629,0.0033096383285611975
6630,0.0033096383285611975
6631,0.0033096383285611975
6632,0.0033096383285611975
6633,0.0033096383285611975
6634,0.0033096383285611975
6635,0.0033096383285611975
6636,0.0033096383285611975
6637,0.0033096383285611975
6638,0.0033096383285611975
6639,0.0033096383285611975
6640,0.0033096383285611975
6641,0.0033096383285611975
6642,0.0033096383285611975
6643,0.0033096383285611975
6644,0.0033096383285611975
6645,0.0033096383285611975
6646,0.0033096383285611975
6647,0.0033096383285611975
6648,0.0033096383285611975
6649,0.0033096383285611975
6650,0.0033096383285611975
6651,0.0033096383285611975
6652,0.0033096383285611975
6653,0.0033096383285611975
6654,0.0033096383285611975
6655,0.0033096383285611975
6656,0.0033096383285611975
6657,0.0033096383285611975
6658,0.0033096383285611975
6659,0.0033096383285611975
6660,0.0033096383285611975
6661,0.0033096383285611975
6662,0.0033096383285611975
6663,0.0033096383285611975
6664,0.0033096383285611975
6665,0.0033096383285611975
6666,0.0033096383285611975
6667,0.0033096383285611975
6668,0.0033096383285611975
6669,0.0033096383285611975
6670,0.0033096383285611975
6671,0.0033096383285611975
6672,0.0033096383285611975
6673,0.0033096383285611975
6674,0.0033096383285611975
6675,0.0033096383285611975
6676,0.0033096383285611975
6677,0.0033096383285611975
6678,0.0033096383285611975
6679,0.0033096383285611975
6680,0.0033096383285611975
6681,0.0033096383285611975
6682,0.0033096383285611975
6683,0.0033096383285611975
6684,0.0033096383285611975
6685,0.0033096383285611975
6686,0.0033096383285611975
6687,0.0033096383285611975
6688,0.0033096383285611975
6689,0.0033096383285611975
6690,0.0033096383285611975
6691,0.0033096383285611975
6692,0.0033096383285611975
6693,0.0033096383285611975
6694,0.0033096383285611975
6695,0.0033096383285611975
6696,0.0033096383285611975
6697,0.0033096383285611975
6698,0.0033096383285611975
6699,0.0033096383285611975
6700,0.0033096383285611975
6701,0.0033096383285611975
6702,0.0033096383285611975
6703,0.0033096383285611975
6704,0.0033096383285611975
6705,0.0033096383285611975
6706,0.0033096383285611975
6707,0.0033096383285611975
6708,0.0033096383285611975
6709,0.0033096383285611975
6710,0.0033096383285611975
6711,0.0033096383285611975
6712,0.0033096383285611975
6713,0.0033096383285611975
6714,0.0033096383285611975
6715,0.0033096383285611975
6716,0.0033096383285611975
6717,0.0033096383285611975
6718,0.0033096383285611975
6719,0.0033096383285611975
6720,0.0033096383285611975
6721,0.0033096383285611975
6722,0.0033096383285611975
6723,0.0033096383285611975
6724,0.0033096383285611975
6725,0.0033096383285611975
6726,0.0033096383285611975
6727,0.0033096383285611975
6728,0.0033096383285611975
6729,0.0033096383285611975
6730,0.0033096383285611975
6731,0.0033096383285611975
6732,0.0033096383285611975
6733,0.0033096383285611975
6734,0.0033096383285611975
6735,0.0033096383285611975
6736,0.0033096383285611975
6737,0.0033096383285611975
6738,0.0033096383285611975
6739,0.0033096383285611975
6740,0.0033096383285611975
6741,0.0033096383285611975
6742,0.0033096383285611975
6743,0.0033096383285611975
6744,0.0033096383285611975
6745,0.0033096383285611975
6746,0.0033096383285611975
6747,0.0033096383285611975
6748,0.0033096383285611975
6749,0.0033096383285611975
6750,0.0033096383285611975
6751,0.0033096383285611975
6752,0.0033096383285611975
6753,0.0033096383285611975
6754,0.0033096383285611975
6755,0.0033096383285611975
6756,0.0033096383285611975
6757,0.0033096383285611975
6758,0.0033096383285611975
6759,0.0033096383285611975
6760,0.0033096383285611975
6761,0.0033096383285611975
6762,0.0033096383285611975
6763,0.0033096383285611975
6764,0.0033096383285611975
6765,0.0033096383285611975
6766,0.0033096383285611975
6767,0.0033096383285611975
6768,0.0033096383285611975
6769,0.0033096383285611975
6770,0.0033096383285611975
6771,0.0033096383285611975
6772,0.0033096383285611975
6773,0.0033096383285611975
6774,0.0033096383285611975
6775,0.0033096383285611975
6776,0.0033096383285611975
6777,0.0033096383285611975
6778,0.0033096383285611975
6779,0.0033096383285611975
6780,0.0033096383285611975
6781,0.0033096383285611975
6782,0.0033096383285611975
6783,0.0033096383285611975
6784,0.0033096383285611975
6785,0.0033096383285611975
6786,0.0033096383285611975
6787,0.0033096383285611975
6788,0.0033096383285611975
6789,0.0033096383285611975
6790,0.0033096383285611975
6791,0.0033096383285611975
6792,0.0033096383285611975
6793,0.0033096383285611975
6794,0.0033096383285611975
6795,0.0033096383285611975
6796,0.0033096383285611975
6797,0.0033096383285611975
6798,0.0033096383285611975
6799,0.0033096383285611975
6800,0.0033096383285611975
6801,0.0033096383285611975
6802,0.0033096383285611975
6803,0.0033096383285611975
6804,0.0033096383285611975
6805,0.0033096383285611975
6806,0.0033096383285611975
6807,0.0033096383285611975
6808,0.0033096383285611975
6809,0.0033096383285611975
6810,0.0033096383285611975
6811,0.0033096383285611975
6812,0.0033096383285611975
6813,0.0033096383285611975
6814,0.0033096383285611975
6815,0.0033096383285611975
6816,0.0033096383285611975
6817,0.0033096383285611975
6818,0.0033096383285611975
6819,0.0033096383285611975
6820,0.0033096383285611975
6821,0.0033096383285611975
6822,0.0033096383285611975
6823,0.0033096383285611975
6824,0.0033096383285611975
6825,0.0033096383285611975
6826,0.0033096383285611975
6827,0.0033096383285611975
6828,0.0033096383285611975
6829,0.0033096383285611975
6830,0.0033096383285611975
6831,0.0033096383285611975
6832,0.0033096383285611975
6833,0.0033096383285611975
6834,0.0033096383285611975
6835,0.0033096383285611975
6836,0.0033096383285611975
6837,0.0033096383285611975
6838,0.0033096383285611975
6839,0.0033096383285611975
6840,0.0033096383285611975
6841,0.0033096383285611975
6842,0.0033096383285611975
6843,0.0033096383285611975
6844,0.0033096383285611975
6845,0.0033096383285611975
6846,0.0033096383285611975
6847,0.0033096383285611975
6848,0.0033096383285611975
6849,0.0033096383285611975
6850,0.0033096383285611975
6851,0.0033096383285611975
6852,0.0033096383285611975
6853,0.0033096383285611975
6854,0.0033096383285611975
6855,0.0033096383285611975
6856,0.0033096383285611975
6857,0.0033096383285611975
6858,0.0033096383285611975
6859,0.0033096383285611975
6860,0.0033096383285611975
6861,0.0033096383285611975
6862,0.0033096383285611975
6863,0.0033096383285611975
6864,0.0033096383285611975
6865,0.0033096383285611975
6866,0.0033096383285611975
6867,0.0033096383285611975
6868,0.0033096383285611975
6869,0.0033096383285611975
6870,0.0033096383285611975
6871,0.0033096383285611975
6872,0.0033096383285611975
6873,0.0033096383285611975
6874,0.0033096383285611975
6875,0.0033096383285611975
6876,0.0033096383285611975
6877,0.0033096383285611975
6878,0.0033096383285611975
6879,0.0033096383285611975
6880,0.0033096383285611975
6881,0.0033096383285611975
6882,0.0033096383285611975
6883,0.0033096383285611975
6884,0.0033096383285611975
6885,0.0033096383285611975
6886,0.0033096383285611975
6887,0.0033096383285611975
6888,0.0033096383285611975
6889,0.0033096383285611975
6890,0.0033096383285611975
6891,0.0033096383285611975
6892,0.0033096383285611975
6893,0.0033096383285611975
6894,0.0033096383285611975
6895,0.0033096383285611975
6896,0.0033096383285611975
6897,0.0033096383285611975
6898,0.0033096383285611975
6899,0.0033096383285611975
6900,0.0033096383285611975
6901,0.0033096383285611975
6902,0.0033096383285611975
6903,0.0033096383285611975
6904,0.0033096383285611975
6905,0.0033096383285611975
6906,0.0033096383285611975
6907,0.0033096383285611975
6908,0.0033096383285611975
6909,0.0033096383285611975
6910,0.0033096383285611975
6911,0.0033096383285611975
6912,0.0033096383285611975
6913,0.0033096383285611975
6914,0.0033096383285611975
6915,0.0033096383285611975
6916,0.0033096383285611975
6917,0.0033096383285611975
6918,0.0033096383285611975
6919,0.0033096383285611975
6920,0.0033096383285611975
6921,0.0033096383285611975
6922,0.0033096383285611975
6923,0.0033096383285611975
6924,0.0033096383285611975
6925,0.0033096383285611975
6926,0.0033096383285611975
6927,0.0033096383285611975
6928,0.0033096383285611975
6929,0.0033096383285611975
6930,0.0033096383285611975
6931,0.0033096383285611975
6932,0.0033096383285611975
6933,0.0033096383285611975
6934,0.0033096383285611975
6935,0.0033096383285611975
6936,0.0033096383285611975
6937,0.0033096383285611975
6938,0.0033096383285611975
6939,0.0033096383285611975
6940,0.0033096383285611975
6941,0.0033096383285611975
6942,0.0033096383285611975
6943,0.0033096383285611975
6944,0.0033096383285611975
6945,0.0033096383285611975
6946,0.0033096383285611975
6947,0.0033096383285611975
6948,0.0033096383285611975
6949,0.0033096383285611975
6950,0.0033096383285611975
6951,0.0033096383285611975
6952,0.0033096383285611975
6953,0.0033096383285611975
6954,0.0033096383285611975
6955,0.0033096383285611975
6956,0.0033096383285611975
6957,0.0033096383285611975
6958,0.0033096383285611975
6959,0.0033096383285611975
6960,0.0033096383285611975
6961,0.0033096383285611975
6962,0.0033096383285611975
6963,0.0033096383285611975
6964,0.0033096383285611975
6965,0.0033096383285611975
6966,0.0033096383285611975
6967,0.0033096383285611975
6968,0.0033096383285611975
6969,0.0033096383285611975
6970,0.0033096383285611975
6971,0.0033096383285611975
6972,0.0033096383285611975
6973,0.0033096383285611975
6974,0.0033096383285611975
6975,0.0033096383285611975
6976,0.0033096383285611975
6977,0.0033096383285611975
6978,0.0033096383285611975
6979,0.0033096383285611975
6980,0.0033096383285611975
6981,0.0033096383285611975
6982,0.0033096383285611975
6983,0.0033096383285611975
6984,0.0033096383285611975
6985,0.0033096383285611975
6986,0.0033096383285611975
6987,0.0033096383285611975
6988,0.0033096383285611975
6989,0.0033096383285611975
6990,0.0033096383285611975
6991,0.0033096383285611975
6992,0.0033096383285611975
6993,0.0033096383285611975
6994,0.0033096383285611975
6995,0.0033096383285611975
6996,0.0033096383285611975
6997,0.0033096383285611975
6998,0.0033096383285611975
6999,0.0033096383285611975
7000,0.0033096383285611975
7001,0.0033096383285611975
7002,0.0033096383285611975
7003,0.0033096383285611975
7004,0.0033096383285611975
7005,0.0033096383285611975
7006,0.0033096383285611975
7007,0.0033096383285611975
7008,0.0033096383285611975
7009,0.0033096383285611975
7010,0.0033096383285611975
7011,0.0033096383285611975
7012,0.0033096383285611975
7013,0.0033096383285611975
7014,0.0033096383285611975
7015,0.0033096383285611975
7016,0.0033096383285611975
7017,0.0033096383285611975
7018,0.0033096383285611975
7019,0.0033096383285611975
7020,0.0033096383285611975
7021,0.0033096383285611975
7022,0.0033096383285611975
7023,0.0033096383285611975
7024,0.0033096383285611975
7025,0.0033096383285611975
7026,0.0033096383285611975
7027,0.0033096383285611975
7028,0.0033096383285611975
7029,0.0033096383285611975
7030,0.0033096383285611975
7031,0.0033096383285611975
7032,0.0033096383285611975
7033,0.0033096383285611975
7034,0.0033096383285611975
7035,0.0033096383285611975
7036,0.0033096383285611975
7037,0.0033096383285611975
7038,0.0033096383285611975
7039,0.0033096383285611975
7040,0.0033096383285611975
7041,0.0033096383285611975
7042,0.0033096383285611975
7043,0.0033096383285611975
7044,0.0033096383285611975
7045,0.0033096383285611975
7046,0.0033096383285611975
7047,0.0033096383285611975
7048,0.0033096383285611975
7049,0.0033096383285611975
7050,0.0033096383285611975
7051,0.0033096383285611975
7052,0.0033096383285611975
7053,0.0033096383285611975
7054,0.0033096383285611975
7055,0.0033096383285611975
7056,0.0033096383285611975
7057,0.0033096383285611975
7058,0.0033096383285611975
7059,0.0033096383285611975
7060,0.0033096383285611975
7061,0.0033096383285611975
7062,0.0033096383285611975
7063,0.0033096383285611975
7064,0.0033096383285611975
7065,0.0033096383285611975
7066,0.0033096383285611975
7067,0.0033096383285611975
7068,0.0033096383285611975
7069,0.0033096383285611975
7070,0.0033096383285611975
7071,0.0033096383285611975
7072,0.0033096383285611975
7073,0.0033096383285611975
7074,0.0033096383285611975
7075,0.0033096383285611975
7076,0.0033096383285611975
7077,0.0033096383285611975
7078,0.0033096383285611975
7079,0.0033096383285611975
7080,0.0033096383285611975
7081,0.0033096383285611975
7082,0.0033096383285611975
7083,0.0033096383285611975
7084,0.0033096383285611975
7085,0.0033096383285611975
7086,0.0033096383285611975
7087,0.0033096383285611975
7088,0.0033096383285611975
7089,0.0033096383285611975
7090,0.0033096383285611975
7091,0.0033096383285611975
7092,0.0033096383285611975
7093,0.0033096383285611975
7094,0.0033096383285611975
7095,0.0033096383285611975
7096,0.0033096383285611975
7097,0.0033096383285611975
7098,0.0033096383285611975
7099,0.0033096383285611975
7100,0.0033096383285611975
7101,0.0033096383285611975
7102,0.0033096383285611975
7103,0.0033096383285611975
7104,0.0033096383285611975
7105,0.0033096383285611975
7106,0.0033096383285611975
7107,0.0033096383285611975
7108,0.0033096383285611975
7109,0.0033096383285611975
7110,0.0033096383285611975
7111,0.0033096383285611975
7112,0.0033096383285611975
7113,0.0033096383285611975
7114,0.0033096383285611975
7115,0.0033096383285611975
7116,0.0033096383285611975
7117,0.0033096383285611975
7118,0.0033096383285611975
7119,0.0033096383285611975
7120,0.0033096383285611975
7121,0.0033096383285611975
7122,0.0033096383285611975
7123,0.0033096383285611975
7124,0.0033096383285611975
7125,0.0033096383285611975
7126,0.0033096383285611975
7127,0.0033096383285611975
7128,0.0033096383285611975
7129,0.0033096383285611975
7130,0.0033096383285611975
7131,0.0033096383285611975
7132,0.0033096383285611975
7133,0.0033096383285611975
7134,0.0033096383285611975
7135,0.0033096383285611975
7136,0.0033096383285611975
7137,0.0033096383285611975
7138,0.0033096383285611975
7139,0.0033096383285611975
7140,0.0033096383285611975
7141,0.0033096383285611975
7142,0.0033096383285611975
7143,0.0033096383285611975
7144,0.0033096383285611975
7145,0.0033096383285611975
7146,0.0033096383285611975
7147,0.0033096383285611975
7148,0.0033096383285611975
7149,0.0033096383285611975
7150,0.0033096383285611975
7151,0.0033096383285611975
7152,0.0033096383285611975
7153,0.0033096383285611975
7154,0.0033096383285611975
7155,0.0033096383285611975
7156,0.0033096383285611975
7157,0.0033096383285611975
7158,0.0033096383285611975
7159,0.0033096383285611975
7160,0.0033096383285611975
7161,0.0033096383285611975
7162,0.0033096383285611975
7163,0.0033096383285611975
7164,0.0033096383285611975
7165,0.0033096383285611975
7166,0.0033096383285611975
7167,0.0033096383285611975
7168,0.0033096383285611975
7169,0.0033096383285611975
7170,0.0033096383285611975
7171,0.0033096383285611975
7172,0.0033096383285611975
7173,0.0033096383285611975
7174,0.0033096383285611975
7175,0.0033096383285611975
7176,0.0033096383285611975
7177,0.0033096383285611975
7178,0.0033096383285611975
7179,0.0033096383285611975
7180,0.0033096383285611975
7181,0.0033096383285611975
7182,0.0033096383285611975
7183,0.0033096383285611975
7184,0.0033096383285611975
7185,0.0033096383285611975
7186,0.0033096383285611975
7187,0.0033096383285611975
7188,0.0033096383285611975
7189,0.0033096383285611975
7190,0.0033096383285611975
7191,0.0033096383285611975
7192,0.0033096383285611975
7193,0.0033096383285611975
7194,0.0033096383285611975
7195,0.0033096383285611975
7196,0.0033096383285611975
7197,0.0033096383285611975
7198,0.0033096383285611975
7199,0.0033096383285611975
7200,0.0033096383285611975
7201,0.0033096383285611975
7202,0.0033096383285611975
7203,0.0033096383285611975
7204,0.0033096383285611975
7205,0.0033096383285611975
7206,0.0033096383285611975
7207,0.0033096383285611975
7208,0.0033096383285611975
7209,0.0033096383285611975
7210,0.0033096383285611975
7211,0.0033096383285611975
7212,0.0033096383285611975
7213,0.0033096383285611975
7214,0.0033096383285611975
7215,0.0033096383285611975
7216,0.0033096383285611975
7217,0.0033096383285611975
7218,0.0033096383285611975
7219,0.0033096383285611975
7220,0.0033096383285611975
7221,0.0033096383285611975
7222,0.0033096383285611975
7223,0.0033096383285611975
7224,0.0033096383285611975
7225,0.0033096383285611975
7226,0.0033096383285611975
7227,0.0033096383285611975
7228,0.0033096383285611975
7229,0.0033096383285611975
7230,0.0033096383285611975
7231,0.0033096383285611975
7232,0.0033096383285611975
7233,0.0033096383285611975
7234,0.0033096383285611975
7235,0.0033096383285611975
7236,0.0033096383285611975
7237,0.0033096383285611975
7238,0.0033096383285611975
7239,0.0033096383285611975
7240,0.0033096383285611975
7241,0.0033096383285611975
7242,0.0033096383285611975
7243,0.0033096383285611975
7244,0.0033096383285611975
7245,0.0033096383285611975
7246,0.0033096383285611975
7247,0.0033096383285611975
7248,0.0033096383285611975
7249,0.0033096383285611975
7250,0.0033096383285611975
7251,0.0033096383285611975
7252,0.0033096383285611975
7253,0.0033096383285611975
7254,0.0033096383285611975
7255,0.0033096383285611975
7256,0.0033096383285611975
7257,0.0033096383285611975
7258,0.0033096383285611975
7259,0.0033096383285611975
7260,0.0033096383285611975
7261,0.0033096383285611975
7262,0.0033096383285611975
7263,0.0033096383285611975
7264,0.0033096383285611975
7265,0.0033096383285611975
7266,0.0033096383285611975
7267,0.0033096383285611975
7268,0.0033096383285611975
7269,0.0033096383285611975
7270,0.0033096383285611975
7271,0.0033096383285611975
7272,0.0033096383285611975
7273,0.0033096383285611975
7274,0.0033096383285611975
7275,0.0033096383285611975
7276,0.0033096383285611975
7277,0.0033096383285611975
7278,0.0033096383285611975
7279,0.0033096383285611975
7280,0.0033096383285611975
7281,0.0033096383285611975
7282,0.0033096383285611975
7283,0.0033096383285611975
7284,0.0033096383285611975
7285,0.0033096383285611975
7286,0.0033096383285611975
7287,0.0033096383285611975
7288,0.0033096383285611975
7289,0.0033096383285611975
7290,0.0033096383285611975
7291,0.0033096383285611975
7292,0.0033096383285611975
7293,0.0033096383285611975
7294,0.0033096383285611975
7295,0.0033096383285611975
7296,0.0033096383285611975
7297,0.0033096383285611975
7298,0.0033096383285611975
7299,0.0033096383285611975
7300,0.0033096383285611975
7301,0.0033096383285611975
7302,0.0033096383285611975
7303,0.0033096383285611975
7304,0.0033096383285611975
7305,0.0033096383285611975
7306,0.0033096383285611975
7307,0.0033096383285611975
7308,0.0033096383285611975
7309,0.0033096383285611975
7310,0.0033096383285611975
7311,0.0033096383285611975
7312,0.0033096383285611975
7313,0.0033096383285611975
7314,0.0033096383285611975
7315,0.0033096383285611975
7316,0.0033096383285611975
7317,0.0033096383285611975
7318,0.0033096383285611975
7319,0.0033096383285611975
7320,0.0033096383285611975
7321,0.0033096383285611975
7322,0.0033096383285611975
7323,0.0033096383285611975
7324,0.0033096383285611975
7325,0.0033096383285611975
7326,0.0033096383285611975
7327,0.0033096383285611975
7328,0.0033096383285611975
7329,0.0033096383285611975
7330,0.0033096383285611975
7331,0.0033096383285611975
7332,0.0033096383285611975
7333,0.0033096383285611975
7334,0.0033096383285611975
7335,0.0033096383285611975
7336,0.0033096383285611975
7337,0.0033096383285611975
7338,0.0033096383285611975
7339,0.0033096383285611975
7340,0.0033096383285611975
7341,0.0033096383285611975
7342,0.0033096383285611975
7343,0.0033096383285611975
7344,0.0033096383285611975
7345,0.0033096383285611975
7346,0.0033096383285611975
7347,0.0033096383285611975
7348,0.0033096383285611975
7349,0.0033096383285611975
7350,0.0033096383285611975
7351,0.0033096383285611975
7352,0.0033096383285611975
7353,0.0033096383285611975
7354,0.0033096383285611975
7355,0.0033096383285611975
7356,0.0033096383285611975
7357,0.0033096383285611975
7358,0.0033096383285611975
7359,0.0033096383285611975
7360,0.0033096383285611975
7361,0.0033096383285611975
7362,0.0033096383285611975
7363,0.0033096383285611975
7364,0.0033096383285611975
7365,0.0033096383285611975
7366,0.0033096383285611975
7367,0.0033096383285611975
7368,0.0033096383285611975
7369,0.0033096383285611975
7370,0.0033096383285611975
7371,0.0033096383285611975
7372,0.0033096383285611975
7373,0.0033096383285611975
7374,0.0033096383285611975
7375,0.0033096383285611975
7376,0.0033096383285611975
7377,0.0033096383285611975
7378,0.0033096383285611975
7379,0.0033096383285611975
7380,0.0033096383285611975
7381,0.0033096383285611975
7382,0.0033096383285611975
7383,0.0033096383285611975
7384,0.0033096383285611975
7385,0.0033096383285611975
7386,0.0033096383285611975
7387,0.0033096383285611975
7388,0.0033096383285611975
7389,0.0033096383285611975
7390,0.0033096383285611975
7391,0.0033096383285611975
7392,0.0033096383285611975
7393,0.0033096383285611975
7394,0.0033096383285611975
7395,0.0033096383285611975
7396,0.0033096383285611975
7397,0.0033096383285611975
7398,0.0033096383285611975
7399,0.0033096383285611975
7400,0.0033096383285611975
7401,0.0033096383285611975
7402,0.0033096383285611975
7403,0.0033096383285611975
7404,0.0033096383285611975
7405,0.0033096383285611975
7406,0.0033096383285611975
7407,0.0033096383285611975
7408,0.0033096383285611975
7409,0.0033096383285611975
7410,0.0033096383285611975
7411,0.0033096383285611975
7412,0.0033096383285611975
7413,0.0033096383285611975
7414,0.0033096383285611975
7415,0.0033096383285611975
7416,0.0033096383285611975
7417,0.0033096383285611975
7418,0.0033096383285611975
7419,0.0033096383285611975
7420,0.0033096383285611975
7421,0.0033096383285611975
7422,0.0033096383285611975
7423,0.0033096383285611975
7424,0.0033096383285611975
7425,0.0033096383285611975
7426,0.0033096383285611975
7427,0.0033096383285611975
7428,0.0033096383285611975
7429,0.0033096383285611975
7430,0.0033096383285611975
7431,0.0033096383285611975
7432,0.0033096383285611975
7433,0.0033096383285611975
7434,0.0033096383285611975
7435,0.0033096383285611975
7436,0.0033096383285611975
7437,0.0033096383285611975
7438,0.0033096383285611975
7439,0.0033096383285611975
7440,0.0033096383285611975
7441,0.0033096383285611975
7442,0.0033096383285611975
7443,0.0033096383285611975
7444,0.0033096383285611975
7445,0.0033096383285611975
7446,0.0033096383285611975
7447,0.0033096383285611975
7448,0.0033096383285611975
7449,0.0033096383285611975
7450,0.0033096383285611975
7451,0.0033096383285611975
7452,0.0033096383285611975
7453,0.0033096383285611975
7454,0.0033096383285611975
7455,0.0033096383285611975
7456,0.0033096383285611975
7457,0.0033096383285611975
7458,0.0033096383285611975
7459,0.0033096383285611975
7460,0.0033096383285611975
7461,0.0033096383285611975
7462,0.0033096383285611975
7463,0.0033096383285611975
7464,0.0033096383285611975
7465,0.0033096383285611975
7466,0.0033096383285611975
7467,0.0033096383285611975
7468,0.0033096383285611975
7469,0.0033096383285611975
7470,0.0033096383285611975
7471,0.0033096383285611975
7472,0.0033096383285611975
7473,0.0033096383285611975
7474,0.0033096383285611975
7475,0.0033096383285611975
7476,0.0033096383285611975
7477,0.0033096383285611975
7478,0.0033096383285611975
7479,0.0033096383285611975
7480,0.0033096383285611975
7481,0.0033096383285611975
7482,0.0033096383285611975
7483,0.0033096383285611975
7484,0.0033096383285611975
7485,0.0033096383285611975
7486,0.0033096383285611975
7487,0.0033096383285611975
7488,0.0033096383285611975
7489,0.0033096383285611975
7490,0.0033096383285611975
7491,0.0033096383285611975
7492,0.0033096383285611975
7493,0.0033096383285611975
7494,0.0033096383285611975
7495,0.0033096383285611975
7496,0.0033096383285611975
7497,0.0033096383285611975
7498,0.0033096383285611975
7499,0.0033096383285611975
7500,0.0033096383285611975
7501,0.0033096383285611975
7502,0.0033096383285611975
7503,0.0033096383285611975
7504,0.0033096383285611975
7505,0.0033096383285611975
7506,0.0033096383285611975
7507,0.0033096383285611975
7508,0.0033096383285611975
7509,0.0033096383285611975
7510,0.0033096383285611975
7511,0.0033096383285611975
7512,0.0033096383285611975
7513,0.0033096383285611975
7514,0.0033096383285611975
7515,0.0033096383285611975
7516,0.0033096383285611975
7517,0.0033096383285611975
7518,0.0033096383285611975
7519,0.0033096383285611975
7520,0.0033096383285611975
7521,0.0033096383285611975
7522,0.0033096383285611975
7523,0.0033096383285611975
7524,0.0033096383285611975
7525,0.0033096383285611975
7526,0.0033096383285611975
7527,0.0033096383285611975
7528,0.0033096383285611975
7529,0.0033096383285611975
7530,0.0033096383285611975
7531,0.0033096383285611975
7532,0.0033096383285611975
7533,0.0033096383285611975
7534,0.0033096383285611975
7535,0.0033096383285611975
7536,0.0033096383285611975
7537,0.0033096383285611975
7538,0.0033096383285611975
7539,0.0033096383285611975
7540,0.0033096383285611975
7541,0.0033096383285611975
7542,0.0033096383285611975
7543,0.0033096383285611975
7544,0.0033096383285611975
7545,0.0033096383285611975
7546,0.0033096383285611975
7547,0.0033096383285611975
7548,0.0033096383285611975
7549,0.0033096383285611975
7550,0.0033096383285611975
7551,0.0033096383285611975
7552,0.0033096383285611975
7553,0.0033096383285611975
7554,0.0033096383285611975
7555,0.0033096383285611975
7556,0.0033096383285611975
7557,0.0033096383285611975
7558,0.0033096383285611975
7559,0.0033096383285611975
7560,0.0033096383285611975
7561,0.0033096383285611975
7562,0.0033096383285611975
7563,0.0033096383285611975
7564,0.0033096383285611975
7565,0.0033096383285611975
7566,0.0033096383285611975
7567,0.0033096383285611975
7568,0.0033096383285611975
7569,0.0033096383285611975
7570,0.0033096383285611975
7571,0.0033096383285611975
7572,0.0033096383285611975
7573,0.0033096383285611975
7574,0.0033096383285611975
7575,0.0033096383285611975
7576,0.0033096383285611975
7577,0.0033096383285611975
7578,0.0033096383285611975
7579,0.0033096383285611975
7580,0.0033096383285611975
7581,0.0033096383285611975
7582,0.0033096383285611975
7583,0.0033096383285611975
7584,0.0033096383285611975
7585,0.0033096383285611975
7586,0.0033096383285611975
7587,0.0033096383285611975
7588,0.0033096383285611975
7589,0.0033096383285611975
7590,0.0033096383285611975
7591,0.0033096383285611975
7592,0.0033096383285611975
7593,0.0033096383285611975
7594,0.0033096383285611975
7595,0.0033096383285611975
7596,0.0033096383285611975
7597,0.0033096383285611975
7598,0.0033096383285611975
7599,0.0033096383285611975
7600,0.0033096383285611975
7601,0.0033096383285611975
7602,0.0033096383285611975
7603,0.0033096383285611975
7604,0.0033096383285611975
7605,0.0033096383285611975
7606,0.0033096383285611975
7607,0.0033096383285611975
7608,0.0033096383285611975
7609,0.0033096383285611975
7610,0.0033096383285611975
7611,0.0033096383285611975
7612,0.0033096383285611975
7613,0.0033096383285611975
7614,0.0033096383285611975
7615,0.0033096383285611975
7616,0.0033096383285611975
7617,0.0033096383285611975
7618,0.0033096383285611975
7619,0.0033096383285611975
7620,0.0033096383285611975
7621,0.0033096383285611975
7622,0.0033096383285611975
7623,0.0033096383285611975
7624,0.0033096383285611975
7625,0.0033096383285611975
7626,0.0033096383285611975
7627,0.0033096383285611975
7628,0.0033096383285611975
7629,0.0033096383285611975
7630,0.0033096383285611975
7631,0.0033096383285611975
7632,0.0033096383285611975
7633,0.0033096383285611975
7634,0.0033096383285611975
7635,0.0033096383285611975
7636,0.0033096383285611975
7637,0.0033096383285611975
7638,0.0033096383285611975
7639,0.0033096383285611975
7640,0.0033096383285611975
7641,0.0033096383285611975
7642,0.0033096383285611975
7643,0.0033096383285611975
7644,0.0033096383285611975
7645,0.0033096383285611975
7646,0.0033096383285611975
7647,0.0033096383285611975
7648,0.0033096383285611975
7649,0.0033096383285611975
7650,0.0033096383285611975
7651,0.0033096383285611975
7652,0.0033096383285611975
7653,0.0033096383285611975
7654,0.0033096383285611975
7655,0.0033096383285611975
7656,0.0033096383285611975
7657,0.0033096383285611975
7658,0.0033096383285611975
7659,0.0033096383285611975
7660,0.0033096383285611975
7661,0.0033096383285611975
7662,0.0033096383285611975
7663,0.0033096383285611975
7664,0.0033096383285611975
7665,0.0033096383285611975
7666,0.0033096383285611975
7667,0.0033096383285611975
7668,0.0033096383285611975
7669,0.0033096383285611975
7670,0.0033096383285611975
7671,0.0033096383285611975
7672,0.0033096383285611975
7673,0.0033096383285611975
7674,0.0033096383285611975
7675,0.0033096383285611975
7676,0.0033096383285611975
7677,0.0033096383285611975
7678,0.0033096383285611975
7679,0.0033096383285611975
7680,0.0033096383285611975
7681,0.0033096383285611975
7682,0.0033096383285611975
7683,0.0033096383285611975
7684,0.0033096383285611975
7685,0.0033096383285611975
7686,0.0033096383285611975
7687,0.0033096383285611975
7688,0.0033096383285611975
7689,0.0033096383285611975
7690,0.0033096383285611975
7691,0.0033096383285611975
7692,0.0033096383285611975
7693,0.0033096383285611975
7694,0.0033096383285611975
7695,0.0033096383285611975
7696,0.0033096383285611975
7697,0.0033096383285611975
7698,0.0033096383285611975
7699,0.0033096383285611975
7700,0.0033096383285611975
7701,0.0033096383285611975
7702,0.0033096383285611975
7703,0.0033096383285611975
7704,0.0033096383285611975
7705,0.0033096383285611975
7706,0.0033096383285611975
7707,0.0033096383285611975
7708,0.0033096383285611975
7709,0.0033096383285611975
7710,0.0033096383285611975
7711,0.0033096383285611975
7712,0.0033096383285611975
7713,0.0033096383285611975
7714,0.0033096383285611975
7715,0.0033096383285611975
7716,0.0033096383285611975
7717,0.0033096383285611975
7718,0.0033096383285611975
7719,0.0033096383285611975
7720,0.0033096383285611975
7721,0.0033096383285611975
7722,0.0033096383285611975
7723,0.0033096383285611975
7724,0.0033096383285611975
7725,0.0033096383285611975
7726,0.0033096383285611975
7727,0.0033096383285611975
7728,0.0033096383285611975
7729,0.0033096383285611975
7730,0.0033096383285611975
7731,0.0033096383285611975
7732,0.0033096383285611975
7733,0.0033096383285611975
7734,0.0033096383285611975
7735,0.0033096383285611975
7736,0.0033096383285611975
7737,0.0033096383285611975
7738,0.0033096383285611975
7739,0.0033096383285611975
7740,0.0033096383285611975
7741,0.0033096383285611975
7742,0.0033096383285611975
7743,0.0033096383285611975
7744,0.0033096383285611975
7745,0.0033096383285611975
7746,0.0033096383285611975
7747,0.0033096383285611975
7748,0.0033096383285611975
7749,0.0033096383285611975
7750,0.0033096383285611975
7751,0.0033096383285611975
7752,0.0033096383285611975
7753,0.0033096383285611975
7754,0.0033096383285611975
7755,0.0033096383285611975
7756,0.0033096383285611975
7757,0.0033096383285611975
7758,0.0033096383285611975
7759,0.0033096383285611975
7760,0.0033096383285611975
7761,0.0033096383285611975
7762,0.0033096383285611975
7763,0.0033096383285611975
7764,0.0033096383285611975
7765,0.0033096383285611975
7766,0.0033096383285611975
7767,0.0033096383285611975
7768,0.0033096383285611975
7769,0.0033096383285611975
7770,0.0033096383285611975
7771,0.0033096383285611975
7772,0.0033096383285611975
7773,0.0033096383285611975
7774,0.0033096383285611975
7775,0.0033096383285611975
7776,0.0033096383285611975
7777,0.0033096383285611975
7778,0.0033096383285611975
7779,0.0033096383285611975
7780,0.0033096383285611975
7781,0.0033096383285611975
7782,0.0033096383285611975
7783,0.0033096383285611975
7784,0.0033096383285611975
7785,0.0033096383285611975
7786,0.0033096383285611975
7787,0.0033096383285611975
7788,0.0033096383285611975
7789,0.0033096383285611975
7790,0.0033096383285611975
7791,0.0033096383285611975
7792,0.0033096383285611975
7793,0.0033096383285611975
7794,0.0033096383285611975
7795,0.0033096383285611975
7796,0.0033096383285611975
7797,0.0033096383285611975
7798,0.0033096383285611975
7799,0.0033096383285611975
7800,0.0033096383285611975
7801,0.0033096383285611975
7802,0.0033096383285611975
7803,0.0033096383285611975
7804,0.0033096383285611975
7805,0.0033096383285611975
7806,0.0033096383285611975
7807,0.0033096383285611975
7808,0.0033096383285611975
7809,0.0033096383285611975
7810,0.0033096383285611975
7811,0.0033096383285611975
7812,0.0033096383285611975
7813,0.0033096383285611975
7814,0.0033096383285611975
7815,0.0033096383285611975
7816,0.0033096383285611975
7817,0.0033096383285611975
7818,0.0033096383285611975
7819,0.0033096383285611975
7820,0.0033096383285611975
7821,0.0033096383285611975
7822,0.0033096383285611975
7823,0.0033096383285611975
7824,0.0033096383285611975
7825,0.0033096383285611975
7826,0.0033096383285611975
7827,0.0033096383285611975
7828,0.0033096383285611975
7829,0.0033096383285611975
7830,0.0033096383285611975
7831,0.0033096383285611975
7832,0.0033096383285611975
7833,0.0033096383285611975
7834,0.0033096383285611975
7835,0.0033096383285611975
7836,0.0033096383285611975
7837,0.0033096383285611975
7838,0.0033096383285611975
7839,0.0033096383285611975
7840,0.0033096383285611975
7841,0.0033096383285611975
7842,0.0033096383285611975
7843,0.0033096383285611975
7844,0.0033096383285611975
7845,0.0033096383285611975
7846,0.0033096383285611975
7847,0.0033096383285611975
7848,0.0033096383285611975
7849,0.0033096383285611975
7850,0.0033096383285611975
7851,0.0033096383285611975
7852,0.0033096383285611975
7853,0.0033096383285611975
7854,0.0033096383285611975
7855,0.0033096383285611975
7856,0.0033096383285611975
7857,0.0033096383285611975
7858,0.0033096383285611975
7859,0.0033096383285611975
7860,0.0033096383285611975
7861,0.0033096383285611975
7862,0.0033096383285611975
7863,0.0033096383285611975
7864,0.0033096383285611975
7865,0.0033096383285611975
7866,0.0033096383285611975
7867,0.0033096383285611975
7868,0.0033096383285611975
7869,0.0033096383285611975
7870,0.0033096383285611975
7871,0.0033096383285611975
7872,0.0033096383285611975
7873,0.0033096383285611975
7874,0.0033096383285611975
7875,0.0033096383285611975
7876,0.0033096383285611975
7877,0.0033096383285611975
7878,0.0033096383285611975
7879,0.0033096383285611975
7880,0.0033096383285611975
7881,0.0033096383285611975
7882,0.0033096383285611975
7883,0.0033096383285611975
7884,0.0033096383285611975
7885,0.0033096383285611975
7886,0.0033096383285611975
7887,0.0033096383285611975
7888,0.0033096383285611975
7889,0.0033096383285611975
7890,0.0033096383285611975
7891,0.0033096383285611975
7892,0.0033096383285611975
7893,0.0033096383285611975
7894,0.0033096383285611975
7895,0.0033096383285611975
7896,0.0033096383285611975
7897,0.0033096383285611975
7898,0.0033096383285611975
7899,0.0033096383285611975
7900,0.0033096383285611975
7901,0.0033096383285611975
7902,0.0033096383285611975
7903,0.0033096383285611975
7904,0.0033096383285611975
7905,0.0033096383285611975
7906,0.0033096383285611975
7907,0.0033096383285611975
7908,0.0033096383285611975
7909,0.0033096383285611975
7910,0.0033096383285611975
7911,0.0033096383285611975
7912,0.0033096383285611975
7913,0.0033096383285611975
7914,0.0033096383285611975
7915,0.0033096383285611975
7916,0.0033096383285611975
7917,0.0033096383285611975
7918,0.0033096383285611975
7919,0.0033096383285611975
7920,0.0033096383285611975
7921,0.0033096383285611975
7922,0.0033096383285611975
7923,0.0033096383285611975
7924,0.0033096383285611975
7925,0.0033096383285611975
7926,0.0033096383285611975
7927,0.0033096383285611975
7928,0.0033096383285611975
7929,0.0033096383285611975
7930,0.0033096383285611975
7931,0.0033096383285611975
7932,0.0033096383285611975
7933,0.0033096383285611975
7934,0.0033096383285611975
7935,0.0033096383285611975
7936,0.0033096383285611975
7937,0.0033096383285611975
7938,0.0033096383285611975
7939,0.0033096383285611975
7940,0.0033096383285611975
7941,0.0033096383285611975
7942,0.0033096383285611975
7943,0.0033096383285611975
7944,0.0033096383285611975
7945,0.0033096383285611975
7946,0.0033096383285611975
7947,0.0033096383285611975
7948,0.0033096383285611975
7949,0.0033096383285611975
7950,0.0033096383285611975
7951,0.0033096383285611975
7952,0.0033096383285611975
7953,0.0033096383285611975
7954,0.0033096383285611975
7955,0.0033096383285611975
7956,0.0033096383285611975
7957,0.0033096383285611975
7958,0.0033096383285611975
7959,0.0033096383285611975
7960,0.0033096383285611975
7961,0.0033096383285611975
7962,0.0033096383285611975
7963,0.0033096383285611975
7964,0.0033096383285611975
7965,0.0033096383285611975
7966,0.0033096383285611975
7967,0.0033096383285611975
7968,0.0033096383285611975
7969,0.0033096383285611975
7970,0.0033096383285611975
7971,0.0033096383285611975
7972,0.0033096383285611975
7973,0.0033096383285611975
7974,0.0033096383285611975
7975,0.0033096383285611975
7976,0.0033096383285611975
7977,0.0033096383285611975
7978,0.0033096383285611975
7979,0.0033096383285611975
7980,0.0033096383285611975
7981,0.0033096383285611975
7982,0.0033096383285611975
7983,0.0033096383285611975
7984,0.0033096383285611975
7985,0.0033096383285611975
7986,0.0033096383285611975
7987,0.0033096383285611975
7988,0.0033096383285611975
7989,0.0033096383285611975
7990,0.0033096383285611975
7991,0.0033096383285611975
7992,0.0033096383285611975
7993,0.0033096383285611975
7994,0.0033096383285611975
7995,0.0033096383285611975
7996,0.0033096383285611975
7997,0.0033096383285611975
7998,0.0033096383285611975
7999,0.0033096383285611975
8000,0.0033096383285611975
8001,0.0033096383285611975
8002,0.0033096383285611975
8003,0.0033096383285611975
8004,0.0033096383285611975
8005,0.0033096383285611975
8006,0.0033096383285611975
8007,0.0033096383285611975
8008,0.0033096383285611975
8009,0.0033096383285611975
8010,0.0033096383285611975
8011,0.0033096383285611975
8012,0.0033096383285611975
8013,0.0033096383285611975
8014,0.0033096383285611975
8015,0.0033096383285611975
8016,0.0033096383285611975
8017,0.0033096383285611975
8018,0.0033096383285611975
8019,0.0033096383285611975
8020,0.0033096383285611975
8021,0.0033096383285611975
8022,0.0033096383285611975
8023,0.0033096383285611975
8024,0.0033096383285611975
8025,0.0033096383285611975
8026,0.0033096383285611975
8027,0.0033096383285611975
8028,0.0033096383285611975
8029,0.0033096383285611975
8030,0.0033096383285611975
8031,0.0033096383285611975
8032,0.0033096383285611975
8033,0.0033096383285611975
8034,0.0033096383285611975
8035,0.0033096383285611975
8036,0.0033096383285611975
8037,0.0033096383285611975
8038,0.0033096383285611975
8039,0.0033096383285611975
8040,0.0033096383285611975
8041,0.0033096383285611975
8042,0.0033096383285611975
8043,0.0033096383285611975
8044,0.0033096383285611975
8045,0.0033096383285611975
8046,0.0033096383285611975
8047,0.0033096383285611975
8048,0.0033096383285611975
8049,0.0033096383285611975
8050,0.0033096383285611975
8051,0.0033096383285611975
8052,0.0033096383285611975
8053,0.0033096383285611975
8054,0.0033096383285611975
8055,0.0033096383285611975
8056,0.0033096383285611975
8057,0.0033096383285611975
8058,0.0033096383285611975
8059,0.0033096383285611975
8060,0.0033096383285611975
8061,0.0033096383285611975
8062,0.0033096383285611975
8063,0.0033096383285611975
8064,0.0033096383285611975
8065,0.0033096383285611975
8066,0.0033096383285611975
8067,0.0033096383285611975
8068,0.0033096383285611975
8069,0.0033096383285611975
8070,0.0033096383285611975
8071,0.0033096383285611975
8072,0.0033096383285611975
8073,0.0033096383285611975
8074,0.0033096383285611975
8075,0.0033096383285611975
8076,0.0033096383285611975
8077,0.0033096383285611975
8078,0.0033096383285611975
8079,0.0033096383285611975
8080,0.0033096383285611975
8081,0.0033096383285611975
8082,0.0033096383285611975
8083,0.0033096383285611975
8084,0.0033096383285611975
8085,0.0033096383285611975
8086,0.0033096383285611975
8087,0.0033096383285611975
8088,0.0033096383285611975
8089,0.0033096383285611975
8090,0.0033096383285611975
8091,0.0033096383285611975
8092,0.0033096383285611975
8093,0.0033096383285611975
8094,0.0033096383285611975
8095,0.0033096383285611975
8096,0.0033096383285611975
8097,0.0033096383285611975
8098,0.0033096383285611975
8099,0.0033096383285611975
8100,0.0033096383285611975
8101,0.0033096383285611975
8102,0.0033096383285611975
8103,0.0033096383285611975
8104,0.0033096383285611975
8105,0.0033096383285611975
8106,0.0033096383285611975
8107,0.0033096383285611975
8108,0.0033096383285611975
8109,0.0033096383285611975
8110,0.0033096383285611975
8111,0.0033096383285611975
8112,0.0033096383285611975
8113,0.0033096383285611975
8114,0.0033096383285611975
8115,0.0033096383285611975
8116,0.0033096383285611975
8117,0.0033096383285611975
8118,0.0033096383285611975
8119,0.0033096383285611975
8120,0.0033096383285611975
8121,0.0033096383285611975
8122,0.0033096383285611975
8123,0.0033096383285611975
8124,0.0033096383285611975
8125,0.0033096383285611975
8126,0.0033096383285611975
8127,0.0033096383285611975
8128,0.0033096383285611975
8129,0.0033096383285611975
8130,0.0033096383285611975
8131,0.0033096383285611975
8132,0.0033096383285611975
8133,0.0033096383285611975
8134,0.0033096383285611975
8135,0.0033096383285611975
8136,0.0033096383285611975
8137,0.0033096383285611975
8138,0.0033096383285611975
8139,0.0033096383285611975
8140,0.0033096383285611975
8141,0.0033096383285611975
8142,0.0033096383285611975
8143,0.0033096383285611975
8144,0.0033096383285611975
8145,0.0033096383285611975
8146,0.0033096383285611975
8147,0.0033096383285611975
8148,0.0033096383285611975
8149,0.0033096383285611975
8150,0.0033096383285611975
8151,0.0033096383285611975
8152,0.0033096383285611975
8153,0.0033096383285611975
8154,0.0033096383285611975
8155,0.0033096383285611975
8156,0.0033096383285611975
8157,0.0033096383285611975
8158,0.0033096383285611975
8159,0.0033096383285611975
8160,0.0033096383285611975
8161,0.0033096383285611975
8162,0.0033096383285611975
8163,0.0033096383285611975
8164,0.0033096383285611975
8165,0.0033096383285611975
8166,0.0033096383285611975
8167,0.0033096383285611975
8168,0.0033096383285611975
8169,0.0033096383285611975
8170,0.0033096383285611975
8171,0.0033096383285611975
8172,0.0033096383285611975
8173,0.0033096383285611975
8174,0.0033096383285611975
8175,0.0033096383285611975
8176,0.0033096383285611975
8177,0.0033096383285611975
8178,0.0033096383285611975
8179,0.0033096383285611975
8180,0.0033096383285611975
8181,0.0033096383285611975
8182,0.0033096383285611975
8183,0.0033096383285611975
8184,0.0033096383285611975
8185,0.0033096383285611975
8186,0.0033096383285611975
8187,0.0033096383285611975
8188,0.0033096383285611975
8189,0.0033096383285611975
8190,0.0033096383285611975
8191,0.0033096383285611975
8192,0.0033096383285611975
8193,0.0033096383285611975
8194,0.0033096383285611975
8195,0.0033096383285611975
8196,0.0033096383285611975
8197,0.0033096383285611975
8198,0.0033096383285611975
8199,0.0033096383285611975
8200,0.0033096383285611975
8201,0.0033096383285611975
8202,0.0033096383285611975
8203,0.0033096383285611975
8204,0.0033096383285611975
8205,0.0033096383285611975
8206,0.0033096383285611975
8207,0.0033096383285611975
8208,0.0033096383285611975
8209,0.0033096383285611975
8210,0.0033096383285611975
8211,0.0033096383285611975
8212,0.0033096383285611975
8213,0.0033096383285611975
8214,0.0033096383285611975
8215,0.0033096383285611975
8216,0.0033096383285611975
8217,0.0033096383285611975
8218,0.0033096383285611975
8219,0.0033096383285611975
8220,0.0033096383285611975
8221,0.0033096383285611975
8222,0.0033096383285611975
8223,0.0033096383285611975
8224,0.0033096383285611975
8225,0.0033096383285611975
8226,0.0033096383285611975
8227,0.0033096383285611975
8228,0.0033096383285611975
8229,0.0033096383285611975
8230,0.0033096383285611975
8231,0.0033096383285611975
8232,0.0033096383285611975
8233,0.0033096383285611975
8234,0.0033096383285611975
8235,0.0033096383285611975
8236,0.0033096383285611975
8237,0.0033096383285611975
8238,0.0033096383285611975
8239,0.0033096383285611975
8240,0.0033096383285611975
8241,0.0033096383285611975
8242,0.0033096383285611975
8243,0.0033096383285611975
8244,0.0033096383285611975
8245,0.0033096383285611975
8246,0.0033096383285611975
8247,0.0033096383285611975
8248,0.0033096383285611975
8249,0.0033096383285611975
8250,0.0033096383285611975
8251,0.0033096383285611975
8252,0.0033096383285611975
8253,0.0033096383285611975
8254,0.0033096383285611975
8255,0.0033096383285611975
8256,0.0033096383285611975
8257,0.0033096383285611975
8258,0.0033096383285611975
8259,0.0033096383285611975
8260,0.0033096383285611975
8261,0.0033096383285611975
8262,0.0033096383285611975
8263,0.0033096383285611975
8264,0.0033096383285611975
8265,0.0033096383285611975
8266,0.0033096383285611975
8267,0.0033096383285611975
8268,0.0033096383285611975
8269,0.0033096383285611975
8270,0.0033096383285611975
8271,0.0033096383285611975
8272,0.0033096383285611975
8273,0.0033096383285611975
8274,0.0033096383285611975
8275,0.0033096383285611975
8276,0.0033096383285611975
8277,0.0033096383285611975
8278,0.0033096383285611975
8279,0.0033096383285611975
8280,0.0033096383285611975
8281,0.0033096383285611975
8282,0.0033096383285611975
8283,0.0033096383285611975
8284,0.0033096383285611975
8285,0.0033096383285611975
8286,0.0033096383285611975
8287,0.0033096383285611975
8288,0.0033096383285611975
8289,0.0033096383285611975
8290,0.0033096383285611975
8291,0.0033096383285611975
8292,0.0033096383285611975
8293,0.0033096383285611975
8294,0.0033096383285611975
8295,0.0033096383285611975
8296,0.0033096383285611975
8297,0.0033096383285611975
8298,0.0033096383285611975
8299,0.0033096383285611975
8300,0.0033096383285611975
8301,0.0033096383285611975
8302,0.0033096383285611975
8303,0.0033096383285611975
8304,0.0033096383285611975
8305,0.0033096383285611975
8306,0.0033096383285611975
8307,0.0033096383285611975
8308,0.0033096383285611975
8309,0.0033096383285611975
8310,0.0033096383285611975
8311,0.0033096383285611975
8312,0.0033096383285611975
8313,0.0033096383285611975
8314,0.0033096383285611975
8315,0.0033096383285611975
8316,0.0033096383285611975
8317,0.0033096383285611975
8318,0.0033096383285611975
8319,0.0033096383285611975
8320,0.0033096383285611975
8321,0.0033096383285611975
8322,0.0033096383285611975
8323,0.0033096383285611975
8324,0.0033096383285611975
8325,0.0033096383285611975
8326,0.0033096383285611975
8327,0.0033096383285611975
8328,0.0033096383285611975
8329,0.0033096383285611975
8330,0.0033096383285611975
8331,0.0033096383285611975
8332,0.0033096383285611975
8333,0.0033096383285611975
8334,0.0033096383285611975
8335,0.0033096383285611975
8336,0.0033096383285611975
8337,0.0033096383285611975
8338,0.0033096383285611975
8339,0.0033096383285611975
8340,0.0033096383285611975
8341,0.0033096383285611975
8342,0.0033096383285611975
8343,0.0033096383285611975
8344,0.0033096383285611975
8345,0.0033096383285611975
8346,0.0033096383285611975
8347,0.0033096383285611975
8348,0.0033096383285611975
8349,0.0033096383285611975
8350,0.0033096383285611975
8351,0.0033096383285611975
8352,0.0033096383285611975
8353,0.0033096383285611975
8354,0.0033096383285611975
8355,0.0033096383285611975
8356,0.0033096383285611975
8357,0.0033096383285611975
8358,0.0033096383285611975
8359,0.0033096383285611975
8360,0.0033096383285611975
8361,0.0033096383285611975
8362,0.0033096383285611975
8363,0.0033096383285611975
8364,0.0033096383285611975
8365,0.0033096383285611975
8366,0.0033096383285611975
8367,0.0033096383285611975
8368,0.0033096383285611975
8369,0.0033096383285611975
8370,0.0033096383285611975
8371,0.0033096383285611975
8372,0.0033096383285611975
8373,0.0033096383285611975
8374,0.0033096383285611975
8375,0.0033096383285611975
8376,0.0033096383285611975
8377,0.0033096383285611975
8378,0.0033096383285611975
8379,0.0033096383285611975
8380,0.0033096383285611975
8381,0.0033096383285611975
8382,0.0033096383285611975
8383,0.0033096383285611975
8384,0.0033096383285611975
8385,0.0033096383285611975
8386,0.0033096383285611975
8387,0.0033096383285611975
8388,0.0033096383285611975
8389,0.0033096383285611975
8390,0.0033096383285611975
8391,0.0033096383285611975
8392,0.0033096383285611975
8393,0.0033096383285611975
8394,0.0033096383285611975
8395,0.0033096383285611975
8396,0.0033096383285611975
8397,0.0033096383285611975
8398,0.0033096383285611975
8399,0.0033096383285611975
8400,0.0033096383285611975
8401,0.0033096383285611975
8402,0.0033096383285611975
8403,0.0033096383285611975
8404,0.0033096383285611975
8405,0.0033096383285611975
8406,0.0033096383285611975
8407,0.0033096383285611975
8408,0.0033096383285611975
8409,0.0033096383285611975
8410,0.0033096383285611975
8411,0.0033096383285611975
8412,0.0033096383285611975
8413,0.0033096383285611975
8414,0.0033096383285611975
8415,0.0033096383285611975
8416,0.0033096383285611975
8417,0.0033096383285611975
8418,0.0033096383285611975
8419,0.0033096383285611975
8420,0.0033096383285611975
8421,0.0033096383285611975
8422,0.0033096383285611975
8423,0.0033096383285611975
8424,0.0033096383285611975
8425,0.0033096383285611975
8426,0.0033096383285611975
8427,0.0033096383285611975
8428,0.0033096383285611975
8429,0.0033096383285611975
8430,0.0033096383285611975
8431,0.0033096383285611975
8432,0.0033096383285611975
8433,0.0033096383285611975
8434,0.0033096383285611975
8435,0.0033096383285611975
8436,0.0033096383285611975
8437,0.0033096383285611975
8438,0.0033096383285611975
8439,0.0033096383285611975
8440,0.0033096383285611975
8441,0.0033096383285611975
8442,0.0033096383285611975
8443,0.0033096383285611975
8444,0.0033096383285611975
8445,0.0033096383285611975
8446,0.0033096383285611975
8447,0.0033096383285611975
8448,0.0033096383285611975
8449,0.0033096383285611975
8450,0.0033096383285611975
8451,0.0033096383285611975
8452,0.0033096383285611975
8453,0.0033096383285611975
8454,0.0033096383285611975
8455,0.0033096383285611975
8456,0.0033096383285611975
8457,0.0033096383285611975
8458,0.0033096383285611975
8459,0.0033096383285611975
8460,0.0033096383285611975
8461,0.0033096383285611975
8462,0.0033096383285611975
8463,0.0033096383285611975
8464,0.0033096383285611975
8465,0.0033096383285611975
8466,0.0033096383285611975
8467,0.0033096383285611975
8468,0.0033096383285611975
8469,0.0033096383285611975
8470,0.0033096383285611975
8471,0.0033096383285611975
8472,0.0033096383285611975
8473,0.0033096383285611975
8474,0.0033096383285611975
8475,0.0033096383285611975
8476,0.0033096383285611975
8477,0.0033096383285611975
8478,0.0033096383285611975
8479,0.0033096383285611975
8480,0.0033096383285611975
8481,0.0033096383285611975
8482,0.0033096383285611975
8483,0.0033096383285611975
8484,0.0033096383285611975
8485,0.0033096383285611975
8486,0.0033096383285611975
8487,0.0033096383285611975
8488,0.0033096383285611975
8489,0.0033096383285611975
8490,0.0033096383285611975
8491,0.0033096383285611975
8492,0.0033096383285611975
8493,0.0033096383285611975
8494,0.0033096383285611975
8495,0.0033096383285611975
8496,0.0033096383285611975
8497,0.0033096383285611975
8498,0.0033096383285611975
8499,0.0033096383285611975
8500,0.0033096383285611975
8501,0.0033096383285611975
8502,0.0033096383285611975
8503,0.0033096383285611975
8504,0.0033096383285611975
8505,0.0033096383285611975
8506,0.0033096383285611975
8507,0.0033096383285611975
8508,0.0033096383285611975
8509,0.0033096383285611975
8510,0.0033096383285611975
8511,0.0033096383285611975
8512,0.0033096383285611975
8513,0.0033096383285611975
8514,0.0033096383285611975
8515,0.0033096383285611975
8516,0.0033096383285611975
8517,0.0033096383285611975
8518,0.0033096383285611975
8519,0.0033096383285611975
8520,0.0033096383285611975
8521,0.0033096383285611975
8522,0.0033096383285611975
8523,0.0033096383285611975
8524,0.0033096383285611975
8525,0.0033096383285611975
8526,0.0033096383285611975
8527,0.0033096383285611975
8528,0.0033096383285611975
8529,0.0033096383285611975
8530,0.0033096383285611975
8531,0.0033096383285611975
8532,0.0033096383285611975
8533,0.0033096383285611975
8534,0.0033096383285611975
8535,0.0033096383285611975
8536,0.0033096383285611975
8537,0.0033096383285611975
8538,0.0033096383285611975
8539,0.0033096383285611975
8540,0.0033096383285611975
8541,0.0033096383285611975
8542,0.0033096383285611975
8543,0.0033096383285611975
8544,0.0033096383285611975
8545,0.0033096383285611975
8546,0.0033096383285611975
8547,0.0033096383285611975
8548,0.0033096383285611975
8549,0.0033096383285611975
8550,0.0033096383285611975
8551,0.0033096383285611975
8552,0.0033096383285611975
8553,0.0033096383285611975
8554,0.0033096383285611975
8555,0.0033096383285611975
8556,0.0033096383285611975
8557,0.0033096383285611975
8558,0.0033096383285611975
8559,0.0033096383285611975
8560,0.0033096383285611975
8561,0.0033096383285611975
8562,0.0033096383285611975
8563,0.0033096383285611975
8564,0.0033096383285611975
8565,0.0033096383285611975
8566,0.0033096383285611975
8567,0.0033096383285611975
8568,0.0033096383285611975
8569,0.0033096383285611975
8570,0.0033096383285611975
8571,0.0033096383285611975
8572,0.0033096383285611975
8573,0.0033096383285611975
8574,0.0033096383285611975
8575,0.0033096383285611975
8576,0.0033096383285611975
8577,0.0033096383285611975
8578,0.0033096383285611975
8579,0.0033096383285611975
8580,0.0033096383285611975
8581,0.0033096383285611975
8582,0.0033096383285611975
8583,0.0033096383285611975
8584,0.0033096383285611975
8585,0.0033096383285611975
8586,0.0033096383285611975
8587,0.0033096383285611975
8588,0.0033096383285611975
8589,0.0033096383285611975
8590,0.0033096383285611975
8591,0.0033096383285611975
8592,0.0033096383285611975
8593,0.0033096383285611975
8594,0.0033096383285611975
8595,0.0033096383285611975
8596,0.0033096383285611975
8597,0.0033096383285611975
8598,0.0033096383285611975
8599,0.0033096383285611975
8600,0.0033096383285611975
8601,0.0033096383285611975
8602,0.0033096383285611975
8603,0.0033096383285611975
8604,0.0033096383285611975
8605,0.0033096383285611975
8606,0.0033096383285611975
8607,0.0033096383285611975
8608,0.0033096383285611975
8609,0.0033096383285611975
8610,0.0033096383285611975
8611,0.0033096383285611975
8612,0.0033096383285611975
8613,0.0033096383285611975
8614,0.0033096383285611975
8615,0.0033096383285611975
8616,0.0033096383285611975
8617,0.0033096383285611975
8618,0.0033096383285611975
8619,0.0033096383285611975
8620,0.0033096383285611975
8621,0.0033096383285611975
8622,0.0033096383285611975
8623,0.0033096383285611975
8624,0.0033096383285611975
8625,0.0033096383285611975
8626,0.0033096383285611975
8627,0.0033096383285611975
8628,0.0033096383285611975
8629,0.0033096383285611975
8630,0.0033096383285611975
8631,0.0033096383285611975
8632,0.0033096383285611975
8633,0.0033096383285611975
8634,0.0033096383285611975
8635,0.0033096383285611975
8636,0.0033096383285611975
8637,0.0033096383285611975
8638,0.0033096383285611975
8639,0.0033096383285611975
8640,0.0033096383285611975
8641,0.0033096383285611975
8642,0.0033096383285611975
8643,0.0033096383285611975
8644,0.0033096383285611975
8645,0.0033096383285611975
8646,0.0033096383285611975
8647,0.0033096383285611975
8648,0.0033096383285611975
8649,0.0033096383285611975
8650,0.0033096383285611975
8651,0.0033096383285611975
8652,0.0033096383285611975
8653,0.0033096383285611975
8654,0.0033096383285611975
8655,0.0033096383285611975
8656,0.0033096383285611975
8657,0.0033096383285611975
8658,0.0033096383285611975
8659,0.0033096383285611975
8660,0.0033096383285611975
8661,0.0033096383285611975
8662,0.0033096383285611975
8663,0.0033096383285611975
8664,0.0033096383285611975
8665,0.0033096383285611975
8666,0.0033096383285611975
8667,0.0033096383285611975
8668,0.0033096383285611975
8669,0.0033096383285611975
8670,0.0033096383285611975
8671,0.0033096383285611975
8672,0.0033096383285611975
8673,0.0033096383285611975
8674,0.0033096383285611975
8675,0.0033096383285611975
8676,0.0033096383285611975
8677,0.0033096383285611975
8678,0.0033096383285611975
8679,0.0033096383285611975
8680,0.0033096383285611975
8681,0.0033096383285611975
8682,0.0033096383285611975
8683,0.0033096383285611975
8684,0.0033096383285611975
8685,0.0033096383285611975
8686,0.0033096383285611975
8687,0.0033096383285611975
8688,0.0033096383285611975
8689,0.0033096383285611975
8690,0.0033096383285611975
8691,0.0033096383285611975
8692,0.0033096383285611975
8693,0.0033096383285611975
8694,0.0033096383285611975
8695,0.0033096383285611975
8696,0.0033096383285611975
8697,0.0033096383285611975
8698,0.0033096383285611975
8699,0.0033096383285611975
8700,0.0033096383285611975
8701,0.0033096383285611975
8702,0.0033096383285611975
8703,0.0033096383285611975
8704,0.0033096383285611975
8705,0.0033096383285611975
8706,0.0033096383285611975
8707,0.0033096383285611975
8708,0.0033096383285611975
8709,0.0033096383285611975
8710,0.0033096383285611975
8711,0.0033096383285611975
8712,0.0033096383285611975
8713,0.0033096383285611975
8714,0.0033096383285611975
8715,0.0033096383285611975
8716,0.0033096383285611975
8717,0.0033096383285611975
8718,0.0033096383285611975
8719,0.0033096383285611975
8720,0.0033096383285611975
8721,0.0033096383285611975
8722,0.0033096383285611975
8723,0.0033096383285611975
8724,0.0033096383285611975
8725,0.0033096383285611975
8726,0.0033096383285611975
8727,0.0033096383285611975
8728,0.0033096383285611975
8729,0.0033096383285611975
8730,0.0033096383285611975
8731,0.0033096383285611975
8732,0.0033096383285611975
8733,0.0033096383285611975
8734,0.0033096383285611975
8735,0.0033096383285611975
8736,0.0033096383285611975
8737,0.0033096383285611975
8738,0.0033096383285611975
8739,0.0033096383285611975
8740,0.0033096383285611975
8741,0.0033096383285611975
8742,0.0033096383285611975
8743,0.0033096383285611975
8744,0.0033096383285611975
8745,0.0033096383285611975
8746,0.0033096383285611975
8747,0.0033096383285611975
8748,0.0033096383285611975
8749,0.0033096383285611975
8750,0.0033096383285611975
8751,0.0033096383285611975
8752,0.0033096383285611975
8753,0.0033096383285611975
8754,0.0033096383285611975
8755,0.0033096383285611975
8756,0.0033096383285611975
8757,0.0033096383285611975
8758,0.0033096383285611975
8759,0.0033096383285611975
8760,0.0033096383285611975
8761,0.0033096383285611975
8762,0.0033096383285611975
8763,0.0033096383285611975
8764,0.0033096383285611975
8765,0.0033096383285611975
8766,0.0033096383285611975
8767,0.0033096383285611975
8768,0.0033096383285611975
8769,0.0033096383285611975
8770,0.0033096383285611975
8771,0.0033096383285611975
8772,0.0033096383285611975
8773,0.0033096383285611975
8774,0.0033096383285611975
8775,0.0033096383285611975
8776,0.0033096383285611975
8777,0.0033096383285611975
8778,0.0033096383285611975
8779,0.0033096383285611975
8780,0.0033096383285611975
8781,0.0033096383285611975
8782,0.0033096383285611975
8783,0.0033096383285611975
8784,0.0033096383285611975
8785,0.0033096383285611975
8786,0.0033096383285611975
8787,0.0033096383285611975
8788,0.0033096383285611975
8789,0.0033096383285611975
8790,0.0033096383285611975
8791,0.0033096383285611975
8792,0.0033096383285611975
8793,0.0033096383285611975
8794,0.0033096383285611975
8795,0.0033096383285611975
8796,0.0033096383285611975
8797,0.0033096383285611975
8798,0.0033096383285611975
8799,0.0033096383285611975
8800,0.0033096383285611975
8801,0.0033096383285611975
8802,0.0033096383285611975
8803,0.0033096383285611975
8804,0.0033096383285611975
8805,0.0033096383285611975
8806,0.0033096383285611975
8807,0.0033096383285611975
8808,0.0033096383285611975
8809,0.0033096383285611975
8810,0.0033096383285611975
8811,0.0033096383285611975
8812,0.0033096383285611975
8813,0.0033096383285611975
8814,0.0033096383285611975
8815,0.0033096383285611975
8816,0.0033096383285611975
8817,0.0033096383285611975
8818,0.0033096383285611975
8819,0.0033096383285611975
8820,0.0033096383285611975
8821,0.0033096383285611975
8822,0.0033096383285611975
8823,0.0033096383285611975
8824,0.0033096383285611975
8825,0.0033096383285611975
8826,0.0033096383285611975
8827,0.0033096383285611975
8828,0.0033096383285611975
8829,0.0033096383285611975
8830,0.0033096383285611975
8831,0.0033096383285611975
8832,0.0033096383285611975
8833,0.0033096383285611975
8834,0.0033096383285611975
8835,0.0033096383285611975
8836,0.0033096383285611975
8837,0.0033096383285611975
8838,0.0033096383285611975
8839,0.0033096383285611975
8840,0.0033096383285611975
8841,0.0033096383285611975
8842,0.0033096383285611975
8843,0.0033096383285611975
8844,0.0033096383285611975
8845,0.0033096383285611975
8846,0.0033096383285611975
8847,0.0033096383285611975
8848,0.0033096383285611975
8849,0.0033096383285611975
8850,0.0033096383285611975
8851,0.0033096383285611975
8852,0.0033096383285611975
8853,0.0033096383285611975
8854,0.0033096383285611975
8855,0.0033096383285611975
8856,0.0033096383285611975
8857,0.0033096383285611975
8858,0.0033096383285611975
8859,0.0033096383285611975
8860,0.0033096383285611975
8861,0.0033096383285611975
8862,0.0033096383285611975
8863,0.0033096383285611975
8864,0.0033096383285611975
8865,0.0033096383285611975
8866,0.0033096383285611975
8867,0.0033096383285611975
8868,0.0033096383285611975
8869,0.0033096383285611975
8870,0.0033096383285611975
8871,0.0033096383285611975
8872,0.0033096383285611975
8873,0.0033096383285611975
8874,0.0033096383285611975
8875,0.0033096383285611975
8876,0.0033096383285611975
8877,0.0033096383285611975
8878,0.0033096383285611975
8879,0.0033096383285611975
8880,0.0033096383285611975
8881,0.0033096383285611975
8882,0.0033096383285611975
8883,0.0033096383285611975
8884,0.0033096383285611975
8885,0.0033096383285611975
8886,0.0033096383285611975
8887,0.0033096383285611975
8888,0.0033096383285611975
8889,0.0033096383285611975
8890,0.0033096383285611975
8891,0.0033096383285611975
8892,0.0033096383285611975
8893,0.0033096383285611975
8894,0.0033096383285611975
8895,0.0033096383285611975
8896,0.0033096383285611975
8897,0.0033096383285611975
8898,0.0033096383285611975
8899,0.0033096383285611975
8900,0.0033096383285611975
8901,0.0033096383285611975
8902,0.0033096383285611975
8903,0.0033096383285611975
8904,0.0033096383285611975
8905,0.0033096383285611975
8906,0.0033096383285611975
8907,0.0033096383285611975
8908,0.0033096383285611975
8909,0.0033096383285611975
8910,0.0033096383285611975
8911,0.0033096383285611975
8912,0.0033096383285611975
8913,0.0033096383285611975
8914,0.0033096383285611975
8915,0.0033096383285611975
8916,0.0033096383285611975
8917,0.0033096383285611975
8918,0.0033096383285611975
8919,0.0033096383285611975
8920,0.0033096383285611975
8921,0.0033096383285611975
8922,0.0033096383285611975
8923,0.0033096383285611975
8924,0.0033096383285611975
8925,0.0033096383285611975
8926,0.0033096383285611975
8927,0.0033096383285611975
8928,0.0033096383285611975
8929,0.0033096383285611975
8930,0.0033096383285611975
8931,0.0033096383285611975
8932,0.0033096383285611975
8933,0.0033096383285611975
8934,0.0033096383285611975
8935,0.0033096383285611975
8936,0.0033096383285611975
8937,0.0033096383285611975
8938,0.0033096383285611975
8939,0.0033096383285611975
8940,0.0033096383285611975
8941,0.0033096383285611975
8942,0.0033096383285611975
8943,0.0033096383285611975
8944,0.0033096383285611975
8945,0.0033096383285611975
8946,0.0033096383285611975
8947,0.0033096383285611975
8948,0.0033096383285611975
8949,0.0033096383285611975
8950,0.0033096383285611975
8951,0.0033096383285611975
8952,0.0033096383285611975
8953,0.0033096383285611975
8954,0.0033096383285611975
8955,0.0033096383285611975
8956,0.0033096383285611975
8957,0.0033096383285611975
8958,0.0033096383285611975
8959,0.0033096383285611975
8960,0.0033096383285611975
8961,0.0033096383285611975
8962,0.0033096383285611975
8963,0.0033096383285611975
8964,0.0033096383285611975
8965,0.0033096383285611975
8966,0.0033096383285611975
8967,0.0033096383285611975
8968,0.0033096383285611975
8969,0.0033096383285611975
8970,0.0033096383285611975
8971,0.0033096383285611975
8972,0.0033096383285611975
8973,0.0033096383285611975
8974,0.0033096383285611975
8975,0.0033096383285611975
8976,0.0033096383285611975
8977,0.0033096383285611975
8978,0.0033096383285611975
8979,0.0033096383285611975
8980,0.0033096383285611975
8981,0.0033096383285611975
8982,0.0033096383285611975
8983,0.0033096383285611975
8984,0.0033096383285611975
8985,0.0033096383285611975
8986,0.0033096383285611975
8987,0.0033096383285611975
8988,0.0033096383285611975
8989,0.0033096383285611975
8990,0.0033096383285611975
8991,0.0033096383285611975
8992,0.0033096383285611975
8993,0.0033096383285611975
8994,0.0033096383285611975
8995,0.0033096383285611975
8996,0.0033096383285611975
8997,0.0033096383285611975
8998,0.0033096383285611975
8999,0.0033096383285611975
9000,0.0033096383285611975
9001,0.0033096383285611975
9002,0.0033096383285611975
9003,0.0033096383285611975
9004,0.0033096383285611975
9005,0.0033096383285611975
9006,0.0033096383285611975
9007,0.0033096383285611975
9008,0.0033096383285611975
9009,0.0033096383285611975
9010,0.0033096383285611975
9011,0.0033096383285611975
9012,0.0033096383285611975
9013,0.0033096383285611975
9014,0.0033096383285611975
9015,0.0033096383285611975
9016,0.0033096383285611975
9017,0.0033096383285611975
9018,0.0033096383285611975
9019,0.0033096383285611975
9020,0.0033096383285611975
9021,0.0033096383285611975
9022,0.0033096383285611975
9023,0.0033096383285611975
9024,0.0033096383285611975
9025,0.0033096383285611975
9026,0.0033096383285611975
9027,0.0033096383285611975
9028,0.0033096383285611975
9029,0.0033096383285611975
9030,0.0033096383285611975
9031,0.0033096383285611975
9032,0.0033096383285611975
9033,0.0033096383285611975
9034,0.0033096383285611975
9035,0.0033096383285611975
9036,0.0033096383285611975
9037,0.0033096383285611975
9038,0.0033096383285611975
9039,0.0033096383285611975
9040,0.0033096383285611975
9041,0.0033096383285611975
9042,0.0033096383285611975
9043,0.0033096383285611975
9044,0.0033096383285611975
9045,0.0033096383285611975
9046,0.0033096383285611975
9047,0.0033096383285611975
9048,0.0033096383285611975
9049,0.0033096383285611975
9050,0.0033096383285611975
9051,0.0033096383285611975
9052,0.0033096383285611975
9053,0.0033096383285611975
9054,0.0033096383285611975
9055,0.0033096383285611975
9056,0.0033096383285611975
9057,0.0033096383285611975
9058,0.0033096383285611975
9059,0.0033096383285611975
9060,0.0033096383285611975
9061,0.0033096383285611975
9062,0.0033096383285611975
9063,0.0033096383285611975
9064,0.0033096383285611975
9065,0.0033096383285611975
9066,0.0033096383285611975
9067,0.0033096383285611975
9068,0.0033096383285611975
9069,0.0033096383285611975
9070,0.0033096383285611975
9071,0.0033096383285611975
9072,0.0033096383285611975
9073,0.0033096383285611975
9074,0.0033096383285611975
9075,0.0033096383285611975
9076,0.0033096383285611975
9077,0.0033096383285611975
9078,0.0033096383285611975
9079,0.0033096383285611975
9080,0.0033096383285611975
9081,0.0033096383285611975
9082,0.0033096383285611975
9083,0.0033096383285611975
9084,0.0033096383285611975
9085,0.0033096383285611975
9086,0.0033096383285611975
9087,0.0033096383285611975
9088,0.0033096383285611975
9089,0.0033096383285611975
9090,0.0033096383285611975
9091,0.0033096383285611975
9092,0.0033096383285611975
9093,0.0033096383285611975
9094,0.0033096383285611975
9095,0.0033096383285611975
9096,0.0033096383285611975
9097,0.0033096383285611975
9098,0.0033096383285611975
9099,0.0033096383285611975
9100,0.0033096383285611975
9101,0.0033096383285611975
9102,0.0033096383285611975
9103,0.0033096383285611975
9104,0.0033096383285611975
9105,0.0033096383285611975
9106,0.0033096383285611975
9107,0.0033096383285611975
9108,0.0033096383285611975
9109,0.0033096383285611975
9110,0.0033096383285611975
9111,0.0033096383285611975
9112,0.0033096383285611975
9113,0.0033096383285611975
9114,0.0033096383285611975
9115,0.0033096383285611975
9116,0.0033096383285611975
9117,0.0033096383285611975
9118,0.0033096383285611975
9119,0.0033096383285611975
9120,0.0033096383285611975
9121,0.0033096383285611975
9122,0.0033096383285611975
9123,0.0033096383285611975
9124,0.0033096383285611975
9125,0.0033096383285611975
9126,0.0033096383285611975
9127,0.0033096383285611975
9128,0.0033096383285611975
9129,0.0033096383285611975
9130,0.0033096383285611975
9131,0.0033096383285611975
9132,0.0033096383285611975
9133,0.0033096383285611975
9134,0.0033096383285611975
9135,0.0033096383285611975
9136,0.0033096383285611975
9137,0.0033096383285611975
9138,0.0033096383285611975
9139,0.0033096383285611975
9140,0.0033096383285611975
9141,0.0033096383285611975
9142,0.0033096383285611975
9143,0.0033096383285611975
9144,0.0033096383285611975
9145,0.0033096383285611975
9146,0.0033096383285611975
9147,0.0033096383285611975
9148,0.0033096383285611975
9149,0.0033096383285611975
9150,0.0033096383285611975
9151,0.0033096383285611975
9152,0.0033096383285611975
9153,0.0033096383285611975
9154,0.0033096383285611975
9155,0.0033096383285611975
9156,0.0033096383285611975
9157,0.0033096383285611975
9158,0.0033096383285611975
9159,0.0033096383285611975
9160,0.0033096383285611975
9161,0.0033096383285611975
9162,0.0033096383285611975
9163,0.0033096383285611975
9164,0.0033096383285611975
9165,0.0033096383285611975
9166,0.0033096383285611975
9167,0.0033096383285611975
9168,0.0033096383285611975
9169,0.0033096383285611975
9170,0.0033096383285611975
9171,0.0033096383285611975
9172,0.0033096383285611975
9173,0.0033096383285611975
9174,0.0033096383285611975
9175,0.0033096383285611975
9176,0.0033096383285611975
9177,0.0033096383285611975
9178,0.0033096383285611975
9179,0.0033096383285611975
9180,0.0033096383285611975
9181,0.0033096383285611975
9182,0.0033096383285611975
9183,0.0033096383285611975
9184,0.0033096383285611975
9185,0.0033096383285611975
9186,0.0033096383285611975
9187,0.0033096383285611975
9188,0.0033096383285611975
9189,0.0033096383285611975
9190,0.0033096383285611975
9191,0.0033096383285611975
9192,0.0033096383285611975
9193,0.0033096383285611975
9194,0.0033096383285611975
9195,0.0033096383285611975
9196,0.0033096383285611975
9197,0.0033096383285611975
9198,0.0033096383285611975
9199,0.0033096383285611975
9200,0.0033096383285611975
9201,0.0033096383285611975
9202,0.0033096383285611975
9203,0.0033096383285611975
9204,0.0033096383285611975
9205,0.0033096383285611975
9206,0.0033096383285611975
9207,0.0033096383285611975
9208,0.0033096383285611975
9209,0.0033096383285611975
9210,0.0033096383285611975
9211,0.0033096383285611975
9212,0.0033096383285611975
9213,0.0033096383285611975
9214,0.0033096383285611975
9215,0.0033096383285611975
9216,0.0033096383285611975
9217,0.0033096383285611975
9218,0.0033096383285611975
9219,0.0033096383285611975
9220,0.0033096383285611975
9221,0.0033096383285611975
9222,0.0033096383285611975
9223,0.0033096383285611975
9224,0.0033096383285611975
9225,0.0033096383285611975
9226,0.0033096383285611975
9227,0.0033096383285611975
9228,0.0033096383285611975
9229,0.0033096383285611975
9230,0.0033096383285611975
9231,0.0033096383285611975
9232,0.0033096383285611975
9233,0.0033096383285611975
9234,0.0033096383285611975
9235,0.0033096383285611975
9236,0.0033096383285611975
9237,0.0033096383285611975
9238,0.0033096383285611975
9239,0.0033096383285611975
9240,0.0033096383285611975
9241,0.0033096383285611975
9242,0.0033096383285611975
9243,0.0033096383285611975
9244,0.0033096383285611975
9245,0.0033096383285611975
9246,0.0033096383285611975
9247,0.0033096383285611975
9248,0.0033096383285611975
9249,0.0033096383285611975
9250,0.0033096383285611975
9251,0.0033096383285611975
9252,0.0033096383285611975
9253,0.0033096383285611975
9254,0.0033096383285611975
9255,0.0033096383285611975
9256,0.0033096383285611975
9257,0.0033096383285611975
9258,0.0033096383285611975
9259,0.0033096383285611975
9260,0.0033096383285611975
9261,0.0033096383285611975
9262,0.0033096383285611975
9263,0.0033096383285611975
9264,0.0033096383285611975
9265,0.0033096383285611975
9266,0.0033096383285611975
9267,0.0033096383285611975
9268,0.0033096383285611975
9269,0.0033096383285611975
9270,0.0033096383285611975
9271,0.0033096383285611975
9272,0.0033096383285611975
9273,0.0033096383285611975
9274,0.0033096383285611975
9275,0.0033096383285611975
9276,0.0033096383285611975
9277,0.0033096383285611975
9278,0.0033096383285611975
9279,0.0033096383285611975
9280,0.0033096383285611975
9281,0.0033096383285611975
9282,0.0033096383285611975
9283,0.0033096383285611975
9284,0.0033096383285611975
9285,0.0033096383285611975
9286,0.0033096383285611975
9287,0.0033096383285611975
9288,0.0033096383285611975
9289,0.0033096383285611975
9290,0.0033096383285611975
9291,0.0033096383285611975
9292,0.0033096383285611975
9293,0.0033096383285611975
9294,0.0033096383285611975
9295,0.0033096383285611975
9296,0.0033096383285611975
9297,0.0033096383285611975
9298,0.0033096383285611975
9299,0.0033096383285611975
9300,0.0033096383285611975
9301,0.0033096383285611975
9302,0.0033096383285611975
9303,0.0033096383285611975
9304,0.0033096383285611975
9305,0.0033096383285611975
9306,0.0033096383285611975
9307,0.0033096383285611975
9308,0.0033096383285611975
9309,0.0033096383285611975
9310,0.0033096383285611975
9311,0.0033096383285611975
9312,0.0033096383285611975
9313,0.0033096383285611975
9314,0.0033096383285611975
9315,0.0033096383285611975
9316,0.0033096383285611975
9317,0.0033096383285611975
9318,0.0033096383285611975
9319,0.0033096383285611975
9320,0.0033096383285611975
9321,0.0033096383285611975
9322,0.0033096383285611975
9323,0.0033096383285611975
9324,0.0033096383285611975
9325,0.0033096383285611975
9326,0.0033096383285611975
9327,0.0033096383285611975
9328,0.0033096383285611975
9329,0.0033096383285611975
9330,0.0033096383285611975
9331,0.0033096383285611975
9332,0.0033096383285611975
9333,0.0033096383285611975
9334,0.0033096383285611975
9335,0.0033096383285611975
9336,0.0033096383285611975
9337,0.0033096383285611975
9338,0.0033096383285611975
9339,0.0033096383285611975
9340,0.0033096383285611975
9341,0.0033096383285611975
9342,0.0033096383285611975
9343,0.0033096383285611975
9344,0.0033096383285611975
9345,0.0033096383285611975
9346,0.0033096383285611975
9347,0.0033096383285611975
9348,0.0033096383285611975
9349,0.0033096383285611975
9350,0.0033096383285611975
9351,0.0033096383285611975
9352,0.0033096383285611975
9353,0.0033096383285611975
9354,0.0033096383285611975
9355,0.0033096383285611975
9356,0.0033096383285611975
9357,0.0033096383285611975
9358,0.0033096383285611975
9359,0.0033096383285611975
9360,0.0033096383285611975
9361,0.0033096383285611975
9362,0.0033096383285611975
9363,0.0033096383285611975
9364,0.0033096383285611975
9365,0.0033096383285611975
9366,0.0033096383285611975
9367,0.0033096383285611975
9368,0.0033096383285611975
9369,0.0033096383285611975
9370,0.0033096383285611975
9371,0.0033096383285611975
9372,0.0033096383285611975
9373,0.0033096383285611975
9374,0.0033096383285611975
9375,0.0033096383285611975
9376,0.0033096383285611975
9377,0.0033096383285611975
9378,0.0033096383285611975
9379,0.0033096383285611975
9380,0.0033096383285611975
9381,0.0033096383285611975
9382,0.0033096383285611975
9383,0.0033096383285611975
9384,0.0033096383285611975
9385,0.0033096383285611975
9386,0.0033096383285611975
9387,0.0033096383285611975
9388,0.0033096383285611975
9389,0.0033096383285611975
9390,0.0033096383285611975
9391,0.0033096383285611975
9392,0.0033096383285611975
9393,0.0033096383285611975
9394,0.0033096383285611975
9395,0.0033096383285611975
9396,0.0033096383285611975
9397,0.0033096383285611975
9398,0.0033096383285611975
9399,0.0033096383285611975
9400,0.0033096383285611975
9401,0.0033096383285611975
9402,0.0033096383285611975
9403,0.0033096383285611975
9404,0.0033096383285611975
9405,0.0033096383285611975
9406,0.0033096383285611975
9407,0.0033096383285611975
9408,0.0033096383285611975
9409,0.0033096383285611975
9410,0.0033096383285611975
9411,0.0033096383285611975
9412,0.0033096383285611975
9413,0.0033096383285611975
9414,0.0033096383285611975
9415,0.0033096383285611975
9416,0.0033096383285611975
9417,0.0033096383285611975
9418,0.0033096383285611975
9419,0.0033096383285611975
9420,0.0033096383285611975
9421,0.0033096383285611975
9422,0.0033096383285611975
9423,0.0033096383285611975
9424,0.0033096383285611975
9425,0.0033096383285611975
9426,0.0033096383285611975
9427,0.0033096383285611975
9428,0.0033096383285611975
9429,0.0033096383285611975
9430,0.0033096383285611975
9431,0.0033096383285611975
9432,0.0033096383285611975
9433,0.0033096383285611975
9434,0.0033096383285611975
9435,0.0033096383285611975
9436,0.0033096383285611975
9437,0.0033096383285611975
9438,0.0033096383285611975
9439,0.0033096383285611975
9440,0.0033096383285611975
9441,0.0033096383285611975
9442,0.0033096383285611975
9443,0.0033096383285611975
9444,0.0033096383285611975
9445,0.0033096383285611975
9446,0.0033096383285611975
9447,0.0033096383285611975
9448,0.0033096383285611975
9449,0.0033096383285611975
9450,0.0033096383285611975
9451,0.0033096383285611975
9452,0.0033096383285611975
9453,0.0033096383285611975
9454,0.0033096383285611975
9455,0.0033096383285611975
9456,0.0033096383285611975
9457,0.0033096383285611975
9458,0.0033096383285611975
9459,0.0033096383285611975
9460,0.0033096383285611975
9461,0.0033096383285611975
9462,0.0033096383285611975
9463,0.0033096383285611975
9464,0.0033096383285611975
9465,0.0033096383285611975
9466,0.0033096383285611975
9467,0.0033096383285611975
9468,0.0033096383285611975
9469,0.0033096383285611975
9470,0.0033096383285611975
9471,0.0033096383285611975
9472,0.0033096383285611975
9473,0.0033096383285611975
9474,0.0033096383285611975
9475,0.0033096383285611975
9476,0.0033096383285611975
9477,0.0033096383285611975
9478,0.0033096383285611975
9479,0.0033096383285611975
9480,0.0033096383285611975
9481,0.0033096383285611975
9482,0.0033096383285611975
9483,0.0033096383285611975
9484,0.0033096383285611975
9485,0.0033096383285611975
9486,0.0033096383285611975
9487,0.0033096383285611975
9488,0.0033096383285611975
9489,0.0033096383285611975
9490,0.0033096383285611975
9491,0.0033096383285611975
9492,0.0033096383285611975
9493,0.0033096383285611975
9494,0.0033096383285611975
9495,0.0033096383285611975
9496,0.0033096383285611975
9497,0.0033096383285611975
9498,0.0033096383285611975
9499,0.0033096383285611975
9500,0.0033096383285611975
9501,0.0033096383285611975
9502,0.0033096383285611975
9503,0.0033096383285611975
9504,0.0033096383285611975
9505,0.0033096383285611975
9506,0.0033096383285611975
9507,0.0033096383285611975
9508,0.0033096383285611975
9509,0.0033096383285611975
9510,0.0033096383285611975
9511,0.0033096383285611975
9512,0.0033096383285611975
9513,0.0033096383285611975
9514,0.0033096383285611975
9515,0.0033096383285611975
9516,0.0033096383285611975
9517,0.0033096383285611975
9518,0.0033096383285611975
9519,0.0033096383285611975
9520,0.0033096383285611975
9521,0.0033096383285611975
9522,0.0033096383285611975
9523,0.0033096383285611975
9524,0.0033096383285611975
9525,0.0033096383285611975
9526,0.0033096383285611975
9527,0.0033096383285611975
9528,0.0033096383285611975
9529,0.0033096383285611975
9530,0.0033096383285611975
9531,0.0033096383285611975
9532,0.0033096383285611975
9533,0.0033096383285611975
9534,0.0033096383285611975
9535,0.0033096383285611975
9536,0.0033096383285611975
9537,0.0033096383285611975
9538,0.0033096383285611975
9539,0.0033096383285611975
9540,0.0033096383285611975
9541,0.0033096383285611975
9542,0.0033096383285611975
9543,0.0033096383285611975
9544,0.0033096383285611975
9545,0.0033096383285611975
9546,0.0033096383285611975
9547,0.0033096383285611975
9548,0.0033096383285611975
9549,0.0033096383285611975
9550,0.0033096383285611975
9551,0.0033096383285611975
9552,0.0033096383285611975
9553,0.0033096383285611975
9554,0.0033096383285611975
9555,0.0033096383285611975
9556,0.0033096383285611975
9557,0.0033096383285611975
9558,0.0033096383285611975
9559,0.0033096383285611975
9560,0.0033096383285611975
9561,0.0033096383285611975
9562,0.0033096383285611975
9563,0.0033096383285611975
9564,0.0033096383285611975
9565,0.0033096383285611975
9566,0.0033096383285611975
9567,0.0033096383285611975
9568,0.0033096383285611975
9569,0.0033096383285611975
9570,0.0033096383285611975
9571,0.0033096383285611975
9572,0.0033096383285611975
9573,0.0033096383285611975
9574,0.0033096383285611975
9575,0.0033096383285611975
9576,0.0033096383285611975
9577,0.0033096383285611975
9578,0.0033096383285611975
9579,0.0033096383285611975
9580,0.0033096383285611975
9581,0.0033096383285611975
9582,0.0033096383285611975
9583,0.0033096383285611975
9584,0.0033096383285611975
9585,0.0033096383285611975
9586,0.0033096383285611975
9587,0.0033096383285611975
9588,0.0033096383285611975
9589,0.0033096383285611975
9590,0.0033096383285611975
9591,0.0033096383285611975
9592,0.0033096383285611975
9593,0.0033096383285611975
9594,0.0033096383285611975
9595,0.0033096383285611975
9596,0.0033096383285611975
9597,0.0033096383285611975
9598,0.0033096383285611975
9599,0.0033096383285611975
9600,0.0033096383285611975
9601,0.0033096383285611975
9602,0.0033096383285611975
9603,0.0033096383285611975
9604,0.0033096383285611975
9605,0.0033096383285611975
9606,0.0033096383285611975
9607,0.0033096383285611975
9608,0.0033096383285611975
9609,0.0033096383285611975
9610,0.0033096383285611975
9611,0.0033096383285611975
9612,0.0033096383285611975
9613,0.0033096383285611975
9614,0.0033096383285611975
9615,0.0033096383285611975
9616,0.0033096383285611975
9617,0.0033096383285611975
9618,0.0033096383285611975
9619,0.0033096383285611975
9620,0.0033096383285611975
9621,0.0033096383285611975
9622,0.0033096383285611975
9623,0.0033096383285611975
9624,0.0033096383285611975
9625,0.0033096383285611975
9626,0.0033096383285611975
9627,0.0033096383285611975
9628,0.0033096383285611975
9629,0.0033096383285611975
9630,0.0033096383285611975
9631,0.0033096383285611975
9632,0.0033096383285611975
9633,0.0033096383285611975
9634,0.0033096383285611975
9635,0.0033096383285611975
9636,0.0033096383285611975
9637,0.0033096383285611975
9638,0.0033096383285611975
9639,0.0033096383285611975
9640,0.0033096383285611975
9641,0.0033096383285611975
9642,0.0033096383285611975
9643,0.0033096383285611975
9644,0.0033096383285611975
9645,0.0033096383285611975
9646,0.0033096383285611975
9647,0.0033096383285611975
9648,0.0033096383285611975
9649,0.0033096383285611975
9650,0.0033096383285611975
9651,0.0033096383285611975
9652,0.0033096383285611975
9653,0.0033096383285611975
9654,0.0033096383285611975
9655,0.0033096383285611975
9656,0.0033096383285611975
9657,0.0033096383285611975
9658,0.0033096383285611975
9659,0.0033096383285611975
9660,0.0033096383285611975
9661,0.0033096383285611975
9662,0.0033096383285611975
9663,0.0033096383285611975
9664,0.0033096383285611975
9665,0.0033096383285611975
9666,0.0033096383285611975
9667,0.0033096383285611975
9668,0.0033096383285611975
9669,0.0033096383285611975
9670,0.0033096383285611975
9671,0.0033096383285611975
9672,0.0033096383285611975
9673,0.0033096383285611975
9674,0.0033096383285611975
9675,0.0033096383285611975
9676,0.0033096383285611975
9677,0.0033096383285611975
9678,0.0033096383285611975
9679,0.0033096383285611975
9680,0.0033096383285611975
9681,0.0033096383285611975
9682,0.0033096383285611975
9683,0.0033096383285611975
9684,0.0033096383285611975
9685,0.0033096383285611975
9686,0.0033096383285611975
9687,0.0033096383285611975
9688,0.0033096383285611975
9689,0.0033096383285611975
9690,0.0033096383285611975
9691,0.0033096383285611975
9692,0.0033096383285611975
9693,0.0033096383285611975
9694,0.0033096383285611975
9695,0.0033096383285611975
9696,0.0033096383285611975
9697,0.0033096383285611975
9698,0.0033096383285611975
9699,0.0033096383285611975
9700,0.0033096383285611975
9701,0.0033096383285611975
9702,0.0033096383285611975
9703,0.0033096383285611975
9704,0.0033096383285611975
9705,0.0033096383285611975
9706,0.0033096383285611975
9707,0.0033096383285611975
9708,0.0033096383285611975
9709,0.0033096383285611975
9710,0.0033096383285611975
9711,0.0033096383285611975
9712,0.0033096383285611975
9713,0.0033096383285611975
9714,0.0033096383285611975
9715,0.0033096383285611975
9716,0.0033096383285611975
9717,0.0033096383285611975
9718,0.0033096383285611975
9719,0.0033096383285611975
9720,0.0033096383285611975
9721,0.0033096383285611975
9722,0.0033096383285611975
9723,0.0033096383285611975
9724,0.0033096383285611975
9725,0.0033096383285611975
9726,0.0033096383285611975
9727,0.0033096383285611975
9728,0.0033096383285611975
9729,0.0033096383285611975
9730,0.0033096383285611975
9731,0.0033096383285611975
9732,0.0033096383285611975
9733,0.0033096383285611975
9734,0.0033096383285611975
9735,0.0033096383285611975
9736,0.0033096383285611975
9737,0.0033096383285611975
9738,0.0033096383285611975
9739,0.0033096383285611975
9740,0.0033096383285611975
9741,0.0033096383285611975
9742,0.0033096383285611975
9743,0.0033096383285611975
9744,0.0033096383285611975
9745,0.0033096383285611975
9746,0.0033096383285611975
9747,0.0033096383285611975
9748,0.0033096383285611975
9749,0.0033096383285611975
9750,0.0033096383285611975
9751,0.0033096383285611975
9752,0.0033096383285611975
9753,0.0033096383285611975
9754,0.0033096383285611975
9755,0.0033096383285611975
9756,0.0033096383285611975
9757,0.0033096383285611975
9758,0.0033096383285611975
9759,0.0033096383285611975
9760,0.0033096383285611975
9761,0.0033096383285611975
9762,0.0033096383285611975
9763,0.0033096383285611975
9764,0.0033096383285611975
9765,0.0033096383285611975
9766,0.0033096383285611975
9767,0.0033096383285611975
9768,0.0033096383285611975
9769,0.0033096383285611975
9770,0.0033096383285611975
9771,0.0033096383285611975
9772,0.0033096383285611975
9773,0.0033096383285611975
9774,0.0033096383285611975
9775,0.0033096383285611975
9776,0.0033096383285611975
9777,0.0033096383285611975
9778,0.0033096383285611975
9779,0.0033096383285611975
9780,0.0033096383285611975
9781,0.0033096383285611975
9782,0.0033096383285611975
9783,0.0033096383285611975
9784,0.0033096383285611975
9785,0.0033096383285611975
9786,0.0033096383285611975
9787,0.0033096383285611975
9788,0.0033096383285611975
9789,0.0033096383285611975
9790,0.0033096383285611975
9791,0.0033096383285611975
9792,0.0033096383285611975
9793,0.0033096383285611975
9794,0.0033096383285611975
9795,0.0033096383285611975
9796,0.0033096383285611975
9797,0.0033096383285611975
9798,0.0033096383285611975
9799,0.0033096383285611975
9800,0.0033096383285611975
9801,0.0033096383285611975
9802,0.0033096383285611975
9803,0.0033096383285611975
9804,0.0033096383285611975
9805,0.0033096383285611975
9806,0.0033096383285611975
9807,0.0033096383285611975
9808,0.0033096383285611975
9809,0.0033096383285611975
9810,0.0033096383285611975
9811,0.0033096383285611975
9812,0.0033096383285611975
9813,0.0033096383285611975
9814,0.0033096383285611975
9815,0.0033096383285611975
9816,0.0033096383285611975
9817,0.0033096383285611975
9818,0.0033096383285611975
9819,0.0033096383285611975
9820,0.0033096383285611975
9821,0.0033096383285611975
9822,0.0033096383285611975
9823,0.0033096383285611975
9824,0.0033096383285611975
9825,0.0033096383285611975
9826,0.0033096383285611975
9827,0.0033096383285611975
9828,0.0033096383285611975
9829,0.0033096383285611975
9830,0.0033096383285611975
9831,0.0033096383285611975
9832,0.0033096383285611975
9833,0.0033096383285611975
9834,0.0033096383285611975
9835,0.0033096383285611975
9836,0.0033096383285611975
9837,0.0033096383285611975
9838,0.0033096383285611975
9839,0.0033096383285611975
9840,0.0033096383285611975
9841,0.0033096383285611975
9842,0.0033096383285611975
9843,0.0033096383285611975
9844,0.0033096383285611975
9845,0.0033096383285611975
9846,0.0033096383285611975
9847,0.0033096383285611975
9848,0.0033096383285611975
9849,0.0033096383285611975
9850,0.0033096383285611975
9851,0.0033096383285611975
9852,0.0033096383285611975
9853,0.0033096383285611975
9854,0.0033096383285611975
9855,0.0033096383285611975
9856,0.0033096383285611975
9857,0.0033096383285611975
9858,0.0033096383285611975
9859,0.0033096383285611975
9860,0.0033096383285611975
9861,0.0033096383285611975
9862,0.0033096383285611975
9863,0.0033096383285611975
9864,0.0033096383285611975
9865,0.0033096383285611975
9866,0.0033096383285611975
9867,0.0033096383285611975
9868,0.0033096383285611975
9869,0.0033096383285611975
9870,0.0033096383285611975
9871,0.0033096383285611975
9872,0.0033096383285611975
9873,0.0033096383285611975
9874,0.0033096383285611975
9875,0.0033096383285611975
9876,0.0033096383285611975
9877,0.0033096383285611975
9878,0.0033096383285611975
9879,0.0033096383285611975
9880,0.0033096383285611975
9881,0.0033096383285611975
9882,0.0033096383285611975
9883,0.0033096383285611975
9884,0.0033096383285611975
9885,0.0033096383285611975
9886,0.0033096383285611975
9887,0.0033096383285611975
9888,0.0033096383285611975
9889,0.0033096383285611975
9890,0.0033096383285611975
9891,0.0033096383285611975
9892,0.0033096383285611975
9893,0.0033096383285611975
9894,0.0033096383285611975
9895,0.0033096383285611975
9896,0.0033096383285611975
9897,0.0033096383285611975
9898,0.0033096383285611975
9899,0.0033096383285611975
9900,0.0033096383285611975
9901,0.0033096383285611975
9902,0.0033096383285611975
9903,0.0033096383285611975
9904,0.0033096383285611975
9905,0.0033096383285611975
9906,0.0033096383285611975
9907,0.0033096383285611975
9908,0.0033096383285611975
9909,0.0033096383285611975
9910,0.0033096383285611975
9911,0.0033096383285611975
9912,0.0033096383285611975
9913,0.0033096383285611975
9914,0.0033096383285611975
9915,0.0033096383285611975
9916,0.0033096383285611975
9917,0.0033096383285611975
9918,0.0033096383285611975
9919,0.0033096383285611975
9920,0.0033096383285611975
9921,0.0033096383285611975
9922,0.0033096383285611975
9923,0.0033096383285611975
9924,0.0033096383285611975
9925,0.0033096383285611975
9926,0.0033096383285611975
9927,0.0033096383285611975
9928,0.0033096383285611975
9929,0.0033096383285611975
9930,0.0033096383285611975
9931,0.0033096383285611975
9932,0.0033096383285611975
9933,0.0033096383285611975
9934,0.0033096383285611975
9935,0.0033096383285611975
9936,0.0033096383285611975
9937,0.0033096383285611975
9938,0.0033096383285611975
9939,0.0033096383285611975
9940,0.0033096383285611975
9941,0.0033096383285611975
9942,0.0033096383285611975
9943,0.0033096383285611975
9944,0.0033096383285611975
9945,0.0033096383285611975
9946,0.0033096383285611975
9947,0.0033096383285611975
9948,0.0033096383285611975
9949,0.0033096383285611975
9950,0.0033096383285611975
9951,0.0033096383285611975
9952,0.0033096383285611975
9953,0.0033096383285611975
9954,0.0033096383285611975
9955,0.0033096383285611975
9956,0.0033096383285611975
9957,0.0033096383285611975
9958,0.0033096383285611975
9959,0.0033096383285611975
9960,0.0033096383285611975
9961,0.0033096383285611975
9962,0.0033096383285611975
9963,0.0033096383285611975
9964,0.0033096383285611975
9965,0.0033096383285611975
9966,0.0033096383285611975
9967,0.0033096383285611975
9968,0.0033096383285611975
9969,0.0033096383285611975
9970,0.0033096383285611975
9971,0.0033096383285611975
9972,0.0033096383285611975
9973,0.0033096383285611975
9974,0.0033096383285611975
9975,0.0033096383285611975
9976,0.0033096383285611975
9977,0.0033096383285611975
9978,0.0033096383285611975
9979,0.0033096383285611975
9980,0.0033096383285611975
9981,0.0033096383285611975
9982,0.0033096383285611975
9983,0.0033096383285611975
9984,0.0033096383285611975
9985,0.0033096383285611975
9986,0.0033096383285611975
9987,0.0033096383285611975
9988,0.0033096383285611975
9989,0.0033096383285611975
9990,0.0033096383285611975
9991,0.0033096383285611975
9992,0.0033096383285611975
9993,0.0033096383285611975
9994,0.0033096383285611975
9995,0.0033096383285611975
9996,0.0033096383285611975
9997,0.0033096383285611975
9998,0.0033096383285611975
9999,0.0033096383285611975
10000,0.0033096383285611975
10001,0.0033096383285611975
10002,0.0033096383285611975
10003,0.0033096383285611975
10004,0.0033096383285611975
10005,0.0033096383285611975
10006,0.0033096383285611975
10007,0.0033096383285611975
10008,0.0033096383285611975
10009,0.0033096383285611975
10010,0.0033096383285611975
10011,0.0033096383285611975
10012,0.0033096383285611975
10013,0.0033096383285611975
10014,0.0033096383285611975
10015,0.0033096383285611975
10016,0.0033096383285611975
10017,0.0033096383285611975
10018,0.0033096383285611975
10019,0.0033096383285611975
10020,0.0033096383285611975
10021,0.0033096383285611975
10022,0.0033096383285611975
10023,0.0033096383285611975
10024,0.0033096383285611975
10025,0.0033096383285611975
10026,0.0033096383285611975
10027,0.0033096383285611975
10028,0.0033096383285611975
10029,0.0033096383285611975
10030,0.0033096383285611975
10031,0.0033096383285611975
10032,0.0033096383285611975
10033,0.0033096383285611975
10034,0.0033096383285611975
10035,0.0033096383285611975
10036,0.0033096383285611975
10037,0.0033096383285611975
10038,0.0033096383285611975
10039,0.0033096383285611975
10040,0.0033096383285611975
10041,0.0033096383285611975
10042,0.0033096383285611975
10043,0.0033096383285611975
10044,0.0033096383285611975
10045,0.0033096383285611975
10046,0.0033096383285611975
10047,0.0033096383285611975
10048,0.0033096383285611975
10049,0.0033096383285611975
10050,0.0033096383285611975
10051,0.0033096383285611975
10052,0.0033096383285611975
10053,0.0033096383285611975
10054,0.0033096383285611975
10055,0.0033096383285611975
10056,0.0033096383285611975
10057,0.0033096383285611975
10058,0.0033096383285611975
10059,0.0033096383285611975
10060,0.0033096383285611975
10061,0.0033096383285611975
10062,0.0033096383285611975
10063,0.0033096383285611975
10064,0.0033096383285611975
10065,0.0033096383285611975
10066,0.0033096383285611975
10067,0.0033096383285611975
10068,0.0033096383285611975
10069,0.0033096383285611975
10070,0.0033096383285611975
10071,0.0033096383285611975
10072,0.0033096383285611975
10073,0.0033096383285611975
10074,0.0033096383285611975
10075,0.0033096383285611975
10076,0.0033096383285611975
10077,0.0033096383285611975
10078,0.0033096383285611975
10079,0.0033096383285611975
10080,0.0033096383285611975
10081,0.0033096383285611975
10082,0.0033096383285611975
10083,0.0033096383285611975
10084,0.0033096383285611975
10085,0.0033096383285611975
10086,0.0033096383285611975
10087,0.0033096383285611975
10088,0.0033096383285611975
10089,0.0033096383285611975
10090,0.0033096383285611975
10091,0.0033096383285611975
10092,0.0033096383285611975
10093,0.0033096383285611975
10094,0.0033096383285611975
10095,0.0033096383285611975
10096,0.0033096383285611975
10097,0.0033096383285611975
10098,0.0033096383285611975
10099,0.0033096383285611975
10100,0.0033096383285611975
10101,0.0033096383285611975
10102,0.0033096383285611975
10103,0.0033096383285611975
10104,0.0033096383285611975
10105,0.0033096383285611975
10106,0.0033096383285611975
10107,0.0033096383285611975
10108,0.0033096383285611975
10109,0.0033096383285611975
10110,0.0033096383285611975
10111,0.0033096383285611975
10112,0.0033096383285611975
10113,0.0033096383285611975
10114,0.0033096383285611975
10115,0.0033096383285611975
10116,0.0033096383285611975
10117,0.0033096383285611975
10118,0.0033096383285611975
10119,0.0033096383285611975
10120,0.0033096383285611975
10121,0.0033096383285611975
10122,0.0033096383285611975
10123,0.0033096383285611975
10124,0.0033096383285611975
10125,0.0033096383285611975
10126,0.0033096383285611975
10127,0.0033096383285611975
10128,0.0033096383285611975
10129,0.0033096383285611975
10130,0.0033096383285611975
10131,0.0033096383285611975
10132,0.0033096383285611975
10133,0.0033096383285611975
10134,0.0033096383285611975
10135,0.0033096383285611975
10136,0.0033096383285611975
10137,0.0033096383285611975
10138,0.0033096383285611975
10139,0.0033096383285611975
10140,0.0033096383285611975
10141,0.0033096383285611975
10142,0.0033096383285611975
10143,0.0033096383285611975
10144,0.0033096383285611975
10145,0.0033096383285611975
10146,0.0033096383285611975
10147,0.0033096383285611975
10148,0.0033096383285611975
10149,0.0033096383285611975
10150,0.0033096383285611975
10151,0.0033096383285611975
10152,0.0033096383285611975
10153,0.0033096383285611975
10154,0.0033096383285611975
10155,0.0033096383285611975
10156,0.0033096383285611975
10157,0.0033096383285611975
10158,0.0033096383285611975
10159,0.0033096383285611975
10160,0.0033096383285611975
10161,0.0033096383285611975
10162,0.0033096383285611975
10163,0.0033096383285611975
10164,0.0033096383285611975
10165,0.0033096383285611975
10166,0.0033096383285611975
10167,0.0033096383285611975
10168,0.0033096383285611975
10169,0.0033096383285611975
10170,0.0033096383285611975
10171,0.0033096383285611975
10172,0.0033096383285611975
10173,0.0033096383285611975
10174,0.0033096383285611975
10175,0.0033096383285611975
10176,0.0033096383285611975
10177,0.0033096383285611975
10178,0.0033096383285611975
10179,0.0033096383285611975
10180,0.0033096383285611975
10181,0.0033096383285611975
10182,0.0033096383285611975
10183,0.0033096383285611975
10184,0.0033096383285611975
10185,0.0033096383285611975
10186,0.0033096383285611975
10187,0.0033096383285611975
10188,0.0033096383285611975
10189,0.0033096383285611975
10190,0.0033096383285611975
10191,0.0033096383285611975
10192,0.0033096383285611975
10193,0.0033096383285611975
10194,0.0033096383285611975
10195,0.0033096383285611975
10196,0.0033096383285611975
10197,0.0033096383285611975
10198,0.0033096383285611975
10199,0.0033096383285611975
10200,0.0033096383285611975
10201,0.0033096383285611975
10202,0.0033096383285611975
10203,0.0033096383285611975
10204,0.0033096383285611975
10205,0.0033096383285611975
10206,0.0033096383285611975
10207,0.0033096383285611975
10208,0.0033096383285611975
10209,0.0033096383285611975
10210,0.0033096383285611975
10211,0.0033096383285611975
10212,0.0033096383285611975
10213,0.0033096383285611975
10214,0.0033096383285611975
10215,0.0033096383285611975
10216,0.0033096383285611975
10217,0.0033096383285611975
10218,0.0033096383285611975
10219,0.0033096383285611975
10220,0.0033096383285611975
10221,0.0033096383285611975
10222,0.0033096383285611975
10223,0.0033096383285611975
10224,0.0033096383285611975
10225,0.0033096383285611975
10226,0.0033096383285611975
10227,0.0033096383285611975
10228,0.0033096383285611975
10229,0.0033096383285611975
10230,0.0033096383285611975
10231,0.0033096383285611975
10232,0.0033096383285611975
10233,0.0033096383285611975
10234,0.0033096383285611975
10235,0.0033096383285611975
10236,0.0033096383285611975
10237,0.0033096383285611975
10238,0.0033096383285611975
10239,0.0033096383285611975
10240,0.0033096383285611975
10241,0.0033096383285611975
10242,0.0033096383285611975
10243,0.0033096383285611975
10244,0.0033096383285611975
10245,0.0033096383285611975
10246,0.0033096383285611975
10247,0.0033096383285611975
10248,0.0033096383285611975
10249,0.0033096383285611975
10250,0.0033096383285611975
10251,0.0033096383285611975
10252,0.0033096383285611975
10253,0.0033096383285611975
10254,0.0033096383285611975
10255,0.0033096383285611975
10256,0.0033096383285611975
10257,0.0033096383285611975
10258,0.0033096383285611975
10259,0.0033096383285611975
10260,0.0033096383285611975
10261,0.0033096383285611975
10262,0.0033096383285611975
10263,0.0033096383285611975
10264,0.0033096383285611975
10265,0.0033096383285611975
10266,0.0033096383285611975
10267,0.0033096383285611975
10268,0.0033096383285611975
10269,0.0033096383285611975
10270,0.0033096383285611975
10271,0.0033096383285611975
10272,0.0033096383285611975
10273,0.0033096383285611975
10274,0.0033096383285611975
10275,0.0033096383285611975
10276,0.0033096383285611975
10277,0.0033096383285611975
10278,0.0033096383285611975
10279,0.0033096383285611975
10280,0.0033096383285611975
10281,0.0033096383285611975
10282,0.0033096383285611975
10283,0.0033096383285611975
10284,0.0033096383285611975
10285,0.0033096383285611975
10286,0.0033096383285611975
10287,0.0033096383285611975
10288,0.0033096383285611975
10289,0.0033096383285611975
10290,0.0033096383285611975
10291,0.0033096383285611975
10292,0.0033096383285611975
10293,0.0033096383285611975
10294,0.0033096383285611975
10295,0.0033096383285611975
10296,0.0033096383285611975
10297,0.0033096383285611975
10298,0.0033096383285611975
10299,0.0033096383285611975
10300,0.0033096383285611975
10301,0.0033096383285611975
10302,0.0033096383285611975
10303,0.0033096383285611975
10304,0.0033096383285611975
10305,0.0033096383285611975
10306,0.0033096383285611975
10307,0.0033096383285611975
10308,0.0033096383285611975
10309,0.0033096383285611975
10310,0.0033096383285611975
10311,0.0033096383285611975
10312,0.0033096383285611975
10313,0.0033096383285611975
10314,0.0033096383285611975
10315,0.0033096383285611975
10316,0.0033096383285611975
10317,0.0033096383285611975
10318,0.0033096383285611975
10319,0.0033096383285611975
10320,0.0033096383285611975
10321,0.0033096383285611975
10322,0.0033096383285611975
10323,0.0033096383285611975
10324,0.0033096383285611975
10325,0.0033096383285611975
10326,0.0033096383285611975
10327,0.0033096383285611975
10328,0.0033096383285611975
10329,0.0033096383285611975
10330,0.0033096383285611975
10331,0.0033096383285611975
10332,0.0033096383285611975
10333,0.0033096383285611975
10334,0.0033096383285611975
10335,0.0033096383285611975
10336,0.0033096383285611975
10337,0.0033096383285611975
10338,0.0033096383285611975
10339,0.0033096383285611975
10340,0.0033096383285611975
10341,0.0033096383285611975
10342,0.0033096383285611975
10343,0.0033096383285611975
10344,0.0033096383285611975
10345,0.0033096383285611975
10346,0.0033096383285611975
10347,0.0033096383285611975
10348,0.0033096383285611975
10349,0.0033096383285611975
10350,0.0033096383285611975
10351,0.0033096383285611975
10352,0.0033096383285611975
10353,0.0033096383285611975
10354,0.0033096383285611975
10355,0.0033096383285611975
10356,0.0033096383285611975
10357,0.0033096383285611975
10358,0.0033096383285611975
10359,0.0033096383285611975
10360,0.0033096383285611975
10361,0.0033096383285611975
10362,0.0033096383285611975
10363,0.0033096383285611975
10364,0.0033096383285611975
10365,0.0033096383285611975
10366,0.0033096383285611975
10367,0.0033096383285611975
10368,0.0033096383285611975
10369,0.0033096383285611975
10370,0.0033096383285611975
10371,0.0033096383285611975
10372,0.0033096383285611975
10373,0.0033096383285611975
10374,0.0033096383285611975
10375,0.0033096383285611975
10376,0.0033096383285611975
10377,0.0033096383285611975
10378,0.0033096383285611975
10379,0.0033096383285611975
10380,0.0033096383285611975
10381,0.0033096383285611975
10382,0.0033096383285611975
10383,0.0033096383285611975
10384,0.0033096383285611975
10385,0.0033096383285611975
10386,0.0033096383285611975
10387,0.0033096383285611975
10388,0.0033096383285611975
10389,0.0033096383285611975
10390,0.0033096383285611975
10391,0.0033096383285611975
10392,0.0033096383285611975
10393,0.0033096383285611975
10394,0.0033096383285611975
10395,0.0033096383285611975
10396,0.0033096383285611975
10397,0.0033096383285611975
10398,0.0033096383285611975
10399,0.0033096383285611975
10400,0.0033096383285611975
10401,0.0033096383285611975
10402,0.0033096383285611975
10403,0.0033096383285611975
10404,0.0033096383285611975
10405,0.0033096383285611975
10406,0.0033096383285611975
10407,0.0033096383285611975
10408,0.0033096383285611975
10409,0.0033096383285611975
10410,0.0033096383285611975
10411,0.0033096383285611975
10412,0.0033096383285611975
10413,0.0033096383285611975
10414,0.0033096383285611975
10415,0.0033096383285611975
10416,0.0033096383285611975
10417,0.0033096383285611975
10418,0.0033096383285611975
10419,0.0033096383285611975
10420,0.0033096383285611975
10421,0.0033096383285611975
10422,0.0033096383285611975
10423,0.0033096383285611975
10424,0.0033096383285611975
10425,0.0033096383285611975
10426,0.0033096383285611975
10427,0.0033096383285611975
10428,0.0033096383285611975
10429,0.0033096383285611975
10430,0.0033096383285611975
10431,0.0033096383285611975
10432,0.0033096383285611975
10433,0.0033096383285611975
10434,0.0033096383285611975
10435,0.0033096383285611975
10436,0.0033096383285611975
10437,0.0033096383285611975
10438,0.0033096383285611975
10439,0.0033096383285611975
10440,0.0033096383285611975
10441,0.0033096383285611975
10442,0.0033096383285611975
10443,0.0033096383285611975
10444,0.0033096383285611975
10445,0.0033096383285611975
10446,0.0033096383285611975
10447,0.0033096383285611975
10448,0.0033096383285611975
10449,0.0033096383285611975
10450,0.0033096383285611975
10451,0.0033096383285611975
10452,0.0033096383285611975
10453,0.0033096383285611975
10454,0.0033096383285611975
10455,0.0033096383285611975
10456,0.0033096383285611975
10457,0.0033096383285611975
10458,0.0033096383285611975
10459,0.0033096383285611975
10460,0.0033096383285611975
10461,0.0033096383285611975
10462,0.0033096383285611975
10463,0.0033096383285611975
10464,0.0033096383285611975
10465,0.0033096383285611975
10466,0.0033096383285611975
10467,0.0033096383285611975
10468,0.0033096383285611975
10469,0.0033096383285611975
10470,0.0033096383285611975
10471,0.0033096383285611975
10472,0.0033096383285611975
10473,0.0033096383285611975
10474,0.0033096383285611975
10475,0.0033096383285611975
10476,0.0033096383285611975
10477,0.0033096383285611975
10478,0.0033096383285611975
10479,0.0033096383285611975
10480,0.0033096383285611975
10481,0.0033096383285611975
10482,0.0033096383285611975
10483,0.0033096383285611975
10484,0.0033096383285611975
10485,0.0033096383285611975
10486,0.0033096383285611975
10487,0.0033096383285611975
10488,0.0033096383285611975
10489,0.0033096383285611975
10490,0.0033096383285611975
10491,0.0033096383285611975
10492,0.0033096383285611975
10493,0.0033096383285611975
10494,0.0033096383285611975
10495,0.0033096383285611975
10496,0.0033096383285611975
10497,0.0033096383285611975
10498,0.0033096383285611975
10499,0.0033096383285611975
10500,0.0033096383285611975
10501,0.0033096383285611975
10502,0.0033096383285611975
10503,0.0033096383285611975
10504,0.0033096383285611975
10505,0.0033096383285611975
10506,0.0033096383285611975
10507,0.0033096383285611975
10508,0.0033096383285611975
10509,0.0033096383285611975
10510,0.0033096383285611975
10511,0.0033096383285611975
10512,0.0033096383285611975
10513,0.0033096383285611975
10514,0.0033096383285611975
10515,0.0033096383285611975
10516,0.0033096383285611975
10517,0.0033096383285611975
10518,0.0033096383285611975
10519,0.0033096383285611975
10520,0.0033096383285611975
10521,0.0033096383285611975
10522,0.0033096383285611975
10523,0.0033096383285611975
10524,0.0033096383285611975
10525,0.0033096383285611975
10526,0.0033096383285611975
10527,0.0033096383285611975
10528,0.0033096383285611975
10529,0.0033096383285611975
10530,0.0033096383285611975
10531,0.0033096383285611975
10532,0.0033096383285611975
10533,0.0033096383285611975
10534,0.0033096383285611975
10535,0.0033096383285611975
10536,0.0033096383285611975
10537,0.0033096383285611975
10538,0.0033096383285611975
10539,0.0033096383285611975
10540,0.0033096383285611975
10541,0.0033096383285611975
10542,0.0033096383285611975
10543,0.0033096383285611975
10544,0.0033096383285611975
10545,0.0033096383285611975
10546,0.0033096383285611975
10547,0.0033096383285611975
10548,0.0033096383285611975
10549,0.0033096383285611975
10550,0.0033096383285611975
10551,0.0033096383285611975
10552,0.0033096383285611975
10553,0.0033096383285611975
10554,0.0033096383285611975
10555,0.0033096383285611975
10556,0.0033096383285611975
10557,0.0033096383285611975
10558,0.0033096383285611975
10559,0.0033096383285611975
10560,0.0033096383285611975
10561,0.0033096383285611975
10562,0.0033096383285611975
10563,0.0033096383285611975
10564,0.0033096383285611975
10565,0.0033096383285611975
10566,0.0033096383285611975
10567,0.0033096383285611975
10568,0.0033096383285611975
10569,0.0033096383285611975
10570,0.0033096383285611975
10571,0.0033096383285611975
10572,0.0033096383285611975
10573,0.0033096383285611975
10574,0.0033096383285611975
10575,0.0033096383285611975
10576,0.0033096383285611975
10577,0.0033096383285611975
10578,0.0033096383285611975
10579,0.0033096383285611975
10580,0.0033096383285611975
10581,0.0033096383285611975
10582,0.0033096383285611975
10583,0.0033096383285611975
10584,0.0033096383285611975
10585,0.0033096383285611975
10586,0.0033096383285611975
10587,0.0033096383285611975
10588,0.0033096383285611975
10589,0.0033096383285611975
10590,0.0033096383285611975
10591,0.0033096383285611975
10592,0.0033096383285611975
10593,0.0033096383285611975
10594,0.0033096383285611975
10595,0.0033096383285611975
10596,0.0033096383285611975
10597,0.0033096383285611975
10598,0.0033096383285611975
10599,0.0033096383285611975
10600,0.0033096383285611975
10601,0.0033096383285611975
10602,0.0033096383285611975
10603,0.0033096383285611975
10604,0.0033096383285611975
10605,0.0033096383285611975
10606,0.0033096383285611975
10607,0.0033096383285611975
10608,0.0033096383285611975
10609,0.0033096383285611975
10610,0.0033096383285611975
10611,0.0033096383285611975
10612,0.0033096383285611975
10613,0.0033096383285611975
10614,0.0033096383285611975
10615,0.0033096383285611975
10616,0.0033096383285611975
10617,0.0033096383285611975
10618,0.0033096383285611975
10619,0.0033096383285611975
10620,0.0033096383285611975
10621,0.0033096383285611975
10622,0.0033096383285611975
10623,0.0033096383285611975
10624,0.0033096383285611975
10625,0.0033096383285611975
10626,0.0033096383285611975
10627,0.0033096383285611975
10628,0.0033096383285611975
10629,0.0033096383285611975
10630,0.0033096383285611975
10631,0.0033096383285611975
10632,0.0033096383285611975
10633,0.0033096383285611975
10634,0.0033096383285611975
10635,0.0033096383285611975
10636,0.0033096383285611975
10637,0.0033096383285611975
10638,0.0033096383285611975
10639,0.0033096383285611975
10640,0.0033096383285611975
10641,0.0033096383285611975
10642,0.0033096383285611975
10643,0.0033096383285611975
10644,0.0033096383285611975
10645,0.0033096383285611975
10646,0.0033096383285611975
10647,0.0033096383285611975
10648,0.0033096383285611975
10649,0.0033096383285611975
10650,0.0033096383285611975
10651,0.0033096383285611975
10652,0.0033096383285611975
10653,0.0033096383285611975
10654,0.0033096383285611975
10655,0.0033096383285611975
10656,0.0033096383285611975
10657,0.0033096383285611975
10658,0.0033096383285611975
10659,0.0033096383285611975
10660,0.0033096383285611975
10661,0.0033096383285611975
10662,0.0033096383285611975
10663,0.0033096383285611975
10664,0.0033096383285611975
10665,0.0033096383285611975
10666,0.0033096383285611975
10667,0.0033096383285611975
10668,0.0033096383285611975
10669,0.0033096383285611975
10670,0.0033096383285611975
10671,0.0033096383285611975
10672,0.0033096383285611975
10673,0.0033096383285611975
10674,0.0033096383285611975
10675,0.0033096383285611975
10676,0.0033096383285611975
10677,0.0033096383285611975
10678,0.0033096383285611975
10679,0.0033096383285611975
10680,0.0033096383285611975
10681,0.0033096383285611975
10682,0.0033096383285611975
10683,0.0033096383285611975
10684,0.0033096383285611975
10685,0.0033096383285611975
10686,0.0033096383285611975
10687,0.0033096383285611975
10688,0.0033096383285611975
10689,0.0033096383285611975
10690,0.0033096383285611975
10691,0.0033096383285611975
10692,0.0033096383285611975
10693,0.0033096383285611975
10694,0.0033096383285611975
10695,0.0033096383285611975
10696,0.0033096383285611975
10697,0.0033096383285611975
10698,0.0033096383285611975
10699,0.0033096383285611975
10700,0.0033096383285611975
10701,0.0033096383285611975
10702,0.0033096383285611975
10703,0.0033096383285611975
10704,0.0033096383285611975
10705,0.0033096383285611975
10706,0.0033096383285611975
10707,0.0033096383285611975
10708,0.0033096383285611975
10709,0.0033096383285611975
10710,0.0033096383285611975
10711,0.0033096383285611975
10712,0.0033096383285611975
10713,0.0033096383285611975
10714,0.0033096383285611975
10715,0.0033096383285611975
10716,0.0033096383285611975
10717,0.0033096383285611975
10718,0.0033096383285611975
10719,0.0033096383285611975
10720,0.0033096383285611975
10721,0.0033096383285611975
10722,0.0033096383285611975
10723,0.0033096383285611975
10724,0.0033096383285611975
10725,0.0033096383285611975
10726,0.0033096383285611975
10727,0.0033096383285611975
10728,0.0033096383285611975
10729,0.0033096383285611975
10730,0.0033096383285611975
10731,0.0033096383285611975
10732,0.0033096383285611975
10733,0.0033096383285611975
10734,0.0033096383285611975
10735,0.0033096383285611975
10736,0.0033096383285611975
10737,0.0033096383285611975
10738,0.0033096383285611975
10739,0.0033096383285611975
10740,0.0033096383285611975
10741,0.0033096383285611975
10742,0.0033096383285611975
10743,0.0033096383285611975
10744,0.0033096383285611975
10745,0.0033096383285611975
10746,0.0033096383285611975
10747,0.0033096383285611975
10748,0.0033096383285611975
10749,0.0033096383285611975
10750,0.0033096383285611975
10751,0.0033096383285611975
10752,0.0033096383285611975
10753,0.0033096383285611975
10754,0.0033096383285611975
10755,0.0033096383285611975
10756,0.0033096383285611975
10757,0.0033096383285611975
10758,0.0033096383285611975
10759,0.0033096383285611975
10760,0.0033096383285611975
10761,0.0033096383285611975
10762,0.0033096383285611975
10763,0.0033096383285611975
10764,0.0033096383285611975
10765,0.0033096383285611975
10766,0.0033096383285611975
10767,0.0033096383285611975
10768,0.0033096383285611975
10769,0.0033096383285611975
10770,0.0033096383285611975
10771,0.0033096383285611975
10772,0.0033096383285611975
10773,0.0033096383285611975
10774,0.0033096383285611975
10775,0.0033096383285611975
10776,0.0033096383285611975
10777,0.0033096383285611975
10778,0.0033096383285611975
10779,0.0033096383285611975
10780,0.0033096383285611975
10781,0.0033096383285611975
10782,0.0033096383285611975
10783,0.0033096383285611975
10784,0.0033096383285611975
10785,0.0033096383285611975
10786,0.0033096383285611975
10787,0.0033096383285611975
10788,0.0033096383285611975
10789,0.0033096383285611975
10790,0.0033096383285611975
10791,0.0033096383285611975
10792,0.0033096383285611975
10793,0.0033096383285611975
10794,0.0033096383285611975
10795,0.0033096383285611975
10796,0.0033096383285611975
10797,0.0033096383285611975
10798,0.0033096383285611975
10799,0.0033096383285611975
10800,0.0033096383285611975
10801,0.0033096383285611975
10802,0.0033096383285611975
10803,0.0033096383285611975
10804,0.0033096383285611975
10805,0.0033096383285611975
10806,0.0033096383285611975
10807,0.0033096383285611975
10808,0.0033096383285611975
10809,0.0033096383285611975
10810,0.0033096383285611975
10811,0.0033096383285611975
10812,0.0033096383285611975
10813,0.0033096383285611975
10814,0.0033096383285611975
10815,0.0033096383285611975
10816,0.0033096383285611975
10817,0.0033096383285611975
10818,0.0033096383285611975
10819,0.0033096383285611975
10820,0.0033096383285611975
10821,0.0033096383285611975
10822,0.0033096383285611975
10823,0.0033096383285611975
10824,0.0033096383285611975
10825,0.0033096383285611975
10826,0.0033096383285611975
10827,0.0033096383285611975
10828,0.0033096383285611975
10829,0.0033096383285611975
10830,0.0033096383285611975
10831,0.0033096383285611975
10832,0.0033096383285611975
10833,0.0033096383285611975
10834,0.0033096383285611975
10835,0.0033096383285611975
10836,0.0033096383285611975
10837,0.0033096383285611975
10838,0.0033096383285611975
10839,0.0033096383285611975
10840,0.0033096383285611975
10841,0.0033096383285611975
10842,0.0033096383285611975
10843,0.0033096383285611975
10844,0.0033096383285611975
10845,0.0033096383285611975
10846,0.0033096383285611975
10847,0.0033096383285611975
10848,0.0033096383285611975
10849,0.0033096383285611975
10850,0.0033096383285611975
10851,0.0033096383285611975
10852,0.0033096383285611975
10853,0.0033096383285611975
10854,0.0033096383285611975
10855,0.0033096383285611975
10856,0.0033096383285611975
10857,0.0033096383285611975
10858,0.0033096383285611975
10859,0.0033096383285611975
10860,0.0033096383285611975
10861,0.0033096383285611975
10862,0.0033096383285611975
10863,0.0033096383285611975
10864,0.0033096383285611975
10865,0.0033096383285611975
10866,0.0033096383285611975
10867,0.0033096383285611975
10868,0.0033096383285611975
10869,0.0033096383285611975
10870,0.0033096383285611975
10871,0.0033096383285611975
10872,0.0033096383285611975
10873,0.0033096383285611975
10874,0.0033096383285611975
10875,0.0033096383285611975
10876,0.0033096383285611975
10877,0.0033096383285611975
10878,0.0033096383285611975
10879,0.0033096383285611975
10880,0.0033096383285611975
10881,0.0033096383285611975
10882,0.0033096383285611975
10883,0.0033096383285611975
10884,0.0033096383285611975
10885,0.0033096383285611975
10886,0.0033096383285611975
10887,0.0033096383285611975
10888,0.0033096383285611975
10889,0.0033096383285611975
10890,0.0033096383285611975
10891,0.0033096383285611975
10892,0.0033096383285611975
10893,0.0033096383285611975
10894,0.0033096383285611975
10895,0.0033096383285611975
10896,0.0033096383285611975
10897,0.0033096383285611975
10898,0.0033096383285611975
10899,0.0033096383285611975
10900,0.0033096383285611975
10901,0.0033096383285611975
10902,0.0033096383285611975
10903,0.0033096383285611975
10904,0.0033096383285611975
10905,0.0033096383285611975
10906,0.0033096383285611975
10907,0.0033096383285611975
10908,0.0033096383285611975
10909,0.0033096383285611975
10910,0.0033096383285611975
10911,0.0033096383285611975
10912,0.0033096383285611975
10913,0.0033096383285611975
10914,0.0033096383285611975
10915,0.0033096383285611975
10916,0.0033096383285611975
10917,0.0033096383285611975
10918,0.0033096383285611975
10919,0.0033096383285611975
10920,0.0033096383285611975
10921,0.0033096383285611975
10922,0.0033096383285611975
10923,0.0033096383285611975
10924,0.0033096383285611975
10925,0.0033096383285611975
10926,0.0033096383285611975
10927,0.0033096383285611975
10928,0.0033096383285611975
10929,0.0033096383285611975
10930,0.0033096383285611975
10931,0.0033096383285611975
10932,0.0033096383285611975
10933,0.0033096383285611975
10934,0.0033096383285611975
10935,0.0033096383285611975
10936,0.0033096383285611975
10937,0.0033096383285611975
10938,0.0033096383285611975
10939,0.0033096383285611975
10940,0.0033096383285611975
10941,0.0033096383285611975
10942,0.0033096383285611975
10943,0.0033096383285611975
10944,0.0033096383285611975
10945,0.0033096383285611975
10946,0.0033096383285611975
10947,0.0033096383285611975
10948,0.0033096383285611975
10949,0.0033096383285611975
10950,0.0033096383285611975
10951,0.0033096383285611975
10952,0.0033096383285611975
10953,0.0033096383285611975
10954,0.0033096383285611975
10955,0.0033096383285611975
10956,0.0033096383285611975
10957,0.0033096383285611975
10958,0.0033096383285611975
10959,0.0033096383285611975
10960,0.0033096383285611975
10961,0.0033096383285611975
10962,0.0033096383285611975
10963,0.0033096383285611975
10964,0.0033096383285611975
10965,0.0033096383285611975
10966,0.0033096383285611975
10967,0.0033096383285611975
10968,0.0033096383285611975
10969,0.0033096383285611975
10970,0.0033096383285611975
10971,0.0033096383285611975
10972,0.0033096383285611975
10973,0.0033096383285611975
10974,0.0033096383285611975
10975,0.0033096383285611975
10976,0.0033096383285611975
10977,0.0033096383285611975
10978,0.0033096383285611975
10979,0.0033096383285611975
10980,0.0033096383285611975
10981,0.0033096383285611975
10982,0.0033096383285611975
10983,0.0033096383285611975
10984,0.0033096383285611975
10985,0.0033096383285611975
10986,0.0033096383285611975
10987,0.0033096383285611975
10988,0.0033096383285611975
10989,0.0033096383285611975
10990,0.0033096383285611975
10991,0.0033096383285611975
10992,0.0033096383285611975
10993,0.0033096383285611975
10994,0.0033096383285611975
10995,0.0033096383285611975
10996,0.0033096383285611975
10997,0.0033096383285611975
10998,0.0033096383285611975
10999,0.0033096383285611975
11000,0.0033096383285611975
11001,0.0033096383285611975
11002,0.0033096383285611975
11003,0.0033096383285611975
11004,0.0033096383285611975
11005,0.0033096383285611975
11006,0.0033096383285611975
11007,0.0033096383285611975
11008,0.0033096383285611975
11009,0.0033096383285611975
11010,0.0033096383285611975
11011,0.0033096383285611975
11012,0.0033096383285611975
11013,0.0033096383285611975
11014,0.0033096383285611975
11015,0.0033096383285611975
11016,0.0033096383285611975
11017,0.0033096383285611975
11018,0.0033096383285611975
11019,0.0033096383285611975
11020,0.0033096383285611975
11021,0.0033096383285611975
11022,0.0033096383285611975
11023,0.0033096383285611975
11024,0.0033096383285611975
11025,0.0033096383285611975
11026,0.0033096383285611975
11027,0.0033096383285611975
11028,0.0033096383285611975
11029,0.0033096383285611975
11030,0.0033096383285611975
11031,0.0033096383285611975
11032,0.0033096383285611975
11033,0.0033096383285611975
11034,0.0033096383285611975
11035,0.0033096383285611975
11036,0.0033096383285611975
11037,0.0033096383285611975
11038,0.0033096383285611975
11039,0.0033096383285611975
11040,0.0033096383285611975
11041,0.0033096383285611975
11042,0.0033096383285611975
11043,0.0033096383285611975
11044,0.0033096383285611975
11045,0.0033096383285611975
11046,0.0033096383285611975
11047,0.0033096383285611975
11048,0.0033096383285611975
11049,0.0033096383285611975
11050,0.0033096383285611975
11051,0.0033096383285611975
11052,0.0033096383285611975
11053,0.0033096383285611975
11054,0.0033096383285611975
11055,0.0033096383285611975
11056,0.0033096383285611975
11057,0.0033096383285611975
11058,0.0033096383285611975
11059,0.0033096383285611975
11060,0.0033096383285611975
11061,0.0033096383285611975
11062,0.0033096383285611975
11063,0.0033096383285611975
11064,0.0033096383285611975
11065,0.0033096383285611975
11066,0.0033096383285611975
11067,0.0033096383285611975
11068,0.0033096383285611975
11069,0.0033096383285611975
11070,0.0033096383285611975
11071,0.0033096383285611975
11072,0.0033096383285611975
11073,0.0033096383285611975
11074,0.0033096383285611975
11075,0.0033096383285611975
11076,0.0033096383285611975
11077,0.0033096383285611975
11078,0.0033096383285611975
11079,0.0033096383285611975
11080,0.0033096383285611975
11081,0.0033096383285611975
11082,0.0033096383285611975
11083,0.0033096383285611975
11084,0.0033096383285611975
11085,0.0033096383285611975
11086,0.0033096383285611975
11087,0.0033096383285611975
11088,0.0033096383285611975
11089,0.0033096383285611975
11090,0.0033096383285611975
11091,0.0033096383285611975
11092,0.0033096383285611975
11093,0.0033096383285611975
11094,0.0033096383285611975
11095,0.0033096383285611975
11096,0.0033096383285611975
11097,0.0033096383285611975
11098,0.0033096383285611975
11099,0.0033096383285611975
11100,0.0033096383285611975
11101,0.0033096383285611975
11102,0.0033096383285611975
11103,0.0033096383285611975
11104,0.0033096383285611975
11105,0.0033096383285611975
11106,0.0033096383285611975
11107,0.0033096383285611975
11108,0.0033096383285611975
11109,0.0033096383285611975
11110,0.0033096383285611975
11111,0.0033096383285611975
11112,0.0033096383285611975
11113,0.0033096383285611975
11114,0.0033096383285611975
11115,0.0033096383285611975
11116,0.0033096383285611975
11117,0.0033096383285611975
11118,0.0033096383285611975
11119,0.0033096383285611975
11120,0.0033096383285611975
11121,0.0033096383285611975
11122,0.0033096383285611975
11123,0.0033096383285611975
11124,0.0033096383285611975
11125,0.0033096383285611975
11126,0.0033096383285611975
11127,0.0033096383285611975
11128,0.0033096383285611975
11129,0.0033096383285611975
11130,0.0033096383285611975
11131,0.0033096383285611975
11132,0.0033096383285611975
11133,0.0033096383285611975
11134,0.0033096383285611975
11135,0.0033096383285611975
11136,0.0033096383285611975
11137,0.0033096383285611975
11138,0.0033096383285611975
11139,0.0033096383285611975
11140,0.0033096383285611975
11141,0.0033096383285611975
11142,0.0033096383285611975
11143,0.0033096383285611975
11144,0.0033096383285611975
11145,0.0033096383285611975
11146,0.0033096383285611975
11147,0.0033096383285611975
11148,0.0033096383285611975
11149,0.0033096383285611975
11150,0.0033096383285611975
11151,0.0033096383285611975
11152,0.0033096383285611975
11153,0.0033096383285611975
11154,0.0033096383285611975
11155,0.0033096383285611975
11156,0.0033096383285611975
11157,0.0033096383285611975
11158,0.0033096383285611975
11159,0.0033096383285611975
11160,0.0033096383285611975
11161,0.0033096383285611975
11162,0.0033096383285611975
11163,0.0033096383285611975
11164,0.0033096383285611975
11165,0.0033096383285611975
11166,0.0033096383285611975
11167,0.0033096383285611975
11168,0.0033096383285611975
11169,0.0033096383285611975
11170,0.0033096383285611975
11171,0.0033096383285611975
11172,0.0033096383285611975
11173,0.0033096383285611975
11174,0.0033096383285611975
11175,0.0033096383285611975
11176,0.0033096383285611975
11177,0.0033096383285611975
11178,0.0033096383285611975
11179,0.0033096383285611975
11180,0.0033096383285611975
11181,0.0033096383285611975
11182,0.0033096383285611975
11183,0.0033096383285611975
11184,0.0033096383285611975
11185,0.0033096383285611975
11186,0.0033096383285611975
11187,0.0033096383285611975
11188,0.0033096383285611975
11189,0.0033096383285611975
11190,0.0033096383285611975
11191,0.0033096383285611975
11192,0.0033096383285611975
11193,0.0033096383285611975
11194,0.0033096383285611975
11195,0.0033096383285611975
11196,0.0033096383285611975
11197,0.0033096383285611975
11198,0.0033096383285611975
11199,0.0033096383285611975
11200,0.0033096383285611975
11201,0.0033096383285611975
11202,0.0033096383285611975
11203,0.0033096383285611975
11204,0.0033096383285611975
11205,0.0033096383285611975
11206,0.0033096383285611975
11207,0.0033096383285611975
11208,0.0033096383285611975
11209,0.0033096383285611975
11210,0.0033096383285611975
11211,0.0033096383285611975
11212,0.0033096383285611975
11213,0.0033096383285611975
11214,0.0033096383285611975
11215,0.0033096383285611975
11216,0.0033096383285611975
11217,0.0033096383285611975
11218,0.0033096383285611975
11219,0.0033096383285611975
11220,0.0033096383285611975
11221,0.0033096383285611975
11222,0.0033096383285611975
11223,0.0033096383285611975
11224,0.0033096383285611975
11225,0.0033096383285611975
11226,0.0033096383285611975
11227,0.0033096383285611975
11228,0.0033096383285611975
11229,0.0033096383285611975
11230,0.0033096383285611975
11231,0.0033096383285611975
11232,0.0033096383285611975
11233,0.0033096383285611975
11234,0.0033096383285611975
11235,0.0033096383285611975
11236,0.0033096383285611975
11237,0.0033096383285611975
11238,0.0033096383285611975
11239,0.0033096383285611975
11240,0.0033096383285611975
11241,0.0033096383285611975
11242,0.0033096383285611975
11243,0.0033096383285611975
11244,0.0033096383285611975
11245,0.0033096383285611975
11246,0.0033096383285611975
11247,0.0033096383285611975
11248,0.0033096383285611975
11249,0.0033096383285611975
11250,0.0033096383285611975
11251,0.0033096383285611975
11252,0.0033096383285611975
11253,0.0033096383285611975
11254,0.0033096383285611975
11255,0.0033096383285611975
11256,0.0033096383285611975
11257,0.0033096383285611975
11258,0.0033096383285611975
11259,0.0033096383285611975
11260,0.0033096383285611975
11261,0.0033096383285611975
11262,0.0033096383285611975
11263,0.0033096383285611975
11264,0.0033096383285611975
11265,0.0033096383285611975
11266,0.0033096383285611975
11267,0.0033096383285611975
11268,0.0033096383285611975
11269,0.0033096383285611975
11270,0.0033096383285611975
11271,0.0033096383285611975
11272,0.0033096383285611975
11273,0.0033096383285611975
11274,0.0033096383285611975
11275,0.0033096383285611975
11276,0.0033096383285611975
11277,0.0033096383285611975
11278,0.0033096383285611975
11279,0.0033096383285611975
11280,0.0033096383285611975
11281,0.0033096383285611975
11282,0.0033096383285611975
11283,0.0033096383285611975
11284,0.0033096383285611975
11285,0.0033096383285611975
11286,0.0033096383285611975
11287,0.0033096383285611975
11288,0.0033096383285611975
11289,0.0033096383285611975
11290,0.0033096383285611975
11291,0.0033096383285611975
11292,0.0033096383285611975
11293,0.0033096383285611975
11294,0.0033096383285611975
11295,0.0033096383285611975
11296,0.0033096383285611975
11297,0.0033096383285611975
11298,0.0033096383285611975
11299,0.0033096383285611975
11300,0.0033096383285611975
11301,0.0033096383285611975
11302,0.0033096383285611975
11303,0.0033096383285611975
11304,0.0033096383285611975
11305,0.0033096383285611975
11306,0.0033096383285611975
11307,0.0033096383285611975
11308,0.0033096383285611975
11309,0.0033096383285611975
11310,0.0033096383285611975
11311,0.0033096383285611975
11312,0.0033096383285611975
11313,0.0033096383285611975
11314,0.0033096383285611975
11315,0.0033096383285611975
11316,0.0033096383285611975
11317,0.0033096383285611975
11318,0.0033096383285611975
11319,0.0033096383285611975
11320,0.0033096383285611975
11321,0.0033096383285611975
11322,0.0033096383285611975
11323,0.0033096383285611975
11324,0.0033096383285611975
11325,0.0033096383285611975
11326,0.0033096383285611975
11327,0.0033096383285611975
11328,0.0033096383285611975
11329,0.0033096383285611975
11330,0.0033096383285611975
11331,0.0033096383285611975
11332,0.0033096383285611975
11333,0.0033096383285611975
11334,0.0033096383285611975
11335,0.0033096383285611975
11336,0.0033096383285611975
11337,0.0033096383285611975
11338,0.0033096383285611975
11339,0.0033096383285611975
11340,0.0033096383285611975
11341,0.0033096383285611975
11342,0.0033096383285611975
11343,0.0033096383285611975
11344,0.0033096383285611975
11345,0.0033096383285611975
11346,0.0033096383285611975
11347,0.0033096383285611975
11348,0.0033096383285611975
11349,0.0033096383285611975
11350,0.0033096383285611975
11351,0.0033096383285611975
11352,0.0033096383285611975
11353,0.0033096383285611975
11354,0.0033096383285611975
11355,0.0033096383285611975
11356,0.0033096383285611975
11357,0.0033096383285611975
11358,0.0033096383285611975
11359,0.0033096383285611975
11360,0.0033096383285611975
11361,0.0033096383285611975
11362,0.0033096383285611975
11363,0.0033096383285611975
11364,0.0033096383285611975
11365,0.0033096383285611975
11366,0.0033096383285611975
11367,0.0033096383285611975
11368,0.0033096383285611975
11369,0.0033096383285611975
11370,0.0033096383285611975
11371,0.0033096383285611975
11372,0.0033096383285611975
11373,0.0033096383285611975
11374,0.0033096383285611975
11375,0.0033096383285611975
11376,0.0033096383285611975
11377,0.0033096383285611975
11378,0.0033096383285611975
11379,0.0033096383285611975
11380,0.0033096383285611975
11381,0.0033096383285611975
11382,0.0033096383285611975
11383,0.0033096383285611975
11384,0.0033096383285611975
11385,0.0033096383285611975
11386,0.0033096383285611975
11387,0.0033096383285611975
11388,0.0033096383285611975
11389,0.0033096383285611975
11390,0.0033096383285611975
11391,0.0033096383285611975
11392,0.0033096383285611975
11393,0.0033096383285611975
11394,0.0033096383285611975
11395,0.0033096383285611975
11396,0.0033096383285611975
11397,0.0033096383285611975
11398,0.0033096383285611975
11399,0.0033096383285611975
11400,0.0033096383285611975
11401,0.0033096383285611975
11402,0.0033096383285611975
11403,0.0033096383285611975
11404,0.0033096383285611975
11405,0.0033096383285611975
11406,0.0033096383285611975
11407,0.0033096383285611975
11408,0.0033096383285611975
11409,0.0033096383285611975
11410,0.0033096383285611975
11411,0.0033096383285611975
11412,0.0033096383285611975
11413,0.0033096383285611975
11414,0.0033096383285611975
11415,0.0033096383285611975
11416,0.0033096383285611975
11417,0.0033096383285611975
11418,0.0033096383285611975
11419,0.0033096383285611975
11420,0.0033096383285611975
11421,0.0033096383285611975
11422,0.0033096383285611975
11423,0.0033096383285611975
11424,0.0033096383285611975
11425,0.0033096383285611975
11426,0.0033096383285611975
11427,0.0033096383285611975
11428,0.0033096383285611975
11429,0.0033096383285611975
11430,0.0033096383285611975
11431,0.0033096383285611975
11432,0.0033096383285611975
11433,0.0033096383285611975
11434,0.0033096383285611975
11435,0.0033096383285611975
11436,0.0033096383285611975
11437,0.0033096383285611975
11438,0.0033096383285611975
11439,0.0033096383285611975
11440,0.0033096383285611975
11441,0.0033096383285611975
11442,0.0033096383285611975
11443,0.0033096383285611975
11444,0.0033096383285611975
11445,0.0033096383285611975
11446,0.0033096383285611975
11447,0.0033096383285611975
11448,0.0033096383285611975
11449,0.0033096383285611975
11450,0.0033096383285611975
11451,0.0033096383285611975
11452,0.0033096383285611975
11453,0.0033096383285611975
11454,0.0033096383285611975
11455,0.0033096383285611975
11456,0.0033096383285611975
11457,0.0033096383285611975
11458,0.0033096383285611975
11459,0.0033096383285611975
11460,0.0033096383285611975
11461,0.0033096383285611975
11462,0.0033096383285611975
11463,0.0033096383285611975
11464,0.0033096383285611975
11465,0.0033096383285611975
11466,0.0033096383285611975
11467,0.0033096383285611975
11468,0.0033096383285611975
11469,0.0033096383285611975
11470,0.0033096383285611975
11471,0.0033096383285611975
11472,0.0033096383285611975
11473,0.0033096383285611975
11474,0.0033096383285611975
11475,0.0033096383285611975
11476,0.0033096383285611975
11477,0.0033096383285611975
11478,0.0033096383285611975
11479,0.0033096383285611975
11480,0.0033096383285611975
11481,0.0033096383285611975
11482,0.0033096383285611975
11483,0.0033096383285611975
11484,0.0033096383285611975
11485,0.0033096383285611975
11486,0.0033096383285611975
11487,0.0033096383285611975
11488,0.0033096383285611975
11489,0.0033096383285611975
11490,0.0033096383285611975
11491,0.0033096383285611975
11492,0.0033096383285611975
11493,0.0033096383285611975
11494,0.0033096383285611975
11495,0.0033096383285611975
11496,0.0033096383285611975
11497,0.0033096383285611975
11498,0.0033096383285611975
11499,0.0033096383285611975
11500,0.0033096383285611975
11501,0.0033096383285611975
11502,0.0033096383285611975
11503,0.0033096383285611975
11504,0.0033096383285611975
11505,0.0033096383285611975
11506,0.0033096383285611975
11507,0.0033096383285611975
11508,0.0033096383285611975
11509,0.0033096383285611975
11510,0.0033096383285611975
11511,0.0033096383285611975
11512,0.0033096383285611975
11513,0.0033096383285611975
11514,0.0033096383285611975
11515,0.0033096383285611975
11516,0.0033096383285611975
11517,0.0033096383285611975
11518,0.0033096383285611975
11519,0.0033096383285611975
11520,0.0033096383285611975
11521,0.0033096383285611975
11522,0.0033096383285611975
11523,0.0033096383285611975
11524,0.0033096383285611975
11525,0.0033096383285611975
11526,0.0033096383285611975
11527,0.0033096383285611975
11528,0.0033096383285611975
11529,0.0033096383285611975
11530,0.0033096383285611975
11531,0.0033096383285611975
11532,0.0033096383285611975
11533,0.0033096383285611975
11534,0.0033096383285611975
11535,0.0033096383285611975
11536,0.0033096383285611975
11537,0.0033096383285611975
11538,0.0033096383285611975
11539,0.0033096383285611975
11540,0.0033096383285611975
11541,0.0033096383285611975
11542,0.0033096383285611975
11543,0.0033096383285611975
11544,0.0033096383285611975
11545,0.0033096383285611975
11546,0.0033096383285611975
11547,0.0033096383285611975
11548,0.0033096383285611975
11549,0.0033096383285611975
11550,0.0033096383285611975
11551,0.0033096383285611975
11552,0.0033096383285611975
11553,0.0033096383285611975
11554,0.0033096383285611975
11555,0.0033096383285611975
11556,0.0033096383285611975
11557,0.0033096383285611975
11558,0.0033096383285611975
11559,0.0033096383285611975
11560,0.0033096383285611975
11561,0.0033096383285611975
11562,0.0033096383285611975
11563,0.0033096383285611975
11564,0.0033096383285611975
11565,0.0033096383285611975
11566,0.0033096383285611975
11567,0.0033096383285611975
11568,0.0033096383285611975
11569,0.0033096383285611975
11570,0.0033096383285611975
11571,0.0033096383285611975
11572,0.0033096383285611975
11573,0.0033096383285611975
11574,0.0033096383285611975
11575,0.0033096383285611975
11576,0.0033096383285611975
11577,0.0033096383285611975
11578,0.0033096383285611975
11579,0.0033096383285611975
11580,0.0033096383285611975
11581,0.0033096383285611975
11582,0.0033096383285611975
11583,0.0033096383285611975
11584,0.0033096383285611975
11585,0.0033096383285611975
11586,0.0033096383285611975
11587,0.0033096383285611975
11588,0.0033096383285611975
11589,0.0033096383285611975
11590,0.0033096383285611975
11591,0.0033096383285611975
11592,0.0033096383285611975
11593,0.0033096383285611975
11594,0.0033096383285611975
11595,0.0033096383285611975
11596,0.0033096383285611975
11597,0.0033096383285611975
11598,0.0033096383285611975
11599,0.0033096383285611975
11600,0.0033096383285611975
11601,0.0033096383285611975
11602,0.0033096383285611975
11603,0.0033096383285611975
11604,0.0033096383285611975
11605,0.0033096383285611975
11606,0.0033096383285611975
11607,0.0033096383285611975
11608,0.0033096383285611975
11609,0.0033096383285611975
11610,0.0033096383285611975
11611,0.0033096383285611975
11612,0.0033096383285611975
11613,0.0033096383285611975
11614,0.0033096383285611975
11615,0.0033096383285611975
11616,0.0033096383285611975
11617,0.0033096383285611975
11618,0.0033096383285611975
11619,0.0033096383285611975
11620,0.0033096383285611975
11621,0.0033096383285611975
11622,0.0033096383285611975
11623,0.0033096383285611975
11624,0.0033096383285611975
11625,0.0033096383285611975
11626,0.0033096383285611975
11627,0.0033096383285611975
11628,0.0033096383285611975
11629,0.0033096383285611975
11630,0.0033096383285611975
11631,0.0033096383285611975
11632,0.0033096383285611975
11633,0.0033096383285611975
11634,0.0033096383285611975
11635,0.0033096383285611975
11636,0.0033096383285611975
11637,0.0033096383285611975
11638,0.0033096383285611975
11639,0.0033096383285611975
11640,0.0033096383285611975
11641,0.0033096383285611975
11642,0.0033096383285611975
11643,0.0033096383285611975
11644,0.0033096383285611975
11645,0.0033096383285611975
11646,0.0033096383285611975
11647,0.0033096383285611975
11648,0.0033096383285611975
11649,0.0033096383285611975
11650,0.0033096383285611975
11651,0.0033096383285611975
11652,0.0033096383285611975
11653,0.0033096383285611975
11654,0.0033096383285611975
11655,0.0033096383285611975
11656,0.0033096383285611975
11657,0.0033096383285611975
11658,0.0033096383285611975
11659,0.0033096383285611975
11660,0.0033096383285611975
11661,0.0033096383285611975
11662,0.0033096383285611975
11663,0.0033096383285611975
11664,0.0033096383285611975
11665,0.0033096383285611975
11666,0.0033096383285611975
11667,0.0033096383285611975
11668,0.0033096383285611975
11669,0.0033096383285611975
11670,0.0033096383285611975
11671,0.0033096383285611975
11672,0.0033096383285611975
11673,0.0033096383285611975
11674,0.0033096383285611975
11675,0.0033096383285611975
11676,0.0033096383285611975
11677,0.0033096383285611975
11678,0.0033096383285611975
11679,0.0033096383285611975
11680,0.0033096383285611975
11681,0.0033096383285611975
11682,0.0033096383285611975
11683,0.0033096383285611975
11684,0.0033096383285611975
11685,0.0033096383285611975
11686,0.0033096383285611975
11687,0.0033096383285611975
11688,0.0033096383285611975
11689,0.0033096383285611975
11690,0.0033096383285611975
11691,0.0033096383285611975
11692,0.0033096383285611975
11693,0.0033096383285611975
11694,0.0033096383285611975
11695,0.0033096383285611975
11696,0.0033096383285611975
11697,0.0033096383285611975
11698,0.0033096383285611975
11699,0.0033096383285611975
11700,0.0033096383285611975
11701,0.0033096383285611975
11702,0.0033096383285611975
11703,0.0033096383285611975
11704,0.0033096383285611975
11705,0.0033096383285611975
11706,0.0033096383285611975
11707,0.0033096383285611975
11708,0.0033096383285611975
11709,0.0033096383285611975
11710,0.0033096383285611975
11711,0.0033096383285611975
11712,0.0033096383285611975
11713,0.0033096383285611975
11714,0.0033096383285611975
11715,0.0033096383285611975
11716,0.0033096383285611975
11717,0.0033096383285611975
11718,0.0033096383285611975
11719,0.0033096383285611975
11720,0.0033096383285611975
11721,0.0033096383285611975
11722,0.0033096383285611975
11723,0.0033096383285611975
11724,0.0033096383285611975
11725,0.0033096383285611975
11726,0.0033096383285611975
11727,0.0033096383285611975
11728,0.0033096383285611975
11729,0.0033096383285611975
11730,0.0033096383285611975
11731,0.0033096383285611975
11732,0.0033096383285611975
11733,0.0033096383285611975
11734,0.0033096383285611975
11735,0.0033096383285611975
11736,0.0033096383285611975
11737,0.0033096383285611975
11738,0.0033096383285611975
11739,0.0033096383285611975
11740,0.0033096383285611975
11741,0.0033096383285611975
11742,0.0033096383285611975
11743,0.0033096383285611975
11744,0.0033096383285611975
11745,0.0033096383285611975
11746,0.0033096383285611975
11747,0.0033096383285611975
11748,0.0033096383285611975
11749,0.0033096383285611975
11750,0.0033096383285611975
11751,0.0033096383285611975
11752,0.0033096383285611975
11753,0.0033096383285611975
11754,0.0033096383285611975
11755,0.0033096383285611975
11756,0.0033096383285611975
11757,0.0033096383285611975
11758,0.0033096383285611975
11759,0.0033096383285611975
11760,0.0033096383285611975
11761,0.0033096383285611975
11762,0.0033096383285611975
11763,0.0033096383285611975
11764,0.0033096383285611975
11765,0.0033096383285611975
11766,0.0033096383285611975
11767,0.0033096383285611975
11768,0.0033096383285611975
11769,0.0033096383285611975
11770,0.0033096383285611975
11771,0.0033096383285611975
11772,0.0033096383285611975
11773,0.0033096383285611975
11774,0.0033096383285611975
11775,0.0033096383285611975
11776,0.0033096383285611975
11777,0.0033096383285611975
11778,0.0033096383285611975
11779,0.0033096383285611975
11780,0.0033096383285611975
11781,0.0033096383285611975
11782,0.0033096383285611975
11783,0.0033096383285611975
11784,0.0033096383285611975
11785,0.0033096383285611975
11786,0.0033096383285611975
11787,0.0033096383285611975
11788,0.0033096383285611975
11789,0.0033096383285611975
11790,0.0033096383285611975
11791,0.0033096383285611975
11792,0.0033096383285611975
11793,0.0033096383285611975
11794,0.0033096383285611975
11795,0.0033096383285611975
11796,0.0033096383285611975
11797,0.0033096383285611975
11798,0.0033096383285611975
11799,0.0033096383285611975
11800,0.0033096383285611975
11801,0.0033096383285611975
11802,0.0033096383285611975
11803,0.0033096383285611975
11804,0.0033096383285611975
11805,0.0033096383285611975
11806,0.0033096383285611975
11807,0.0033096383285611975
11808,0.0033096383285611975
11809,0.0033096383285611975
11810,0.0033096383285611975
11811,0.0033096383285611975
11812,0.0033096383285611975
11813,0.0033096383285611975
11814,0.0033096383285611975
11815,0.0033096383285611975
11816,0.0033096383285611975
11817,0.0033096383285611975
11818,0.0033096383285611975
11819,0.0033096383285611975
11820,0.0033096383285611975
11821,0.0033096383285611975
11822,0.0033096383285611975
11823,0.0033096383285611975
11824,0.0033096383285611975
11825,0.0033096383285611975
11826,0.0033096383285611975
11827,0.0033096383285611975
11828,0.0033096383285611975
11829,0.0033096383285611975
11830,0.0033096383285611975
11831,0.0033096383285611975
11832,0.0033096383285611975
11833,0.0033096383285611975
11834,0.0033096383285611975
11835,0.0033096383285611975
11836,0.0033096383285611975
11837,0.0033096383285611975
11838,0.0033096383285611975
11839,0.0033096383285611975
11840,0.0033096383285611975
11841,0.0033096383285611975
11842,0.0033096383285611975
11843,0.0033096383285611975
11844,0.0033096383285611975
11845,0.0033096383285611975
11846,0.0033096383285611975
11847,0.0033096383285611975
11848,0.0033096383285611975
11849,0.0033096383285611975
11850,0.0033096383285611975
11851,0.0033096383285611975
11852,0.0033096383285611975
11853,0.0033096383285611975
11854,0.0033096383285611975
11855,0.0033096383285611975
11856,0.0033096383285611975
11857,0.0033096383285611975
11858,0.0033096383285611975
11859,0.0033096383285611975
11860,0.0033096383285611975
11861,0.0033096383285611975
11862,0.0033096383285611975
11863,0.0033096383285611975
11864,0.0033096383285611975
11865,0.0033096383285611975
11866,0.0033096383285611975
11867,0.0033096383285611975
11868,0.0033096383285611975
11869,0.0033096383285611975
11870,0.0033096383285611975
11871,0.0033096383285611975
11872,0.0033096383285611975
11873,0.0033096383285611975
11874,0.0033096383285611975
11875,0.0033096383285611975
11876,0.0033096383285611975
11877,0.0033096383285611975
11878,0.0033096383285611975
11879,0.0033096383285611975
11880,0.0033096383285611975
11881,0.0033096383285611975
11882,0.0033096383285611975
11883,0.0033096383285611975
11884,0.0033096383285611975
11885,0.0033096383285611975
11886,0.0033096383285611975
11887,0.0033096383285611975
11888,0.0033096383285611975
11889,0.0033096383285611975
11890,0.0033096383285611975
11891,0.0033096383285611975
11892,0.0033096383285611975
11893,0.0033096383285611975
11894,0.0033096383285611975
11895,0.0033096383285611975
11896,0.0033096383285611975
11897,0.0033096383285611975
11898,0.0033096383285611975
11899,0.0033096383285611975
11900,0.0033096383285611975
11901,0.0033096383285611975
11902,0.0033096383285611975
11903,0.0033096383285611975
11904,0.0033096383285611975
11905,0.0033096383285611975
11906,0.0033096383285611975
11907,0.0033096383285611975
11908,0.0033096383285611975
11909,0.0033096383285611975
11910,0.0033096383285611975
11911,0.0033096383285611975
11912,0.0033096383285611975
11913,0.0033096383285611975
11914,0.0033096383285611975
11915,0.0033096383285611975
11916,0.0033096383285611975
11917,0.0033096383285611975
11918,0.0033096383285611975
11919,0.0033096383285611975
11920,0.0033096383285611975
11921,0.0033096383285611975
11922,0.0033096383285611975
11923,0.0033096383285611975
11924,0.0033096383285611975
11925,0.0033096383285611975
11926,0.0033096383285611975
11927,0.0033096383285611975
11928,0.0033096383285611975
11929,0.0033096383285611975
11930,0.0033096383285611975
11931,0.0033096383285611975
11932,0.0033096383285611975
11933,0.0033096383285611975
11934,0.0033096383285611975
11935,0.0033096383285611975
11936,0.0033096383285611975
11937,0.0033096383285611975
11938,0.0033096383285611975
11939,0.0033096383285611975
11940,0.0033096383285611975
11941,0.0033096383285611975
11942,0.0033096383285611975
11943,0.0033096383285611975
11944,0.0033096383285611975
11945,0.0033096383285611975
11946,0.0033096383285611975
11947,0.0033096383285611975
11948,0.0033096383285611975
11949,0.0033096383285611975
11950,0.0033096383285611975
11951,0.0033096383285611975
11952,0.0033096383285611975
11953,0.0033096383285611975
11954,0.0033096383285611975
11955,0.0033096383285611975
11956,0.0033096383285611975
11957,0.0033096383285611975
11958,0.0033096383285611975
11959,0.0033096383285611975
11960,0.0033096383285611975
11961,0.0033096383285611975
11962,0.0033096383285611975
11963,0.0033096383285611975
11964,0.0033096383285611975
11965,0.0033096383285611975
11966,0.0033096383285611975
11967,0.0033096383285611975
11968,0.0033096383285611975
11969,0.0033096383285611975
11970,0.0033096383285611975
11971,0.0033096383285611975
11972,0.0033096383285611975
11973,0.0033096383285611975
11974,0.0033096383285611975
11975,0.0033096383285611975
11976,0.0033096383285611975
11977,0.0033096383285611975
11978,0.0033096383285611975
11979,0.0033096383285611975
11980,0.0033096383285611975
11981,0.0033096383285611975
11982,0.0033096383285611975
11983,0.0033096383285611975
11984,0.0033096383285611975
11985,0.0033096383285611975
11986,0.0033096383285611975
11987,0.0033096383285611975
11988,0.0033096383285611975
11989,0.0033096383285611975
11990,0.0033096383285611975
11991,0.0033096383285611975
11992,0.0033096383285611975
11993,0.0033096383285611975
11994,0.0033096383285611975
11995,0.0033096383285611975
11996,0.0033096383285611975
11997,0.0033096383285611975
11998,0.0033096383285611975
11999,0.0033096383285611975
12000,0.0033096383285611975
12001,0.0033096383285611975
12002,0.0033096383285611975
12003,0.0033096383285611975
12004,0.0033096383285611975
12005,0.0033096383285611975
12006,0.0033096383285611975
12007,0.0033096383285611975
12008,0.0033096383285611975
12009,0.0033096383285611975
12010,0.0033096383285611975
12011,0.0033096383285611975
12012,0.0033096383285611975
12013,0.0033096383285611975
12014,0.0033096383285611975
12015,0.0033096383285611975
12016,0.0033096383285611975
12017,0.0033096383285611975
12018,0.0033096383285611975
12019,0.0033096383285611975
12020,0.0033096383285611975
12021,0.0033096383285611975
12022,0.0033096383285611975
12023,0.0033096383285611975
12024,0.0033096383285611975
12025,0.0033096383285611975
12026,0.0033096383285611975
12027,0.0033096383285611975
12028,0.0033096383285611975
12029,0.0033096383285611975
12030,0.0033096383285611975
12031,0.0033096383285611975
12032,0.0033096383285611975
12033,0.0033096383285611975
12034,0.0033096383285611975
12035,0.0033096383285611975
12036,0.0033096383285611975
12037,0.0033096383285611975
12038,0.0033096383285611975
12039,0.0033096383285611975
12040,0.0033096383285611975
12041,0.0033096383285611975
12042,0.0033096383285611975
12043,0.0033096383285611975
12044,0.0033096383285611975
12045,0.0033096383285611975
12046,0.0033096383285611975
12047,0.0033096383285611975
12048,0.0033096383285611975
12049,0.0033096383285611975
12050,0.0033096383285611975
12051,0.0033096383285611975
12052,0.0033096383285611975
12053,0.0033096383285611975
12054,0.0033096383285611975
12055,0.0033096383285611975
12056,0.0033096383285611975
12057,0.0033096383285611975
12058,0.0033096383285611975
12059,0.0033096383285611975
12060,0.0033096383285611975
12061,0.0033096383285611975
12062,0.0033096383285611975
12063,0.0033096383285611975
12064,0.0033096383285611975
12065,0.0033096383285611975
12066,0.0033096383285611975
12067,0.0033096383285611975
12068,0.0033096383285611975
12069,0.0033096383285611975
12070,0.0033096383285611975
12071,0.0033096383285611975
12072,0.0033096383285611975
12073,0.0033096383285611975
12074,0.0033096383285611975
12075,0.0033096383285611975
12076,0.0033096383285611975
12077,0.0033096383285611975
12078,0.0033096383285611975
12079,0.0033096383285611975
12080,0.0033096383285611975
12081,0.0033096383285611975
12082,0.0033096383285611975
12083,0.0033096383285611975
12084,0.0033096383285611975
12085,0.0033096383285611975
12086,0.0033096383285611975
12087,0.0033096383285611975
12088,0.0033096383285611975
12089,0.0033096383285611975
12090,0.0033096383285611975
12091,0.0033096383285611975
12092,0.0033096383285611975
12093,0.0033096383285611975
12094,0.0033096383285611975
12095,0.0033096383285611975
12096,0.0033096383285611975
12097,0.0033096383285611975
12098,0.0033096383285611975
12099,0.0033096383285611975
12100,0.0033096383285611975
12101,0.0033096383285611975
12102,0.0033096383285611975
12103,0.0033096383285611975
12104,0.0033096383285611975
12105,0.0033096383285611975
12106,0.0033096383285611975
12107,0.0033096383285611975
12108,0.0033096383285611975
12109,0.0033096383285611975
12110,0.0033096383285611975
12111,0.0033096383285611975
12112,0.0033096383285611975
12113,0.0033096383285611975
12114,0.0033096383285611975
12115,0.0033096383285611975
12116,0.0033096383285611975
12117,0.0033096383285611975
12118,0.0033096383285611975
12119,0.0033096383285611975
12120,0.0033096383285611975
12121,0.0033096383285611975
12122,0.0033096383285611975
12123,0.0033096383285611975
12124,0.0033096383285611975
12125,0.0033096383285611975
12126,0.0033096383285611975
12127,0.0033096383285611975
12128,0.0033096383285611975
12129,0.0033096383285611975
12130,0.0033096383285611975
12131,0.0033096383285611975
12132,0.0033096383285611975
12133,0.0033096383285611975
12134,0.0033096383285611975
12135,0.0033096383285611975
12136,0.0033096383285611975
12137,0.0033096383285611975
12138,0.0033096383285611975
12139,0.0033096383285611975
12140,0.0033096383285611975
12141,0.0033096383285611975
12142,0.0033096383285611975
12143,0.0033096383285611975
12144,0.0033096383285611975
12145,0.0033096383285611975
12146,0.0033096383285611975
12147,0.0033096383285611975
12148,0.0033096383285611975
12149,0.0033096383285611975
12150,0.0033096383285611975
12151,0.0033096383285611975
12152,0.0033096383285611975
12153,0.0033096383285611975
12154,0.0033096383285611975
12155,0.0033096383285611975
12156,0.0033096383285611975
12157,0.0033096383285611975
12158,0.0033096383285611975
12159,0.0033096383285611975
12160,0.0033096383285611975
12161,0.0033096383285611975
12162,0.0033096383285611975
12163,0.0033096383285611975
12164,0.0033096383285611975
12165,0.0033096383285611975
12166,0.0033096383285611975
12167,0.0033096383285611975
12168,0.0033096383285611975
12169,0.0033096383285611975
12170,0.0033096383285611975
12171,0.0033096383285611975
12172,0.0033096383285611975
12173,0.0033096383285611975
12174,0.0033096383285611975
12175,0.0033096383285611975
12176,0.0033096383285611975
12177,0.0033096383285611975
12178,0.0033096383285611975
12179,0.0033096383285611975
12180,0.0033096383285611975
12181,0.0033096383285611975
12182,0.0033096383285611975
12183,0.0033096383285611975
12184,0.0033096383285611975
12185,0.0033096383285611975
12186,0.0033096383285611975
12187,0.0033096383285611975
12188,0.0033096383285611975
12189,0.0033096383285611975
12190,0.0033096383285611975
12191,0.0033096383285611975
12192,0.0033096383285611975
12193,0.0033096383285611975
12194,0.0033096383285611975
12195,0.0033096383285611975
12196,0.0033096383285611975
12197,0.0033096383285611975
12198,0.0033096383285611975
12199,0.0033096383285611975
12200,0.0033096383285611975
12201,0.0033096383285611975
12202,0.0033096383285611975
12203,0.0033096383285611975
12204,0.0033096383285611975
12205,0.0033096383285611975
12206,0.0033096383285611975
12207,0.0033096383285611975
12208,0.0033096383285611975
12209,0.0033096383285611975
12210,0.0033096383285611975
12211,0.0033096383285611975
12212,0.0033096383285611975
12213,0.0033096383285611975
12214,0.0033096383285611975
12215,0.0033096383285611975
12216,0.0033096383285611975
12217,0.0033096383285611975
12218,0.0033096383285611975
12219,0.0033096383285611975
12220,0.0033096383285611975
12221,0.0033096383285611975
12222,0.0033096383285611975
12223,0.0033096383285611975
12224,0.0033096383285611975
12225,0.0033096383285611975
12226,0.0033096383285611975
12227,0.0033096383285611975
12228,0.0033096383285611975
12229,0.0033096383285611975
12230,0.0033096383285611975
12231,0.0033096383285611975
12232,0.0033096383285611975
12233,0.0033096383285611975
12234,0.0033096383285611975
12235,0.0033096383285611975
12236,0.0033096383285611975
12237,0.0033096383285611975
12238,0.0033096383285611975
12239,0.0033096383285611975
12240,0.0033096383285611975
12241,0.0033096383285611975
12242,0.0033096383285611975
12243,0.0033096383285611975
12244,0.0033096383285611975
12245,0.0033096383285611975
12246,0.0033096383285611975
12247,0.0033096383285611975
12248,0.0033096383285611975
12249,0.0033096383285611975
12250,0.0033096383285611975
12251,0.0033096383285611975
12252,0.0033096383285611975
12253,0.0033096383285611975
12254,0.0033096383285611975
12255,0.0033096383285611975
12256,0.0033096383285611975
12257,0.0033096383285611975
12258,0.0033096383285611975
12259,0.0033096383285611975
12260,0.0033096383285611975
12261,0.0033096383285611975
12262,0.0033096383285611975
12263,0.0033096383285611975
12264,0.0033096383285611975
12265,0.0033096383285611975
12266,0.0033096383285611975
12267,0.0033096383285611975
12268,0.0033096383285611975
12269,0.0033096383285611975
12270,0.0033096383285611975
12271,0.0033096383285611975
12272,0.0033096383285611975
12273,0.0033096383285611975
12274,0.0033096383285611975
12275,0.0033096383285611975
12276,0.0033096383285611975
12277,0.0033096383285611975
12278,0.0033096383285611975
12279,0.0033096383285611975
12280,0.0033096383285611975
12281,0.0033096383285611975
12282,0.0033096383285611975
12283,0.0033096383285611975
12284,0.0033096383285611975
12285,0.0033096383285611975
12286,0.0033096383285611975
12287,0.0033096383285611975
12288,0.0033096383285611975
12289,0.0033096383285611975
12290,0.0033096383285611975
12291,0.0033096383285611975
12292,0.0033096383285611975
12293,0.0033096383285611975
12294,0.0033096383285611975
12295,0.0033096383285611975
12296,0.0033096383285611975
12297,0.0033096383285611975
12298,0.0033096383285611975
12299,0.0033096383285611975
12300,0.0033096383285611975
12301,0.0033096383285611975
12302,0.0033096383285611975
12303,0.0033096383285611975
12304,0.0033096383285611975
12305,0.0033096383285611975
12306,0.0033096383285611975
12307,0.0033096383285611975
12308,0.0033096383285611975
12309,0.0033096383285611975
12310,0.0033096383285611975
12311,0.0033096383285611975
12312,0.0033096383285611975
12313,0.0033096383285611975
12314,0.0033096383285611975
12315,0.0033096383285611975
12316,0.0033096383285611975
12317,0.0033096383285611975
12318,0.0033096383285611975
12319,0.0033096383285611975
12320,0.0033096383285611975
12321,0.0033096383285611975
12322,0.0033096383285611975
12323,0.0033096383285611975
12324,0.0033096383285611975
12325,0.0033096383285611975
12326,0.0033096383285611975
12327,0.0033096383285611975
12328,0.0033096383285611975
12329,0.0033096383285611975
12330,0.0033096383285611975
12331,0.0033096383285611975
12332,0.0033096383285611975
12333,0.0033096383285611975
12334,0.0033096383285611975
12335,0.0033096383285611975
12336,0.0033096383285611975
12337,0.0033096383285611975
12338,0.0033096383285611975
12339,0.0033096383285611975
12340,0.0033096383285611975
12341,0.0033096383285611975
12342,0.0033096383285611975
12343,0.0033096383285611975
12344,0.0033096383285611975
12345,0.0033096383285611975
12346,0.0033096383285611975
12347,0.0033096383285611975
12348,0.0033096383285611975
12349,0.0033096383285611975
12350,0.0033096383285611975
12351,0.0033096383285611975
12352,0.0033096383285611975
12353,0.0033096383285611975
12354,0.0033096383285611975
12355,0.0033096383285611975
12356,0.0033096383285611975
12357,0.0033096383285611975
12358,0.0033096383285611975
12359,0.0033096383285611975
12360,0.0033096383285611975
12361,0.0033096383285611975
12362,0.0033096383285611975
12363,0.0033096383285611975
12364,0.0033096383285611975
12365,0.0033096383285611975
12366,0.0033096383285611975
12367,0.0033096383285611975
12368,0.0033096383285611975
12369,0.0033096383285611975
12370,0.0033096383285611975
12371,0.0033096383285611975
12372,0.0033096383285611975
12373,0.0033096383285611975
12374,0.0033096383285611975
12375,0.0033096383285611975
12376,0.0033096383285611975
12377,0.0033096383285611975
12378,0.0033096383285611975
12379,0.0033096383285611975
12380,0.0033096383285611975
12381,0.0033096383285611975
12382,0.0033096383285611975
12383,0.0033096383285611975
12384,0.0033096383285611975
12385,0.0033096383285611975
12386,0.0033096383285611975
12387,0.0033096383285611975
12388,0.0033096383285611975
12389,0.0033096383285611975
12390,0.0033096383285611975
12391,0.0033096383285611975
12392,0.0033096383285611975
12393,0.0033096383285611975
12394,0.0033096383285611975
12395,0.0033096383285611975
12396,0.0033096383285611975
12397,0.0033096383285611975
12398,0.0033096383285611975
12399,0.0033096383285611975
12400,0.0033096383285611975
12401,0.0033096383285611975
12402,0.0033096383285611975
12403,0.0033096383285611975
12404,0.0033096383285611975
12405,0.0033096383285611975
12406,0.0033096383285611975
12407,0.0033096383285611975
12408,0.0033096383285611975
12409,0.0033096383285611975
12410,0.0033096383285611975
12411,0.0033096383285611975
12412,0.0033096383285611975
12413,0.0033096383285611975
12414,0.0033096383285611975
12415,0.0033096383285611975
12416,0.0033096383285611975
12417,0.0033096383285611975
12418,0.0033096383285611975
12419,0.0033096383285611975
12420,0.0033096383285611975
12421,0.0033096383285611975
12422,0.0033096383285611975
12423,0.0033096383285611975
12424,0.0033096383285611975
12425,0.0033096383285611975
12426,0.0033096383285611975
12427,0.0033096383285611975
12428,0.0033096383285611975
12429,0.0033096383285611975
12430,0.0033096383285611975
12431,0.0033096383285611975
12432,0.0033096383285611975
12433,0.0033096383285611975
12434,0.0033096383285611975
12435,0.0033096383285611975
12436,0.0033096383285611975
12437,0.0033096383285611975
12438,0.0033096383285611975
12439,0.0033096383285611975
12440,0.0033096383285611975
12441,0.0033096383285611975
12442,0.0033096383285611975
12443,0.0033096383285611975
12444,0.0033096383285611975
12445,0.0033096383285611975
12446,0.0033096383285611975
12447,0.0033096383285611975
12448,0.0033096383285611975
12449,0.0033096383285611975
12450,0.0033096383285611975
12451,0.0033096383285611975
12452,0.0033096383285611975
12453,0.0033096383285611975
12454,0.0033096383285611975
12455,0.0033096383285611975
12456,0.0033096383285611975
12457,0.0033096383285611975
12458,0.0033096383285611975
12459,0.0033096383285611975
12460,0.0033096383285611975
12461,0.0033096383285611975
12462,0.0033096383285611975
12463,0.0033096383285611975
12464,0.0033096383285611975
12465,0.0033096383285611975
12466,0.0033096383285611975
12467,0.0033096383285611975
12468,0.0033096383285611975
12469,0.0033096383285611975
12470,0.0033096383285611975
12471,0.0033096383285611975
12472,0.0033096383285611975
12473,0.0033096383285611975
12474,0.0033096383285611975
12475,0.0033096383285611975
12476,0.0033096383285611975
12477,0.0033096383285611975
12478,0.0033096383285611975
12479,0.0033096383285611975
12480,0.0033096383285611975
12481,0.0033096383285611975
12482,0.0033096383285611975
12483,0.0033096383285611975
12484,0.0033096383285611975
12485,0.0033096383285611975
12486,0.0033096383285611975
12487,0.0033096383285611975
12488,0.0033096383285611975
12489,0.0033096383285611975
12490,0.0033096383285611975
12491,0.0033096383285611975
12492,0.0033096383285611975
12493,0.0033096383285611975
12494,0.0033096383285611975
12495,0.0033096383285611975
12496,0.0033096383285611975
12497,0.0033096383285611975
12498,0.0033096383285611975
12499,0.0033096383285611975
12500,0.0033096383285611975
12501,0.0033096383285611975
12502,0.0033096383285611975
12503,0.0033096383285611975
12504,0.0033096383285611975
12505,0.0033096383285611975
12506,0.0033096383285611975
12507,0.0033096383285611975
12508,0.0033096383285611975
12509,0.0033096383285611975
12510,0.0033096383285611975
12511,0.0033096383285611975
12512,0.0033096383285611975
12513,0.0033096383285611975
12514,0.0033096383285611975
12515,0.0033096383285611975
12516,0.0033096383285611975
12517,0.0033096383285611975
12518,0.0033096383285611975
12519,0.0033096383285611975
12520,0.0033096383285611975
12521,0.0033096383285611975
12522,0.0033096383285611975
12523,0.0033096383285611975
12524,0.0033096383285611975
12525,0.0033096383285611975
12526,0.0033096383285611975
12527,0.0033096383285611975
12528,0.0033096383285611975
12529,0.0033096383285611975
12530,0.0033096383285611975
12531,0.0033096383285611975
12532,0.0033096383285611975
12533,0.0033096383285611975
12534,0.0033096383285611975
12535,0.0033096383285611975
12536,0.0033096383285611975
12537,0.0033096383285611975
12538,0.0033096383285611975
12539,0.0033096383285611975
12540,0.0033096383285611975
12541,0.0033096383285611975
12542,0.0033096383285611975
12543,0.0033096383285611975
12544,0.0033096383285611975
12545,0.0033096383285611975
12546,0.0033096383285611975
12547,0.0033096383285611975
12548,0.0033096383285611975
12549,0.0033096383285611975
12550,0.0033096383285611975
12551,0.0033096383285611975
12552,0.0033096383285611975
12553,0.0033096383285611975
12554,0.0033096383285611975
12555,0.0033096383285611975
12556,0.0033096383285611975
12557,0.0033096383285611975
12558,0.0033096383285611975
12559,0.0033096383285611975
12560,0.0033096383285611975
12561,0.0033096383285611975
12562,0.0033096383285611975
12563,0.0033096383285611975
12564,0.0033096383285611975
12565,0.0033096383285611975
12566,0.0033096383285611975
12567,0.0033096383285611975
12568,0.0033096383285611975
12569,0.0033096383285611975
12570,0.0033096383285611975
12571,0.0033096383285611975
12572,0.0033096383285611975
12573,0.0033096383285611975
12574,0.0033096383285611975
12575,0.0033096383285611975
12576,0.0033096383285611975
12577,0.0033096383285611975
12578,0.0033096383285611975
12579,0.0033096383285611975
12580,0.0033096383285611975
12581,0.0033096383285611975
12582,0.0033096383285611975
12583,0.0033096383285611975
12584,0.0033096383285611975
12585,0.0033096383285611975
12586,0.0033096383285611975
12587,0.0033096383285611975
12588,0.0033096383285611975
12589,0.0033096383285611975
12590,0.0033096383285611975
12591,0.0033096383285611975
12592,0.0033096383285611975
12593,0.0033096383285611975
12594,0.0033096383285611975
12595,0.0033096383285611975
12596,0.0033096383285611975
12597,0.0033096383285611975
12598,0.0033096383285611975
12599,0.0033096383285611975
12600,0.0033096383285611975
12601,0.0033096383285611975
12602,0.0033096383285611975
12603,0.0033096383285611975
12604,0.0033096383285611975
12605,0.0033096383285611975
12606,0.0033096383285611975
12607,0.0033096383285611975
12608,0.0033096383285611975
12609,0.0033096383285611975
12610,0.0033096383285611975
12611,0.0033096383285611975
12612,0.0033096383285611975
12613,0.0033096383285611975
12614,0.0033096383285611975
12615,0.0033096383285611975
12616,0.0033096383285611975
12617,0.0033096383285611975
12618,0.0033096383285611975
12619,0.0033096383285611975
12620,0.0033096383285611975
12621,0.0033096383285611975
12622,0.0033096383285611975
12623,0.0033096383285611975
12624,0.0033096383285611975
12625,0.0033096383285611975
12626,0.0033096383285611975
12627,0.0033096383285611975
12628,0.0033096383285611975
12629,0.0033096383285611975
12630,0.0033096383285611975
12631,0.0033096383285611975
12632,0.0033096383285611975
12633,0.0033096383285611975
12634,0.0033096383285611975
12635,0.0033096383285611975
12636,0.0033096383285611975
12637,0.0033096383285611975
12638,0.0033096383285611975
12639,0.0033096383285611975
12640,0.0033096383285611975
12641,0.0033096383285611975
12642,0.0033096383285611975
12643,0.0033096383285611975
12644,0.0033096383285611975
12645,0.0033096383285611975
12646,0.0033096383285611975
12647,0.0033096383285611975
12648,0.0033096383285611975
12649,0.0033096383285611975
12650,0.0033096383285611975
12651,0.0033096383285611975
12652,0.0033096383285611975
12653,0.0033096383285611975
12654,0.0033096383285611975
12655,0.0033096383285611975
12656,0.0033096383285611975
12657,0.0033096383285611975
12658,0.0033096383285611975
12659,0.0033096383285611975
12660,0.0033096383285611975
12661,0.0033096383285611975
12662,0.0033096383285611975
12663,0.0033096383285611975
12664,0.0033096383285611975
12665,0.0033096383285611975
12666,0.0033096383285611975
12667,0.0033096383285611975
12668,0.0033096383285611975
12669,0.0033096383285611975
12670,0.0033096383285611975
12671,0.0033096383285611975
12672,0.0033096383285611975
12673,0.0033096383285611975
12674,0.0033096383285611975
12675,0.0033096383285611975
12676,0.0033096383285611975
12677,0.0033096383285611975
12678,0.0033096383285611975
12679,0.0033096383285611975
12680,0.0033096383285611975
12681,0.0033096383285611975
12682,0.0033096383285611975
12683,0.0033096383285611975
12684,0.0033096383285611975
12685,0.0033096383285611975
12686,0.0033096383285611975
12687,0.0033096383285611975
12688,0.0033096383285611975
12689,0.0033096383285611975
12690,0.0033096383285611975
12691,0.0033096383285611975
12692,0.0033096383285611975
12693,0.0033096383285611975
12694,0.0033096383285611975
12695,0.0033096383285611975
12696,0.0033096383285611975
12697,0.0033096383285611975
12698,0.0033096383285611975
12699,0.0033096383285611975
12700,0.0033096383285611975
12701,0.0033096383285611975
12702,0.0033096383285611975
12703,0.0033096383285611975
12704,0.0033096383285611975
12705,0.0033096383285611975
12706,0.0033096383285611975
12707,0.0033096383285611975
12708,0.0033096383285611975
12709,0.0033096383285611975
12710,0.0033096383285611975
12711,0.0033096383285611975
12712,0.0033096383285611975
12713,0.0033096383285611975
12714,0.0033096383285611975
12715,0.0033096383285611975
12716,0.0033096383285611975
12717,0.0033096383285611975
12718,0.0033096383285611975
12719,0.0033096383285611975
12720,0.0033096383285611975
12721,0.0033096383285611975
12722,0.0033096383285611975
12723,0.0033096383285611975
12724,0.0033096383285611975
12725,0.0033096383285611975
12726,0.0033096383285611975
12727,0.0033096383285611975
12728,0.0033096383285611975
12729,0.0033096383285611975
12730,0.0033096383285611975
12731,0.0033096383285611975
12732,0.0033096383285611975
12733,0.0033096383285611975
12734,0.0033096383285611975
12735,0.0033096383285611975
12736,0.0033096383285611975
12737,0.0033096383285611975
12738,0.0033096383285611975
12739,0.0033096383285611975
12740,0.0033096383285611975
12741,0.0033096383285611975
12742,0.0033096383285611975
12743,0.0033096383285611975
12744,0.0033096383285611975
12745,0.0033096383285611975
12746,0.0033096383285611975
12747,0.0033096383285611975
12748,0.0033096383285611975
12749,0.0033096383285611975
12750,0.0033096383285611975
12751,0.0033096383285611975
12752,0.0033096383285611975
12753,0.0033096383285611975
12754,0.0033096383285611975
12755,0.0033096383285611975
12756,0.0033096383285611975
12757,0.0033096383285611975
12758,0.0033096383285611975
12759,0.0033096383285611975
12760,0.0033096383285611975
12761,0.0033096383285611975
12762,0.0033096383285611975
12763,0.0033096383285611975
12764,0.0033096383285611975
12765,0.0033096383285611975
12766,0.0033096383285611975
12767,0.0033096383285611975
12768,0.0033096383285611975
12769,0.0033096383285611975
12770,0.0033096383285611975
12771,0.0033096383285611975
12772,0.0033096383285611975
12773,0.0033096383285611975
12774,0.0033096383285611975
12775,0.0033096383285611975
12776,0.0033096383285611975
12777,0.0033096383285611975
12778,0.0033096383285611975
12779,0.0033096383285611975
12780,0.0033096383285611975
12781,0.0033096383285611975
12782,0.0033096383285611975
12783,0.0033096383285611975
12784,0.0033096383285611975
12785,0.0033096383285611975
12786,0.0033096383285611975
12787,0.0033096383285611975
12788,0.0033096383285611975
12789,0.0033096383285611975
12790,0.0033096383285611975
12791,0.0033096383285611975
12792,0.0033096383285611975
12793,0.0033096383285611975
12794,0.0033096383285611975
12795,0.0033096383285611975
12796,0.0033096383285611975
12797,0.0033096383285611975
12798,0.0033096383285611975
12799,0.0033096383285611975
12800,0.0033096383285611975
12801,0.0033096383285611975
12802,0.0033096383285611975
12803,0.0033096383285611975
12804,0.0033096383285611975
12805,0.0033096383285611975
12806,0.0033096383285611975
12807,0.0033096383285611975
12808,0.0033096383285611975
12809,0.0033096383285611975
12810,0.0033096383285611975
12811,0.0033096383285611975
12812,0.0033096383285611975
12813,0.0033096383285611975
12814,0.0033096383285611975
12815,0.0033096383285611975
12816,0.0033096383285611975
12817,0.0033096383285611975
12818,0.0033096383285611975
12819,0.0033096383285611975
12820,0.0033096383285611975
12821,0.0033096383285611975
12822,0.0033096383285611975
12823,0.0033096383285611975
12824,0.0033096383285611975
12825,0.0033096383285611975
12826,0.0033096383285611975
12827,0.0033096383285611975
12828,0.0033096383285611975
12829,0.0033096383285611975
12830,0.0033096383285611975
12831,0.0033096383285611975
12832,0.0033096383285611975
12833,0.0033096383285611975
12834,0.0033096383285611975
12835,0.0033096383285611975
12836,0.0033096383285611975
12837,0.0033096383285611975
12838,0.0033096383285611975
12839,0.0033096383285611975
12840,0.0033096383285611975
12841,0.0033096383285611975
12842,0.0033096383285611975
12843,0.0033096383285611975
12844,0.0033096383285611975
12845,0.0033096383285611975
12846,0.0033096383285611975
12847,0.0033096383285611975
12848,0.0033096383285611975
12849,0.0033096383285611975
12850,0.0033096383285611975
12851,0.0033096383285611975
12852,0.0033096383285611975
12853,0.0033096383285611975
12854,0.0033096383285611975
12855,0.0033096383285611975
12856,0.0033096383285611975
12857,0.0033096383285611975
12858,0.0033096383285611975
12859,0.0033096383285611975
12860,0.0033096383285611975
12861,0.0033096383285611975
12862,0.0033096383285611975
12863,0.0033096383285611975
12864,0.0033096383285611975
12865,0.0033096383285611975
12866,0.0033096383285611975
12867,0.0033096383285611975
12868,0.0033096383285611975
12869,0.0033096383285611975
12870,0.0033096383285611975
12871,0.0033096383285611975
12872,0.0033096383285611975
12873,0.0033096383285611975
12874,0.0033096383285611975
12875,0.0033096383285611975
12876,0.0033096383285611975
12877,0.0033096383285611975
12878,0.0033096383285611975
12879,0.0033096383285611975
12880,0.0033096383285611975
12881,0.0033096383285611975
12882,0.0033096383285611975
12883,0.0033096383285611975
12884,0.0033096383285611975
12885,0.0033096383285611975
12886,0.0033096383285611975
12887,0.0033096383285611975
12888,0.0033096383285611975
12889,0.0033096383285611975
12890,0.0033096383285611975
12891,0.0033096383285611975
12892,0.0033096383285611975
12893,0.0033096383285611975
12894,0.0033096383285611975
12895,0.0033096383285611975
12896,0.0033096383285611975
12897,0.0033096383285611975
12898,0.0033096383285611975
12899,0.0033096383285611975
12900,0.0033096383285611975
12901,0.0033096383285611975
12902,0.0033096383285611975
12903,0.0033096383285611975
12904,0.0033096383285611975
12905,0.0033096383285611975
12906,0.0033096383285611975
12907,0.0033096383285611975
12908,0.0033096383285611975
12909,0.0033096383285611975
12910,0.0033096383285611975
12911,0.0033096383285611975
12912,0.0033096383285611975
12913,0.0033096383285611975
12914,0.0033096383285611975
12915,0.0033096383285611975
12916,0.0033096383285611975
12917,0.0033096383285611975
12918,0.0033096383285611975
12919,0.0033096383285611975
12920,0.0033096383285611975
12921,0.0033096383285611975
12922,0.0033096383285611975
12923,0.0033096383285611975
12924,0.0033096383285611975
12925,0.0033096383285611975
12926,0.0033096383285611975
12927,0.0033096383285611975
12928,0.0033096383285611975
12929,0.0033096383285611975
12930,0.0033096383285611975
12931,0.0033096383285611975
12932,0.0033096383285611975
12933,0.0033096383285611975
12934,0.0033096383285611975
12935,0.0033096383285611975
12936,0.0033096383285611975
12937,0.0033096383285611975
12938,0.0033096383285611975
12939,0.0033096383285611975
12940,0.0033096383285611975
12941,0.0033096383285611975
12942,0.0033096383285611975
12943,0.0033096383285611975
12944,0.0033096383285611975
12945,0.0033096383285611975
12946,0.0033096383285611975
12947,0.0033096383285611975
12948,0.0033096383285611975
12949,0.0033096383285611975
12950,0.0033096383285611975
12951,0.0033096383285611975
12952,0.0033096383285611975
12953,0.0033096383285611975
12954,0.0033096383285611975
12955,0.0033096383285611975
12956,0.0033096383285611975
12957,0.0033096383285611975
12958,0.0033096383285611975
12959,0.0033096383285611975
12960,0.0033096383285611975
12961,0.0033096383285611975
12962,0.0033096383285611975
12963,0.0033096383285611975
12964,0.0033096383285611975
12965,0.0033096383285611975
12966,0.0033096383285611975
12967,0.0033096383285611975
12968,0.0033096383285611975
12969,0.0033096383285611975
12970,0.0033096383285611975
12971,0.0033096383285611975
12972,0.0033096383285611975
12973,0.0033096383285611975
12974,0.0033096383285611975
12975,0.0033096383285611975
12976,0.0033096383285611975
12977,0.0033096383285611975
12978,0.0033096383285611975
12979,0.0033096383285611975
12980,0.0033096383285611975
12981,0.0033096383285611975
12982,0.0033096383285611975
12983,0.0033096383285611975
12984,0.0033096383285611975
12985,0.0033096383285611975
12986,0.0033096383285611975
12987,0.0033096383285611975
12988,0.0033096383285611975
12989,0.0033096383285611975
12990,0.0033096383285611975
12991,0.0033096383285611975
12992,0.0033096383285611975
12993,0.0033096383285611975
12994,0.0033096383285611975
12995,0.0033096383285611975
12996,0.0033096383285611975
12997,0.0033096383285611975
12998,0.0033096383285611975
12999,0.0033096383285611975
13000,0.0033096383285611975
13001,0.0033096383285611975
13002,0.0033096383285611975
13003,0.0033096383285611975
13004,0.0033096383285611975
13005,0.0033096383285611975
13006,0.0033096383285611975
13007,0.0033096383285611975
13008,0.0033096383285611975
13009,0.0033096383285611975
13010,0.0033096383285611975
13011,0.0033096383285611975
13012,0.0033096383285611975
13013,0.0033096383285611975
13014,0.0033096383285611975
13015,0.0033096383285611975
13016,0.0033096383285611975
13017,0.0033096383285611975
13018,0.0033096383285611975
13019,0.0033096383285611975
13020,0.0033096383285611975
13021,0.0033096383285611975
13022,0.0033096383285611975
13023,0.0033096383285611975
13024,0.0033096383285611975
13025,0.0033096383285611975
13026,0.0033096383285611975
13027,0.0033096383285611975
13028,0.0033096383285611975
13029,0.0033096383285611975
13030,0.0033096383285611975
13031,0.0033096383285611975
13032,0.0033096383285611975
13033,0.0033096383285611975
13034,0.0033096383285611975
13035,0.0033096383285611975
13036,0.0033096383285611975
13037,0.0033096383285611975
13038,0.0033096383285611975
13039,0.0033096383285611975
13040,0.0033096383285611975
13041,0.0033096383285611975
13042,0.0033096383285611975
13043,0.0033096383285611975
13044,0.0033096383285611975
13045,0.0033096383285611975
13046,0.0033096383285611975
13047,0.0033096383285611975
13048,0.0033096383285611975
13049,0.0033096383285611975
13050,0.0033096383285611975
13051,0.0033096383285611975
13052,0.0033096383285611975
13053,0.0033096383285611975
13054,0.0033096383285611975
13055,0.0033096383285611975
13056,0.0033096383285611975
13057,0.0033096383285611975
13058,0.0033096383285611975
13059,0.0033096383285611975
13060,0.0033096383285611975
13061,0.0033096383285611975
13062,0.0033096383285611975
13063,0.0033096383285611975
13064,0.0033096383285611975
13065,0.0033096383285611975
13066,0.0033096383285611975
13067,0.0033096383285611975
13068,0.0033096383285611975
13069,0.0033096383285611975
13070,0.0033096383285611975
13071,0.0033096383285611975
13072,0.0033096383285611975
13073,0.0033096383285611975
13074,0.0033096383285611975
13075,0.0033096383285611975
13076,0.0033096383285611975
13077,0.0033096383285611975
13078,0.0033096383285611975
13079,0.0033096383285611975
13080,0.0033096383285611975
13081,0.0033096383285611975
13082,0.0033096383285611975
13083,0.0033096383285611975
13084,0.0033096383285611975
13085,0.0033096383285611975
13086,0.0033096383285611975
13087,0.0033096383285611975
13088,0.0033096383285611975
13089,0.0033096383285611975
13090,0.0033096383285611975
13091,0.0033096383285611975
13092,0.0033096383285611975
13093,0.0033096383285611975
13094,0.0033096383285611975
13095,0.0033096383285611975
13096,0.0033096383285611975
13097,0.0033096383285611975
13098,0.0033096383285611975
13099,0.0033096383285611975
13100,0.0033096383285611975
13101,0.0033096383285611975
13102,0.0033096383285611975
13103,0.0033096383285611975
13104,0.0033096383285611975
13105,0.0033096383285611975
13106,0.0033096383285611975
13107,0.0033096383285611975
13108,0.0033096383285611975
13109,0.0033096383285611975
13110,0.0033096383285611975
13111,0.0033096383285611975
13112,0.0033096383285611975
13113,0.0033096383285611975
13114,0.0033096383285611975
13115,0.0033096383285611975
13116,0.0033096383285611975
13117,0.0033096383285611975
13118,0.0033096383285611975
13119,0.0033096383285611975
13120,0.0033096383285611975
13121,0.0033096383285611975
13122,0.0033096383285611975
13123,0.0033096383285611975
13124,0.0033096383285611975
13125,0.0033096383285611975
13126,0.0033096383285611975
13127,0.0033096383285611975
13128,0.0033096383285611975
13129,0.0033096383285611975
13130,0.0033096383285611975
13131,0.0033096383285611975
13132,0.0033096383285611975
13133,0.0033096383285611975
13134,0.0033096383285611975
13135,0.0033096383285611975
13136,0.0033096383285611975
13137,0.0033096383285611975
13138,0.0033096383285611975
13139,0.0033096383285611975
13140,0.0033096383285611975
13141,0.0033096383285611975
13142,0.0033096383285611975
13143,0.0033096383285611975
13144,0.0033096383285611975
13145,0.0033096383285611975
13146,0.0033096383285611975
13147,0.0033096383285611975
13148,0.0033096383285611975
13149,0.0033096383285611975
13150,0.0033096383285611975
13151,0.0033096383285611975
13152,0.0033096383285611975
13153,0.0033096383285611975
13154,0.0033096383285611975
13155,0.0033096383285611975
13156,0.0033096383285611975
13157,0.0033096383285611975
13158,0.0033096383285611975
13159,0.0033096383285611975
13160,0.0033096383285611975
13161,0.0033096383285611975
13162,0.0033096383285611975
13163,0.0033096383285611975
13164,0.0033096383285611975
13165,0.0033096383285611975
13166,0.0033096383285611975
13167,0.0033096383285611975
13168,0.0033096383285611975
13169,0.0033096383285611975
13170,0.0033096383285611975
13171,0.0033096383285611975
13172,0.0033096383285611975
13173,0.0033096383285611975
13174,0.0033096383285611975
13175,0.0033096383285611975
13176,0.0033096383285611975
13177,0.0033096383285611975
13178,0.0033096383285611975
13179,0.0033096383285611975
13180,0.0033096383285611975
13181,0.0033096383285611975
13182,0.0033096383285611975
13183,0.0033096383285611975
13184,0.0033096383285611975
13185,0.0033096383285611975
13186,0.0033096383285611975
13187,0.0033096383285611975
13188,0.0033096383285611975
13189,0.0033096383285611975
13190,0.0033096383285611975
13191,0.0033096383285611975
13192,0.0033096383285611975
13193,0.0033096383285611975
13194,0.0033096383285611975
13195,0.0033096383285611975
13196,0.0033096383285611975
13197,0.0033096383285611975
13198,0.0033096383285611975
13199,0.0033096383285611975
13200,0.0033096383285611975
13201,0.0033096383285611975
13202,0.0033096383285611975
13203,0.0033096383285611975
13204,0.0033096383285611975
13205,0.0033096383285611975
13206,0.0033096383285611975
13207,0.0033096383285611975
13208,0.0033096383285611975
13209,0.0033096383285611975
13210,0.0033096383285611975
13211,0.0033096383285611975
13212,0.0033096383285611975
13213,0.0033096383285611975
13214,0.0033096383285611975
13215,0.0033096383285611975
13216,0.0033096383285611975
13217,0.0033096383285611975
13218,0.0033096383285611975
13219,0.0033096383285611975
13220,0.0033096383285611975
13221,0.0033096383285611975
13222,0.0033096383285611975
13223,0.0033096383285611975
13224,0.0033096383285611975
13225,0.0033096383285611975
13226,0.0033096383285611975
13227,0.0033096383285611975
13228,0.0033096383285611975
13229,0.0033096383285611975
13230,0.0033096383285611975
13231,0.0033096383285611975
13232,0.0033096383285611975
13233,0.0033096383285611975
13234,0.0033096383285611975
13235,0.0033096383285611975
13236,0.0033096383285611975
13237,0.0033096383285611975
13238,0.0033096383285611975
13239,0.0033096383285611975
13240,0.0033096383285611975
13241,0.0033096383285611975
13242,0.0033096383285611975
13243,0.0033096383285611975
13244,0.0033096383285611975
13245,0.0033096383285611975
13246,0.0033096383285611975
13247,0.0033096383285611975
13248,0.0033096383285611975
13249,0.0033096383285611975
13250,0.0033096383285611975
13251,0.0033096383285611975
13252,0.0033096383285611975
13253,0.0033096383285611975
13254,0.0033096383285611975
13255,0.0033096383285611975
13256,0.0033096383285611975
13257,0.0033096383285611975
13258,0.0033096383285611975
13259,0.0033096383285611975
13260,0.0033096383285611975
13261,0.0033096383285611975
13262,0.0033096383285611975
13263,0.0033096383285611975
13264,0.0033096383285611975
13265,0.0033096383285611975
13266,0.0033096383285611975
13267,0.0033096383285611975
13268,0.0033096383285611975
13269,0.0033096383285611975
13270,0.0033096383285611975
13271,0.0033096383285611975
13272,0.0033096383285611975
13273,0.0033096383285611975
13274,0.0033096383285611975
13275,0.0033096383285611975
13276,0.0033096383285611975
13277,0.0033096383285611975
13278,0.0033096383285611975
13279,0.0033096383285611975
13280,0.0033096383285611975
13281,0.0033096383285611975
13282,0.0033096383285611975
13283,0.0033096383285611975
13284,0.0033096383285611975
13285,0.0033096383285611975
13286,0.0033096383285611975
13287,0.0033096383285611975
13288,0.0033096383285611975
13289,0.0033096383285611975
13290,0.0033096383285611975
13291,0.0033096383285611975
13292,0.0033096383285611975
13293,0.0033096383285611975
13294,0.0033096383285611975
13295,0.0033096383285611975
13296,0.0033096383285611975
13297,0.0033096383285611975
13298,0.0033096383285611975
13299,0.0033096383285611975
13300,0.0033096383285611975
13301,0.0033096383285611975
13302,0.0033096383285611975
13303,0.0033096383285611975
13304,0.0033096383285611975
13305,0.0033096383285611975
13306,0.0033096383285611975
13307,0.0033096383285611975
13308,0.0033096383285611975
13309,0.0033096383285611975
13310,0.0033096383285611975
13311,0.0033096383285611975
13312,0.0033096383285611975
13313,0.0033096383285611975
13314,0.0033096383285611975
13315,0.0033096383285611975
13316,0.0033096383285611975
13317,0.0033096383285611975
13318,0.0033096383285611975
13319,0.0033096383285611975
13320,0.0033096383285611975
13321,0.0033096383285611975
13322,0.0033096383285611975
13323,0.0033096383285611975
13324,0.0033096383285611975
13325,0.0033096383285611975
13326,0.0033096383285611975
13327,0.0033096383285611975
13328,0.0033096383285611975
13329,0.0033096383285611975
13330,0.0033096383285611975
13331,0.0033096383285611975
13332,0.0033096383285611975
13333,0.0033096383285611975
13334,0.0033096383285611975
13335,0.0033096383285611975
13336,0.0033096383285611975
13337,0.0033096383285611975
13338,0.0033096383285611975
13339,0.0033096383285611975
13340,0.0033096383285611975
13341,0.0033096383285611975
13342,0.0033096383285611975
13343,0.0033096383285611975
13344,0.0033096383285611975
13345,0.0033096383285611975
13346,0.0033096383285611975
13347,0.0033096383285611975
13348,0.0033096383285611975
13349,0.0033096383285611975
13350,0.0033096383285611975
13351,0.0033096383285611975
13352,0.0033096383285611975
13353,0.0033096383285611975
13354,0.0033096383285611975
13355,0.0033096383285611975
13356,0.0033096383285611975
13357,0.0033096383285611975
13358,0.0033096383285611975
13359,0.0033096383285611975
13360,0.0033096383285611975
13361,0.0033096383285611975
13362,0.0033096383285611975
13363,0.0033096383285611975
13364,0.0033096383285611975
13365,0.0033096383285611975
13366,0.0033096383285611975
13367,0.0033096383285611975
13368,0.0033096383285611975
13369,0.0033096383285611975
13370,0.0033096383285611975
13371,0.0033096383285611975
13372,0.0033096383285611975
13373,0.0033096383285611975
13374,0.0033096383285611975
13375,0.0033096383285611975
13376,0.0033096383285611975
13377,0.0033096383285611975
13378,0.0033096383285611975
13379,0.0033096383285611975
13380,0.0033096383285611975
13381,0.0033096383285611975
13382,0.0033096383285611975
13383,0.0033096383285611975
13384,0.0033096383285611975
13385,0.0033096383285611975
13386,0.0033096383285611975
13387,0.0033096383285611975
13388,0.0033096383285611975
13389,0.0033096383285611975
13390,0.0033096383285611975
13391,0.0033096383285611975
13392,0.0033096383285611975
13393,0.0033096383285611975
13394,0.0033096383285611975
13395,0.0033096383285611975
13396,0.0033096383285611975
13397,0.0033096383285611975
13398,0.0033096383285611975
13399,0.0033096383285611975
13400,0.0033096383285611975
13401,0.0033096383285611975
13402,0.0033096383285611975
13403,0.0033096383285611975
13404,0.0033096383285611975
13405,0.0033096383285611975
13406,0.0033096383285611975
13407,0.0033096383285611975
13408,0.0033096383285611975
13409,0.0033096383285611975
13410,0.0033096383285611975
13411,0.0033096383285611975
13412,0.0033096383285611975
13413,0.0033096383285611975
13414,0.0033096383285611975
13415,0.0033096383285611975
13416,0.0033096383285611975
13417,0.0033096383285611975
13418,0.0033096383285611975
13419,0.0033096383285611975
13420,0.0033096383285611975
13421,0.0033096383285611975
13422,0.0033096383285611975
13423,0.0033096383285611975
13424,0.0033096383285611975
13425,0.0033096383285611975
13426,0.0033096383285611975
13427,0.0033096383285611975
13428,0.0033096383285611975
13429,0.0033096383285611975
13430,0.0033096383285611975
13431,0.0033096383285611975
13432,0.0033096383285611975
13433,0.0033096383285611975
13434,0.0033096383285611975
13435,0.0033096383285611975
13436,0.0033096383285611975
13437,0.0033096383285611975
13438,0.0033096383285611975
13439,0.0033096383285611975
13440,0.0033096383285611975
13441,0.0033096383285611975
13442,0.0033096383285611975
13443,0.0033096383285611975
13444,0.0033096383285611975
13445,0.0033096383285611975
13446,0.0033096383285611975
13447,0.0033096383285611975
13448,0.0033096383285611975
13449,0.0033096383285611975
13450,0.0033096383285611975
13451,0.0033096383285611975
13452,0.0033096383285611975
13453,0.0033096383285611975
13454,0.0033096383285611975
13455,0.0033096383285611975
13456,0.0033096383285611975
13457,0.0033096383285611975
13458,0.0033096383285611975
13459,0.0033096383285611975
13460,0.0033096383285611975
13461,0.0033096383285611975
13462,0.0033096383285611975
13463,0.0033096383285611975
13464,0.0033096383285611975
13465,0.0033096383285611975
13466,0.0033096383285611975
13467,0.0033096383285611975
13468,0.0033096383285611975
13469,0.0033096383285611975
13470,0.0033096383285611975
13471,0.0033096383285611975
13472,0.0033096383285611975
13473,0.0033096383285611975
13474,0.0033096383285611975
13475,0.0033096383285611975
13476,0.0033096383285611975
13477,0.0033096383285611975
13478,0.0033096383285611975
13479,0.0033096383285611975
13480,0.0033096383285611975
13481,0.0033096383285611975
13482,0.0033096383285611975
13483,0.0033096383285611975
13484,0.0033096383285611975
13485,0.0033096383285611975
13486,0.0033096383285611975
13487,0.0033096383285611975
13488,0.0033096383285611975
13489,0.0033096383285611975
13490,0.0033096383285611975
13491,0.0033096383285611975
13492,0.0033096383285611975
13493,0.0033096383285611975
13494,0.0033096383285611975
13495,0.0033096383285611975
13496,0.0033096383285611975
13497,0.0033096383285611975
13498,0.0033096383285611975
13499,0.0033096383285611975
13500,0.0033096383285611975
13501,0.0033096383285611975
13502,0.0033096383285611975
13503,0.0033096383285611975
13504,0.0033096383285611975
13505,0.0033096383285611975
13506,0.0033096383285611975
13507,0.0033096383285611975
13508,0.0033096383285611975
13509,0.0033096383285611975
13510,0.0033096383285611975
13511,0.0033096383285611975
13512,0.0033096383285611975
13513,0.0033096383285611975
13514,0.0033096383285611975
13515,0.0033096383285611975
13516,0.0033096383285611975
13517,0.0033096383285611975
13518,0.0033096383285611975
13519,0.0033096383285611975
13520,0.0033096383285611975
13521,0.0033096383285611975
13522,0.0033096383285611975
13523,0.0033096383285611975
13524,0.0033096383285611975
13525,0.0033096383285611975
13526,0.0033096383285611975
13527,0.0033096383285611975
13528,0.0033096383285611975
13529,0.0033096383285611975
13530,0.0033096383285611975
13531,0.0033096383285611975
13532,0.0033096383285611975
13533,0.0033096383285611975
13534,0.0033096383285611975
13535,0.0033096383285611975
13536,0.0033096383285611975
13537,0.0033096383285611975
13538,0.0033096383285611975
13539,0.0033096383285611975
13540,0.0033096383285611975
13541,0.0033096383285611975
13542,0.0033096383285611975
13543,0.0033096383285611975
13544,0.0033096383285611975
13545,0.0033096383285611975
13546,0.0033096383285611975
13547,0.0033096383285611975
13548,0.0033096383285611975
13549,0.0033096383285611975
13550,0.0033096383285611975
13551,0.0033096383285611975
13552,0.0033096383285611975
13553,0.0033096383285611975
13554,0.0033096383285611975
13555,0.0033096383285611975
13556,0.0033096383285611975
13557,0.0033096383285611975
13558,0.0033096383285611975
13559,0.0033096383285611975
13560,0.0033096383285611975
13561,0.0033096383285611975
13562,0.0033096383285611975
13563,0.0033096383285611975
13564,0.0033096383285611975
13565,0.0033096383285611975
13566,0.0033096383285611975
13567,0.0033096383285611975
13568,0.0033096383285611975
13569,0.0033096383285611975
13570,0.0033096383285611975
13571,0.0033096383285611975
13572,0.0033096383285611975
13573,0.0033096383285611975
13574,0.0033096383285611975
13575,0.0033096383285611975
13576,0.0033096383285611975
13577,0.0033096383285611975
13578,0.0033096383285611975
13579,0.0033096383285611975
13580,0.0033096383285611975
13581,0.0033096383285611975
13582,0.0033096383285611975
13583,0.0033096383285611975
13584,0.0033096383285611975
13585,0.0033096383285611975
13586,0.0033096383285611975
13587,0.0033096383285611975
13588,0.0033096383285611975
13589,0.0033096383285611975
13590,0.0033096383285611975
13591,0.0033096383285611975
13592,0.0033096383285611975
13593,0.0033096383285611975
13594,0.0033096383285611975
13595,0.0033096383285611975
13596,0.0033096383285611975
13597,0.0033096383285611975
13598,0.0033096383285611975
13599,0.0033096383285611975
13600,0.0033096383285611975
13601,0.0033096383285611975
13602,0.0033096383285611975
13603,0.0033096383285611975
13604,0.0033096383285611975
13605,0.0033096383285611975
13606,0.0033096383285611975
13607,0.0033096383285611975
13608,0.0033096383285611975
13609,0.0033096383285611975
13610,0.0033096383285611975
13611,0.0033096383285611975
13612,0.0033096383285611975
13613,0.0033096383285611975
13614,0.0033096383285611975
13615,0.0033096383285611975
13616,0.0033096383285611975
13617,0.0033096383285611975
13618,0.0033096383285611975
13619,0.0033096383285611975
13620,0.0033096383285611975
13621,0.0033096383285611975
13622,0.0033096383285611975
13623,0.0033096383285611975
13624,0.0033096383285611975
13625,0.0033096383285611975
13626,0.0033096383285611975
13627,0.0033096383285611975
13628,0.0033096383285611975
13629,0.0033096383285611975
13630,0.0033096383285611975
13631,0.0033096383285611975
13632,0.0033096383285611975
13633,0.0033096383285611975
13634,0.0033096383285611975
13635,0.0033096383285611975
13636,0.0033096383285611975
13637,0.0033096383285611975
13638,0.0033096383285611975
13639,0.0033096383285611975
13640,0.0033096383285611975
13641,0.0033096383285611975
13642,0.0033096383285611975
13643,0.0033096383285611975
13644,0.0033096383285611975
13645,0.0033096383285611975
13646,0.0033096383285611975
13647,0.0033096383285611975
13648,0.0033096383285611975
13649,0.0033096383285611975
13650,0.0033096383285611975
13651,0.0033096383285611975
13652,0.0033096383285611975
13653,0.0033096383285611975
13654,0.0033096383285611975
13655,0.0033096383285611975
13656,0.0033096383285611975
13657,0.0033096383285611975
13658,0.0033096383285611975
13659,0.0033096383285611975
13660,0.0033096383285611975
13661,0.0033096383285611975
13662,0.0033096383285611975
13663,0.0033096383285611975
13664,0.0033096383285611975
13665,0.0033096383285611975
13666,0.0033096383285611975
13667,0.0033096383285611975
13668,0.0033096383285611975
13669,0.0033096383285611975
13670,0.0033096383285611975
13671,0.0033096383285611975
13672,0.0033096383285611975
13673,0.0033096383285611975
13674,0.0033096383285611975
13675,0.0033096383285611975
13676,0.0033096383285611975
13677,0.0033096383285611975
13678,0.0033096383285611975
13679,0.0033096383285611975
13680,0.0033096383285611975
13681,0.0033096383285611975
13682,0.0033096383285611975
13683,0.0033096383285611975
13684,0.0033096383285611975
13685,0.0033096383285611975
13686,0.0033096383285611975
13687,0.0033096383285611975
13688,0.0033096383285611975
13689,0.0033096383285611975
13690,0.0033096383285611975
13691,0.0033096383285611975
13692,0.0033096383285611975
13693,0.0033096383285611975
13694,0.0033096383285611975
13695,0.0033096383285611975
13696,0.0033096383285611975
13697,0.0033096383285611975
13698,0.0033096383285611975
13699,0.0033096383285611975
13700,0.0033096383285611975
13701,0.0033096383285611975
13702,0.0033096383285611975
13703,0.0033096383285611975
13704,0.0033096383285611975
13705,0.0033096383285611975
13706,0.0033096383285611975
13707,0.0033096383285611975
13708,0.0033096383285611975
13709,0.0033096383285611975
13710,0.0033096383285611975
13711,0.0033096383285611975
13712,0.0033096383285611975
13713,0.0033096383285611975
13714,0.0033096383285611975
13715,0.0033096383285611975
13716,0.0033096383285611975
13717,0.0033096383285611975
13718,0.0033096383285611975
13719,0.0033096383285611975
13720,0.0033096383285611975
13721,0.0033096383285611975
13722,0.0033096383285611975
13723,0.0033096383285611975
13724,0.0033096383285611975
13725,0.0033096383285611975
13726,0.0033096383285611975
13727,0.0033096383285611975
13728,0.0033096383285611975
13729,0.0033096383285611975
13730,0.0033096383285611975
13731,0.0033096383285611975
13732,0.0033096383285611975
13733,0.0033096383285611975
13734,0.0033096383285611975
13735,0.0033096383285611975
13736,0.0033096383285611975
13737,0.0033096383285611975
13738,0.0033096383285611975
13739,0.0033096383285611975
13740,0.0033096383285611975
13741,0.0033096383285611975
13742,0.0033096383285611975
13743,0.0033096383285611975
13744,0.0033096383285611975
13745,0.0033096383285611975
13746,0.0033096383285611975
13747,0.0033096383285611975
13748,0.0033096383285611975
13749,0.0033096383285611975
13750,0.0033096383285611975
13751,0.0033096383285611975
13752,0.0033096383285611975
13753,0.0033096383285611975
13754,0.0033096383285611975
13755,0.0033096383285611975
13756,0.0033096383285611975
13757,0.0033096383285611975
13758,0.0033096383285611975
13759,0.0033096383285611975
13760,0.0033096383285611975
13761,0.0033096383285611975
13762,0.0033096383285611975
13763,0.0033096383285611975
13764,0.0033096383285611975
13765,0.0033096383285611975
13766,0.0033096383285611975
13767,0.0033096383285611975
13768,0.0033096383285611975
13769,0.0033096383285611975
13770,0.0033096383285611975
13771,0.0033096383285611975
13772,0.0033096383285611975
13773,0.0033096383285611975
13774,0.0033096383285611975
13775,0.0033096383285611975
13776,0.0033096383285611975
13777,0.0033096383285611975
13778,0.0033096383285611975
13779,0.0033096383285611975
13780,0.0033096383285611975
13781,0.0033096383285611975
13782,0.0033096383285611975
13783,0.0033096383285611975
13784,0.0033096383285611975
13785,0.0033096383285611975
13786,0.0033096383285611975
13787,0.0033096383285611975
13788,0.0033096383285611975
13789,0.0033096383285611975
13790,0.0033096383285611975
13791,0.0033096383285611975
13792,0.0033096383285611975
13793,0.0033096383285611975
13794,0.0033096383285611975
13795,0.0033096383285611975
13796,0.0033096383285611975
13797,0.0033096383285611975
13798,0.0033096383285611975
13799,0.0033096383285611975
13800,0.0033096383285611975
13801,0.0033096383285611975
13802,0.0033096383285611975
13803,0.0033096383285611975
13804,0.0033096383285611975
13805,0.0033096383285611975
13806,0.0033096383285611975
13807,0.0033096383285611975
13808,0.0033096383285611975
13809,0.0033096383285611975
13810,0.0033096383285611975
13811,0.0033096383285611975
13812,0.0033096383285611975
13813,0.0033096383285611975
13814,0.0033096383285611975
13815,0.0033096383285611975
13816,0.0033096383285611975
13817,0.0033096383285611975
13818,0.0033096383285611975
13819,0.0033096383285611975
13820,0.0033096383285611975
13821,0.0033096383285611975
13822,0.0033096383285611975
13823,0.0033096383285611975
13824,0.0033096383285611975
13825,0.0033096383285611975
13826,0.0033096383285611975
13827,0.0033096383285611975
13828,0.0033096383285611975
13829,0.0033096383285611975
13830,0.0033096383285611975
13831,0.0033096383285611975
13832,0.0033096383285611975
13833,0.0033096383285611975
13834,0.0033096383285611975
13835,0.0033096383285611975
13836,0.0033096383285611975
13837,0.0033096383285611975
13838,0.0033096383285611975
13839,0.0033096383285611975
13840,0.0033096383285611975
13841,0.0033096383285611975
13842,0.0033096383285611975
13843,0.0033096383285611975
13844,0.0033096383285611975
13845,0.0033096383285611975
13846,0.0033096383285611975
13847,0.0033096383285611975
13848,0.0033096383285611975
13849,0.0033096383285611975
13850,0.0033096383285611975
13851,0.0033096383285611975
13852,0.0033096383285611975
13853,0.0033096383285611975
13854,0.0033096383285611975
13855,0.0033096383285611975
13856,0.0033096383285611975
13857,0.0033096383285611975
13858,0.0033096383285611975
13859,0.0033096383285611975
13860,0.0033096383285611975
13861,0.0033096383285611975
13862,0.0033096383285611975
13863,0.0033096383285611975
13864,0.0033096383285611975
13865,0.0033096383285611975
13866,0.0033096383285611975
13867,0.0033096383285611975
13868,0.0033096383285611975
13869,0.0033096383285611975
13870,0.0033096383285611975
13871,0.0033096383285611975
13872,0.0033096383285611975
13873,0.0033096383285611975
13874,0.0033096383285611975
13875,0.0033096383285611975
13876,0.0033096383285611975
13877,0.0033096383285611975
13878,0.0033096383285611975
13879,0.0033096383285611975
13880,0.0033096383285611975
13881,0.0033096383285611975
13882,0.0033096383285611975
13883,0.0033096383285611975
13884,0.0033096383285611975
13885,0.0033096383285611975
13886,0.0033096383285611975
13887,0.0033096383285611975
13888,0.0033096383285611975
13889,0.0033096383285611975
13890,0.0033096383285611975
13891,0.0033096383285611975
13892,0.0033096383285611975
13893,0.0033096383285611975
13894,0.0033096383285611975
13895,0.0033096383285611975
13896,0.0033096383285611975
13897,0.0033096383285611975
13898,0.0033096383285611975
13899,0.0033096383285611975
13900,0.0033096383285611975
13901,0.0033096383285611975
13902,0.0033096383285611975
13903,0.0033096383285611975
13904,0.0033096383285611975
13905,0.0033096383285611975
13906,0.0033096383285611975
13907,0.0033096383285611975
13908,0.0033096383285611975
13909,0.0033096383285611975
13910,0.0033096383285611975
13911,0.0033096383285611975
13912,0.0033096383285611975
13913,0.0033096383285611975
13914,0.0033096383285611975
13915,0.0033096383285611975
13916,0.0033096383285611975
13917,0.0033096383285611975
13918,0.0033096383285611975
13919,0.0033096383285611975
13920,0.0033096383285611975
13921,0.0033096383285611975
13922,0.0033096383285611975
13923,0.0033096383285611975
13924,0.0033096383285611975
13925,0.0033096383285611975
13926,0.0033096383285611975
13927,0.0033096383285611975
13928,0.0033096383285611975
13929,0.0033096383285611975
13930,0.0033096383285611975
13931,0.0033096383285611975
13932,0.0033096383285611975
13933,0.0033096383285611975
13934,0.0033096383285611975
13935,0.0033096383285611975
13936,0.0033096383285611975
13937,0.0033096383285611975
13938,0.0033096383285611975
13939,0.0033096383285611975
13940,0.0033096383285611975
13941,0.0033096383285611975
13942,0.0033096383285611975
13943,0.0033096383285611975
13944,0.0033096383285611975
13945,0.0033096383285611975
13946,0.0033096383285611975
13947,0.0033096383285611975
13948,0.0033096383285611975
13949,0.0033096383285611975
13950,0.0033096383285611975
13951,0.0033096383285611975
13952,0.0033096383285611975
13953,0.0033096383285611975
13954,0.0033096383285611975
13955,0.0033096383285611975
13956,0.0033096383285611975
13957,0.0033096383285611975
13958,0.0033096383285611975
13959,0.0033096383285611975
13960,0.0033096383285611975
13961,0.0033096383285611975
13962,0.0033096383285611975
13963,0.0033096383285611975
13964,0.0033096383285611975
13965,0.0033096383285611975
13966,0.0033096383285611975
13967,0.0033096383285611975
13968,0.0033096383285611975
13969,0.0033096383285611975
13970,0.0033096383285611975
13971,0.0033096383285611975
13972,0.0033096383285611975
13973,0.0033096383285611975
13974,0.0033096383285611975
13975,0.0033096383285611975
13976,0.0033096383285611975
13977,0.0033096383285611975
13978,0.0033096383285611975
13979,0.0033096383285611975
13980,0.0033096383285611975
13981,0.0033096383285611975
13982,0.0033096383285611975
13983,0.0033096383285611975
13984,0.0033096383285611975
13985,0.0033096383285611975
13986,0.0033096383285611975
13987,0.0033096383285611975
13988,0.0033096383285611975
13989,0.0033096383285611975
13990,0.0033096383285611975
13991,0.0033096383285611975
13992,0.0033096383285611975
13993,0.0033096383285611975
13994,0.0033096383285611975
13995,0.0033096383285611975
13996,0.0033096383285611975
13997,0.0033096383285611975
13998,0.0033096383285611975
13999,0.0033096383285611975
14000,0.0033096383285611975
14001,0.0033096383285611975
14002,0.0033096383285611975
14003,0.0033096383285611975
14004,0.0033096383285611975
14005,0.0033096383285611975
14006,0.0033096383285611975
14007,0.0033096383285611975
14008,0.0033096383285611975
14009,0.0033096383285611975
14010,0.0033096383285611975
14011,0.0033096383285611975
14012,0.0033096383285611975
14013,0.0033096383285611975
14014,0.0033096383285611975
14015,0.0033096383285611975
14016,0.0033096383285611975
14017,0.0033096383285611975
14018,0.0033096383285611975
14019,0.0033096383285611975
14020,0.0033096383285611975
14021,0.0033096383285611975
14022,0.0033096383285611975
14023,0.0033096383285611975
14024,0.0033096383285611975
14025,0.0033096383285611975
14026,0.0033096383285611975
14027,0.0033096383285611975
14028,0.0033096383285611975
14029,0.0033096383285611975
14030,0.0033096383285611975
14031,0.0033096383285611975
14032,0.0033096383285611975
14033,0.0033096383285611975
14034,0.0033096383285611975
14035,0.0033096383285611975
14036,0.0033096383285611975
14037,0.0033096383285611975
14038,0.0033096383285611975
14039,0.0033096383285611975
14040,0.0033096383285611975
14041,0.0033096383285611975
14042,0.0033096383285611975
14043,0.0033096383285611975
14044,0.0033096383285611975
14045,0.0033096383285611975
14046,0.0033096383285611975
14047,0.0033096383285611975
14048,0.0033096383285611975
14049,0.0033096383285611975
14050,0.0033096383285611975
14051,0.0033096383285611975
14052,0.0033096383285611975
14053,0.0033096383285611975
14054,0.0033096383285611975
14055,0.0033096383285611975
14056,0.0033096383285611975
14057,0.0033096383285611975
14058,0.0033096383285611975
14059,0.0033096383285611975
14060,0.0033096383285611975
14061,0.0033096383285611975
14062,0.0033096383285611975
14063,0.0033096383285611975
14064,0.0033096383285611975
14065,0.0033096383285611975
14066,0.0033096383285611975
14067,0.0033096383285611975
14068,0.0033096383285611975
14069,0.0033096383285611975
14070,0.0033096383285611975
14071,0.0033096383285611975
14072,0.0033096383285611975
14073,0.0033096383285611975
14074,0.0033096383285611975
14075,0.0033096383285611975
14076,0.0033096383285611975
14077,0.0033096383285611975
14078,0.0033096383285611975
14079,0.0033096383285611975
14080,0.0033096383285611975
14081,0.0033096383285611975
14082,0.0033096383285611975
14083,0.0033096383285611975
14084,0.0033096383285611975
14085,0.0033096383285611975
14086,0.0033096383285611975
14087,0.0033096383285611975
14088,0.0033096383285611975
14089,0.0033096383285611975
14090,0.0033096383285611975
14091,0.0033096383285611975
14092,0.0033096383285611975
14093,0.0033096383285611975
14094,0.0033096383285611975
14095,0.0033096383285611975
14096,0.0033096383285611975
14097,0.0033096383285611975
14098,0.0033096383285611975
14099,0.0033096383285611975
14100,0.0033096383285611975
14101,0.0033096383285611975
14102,0.0033096383285611975
14103,0.0033096383285611975
14104,0.0033096383285611975
14105,0.0033096383285611975
14106,0.0033096383285611975
14107,0.0033096383285611975
14108,0.0033096383285611975
14109,0.0033096383285611975
14110,0.0033096383285611975
14111,0.0033096383285611975
14112,0.0033096383285611975
14113,0.0033096383285611975
14114,0.0033096383285611975
14115,0.0033096383285611975
14116,0.0033096383285611975
14117,0.0033096383285611975
14118,0.0033096383285611975
14119,0.0033096383285611975
14120,0.0033096383285611975
14121,0.0033096383285611975
14122,0.0033096383285611975
14123,0.0033096383285611975
14124,0.0033096383285611975
14125,0.0033096383285611975
14126,0.0033096383285611975
14127,0.0033096383285611975
14128,0.0033096383285611975
14129,0.0033096383285611975
14130,0.0033096383285611975
14131,0.0033096383285611975
14132,0.0033096383285611975
14133,0.0033096383285611975
14134,0.0033096383285611975
14135,0.0033096383285611975
14136,0.0033096383285611975
14137,0.0033096383285611975
14138,0.0033096383285611975
14139,0.0033096383285611975
14140,0.0033096383285611975
14141,0.0033096383285611975
14142,0.0033096383285611975
14143,0.0033096383285611975
14144,0.0033096383285611975
14145,0.0033096383285611975
14146,0.0033096383285611975
14147,0.0033096383285611975
14148,0.0033096383285611975
14149,0.0033096383285611975
14150,0.0033096383285611975
14151,0.0033096383285611975
14152,0.0033096383285611975
14153,0.0033096383285611975
14154,0.0033096383285611975
14155,0.0033096383285611975
14156,0.0033096383285611975
14157,0.0033096383285611975
14158,0.0033096383285611975
14159,0.0033096383285611975
14160,0.0033096383285611975
14161,0.0033096383285611975
14162,0.0033096383285611975
14163,0.0033096383285611975
14164,0.0033096383285611975
14165,0.0033096383285611975
14166,0.0033096383285611975
14167,0.0033096383285611975
14168,0.0033096383285611975
14169,0.0033096383285611975
14170,0.0033096383285611975
14171,0.0033096383285611975
14172,0.0033096383285611975
14173,0.0033096383285611975
14174,0.0033096383285611975
14175,0.0033096383285611975
14176,0.0033096383285611975
14177,0.0033096383285611975
14178,0.0033096383285611975
14179,0.0033096383285611975
14180,0.0033096383285611975
14181,0.0033096383285611975
14182,0.0033096383285611975
14183,0.0033096383285611975
14184,0.0033096383285611975
14185,0.0033096383285611975
14186,0.0033096383285611975
14187,0.0033096383285611975
14188,0.0033096383285611975
14189,0.0033096383285611975
14190,0.0033096383285611975
14191,0.0033096383285611975
14192,0.0033096383285611975
14193,0.0033096383285611975
14194,0.0033096383285611975
14195,0.0033096383285611975
14196,0.0033096383285611975
14197,0.0033096383285611975
14198,0.0033096383285611975
14199,0.0033096383285611975
14200,0.0033096383285611975
14201,0.0033096383285611975
14202,0.0033096383285611975
14203,0.0033096383285611975
14204,0.0033096383285611975
14205,0.0033096383285611975
14206,0.0033096383285611975
14207,0.0033096383285611975
14208,0.0033096383285611975
14209,0.0033096383285611975
14210,0.0033096383285611975
14211,0.0033096383285611975
14212,0.0033096383285611975
14213,0.0033096383285611975
14214,0.0033096383285611975
14215,0.0033096383285611975
14216,0.0033096383285611975
14217,0.0033096383285611975
14218,0.0033096383285611975
14219,0.0033096383285611975
14220,0.0033096383285611975
14221,0.0033096383285611975
14222,0.0033096383285611975
14223,0.0033096383285611975
14224,0.0033096383285611975
14225,0.0033096383285611975
14226,0.0033096383285611975
14227,0.0033096383285611975
14228,0.0033096383285611975
14229,0.0033096383285611975
14230,0.0033096383285611975
14231,0.0033096383285611975
14232,0.0033096383285611975
14233,0.0033096383285611975
14234,0.0033096383285611975
14235,0.0033096383285611975
14236,0.0033096383285611975
14237,0.0033096383285611975
14238,0.0033096383285611975
14239,0.0033096383285611975
14240,0.0033096383285611975
14241,0.0033096383285611975
14242,0.0033096383285611975
14243,0.0033096383285611975
14244,0.0033096383285611975
14245,0.0033096383285611975
14246,0.0033096383285611975
14247,0.0033096383285611975
14248,0.0033096383285611975
14249,0.0033096383285611975
14250,0.0033096383285611975
14251,0.0033096383285611975
14252,0.0033096383285611975
14253,0.0033096383285611975
14254,0.0033096383285611975
14255,0.0033096383285611975
14256,0.0033096383285611975
14257,0.0033096383285611975
14258,0.0033096383285611975
14259,0.0033096383285611975
14260,0.0033096383285611975
14261,0.0033096383285611975
14262,0.0033096383285611975
14263,0.0033096383285611975
14264,0.0033096383285611975
14265,0.0033096383285611975
14266,0.0033096383285611975
14267,0.0033096383285611975
14268,0.0033096383285611975
14269,0.0033096383285611975
14270,0.0033096383285611975
14271,0.0033096383285611975
14272,0.0033096383285611975
14273,0.0033096383285611975
14274,0.0033096383285611975
14275,0.0033096383285611975
14276,0.0033096383285611975
14277,0.0033096383285611975
14278,0.0033096383285611975
14279,0.0033096383285611975
14280,0.0033096383285611975
14281,0.0033096383285611975
14282,0.0033096383285611975
14283,0.0033096383285611975
14284,0.0033096383285611975
14285,0.0033096383285611975
14286,0.0033096383285611975
14287,0.0033096383285611975
14288,0.0033096383285611975
14289,0.0033096383285611975
14290,0.0033096383285611975
14291,0.0033096383285611975
14292,0.0033096383285611975
14293,0.0033096383285611975
14294,0.0033096383285611975
14295,0.0033096383285611975
14296,0.0033096383285611975
14297,0.0033096383285611975
14298,0.0033096383285611975
14299,0.0033096383285611975
14300,0.0033096383285611975
14301,0.0033096383285611975
14302,0.0033096383285611975
14303,0.0033096383285611975
14304,0.0033096383285611975
14305,0.0033096383285611975
14306,0.0033096383285611975
14307,0.0033096383285611975
14308,0.0033096383285611975
14309,0.0033096383285611975
14310,0.0033096383285611975
14311,0.0033096383285611975
14312,0.0033096383285611975
14313,0.0033096383285611975
14314,0.0033096383285611975
14315,0.0033096383285611975
14316,0.0033096383285611975
14317,0.0033096383285611975
14318,0.0033096383285611975
14319,0.0033096383285611975
14320,0.0033096383285611975
14321,0.0033096383285611975
14322,0.0033096383285611975
14323,0.0033096383285611975
14324,0.0033096383285611975
14325,0.0033096383285611975
14326,0.0033096383285611975
14327,0.0033096383285611975
14328,0.0033096383285611975
14329,0.0033096383285611975
14330,0.0033096383285611975
14331,0.0033096383285611975
14332,0.0033096383285611975
14333,0.0033096383285611975
14334,0.0033096383285611975
14335,0.0033096383285611975
14336,0.0033096383285611975
14337,0.0033096383285611975
14338,0.0033096383285611975
14339,0.0033096383285611975
14340,0.0033096383285611975
14341,0.0033096383285611975
14342,0.0033096383285611975
14343,0.0033096383285611975
14344,0.0033096383285611975
14345,0.0033096383285611975
14346,0.0033096383285611975
14347,0.0033096383285611975
14348,0.0033096383285611975
14349,0.0033096383285611975
14350,0.0033096383285611975
14351,0.0033096383285611975
14352,0.0033096383285611975
14353,0.0033096383285611975
14354,0.0033096383285611975
14355,0.0033096383285611975
14356,0.0033096383285611975
14357,0.0033096383285611975
14358,0.0033096383285611975
14359,0.0033096383285611975
14360,0.0033096383285611975
14361,0.0033096383285611975
14362,0.0033096383285611975
14363,0.0033096383285611975
14364,0.0033096383285611975
14365,0.0033096383285611975
14366,0.0033096383285611975
14367,0.0033096383285611975
14368,0.0033096383285611975
14369,0.0033096383285611975
14370,0.0033096383285611975
14371,0.0033096383285611975
14372,0.0033096383285611975
14373,0.0033096383285611975
14374,0.0033096383285611975
14375,0.0033096383285611975
14376,0.0033096383285611975
14377,0.0033096383285611975
14378,0.0033096383285611975
14379,0.0033096383285611975
14380,0.0033096383285611975
14381,0.0033096383285611975
14382,0.0033096383285611975
14383,0.0033096383285611975
14384,0.0033096383285611975
14385,0.0033096383285611975
14386,0.0033096383285611975
14387,0.0033096383285611975
14388,0.0033096383285611975
14389,0.0033096383285611975
14390,0.0033096383285611975
14391,0.0033096383285611975
14392,0.0033096383285611975
14393,0.0033096383285611975
14394,0.0033096383285611975
14395,0.0033096383285611975
14396,0.0033096383285611975
14397,0.0033096383285611975
14398,0.0033096383285611975
14399,0.0033096383285611975
14400,0.0033096383285611975
14401,0.0033096383285611975
14402,0.0033096383285611975
14403,0.0033096383285611975
14404,0.0033096383285611975
14405,0.0033096383285611975
14406,0.0033096383285611975
14407,0.0033096383285611975
14408,0.0033096383285611975
14409,0.0033096383285611975
14410,0.0033096383285611975
14411,0.0033096383285611975
14412,0.0033096383285611975
14413,0.0033096383285611975
14414,0.0033096383285611975
14415,0.0033096383285611975
14416,0.0033096383285611975
14417,0.0033096383285611975
14418,0.0033096383285611975
14419,0.0033096383285611975
14420,0.0033096383285611975
14421,0.0033096383285611975
14422,0.0033096383285611975
14423,0.0033096383285611975
14424,0.0033096383285611975
14425,0.0033096383285611975
14426,0.0033096383285611975
14427,0.0033096383285611975
14428,0.0033096383285611975
14429,0.0033096383285611975
14430,0.0033096383285611975
14431,0.0033096383285611975
14432,0.0033096383285611975
14433,0.0033096383285611975
14434,0.0033096383285611975
14435,0.0033096383285611975
14436,0.0033096383285611975
14437,0.0033096383285611975
14438,0.0033096383285611975
14439,0.0033096383285611975
14440,0.0033096383285611975
14441,0.0033096383285611975
14442,0.0033096383285611975
14443,0.0033096383285611975
14444,0.0033096383285611975
14445,0.0033096383285611975
14446,0.0033096383285611975
14447,0.0033096383285611975
14448,0.0033096383285611975
14449,0.0033096383285611975
14450,0.0033096383285611975
14451,0.0033096383285611975
14452,0.0033096383285611975
14453,0.0033096383285611975
14454,0.0033096383285611975
14455,0.0033096383285611975
14456,0.0033096383285611975
14457,0.0033096383285611975
14458,0.0033096383285611975
14459,0.0033096383285611975
14460,0.0033096383285611975
14461,0.0033096383285611975
14462,0.0033096383285611975
14463,0.0033096383285611975
14464,0.0033096383285611975
14465,0.0033096383285611975
14466,0.0033096383285611975
14467,0.0033096383285611975
14468,0.0033096383285611975
14469,0.0033096383285611975
14470,0.0033096383285611975
14471,0.0033096383285611975
14472,0.0033096383285611975
14473,0.0033096383285611975
14474,0.0033096383285611975
14475,0.0033096383285611975
14476,0.0033096383285611975
14477,0.0033096383285611975
14478,0.0033096383285611975
14479,0.0033096383285611975
14480,0.0033096383285611975
14481,0.0033096383285611975
14482,0.0033096383285611975
14483,0.0033096383285611975
14484,0.0033096383285611975
14485,0.0033096383285611975
14486,0.0033096383285611975
14487,0.0033096383285611975
14488,0.0033096383285611975
14489,0.0033096383285611975
14490,0.0033096383285611975
14491,0.0033096383285611975
14492,0.0033096383285611975
14493,0.0033096383285611975
14494,0.0033096383285611975
14495,0.0033096383285611975
14496,0.0033096383285611975
14497,0.0033096383285611975
14498,0.0033096383285611975
14499,0.0033096383285611975
14500,0.0033096383285611975
14501,0.0033096383285611975
14502,0.0033096383285611975
14503,0.0033096383285611975
14504,0.0033096383285611975
14505,0.0033096383285611975
14506,0.0033096383285611975
14507,0.0033096383285611975
14508,0.0033096383285611975
14509,0.0033096383285611975
14510,0.0033096383285611975
14511,0.0033096383285611975
14512,0.0033096383285611975
14513,0.0033096383285611975
14514,0.0033096383285611975
14515,0.0033096383285611975
14516,0.0033096383285611975
14517,0.0033096383285611975
14518,0.0033096383285611975
14519,0.0033096383285611975
14520,0.0033096383285611975
14521,0.0033096383285611975
14522,0.0033096383285611975
14523,0.0033096383285611975
14524,0.0033096383285611975
14525,0.0033096383285611975
14526,0.0033096383285611975
14527,0.0033096383285611975
14528,0.0033096383285611975
14529,0.0033096383285611975
14530,0.0033096383285611975
14531,0.0033096383285611975
14532,0.0033096383285611975
14533,0.0033096383285611975
14534,0.0033096383285611975
14535,0.0033096383285611975
14536,0.0033096383285611975
14537,0.0033096383285611975
14538,0.0033096383285611975
14539,0.0033096383285611975
14540,0.0033096383285611975
14541,0.0033096383285611975
14542,0.0033096383285611975
14543,0.0033096383285611975
14544,0.0033096383285611975
14545,0.0033096383285611975
14546,0.0033096383285611975
14547,0.0033096383285611975
14548,0.0033096383285611975
14549,0.0033096383285611975
14550,0.0033096383285611975
14551,0.0033096383285611975
14552,0.0033096383285611975
14553,0.0033096383285611975
14554,0.0033096383285611975
14555,0.0033096383285611975
14556,0.0033096383285611975
14557,0.0033096383285611975
14558,0.0033096383285611975
14559,0.0033096383285611975
14560,0.0033096383285611975
14561,0.0033096383285611975
14562,0.0033096383285611975
14563,0.0033096383285611975
14564,0.0033096383285611975
14565,0.0033096383285611975
14566,0.0033096383285611975
14567,0.0033096383285611975
14568,0.0033096383285611975
14569,0.0033096383285611975
14570,0.0033096383285611975
14571,0.0033096383285611975
14572,0.0033096383285611975
14573,0.0033096383285611975
14574,0.0033096383285611975
14575,0.0033096383285611975
14576,0.0033096383285611975
14577,0.0033096383285611975
14578,0.0033096383285611975
14579,0.0033096383285611975
14580,0.0033096383285611975
14581,0.0033096383285611975
14582,0.0033096383285611975
14583,0.0033096383285611975
14584,0.0033096383285611975
14585,0.0033096383285611975
14586,0.0033096383285611975
14587,0.0033096383285611975
14588,0.0033096383285611975
14589,0.0033096383285611975
14590,0.0033096383285611975
14591,0.0033096383285611975
14592,0.0033096383285611975
14593,0.0033096383285611975
14594,0.0033096383285611975
14595,0.0033096383285611975
14596,0.0033096383285611975
14597,0.0033096383285611975
14598,0.0033096383285611975
14599,0.0033096383285611975
14600,0.0033096383285611975
14601,0.0033096383285611975
14602,0.0033096383285611975
14603,0.0033096383285611975
14604,0.0033096383285611975
14605,0.0033096383285611975
14606,0.0033096383285611975
14607,0.0033096383285611975
14608,0.0033096383285611975
14609,0.0033096383285611975
14610,0.0033096383285611975
14611,0.0033096383285611975
14612,0.0033096383285611975
14613,0.0033096383285611975
14614,0.0033096383285611975
14615,0.0033096383285611975
14616,0.0033096383285611975
14617,0.0033096383285611975
14618,0.0033096383285611975
14619,0.0033096383285611975
14620,0.0033096383285611975
14621,0.0033096383285611975
14622,0.0033096383285611975
14623,0.0033096383285611975
14624,0.0033096383285611975
14625,0.0033096383285611975
14626,0.0033096383285611975
14627,0.0033096383285611975
14628,0.0033096383285611975
14629,0.0033096383285611975
14630,0.0033096383285611975
14631,0.0033096383285611975
14632,0.0033096383285611975
14633,0.0033096383285611975
14634,0.0033096383285611975
14635,0.0033096383285611975
14636,0.0033096383285611975
14637,0.0033096383285611975
14638,0.0033096383285611975
14639,0.0033096383285611975
14640,0.0033096383285611975
14641,0.0033096383285611975
14642,0.0033096383285611975
14643,0.0033096383285611975
14644,0.0033096383285611975
14645,0.0033096383285611975
14646,0.0033096383285611975
14647,0.0033096383285611975
14648,0.0033096383285611975
14649,0.0033096383285611975
14650,0.0033096383285611975
14651,0.0033096383285611975
14652,0.0033096383285611975
14653,0.0033096383285611975
14654,0.0033096383285611975
14655,0.0033096383285611975
14656,0.0033096383285611975
14657,0.0033096383285611975
14658,0.0033096383285611975
14659,0.0033096383285611975
14660,0.0033096383285611975
14661,0.0033096383285611975
14662,0.0033096383285611975
14663,0.0033096383285611975
14664,0.0033096383285611975
14665,0.0033096383285611975
14666,0.0033096383285611975
14667,0.0033096383285611975
14668,0.0033096383285611975
14669,0.0033096383285611975
14670,0.0033096383285611975
14671,0.0033096383285611975
14672,0.0033096383285611975
14673,0.0033096383285611975
14674,0.0033096383285611975
14675,0.0033096383285611975
14676,0.0033096383285611975
14677,0.0033096383285611975
14678,0.0033096383285611975
14679,0.0033096383285611975
14680,0.0033096383285611975
14681,0.0033096383285611975
14682,0.0033096383285611975
14683,0.0033096383285611975
14684,0.0033096383285611975
14685,0.0033096383285611975
14686,0.0033096383285611975
14687,0.0033096383285611975
14688,0.0033096383285611975
14689,0.0033096383285611975
14690,0.0033096383285611975
14691,0.0033096383285611975
14692,0.0033096383285611975
14693,0.0033096383285611975
14694,0.0033096383285611975
14695,0.0033096383285611975
14696,0.0033096383285611975
14697,0.0033096383285611975
14698,0.0033096383285611975
14699,0.0033096383285611975
14700,0.0033096383285611975
14701,0.0033096383285611975
14702,0.0033096383285611975
14703,0.0033096383285611975
14704,0.0033096383285611975
14705,0.0033096383285611975
14706,0.0033096383285611975
14707,0.0033096383285611975
14708,0.0033096383285611975
14709,0.0033096383285611975
14710,0.0033096383285611975
14711,0.0033096383285611975
14712,0.0033096383285611975
14713,0.0033096383285611975
14714,0.0033096383285611975
14715,0.0033096383285611975
14716,0.0033096383285611975
14717,0.0033096383285611975
14718,0.0033096383285611975
14719,0.0033096383285611975
14720,0.0033096383285611975
14721,0.0033096383285611975
14722,0.0033096383285611975
14723,0.0033096383285611975
14724,0.0033096383285611975
14725,0.0033096383285611975
14726,0.0033096383285611975
14727,0.0033096383285611975
14728,0.0033096383285611975
14729,0.0033096383285611975
14730,0.0033096383285611975
14731,0.0033096383285611975
14732,0.0033096383285611975
14733,0.0033096383285611975
14734,0.0033096383285611975
14735,0.0033096383285611975
14736,0.0033096383285611975
14737,0.0033096383285611975
14738,0.0033096383285611975
14739,0.0033096383285611975
14740,0.0033096383285611975
14741,0.0033096383285611975
14742,0.0033096383285611975
14743,0.0033096383285611975
14744,0.0033096383285611975
14745,0.0033096383285611975
14746,0.0033096383285611975
14747,0.0033096383285611975
14748,0.0033096383285611975
14749,0.0033096383285611975
14750,0.0033096383285611975
14751,0.0033096383285611975
14752,0.0033096383285611975
14753,0.0033096383285611975
14754,0.0033096383285611975
14755,0.0033096383285611975
14756,0.0033096383285611975
14757,0.0033096383285611975
14758,0.0033096383285611975
14759,0.0033096383285611975
14760,0.0033096383285611975
14761,0.0033096383285611975
14762,0.0033096383285611975
14763,0.0033096383285611975
14764,0.0033096383285611975
14765,0.0033096383285611975
14766,0.0033096383285611975
14767,0.0033096383285611975
14768,0.0033096383285611975
14769,0.0033096383285611975
14770,0.0033096383285611975
14771,0.0033096383285611975
14772,0.0033096383285611975
14773,0.0033096383285611975
14774,0.0033096383285611975
14775,0.0033096383285611975
14776,0.0033096383285611975
14777,0.0033096383285611975
14778,0.0033096383285611975
14779,0.0033096383285611975
14780,0.0033096383285611975
14781,0.0033096383285611975
14782,0.0033096383285611975
14783,0.0033096383285611975
14784,0.0033096383285611975
14785,0.0033096383285611975
14786,0.0033096383285611975
14787,0.0033096383285611975
14788,0.0033096383285611975
14789,0.0033096383285611975
14790,0.0033096383285611975
14791,0.0033096383285611975
14792,0.0033096383285611975
14793,0.0033096383285611975
14794,0.0033096383285611975
14795,0.0033096383285611975
14796,0.0033096383285611975
14797,0.0033096383285611975
14798,0.0033096383285611975
14799,0.0033096383285611975
14800,0.0033096383285611975
14801,0.0033096383285611975
14802,0.0033096383285611975
14803,0.0033096383285611975
14804,0.0033096383285611975
14805,0.0033096383285611975
14806,0.0033096383285611975
14807,0.0033096383285611975
14808,0.0033096383285611975
14809,0.0033096383285611975
14810,0.0033096383285611975
14811,0.0033096383285611975
14812,0.0033096383285611975
14813,0.0033096383285611975
14814,0.0033096383285611975
14815,0.0033096383285611975
14816,0.0033096383285611975
14817,0.0033096383285611975
14818,0.0033096383285611975
14819,0.0033096383285611975
14820,0.0033096383285611975
14821,0.0033096383285611975
14822,0.0033096383285611975
14823,0.0033096383285611975
14824,0.0033096383285611975
14825,0.0033096383285611975
14826,0.0033096383285611975
14827,0.0033096383285611975
14828,0.0033096383285611975
14829,0.0033096383285611975
14830,0.0033096383285611975
14831,0.0033096383285611975
14832,0.0033096383285611975
14833,0.0033096383285611975
14834,0.0033096383285611975
14835,0.0033096383285611975
14836,0.0033096383285611975
14837,0.0033096383285611975
14838,0.0033096383285611975
14839,0.0033096383285611975
14840,0.0033096383285611975
14841,0.0033096383285611975
14842,0.0033096383285611975
14843,0.0033096383285611975
14844,0.0033096383285611975
14845,0.0033096383285611975
14846,0.0033096383285611975
14847,0.0033096383285611975
14848,0.0033096383285611975
14849,0.0033096383285611975
14850,0.0033096383285611975
14851,0.0033096383285611975
14852,0.0033096383285611975
14853,0.0033096383285611975
14854,0.0033096383285611975
14855,0.0033096383285611975
14856,0.0033096383285611975
14857,0.0033096383285611975
14858,0.0033096383285611975
14859,0.0033096383285611975
14860,0.0033096383285611975
14861,0.0033096383285611975
14862,0.0033096383285611975
14863,0.0033096383285611975
14864,0.0033096383285611975
14865,0.0033096383285611975
14866,0.0033096383285611975
14867,0.0033096383285611975
14868,0.0033096383285611975
14869,0.0033096383285611975
14870,0.0033096383285611975
14871,0.0033096383285611975
14872,0.0033096383285611975
14873,0.0033096383285611975
14874,0.0033096383285611975
14875,0.0033096383285611975
14876,0.0033096383285611975
14877,0.0033096383285611975
14878,0.0033096383285611975
14879,0.0033096383285611975
14880,0.0033096383285611975
14881,0.0033096383285611975
14882,0.0033096383285611975
14883,0.0033096383285611975
14884,0.0033096383285611975
14885,0.0033096383285611975
14886,0.0033096383285611975
14887,0.0033096383285611975
14888,0.0033096383285611975
14889,0.0033096383285611975
14890,0.0033096383285611975
14891,0.0033096383285611975
14892,0.0033096383285611975
14893,0.0033096383285611975
14894,0.0033096383285611975
14895,0.0033096383285611975
14896,0.0033096383285611975
14897,0.0033096383285611975
14898,0.0033096383285611975
14899,0.0033096383285611975
14900,0.0033096383285611975
14901,0.0033096383285611975
14902,0.0033096383285611975
14903,0.0033096383285611975
14904,0.0033096383285611975
14905,0.0033096383285611975
14906,0.0033096383285611975
14907,0.0033096383285611975
14908,0.0033096383285611975
14909,0.0033096383285611975
14910,0.0033096383285611975
14911,0.0033096383285611975
14912,0.0033096383285611975
14913,0.0033096383285611975
14914,0.0033096383285611975
14915,0.0033096383285611975
14916,0.0033096383285611975
14917,0.0033096383285611975
14918,0.0033096383285611975
14919,0.0033096383285611975
14920,0.0033096383285611975
14921,0.0033096383285611975
14922,0.0033096383285611975
14923,0.0033096383285611975
14924,0.0033096383285611975
14925,0.0033096383285611975
14926,0.0033096383285611975
14927,0.0033096383285611975
14928,0.0033096383285611975
14929,0.0033096383285611975
14930,0.0033096383285611975
14931,0.0033096383285611975
14932,0.0033096383285611975
14933,0.0033096383285611975
14934,0.0033096383285611975
14935,0.0033096383285611975
14936,0.0033096383285611975
14937,0.0033096383285611975
14938,0.0033096383285611975
14939,0.0033096383285611975
14940,0.0033096383285611975
14941,0.0033096383285611975
14942,0.0033096383285611975
14943,0.0033096383285611975
14944,0.0033096383285611975
14945,0.0033096383285611975
14946,0.0033096383285611975
14947,0.0033096383285611975
14948,0.0033096383285611975
14949,0.0033096383285611975
14950,0.0033096383285611975
14951,0.0033096383285611975
14952,0.0033096383285611975
14953,0.0033096383285611975
14954,0.0033096383285611975
14955,0.0033096383285611975
14956,0.0033096383285611975
14957,0.0033096383285611975
14958,0.0033096383285611975
14959,0.0033096383285611975
14960,0.0033096383285611975
14961,0.0033096383285611975
14962,0.0033096383285611975
14963,0.0033096383285611975
14964,0.0033096383285611975
14965,0.0033096383285611975
14966,0.0033096383285611975
14967,0.0033096383285611975
14968,0.0033096383285611975
14969,0.0033096383285611975
14970,0.0033096383285611975
14971,0.0033096383285611975
14972,0.0033096383285611975
14973,0.0033096383285611975
14974,0.0033096383285611975
14975,0.0033096383285611975
14976,0.0033096383285611975
14977,0.0033096383285611975
14978,0.0033096383285611975
14979,0.0033096383285611975
14980,0.0033096383285611975
14981,0.0033096383285611975
14982,0.0033096383285611975
14983,0.0033096383285611975
14984,0.0033096383285611975
14985,0.0033096383285611975
14986,0.0033096383285611975
14987,0.0033096383285611975
14988,0.0033096383285611975
14989,0.0033096383285611975
14990,0.0033096383285611975
14991,0.0033096383285611975
14992,0.0033096383285611975
14993,0.0033096383285611975
14994,0.0033096383285611975
14995,0.0033096383285611975
14996,0.0033096383285611975
14997,0.0033096383285611975
14998,0.0033096383285611975
14999,0.0033096383285611975
15000,0.0033096383285611975
15001,0.0033096383285611975
15002,0.0033096383285611975
15003,0.0033096383285611975
15004,0.0033096383285611975
15005,0.0033096383285611975
15006,0.0033096383285611975
15007,0.0033096383285611975
15008,0.0033096383285611975
15009,0.0033096383285611975
15010,0.0033096383285611975
15011,0.0033096383285611975
15012,0.0033096383285611975
15013,0.0033096383285611975
15014,0.0033096383285611975
15015,0.0033096383285611975
15016,0.0033096383285611975
15017,0.0033096383285611975
15018,0.0033096383285611975
15019,0.0033096383285611975
15020,0.0033096383285611975
15021,0.0033096383285611975
15022,0.0033096383285611975
15023,0.0033096383285611975
15024,0.0033096383285611975
15025,0.0033096383285611975
15026,0.0033096383285611975
15027,0.0033096383285611975
15028,0.0033096383285611975
15029,0.0033096383285611975
15030,0.0033096383285611975
15031,0.0033096383285611975
15032,0.0033096383285611975
15033,0.0033096383285611975
15034,0.0033096383285611975
15035,0.0033096383285611975
15036,0.0033096383285611975
15037,0.0033096383285611975
15038,0.0033096383285611975
15039,0.0033096383285611975
15040,0.0033096383285611975
15041,0.0033096383285611975
15042,0.0033096383285611975
15043,0.0033096383285611975
15044,0.0033096383285611975
15045,0.0033096383285611975
15046,0.0033096383285611975
15047,0.0033096383285611975
15048,0.0033096383285611975
15049,0.0033096383285611975
15050,0.0033096383285611975
15051,0.0033096383285611975
15052,0.0033096383285611975
15053,0.0033096383285611975
15054,0.0033096383285611975
15055,0.0033096383285611975
15056,0.0033096383285611975
15057,0.0033096383285611975
15058,0.0033096383285611975
15059,0.0033096383285611975
15060,0.0033096383285611975
15061,0.0033096383285611975
15062,0.0033096383285611975
15063,0.0033096383285611975
15064,0.0033096383285611975
15065,0.0033096383285611975
15066,0.0033096383285611975
15067,0.0033096383285611975
15068,0.0033096383285611975
15069,0.0033096383285611975
15070,0.0033096383285611975
15071,0.0033096383285611975
15072,0.0033096383285611975
15073,0.0033096383285611975
15074,0.0033096383285611975
15075,0.0033096383285611975
15076,0.0033096383285611975
15077,0.0033096383285611975
15078,0.0033096383285611975
15079,0.0033096383285611975
15080,0.0033096383285611975
15081,0.0033096383285611975
15082,0.0033096383285611975
15083,0.0033096383285611975
15084,0.0033096383285611975
15085,0.0033096383285611975
15086,0.0033096383285611975
15087,0.0033096383285611975
15088,0.0033096383285611975
15089,0.0033096383285611975
15090,0.0033096383285611975
15091,0.0033096383285611975
15092,0.0033096383285611975
15093,0.0033096383285611975
15094,0.0033096383285611975
15095,0.0033096383285611975
15096,0.0033096383285611975
15097,0.0033096383285611975
15098,0.0033096383285611975
15099,0.0033096383285611975
15100,0.0033096383285611975
15101,0.0033096383285611975
15102,0.0033096383285611975
15103,0.0033096383285611975
15104,0.0033096383285611975
15105,0.0033096383285611975
15106,0.0033096383285611975
15107,0.0033096383285611975
15108,0.0033096383285611975
15109,0.0033096383285611975
15110,0.0033096383285611975
15111,0.0033096383285611975
15112,0.0033096383285611975
15113,0.0033096383285611975
15114,0.0033096383285611975
15115,0.0033096383285611975
15116,0.0033096383285611975
15117,0.0033096383285611975
15118,0.0033096383285611975
15119,0.0033096383285611975
15120,0.0033096383285611975
15121,0.0033096383285611975
15122,0.0033096383285611975
15123,0.0033096383285611975
15124,0.0033096383285611975
15125,0.0033096383285611975
15126,0.0033096383285611975
15127,0.0033096383285611975
15128,0.0033096383285611975
15129,0.0033096383285611975
15130,0.0033096383285611975
15131,0.0033096383285611975
15132,0.0033096383285611975
15133,0.0033096383285611975
15134,0.0033096383285611975
15135,0.0033096383285611975
15136,0.0033096383285611975
15137,0.0033096383285611975
15138,0.0033096383285611975
15139,0.0033096383285611975
15140,0.0033096383285611975
15141,0.0033096383285611975
15142,0.0033096383285611975
15143,0.0033096383285611975
15144,0.0033096383285611975
15145,0.0033096383285611975
15146,0.0033096383285611975
15147,0.0033096383285611975
15148,0.0033096383285611975
15149,0.0033096383285611975
15150,0.0033096383285611975
15151,0.0033096383285611975
15152,0.0033096383285611975
15153,0.0033096383285611975
15154,0.0033096383285611975
15155,0.0033096383285611975
15156,0.0033096383285611975
15157,0.0033096383285611975
15158,0.0033096383285611975
15159,0.0033096383285611975
15160,0.0033096383285611975
15161,0.0033096383285611975
15162,0.0033096383285611975
15163,0.0033096383285611975
15164,0.0033096383285611975
15165,0.0033096383285611975
15166,0.0033096383285611975
15167,0.0033096383285611975
15168,0.0033096383285611975
15169,0.0033096383285611975
15170,0.0033096383285611975
15171,0.0033096383285611975
15172,0.0033096383285611975
15173,0.0033096383285611975
15174,0.0033096383285611975
15175,0.0033096383285611975
15176,0.0033096383285611975
15177,0.0033096383285611975
15178,0.0033096383285611975
15179,0.0033096383285611975
15180,0.0033096383285611975
15181,0.0033096383285611975
15182,0.0033096383285611975
15183,0.0033096383285611975
15184,0.0033096383285611975
15185,0.0033096383285611975
15186,0.0033096383285611975
15187,0.0033096383285611975
15188,0.0033096383285611975
15189,0.0033096383285611975
15190,0.0033096383285611975
15191,0.0033096383285611975
15192,0.0033096383285611975
15193,0.0033096383285611975
15194,0.0033096383285611975
15195,0.0033096383285611975
15196,0.0033096383285611975
15197,0.0033096383285611975
15198,0.0033096383285611975
15199,0.0033096383285611975
15200,0.0033096383285611975
15201,0.0033096383285611975
15202,0.0033096383285611975
15203,0.0033096383285611975
15204,0.0033096383285611975
15205,0.0033096383285611975
15206,0.0033096383285611975
15207,0.0033096383285611975
15208,0.0033096383285611975
15209,0.0033096383285611975
15210,0.0033096383285611975
15211,0.0033096383285611975
15212,0.0033096383285611975
15213,0.0033096383285611975
15214,0.0033096383285611975
15215,0.0033096383285611975
15216,0.0033096383285611975
15217,0.0033096383285611975
15218,0.0033096383285611975
15219,0.0033096383285611975
15220,0.0033096383285611975
15221,0.0033096383285611975
15222,0.0033096383285611975
15223,0.0033096383285611975
15224,0.0033096383285611975
15225,0.0033096383285611975
15226,0.0033096383285611975
15227,0.0033096383285611975
15228,0.0033096383285611975
15229,0.0033096383285611975
15230,0.0033096383285611975
15231,0.0033096383285611975
15232,0.0033096383285611975
15233,0.0033096383285611975
15234,0.0033096383285611975
15235,0.0033096383285611975
15236,0.0033096383285611975
15237,0.0033096383285611975
15238,0.0033096383285611975
15239,0.0033096383285611975
15240,0.0033096383285611975
15241,0.0033096383285611975
15242,0.0033096383285611975
15243,0.0033096383285611975
15244,0.0033096383285611975
15245,0.0033096383285611975
15246,0.0033096383285611975
15247,0.0033096383285611975
15248,0.0033096383285611975
15249,0.0033096383285611975
15250,0.0033096383285611975
15251,0.0033096383285611975
15252,0.0033096383285611975
15253,0.0033096383285611975
15254,0.0033096383285611975
15255,0.0033096383285611975
15256,0.0033096383285611975
15257,0.0033096383285611975
15258,0.0033096383285611975
15259,0.0033096383285611975
15260,0.0033096383285611975
15261,0.0033096383285611975
15262,0.0033096383285611975
15263,0.0033096383285611975
15264,0.0033096383285611975
15265,0.0033096383285611975
15266,0.0033096383285611975
15267,0.0033096383285611975
15268,0.0033096383285611975
15269,0.0033096383285611975
15270,0.0033096383285611975
15271,0.0033096383285611975
15272,0.0033096383285611975
15273,0.0033096383285611975
15274,0.0033096383285611975
15275,0.0033096383285611975
15276,0.0033096383285611975
15277,0.0033096383285611975
15278,0.0033096383285611975
15279,0.0033096383285611975
15280,0.0033096383285611975
15281,0.0033096383285611975
15282,0.0033096383285611975
15283,0.0033096383285611975
15284,0.0033096383285611975
15285,0.0033096383285611975
15286,0.0033096383285611975
15287,0.0033096383285611975
15288,0.0033096383285611975
15289,0.0033096383285611975
15290,0.0033096383285611975
15291,0.0033096383285611975
15292,0.0033096383285611975
15293,0.0033096383285611975
15294,0.0033096383285611975
15295,0.0033096383285611975
15296,0.0033096383285611975
15297,0.0033096383285611975
15298,0.0033096383285611975
15299,0.0033096383285611975
15300,0.0033096383285611975
15301,0.0033096383285611975
15302,0.0033096383285611975
15303,0.0033096383285611975
15304,0.0033096383285611975
15305,0.0033096383285611975
15306,0.0033096383285611975
15307,0.0033096383285611975
15308,0.0033096383285611975
15309,0.0033096383285611975
15310,0.0033096383285611975
15311,0.0033096383285611975
15312,0.0033096383285611975
15313,0.0033096383285611975
15314,0.0033096383285611975
15315,0.0033096383285611975
15316,0.0033096383285611975
15317,0.0033096383285611975
15318,0.0033096383285611975
15319,0.0033096383285611975
15320,0.0033096383285611975
15321,0.0033096383285611975
15322,0.0033096383285611975
15323,0.0033096383285611975
15324,0.0033096383285611975
15325,0.0033096383285611975
15326,0.0033096383285611975
15327,0.0033096383285611975
15328,0.0033096383285611975
15329,0.0033096383285611975
15330,0.0033096383285611975
15331,0.0033096383285611975
15332,0.0033096383285611975
15333,0.0033096383285611975
15334,0.0033096383285611975
15335,0.0033096383285611975
15336,0.0033096383285611975
15337,0.0033096383285611975
15338,0.0033096383285611975
15339,0.0033096383285611975
15340,0.0033096383285611975
15341,0.0033096383285611975
15342,0.0033096383285611975
15343,0.0033096383285611975
15344,0.0033096383285611975
15345,0.0033096383285611975
15346,0.0033096383285611975
15347,0.0033096383285611975
15348,0.0033096383285611975
15349,0.0033096383285611975
15350,0.0033096383285611975
15351,0.0033096383285611975
15352,0.0033096383285611975
15353,0.0033096383285611975
15354,0.0033096383285611975
15355,0.0033096383285611975
15356,0.0033096383285611975
15357,0.0033096383285611975
15358,0.0033096383285611975
15359,0.0033096383285611975
15360,0.0033096383285611975
15361,0.0033096383285611975
15362,0.0033096383285611975
15363,0.0033096383285611975
15364,0.0033096383285611975
15365,0.0033096383285611975
15366,0.0033096383285611975
15367,0.0033096383285611975
15368,0.0033096383285611975
15369,0.0033096383285611975
15370,0.0033096383285611975
15371,0.0033096383285611975
15372,0.0033096383285611975
15373,0.0033096383285611975
15374,0.0033096383285611975
15375,0.0033096383285611975
15376,0.0033096383285611975
15377,0.0033096383285611975
15378,0.0033096383285611975
15379,0.0033096383285611975
15380,0.0033096383285611975
15381,0.0033096383285611975
15382,0.0033096383285611975
15383,0.0033096383285611975
15384,0.0033096383285611975
15385,0.0033096383285611975
15386,0.0033096383285611975
15387,0.0033096383285611975
15388,0.0033096383285611975
15389,0.0033096383285611975
15390,0.0033096383285611975
15391,0.0033096383285611975
15392,0.0033096383285611975
15393,0.0033096383285611975
15394,0.0033096383285611975
15395,0.0033096383285611975
15396,0.0033096383285611975
15397,0.0033096383285611975
15398,0.0033096383285611975
15399,0.0033096383285611975
15400,0.0033096383285611975
15401,0.0033096383285611975
15402,0.0033096383285611975
15403,0.0033096383285611975
15404,0.0033096383285611975
15405,0.0033096383285611975
15406,0.0033096383285611975
15407,0.0033096383285611975
15408,0.0033096383285611975
15409,0.0033096383285611975
15410,0.0033096383285611975
15411,0.0033096383285611975
15412,0.0033096383285611975
15413,0.0033096383285611975
15414,0.0033096383285611975
15415,0.0033096383285611975
15416,0.0033096383285611975
15417,0.0033096383285611975
15418,0.0033096383285611975
15419,0.0033096383285611975
15420,0.0033096383285611975
15421,0.0033096383285611975
15422,0.0033096383285611975
15423,0.0033096383285611975
15424,0.0033096383285611975
15425,0.0033096383285611975
15426,0.0033096383285611975
15427,0.0033096383285611975
15428,0.0033096383285611975
15429,0.0033096383285611975
15430,0.0033096383285611975
15431,0.0033096383285611975
15432,0.0033096383285611975
15433,0.0033096383285611975
15434,0.0033096383285611975
15435,0.0033096383285611975
15436,0.0033096383285611975
15437,0.0033096383285611975
15438,0.0033096383285611975
15439,0.0033096383285611975
15440,0.0033096383285611975
15441,0.0033096383285611975
15442,0.0033096383285611975
15443,0.0033096383285611975
15444,0.0033096383285611975
15445,0.0033096383285611975
15446,0.0033096383285611975
15447,0.0033096383285611975
15448,0.0033096383285611975
15449,0.0033096383285611975
15450,0.0033096383285611975
15451,0.0033096383285611975
15452,0.0033096383285611975
15453,0.0033096383285611975
15454,0.0033096383285611975
15455,0.0033096383285611975
15456,0.0033096383285611975
15457,0.0033096383285611975
15458,0.0033096383285611975
15459,0.0033096383285611975
15460,0.0033096383285611975
15461,0.0033096383285611975
15462,0.0033096383285611975
15463,0.0033096383285611975
15464,0.0033096383285611975
15465,0.0033096383285611975
15466,0.0033096383285611975
15467,0.0033096383285611975
15468,0.0033096383285611975
15469,0.0033096383285611975
15470,0.0033096383285611975
15471,0.0033096383285611975
15472,0.0033096383285611975
15473,0.0033096383285611975
15474,0.0033096383285611975
15475,0.0033096383285611975
15476,0.0033096383285611975
15477,0.0033096383285611975
15478,0.0033096383285611975
15479,0.0033096383285611975
15480,0.0033096383285611975
15481,0.0033096383285611975
15482,0.0033096383285611975
15483,0.0033096383285611975
15484,0.0033096383285611975
15485,0.0033096383285611975
15486,0.0033096383285611975
15487,0.0033096383285611975
15488,0.0033096383285611975
15489,0.0033096383285611975
15490,0.0033096383285611975
15491,0.0033096383285611975
15492,0.0033096383285611975
15493,0.0033096383285611975
15494,0.0033096383285611975
15495,0.0033096383285611975
15496,0.0033096383285611975
15497,0.0033096383285611975
15498,0.0033096383285611975
15499,0.0033096383285611975
15500,0.0033096383285611975
15501,0.0033096383285611975
15502,0.0033096383285611975
15503,0.0033096383285611975
15504,0.0033096383285611975
15505,0.0033096383285611975
15506,0.0033096383285611975
15507,0.0033096383285611975
15508,0.0033096383285611975
15509,0.0033096383285611975
15510,0.0033096383285611975
15511,0.0033096383285611975
15512,0.0033096383285611975
15513,0.0033096383285611975
15514,0.0033096383285611975
15515,0.0033096383285611975
15516,0.0033096383285611975
15517,0.0033096383285611975
15518,0.0033096383285611975
15519,0.0033096383285611975
15520,0.0033096383285611975
15521,0.0033096383285611975
15522,0.0033096383285611975
15523,0.0033096383285611975
15524,0.0033096383285611975
15525,0.0033096383285611975
15526,0.0033096383285611975
15527,0.0033096383285611975
15528,0.0033096383285611975
15529,0.0033096383285611975
15530,0.0033096383285611975
15531,0.0033096383285611975
15532,0.0033096383285611975
15533,0.0033096383285611975
15534,0.0033096383285611975
15535,0.0033096383285611975
15536,0.0033096383285611975
15537,0.0033096383285611975
15538,0.0033096383285611975
15539,0.0033096383285611975
15540,0.0033096383285611975
15541,0.0033096383285611975
15542,0.0033096383285611975
15543,0.0033096383285611975
15544,0.0033096383285611975
15545,0.0033096383285611975
15546,0.0033096383285611975
15547,0.0033096383285611975
15548,0.0033096383285611975
15549,0.0033096383285611975
15550,0.0033096383285611975
15551,0.0033096383285611975
15552,0.0033096383285611975
15553,0.0033096383285611975
15554,0.0033096383285611975
15555,0.0033096383285611975
15556,0.0033096383285611975
15557,0.0033096383285611975
15558,0.0033096383285611975
15559,0.0033096383285611975
15560,0.0033096383285611975
15561,0.0033096383285611975
15562,0.0033096383285611975
15563,0.0033096383285611975
15564,0.0033096383285611975
15565,0.0033096383285611975
15566,0.0033096383285611975
15567,0.0033096383285611975
15568,0.0033096383285611975
15569,0.0033096383285611975
15570,0.0033096383285611975
15571,0.0033096383285611975
15572,0.0033096383285611975
15573,0.0033096383285611975
15574,0.0033096383285611975
15575,0.0033096383285611975
15576,0.0033096383285611975
15577,0.0033096383285611975
15578,0.0033096383285611975
15579,0.0033096383285611975
15580,0.0033096383285611975
15581,0.0033096383285611975
15582,0.0033096383285611975
15583,0.0033096383285611975
15584,0.0033096383285611975
15585,0.0033096383285611975
15586,0.0033096383285611975
15587,0.0033096383285611975
15588,0.0033096383285611975
15589,0.0033096383285611975
15590,0.0033096383285611975
15591,0.0033096383285611975
15592,0.0033096383285611975
15593,0.0033096383285611975
15594,0.0033096383285611975
15595,0.0033096383285611975
15596,0.0033096383285611975
15597,0.0033096383285611975
15598,0.0033096383285611975
15599,0.0033096383285611975
15600,0.0033096383285611975
15601,0.0033096383285611975
15602,0.0033096383285611975
15603,0.0033096383285611975
15604,0.0033096383285611975
15605,0.0033096383285611975
15606,0.0033096383285611975
15607,0.0033096383285611975
15608,0.0033096383285611975
15609,0.0033096383285611975
15610,0.0033096383285611975
15611,0.0033096383285611975
15612,0.0033096383285611975
15613,0.0033096383285611975
15614,0.0033096383285611975
15615,0.0033096383285611975
15616,0.0033096383285611975
15617,0.0033096383285611975
15618,0.0033096383285611975
15619,0.0033096383285611975
15620,0.0033096383285611975
15621,0.0033096383285611975
15622,0.0033096383285611975
15623,0.0033096383285611975
15624,0.0033096383285611975
15625,0.0033096383285611975
15626,0.0033096383285611975
15627,0.0033096383285611975
15628,0.0033096383285611975
15629,0.0033096383285611975
15630,0.0033096383285611975
15631,0.0033096383285611975
15632,0.0033096383285611975
15633,0.0033096383285611975
15634,0.0033096383285611975
15635,0.0033096383285611975
15636,0.0033096383285611975
15637,0.0033096383285611975
15638,0.0033096383285611975
15639,0.0033096383285611975
15640,0.0033096383285611975
15641,0.0033096383285611975
15642,0.0033096383285611975
15643,0.0033096383285611975
15644,0.0033096383285611975
15645,0.0033096383285611975
15646,0.0033096383285611975
15647,0.0033096383285611975
15648,0.0033096383285611975
15649,0.0033096383285611975
15650,0.0033096383285611975
15651,0.0033096383285611975
15652,0.0033096383285611975
15653,0.0033096383285611975
15654,0.0033096383285611975
15655,0.0033096383285611975
15656,0.0033096383285611975
15657,0.0033096383285611975
15658,0.0033096383285611975
15659,0.0033096383285611975
15660,0.0033096383285611975
15661,0.0033096383285611975
15662,0.0033096383285611975
15663,0.0033096383285611975
15664,0.0033096383285611975
15665,0.0033096383285611975
15666,0.0033096383285611975
15667,0.0033096383285611975
15668,0.0033096383285611975
15669,0.0033096383285611975
15670,0.0033096383285611975
15671,0.0033096383285611975
15672,0.0033096383285611975
15673,0.0033096383285611975
15674,0.0033096383285611975
15675,0.0033096383285611975
15676,0.0033096383285611975
15677,0.0033096383285611975
15678,0.0033096383285611975
15679,0.0033096383285611975
15680,0.0033096383285611975
15681,0.0033096383285611975
15682,0.0033096383285611975
15683,0.0033096383285611975
15684,0.0033096383285611975
15685,0.0033096383285611975
15686,0.0033096383285611975
15687,0.0033096383285611975
15688,0.0033096383285611975
15689,0.0033096383285611975
15690,0.0033096383285611975
15691,0.0033096383285611975
15692,0.0033096383285611975
15693,0.0033096383285611975
15694,0.0033096383285611975
15695,0.0033096383285611975
15696,0.0033096383285611975
15697,0.0033096383285611975
15698,0.0033096383285611975
15699,0.0033096383285611975
15700,0.0033096383285611975
15701,0.0033096383285611975
15702,0.0033096383285611975
15703,0.0033096383285611975
15704,0.0033096383285611975
15705,0.0033096383285611975
15706,0.0033096383285611975
15707,0.0033096383285611975
15708,0.0033096383285611975
15709,0.0033096383285611975
15710,0.0033096383285611975
15711,0.0033096383285611975
15712,0.0033096383285611975
15713,0.0033096383285611975
15714,0.0033096383285611975
15715,0.0033096383285611975
15716,0.0033096383285611975
15717,0.0033096383285611975
15718,0.0033096383285611975
15719,0.0033096383285611975
15720,0.0033096383285611975
15721,0.0033096383285611975
15722,0.0033096383285611975
15723,0.0033096383285611975
15724,0.0033096383285611975
15725,0.0033096383285611975
15726,0.0033096383285611975
15727,0.0033096383285611975
15728,0.0033096383285611975
15729,0.0033096383285611975
15730,0.0033096383285611975
15731,0.0033096383285611975
15732,0.0033096383285611975
15733,0.0033096383285611975
15734,0.0033096383285611975
15735,0.0033096383285611975
15736,0.0033096383285611975
15737,0.0033096383285611975
15738,0.0033096383285611975
15739,0.0033096383285611975
15740,0.0033096383285611975
15741,0.0033096383285611975
15742,0.0033096383285611975
15743,0.0033096383285611975
15744,0.0033096383285611975
15745,0.0033096383285611975
15746,0.0033096383285611975
15747,0.0033096383285611975
15748,0.0033096383285611975
15749,0.0033096383285611975
15750,0.0033096383285611975
15751,0.0033096383285611975
15752,0.0033096383285611975
15753,0.0033096383285611975
15754,0.0033096383285611975
15755,0.0033096383285611975
15756,0.0033096383285611975
15757,0.0033096383285611975
15758,0.0033096383285611975
15759,0.0033096383285611975
15760,0.0033096383285611975
15761,0.0033096383285611975
15762,0.0033096383285611975
15763,0.0033096383285611975
15764,0.0033096383285611975
15765,0.0033096383285611975
15766,0.0033096383285611975
15767,0.0033096383285611975
15768,0.0033096383285611975
15769,0.0033096383285611975
15770,0.0033096383285611975
15771,0.0033096383285611975
15772,0.0033096383285611975
15773,0.0033096383285611975
15774,0.0033096383285611975
15775,0.0033096383285611975
15776,0.0033096383285611975
15777,0.0033096383285611975
15778,0.0033096383285611975
15779,0.0033096383285611975
15780,0.0033096383285611975
15781,0.0033096383285611975
15782,0.0033096383285611975
15783,0.0033096383285611975
15784,0.0033096383285611975
15785,0.0033096383285611975
15786,0.0033096383285611975
15787,0.0033096383285611975
15788,0.0033096383285611975
15789,0.0033096383285611975
15790,0.0033096383285611975
15791,0.0033096383285611975
15792,0.0033096383285611975
15793,0.0033096383285611975
15794,0.0033096383285611975
15795,0.0033096383285611975
15796,0.0033096383285611975
15797,0.0033096383285611975
15798,0.0033096383285611975
15799,0.0033096383285611975
15800,0.0033096383285611975
15801,0.0033096383285611975
15802,0.0033096383285611975
15803,0.0033096383285611975
15804,0.0033096383285611975
15805,0.0033096383285611975
15806,0.0033096383285611975
15807,0.0033096383285611975
15808,0.0033096383285611975
15809,0.0033096383285611975
15810,0.0033096383285611975
15811,0.0033096383285611975
15812,0.0033096383285611975
15813,0.0033096383285611975
15814,0.0033096383285611975
15815,0.0033096383285611975
15816,0.0033096383285611975
15817,0.0033096383285611975
15818,0.0033096383285611975
15819,0.0033096383285611975
15820,0.0033096383285611975
15821,0.0033096383285611975
15822,0.0033096383285611975
15823,0.0033096383285611975
15824,0.0033096383285611975
15825,0.0033096383285611975
15826,0.0033096383285611975
15827,0.0033096383285611975
15828,0.0033096383285611975
15829,0.0033096383285611975
15830,0.0033096383285611975
15831,0.0033096383285611975
15832,0.0033096383285611975
15833,0.0033096383285611975
15834,0.0033096383285611975
15835,0.0033096383285611975
15836,0.0033096383285611975
15837,0.0033096383285611975
15838,0.0033096383285611975
15839,0.0033096383285611975
15840,0.0033096383285611975
15841,0.0033096383285611975
15842,0.0033096383285611975
15843,0.0033096383285611975
15844,0.0033096383285611975
15845,0.0033096383285611975
15846,0.0033096383285611975
15847,0.0033096383285611975
15848,0.0033096383285611975
15849,0.0033096383285611975
15850,0.0033096383285611975
15851,0.0033096383285611975
15852,0.0033096383285611975
15853,0.0033096383285611975
15854,0.0033096383285611975
15855,0.0033096383285611975
15856,0.0033096383285611975
15857,0.0033096383285611975
15858,0.0033096383285611975
15859,0.0033096383285611975
15860,0.0033096383285611975
15861,0.0033096383285611975
15862,0.0033096383285611975
15863,0.0033096383285611975
15864,0.0033096383285611975
15865,0.0033096383285611975
15866,0.0033096383285611975
15867,0.0033096383285611975
15868,0.0033096383285611975
15869,0.0033096383285611975
15870,0.0033096383285611975
15871,0.0033096383285611975
15872,0.0033096383285611975
15873,0.0033096383285611975
15874,0.0033096383285611975
15875,0.0033096383285611975
15876,0.0033096383285611975
15877,0.0033096383285611975
15878,0.0033096383285611975
15879,0.0033096383285611975
15880,0.0033096383285611975
15881,0.0033096383285611975
15882,0.0033096383285611975
15883,0.0033096383285611975
15884,0.0033096383285611975
15885,0.0033096383285611975
15886,0.0033096383285611975
15887,0.0033096383285611975
15888,0.0033096383285611975
15889,0.0033096383285611975
15890,0.0033096383285611975
15891,0.0033096383285611975
15892,0.0033096383285611975
15893,0.0033096383285611975
15894,0.0033096383285611975
15895,0.0033096383285611975
15896,0.0033096383285611975
15897,0.0033096383285611975
15898,0.0033096383285611975
15899,0.0033096383285611975
15900,0.0033096383285611975
15901,0.0033096383285611975
15902,0.0033096383285611975
15903,0.0033096383285611975
15904,0.0033096383285611975
15905,0.0033096383285611975
15906,0.0033096383285611975
15907,0.0033096383285611975
15908,0.0033096383285611975
15909,0.0033096383285611975
15910,0.0033096383285611975
15911,0.0033096383285611975
15912,0.0033096383285611975
15913,0.0033096383285611975
15914,0.0033096383285611975
15915,0.0033096383285611975
15916,0.0033096383285611975
15917,0.0033096383285611975
15918,0.0033096383285611975
15919,0.0033096383285611975
15920,0.0033096383285611975
15921,0.0033096383285611975
15922,0.0033096383285611975
15923,0.0033096383285611975
15924,0.0033096383285611975
15925,0.0033096383285611975
15926,0.0033096383285611975
15927,0.0033096383285611975
15928,0.0033096383285611975
15929,0.0033096383285611975
15930,0.0033096383285611975
15931,0.0033096383285611975
15932,0.0033096383285611975
15933,0.0033096383285611975
15934,0.0033096383285611975
15935,0.0033096383285611975
15936,0.0033096383285611975
15937,0.0033096383285611975
15938,0.0033096383285611975
15939,0.0033096383285611975
15940,0.0033096383285611975
15941,0.0033096383285611975
15942,0.0033096383285611975
15943,0.0033096383285611975
15944,0.0033096383285611975
15945,0.0033096383285611975
15946,0.0033096383285611975
15947,0.0033096383285611975
15948,0.0033096383285611975
15949,0.0033096383285611975
15950,0.0033096383285611975
15951,0.0033096383285611975
15952,0.0033096383285611975
15953,0.0033096383285611975
15954,0.0033096383285611975
15955,0.0033096383285611975
15956,0.0033096383285611975
15957,0.0033096383285611975
15958,0.0033096383285611975
15959,0.0033096383285611975
15960,0.0033096383285611975
15961,0.0033096383285611975
15962,0.0033096383285611975
15963,0.0033096383285611975
15964,0.0033096383285611975
15965,0.0033096383285611975
15966,0.0033096383285611975
15967,0.0033096383285611975
15968,0.0033096383285611975
15969,0.0033096383285611975
15970,0.0033096383285611975
15971,0.0033096383285611975
15972,0.0033096383285611975
15973,0.0033096383285611975
15974,0.0033096383285611975
15975,0.0033096383285611975
15976,0.0033096383285611975
15977,0.0033096383285611975
15978,0.0033096383285611975
15979,0.0033096383285611975
15980,0.0033096383285611975
15981,0.0033096383285611975
15982,0.0033096383285611975
15983,0.0033096383285611975
15984,0.0033096383285611975
15985,0.0033096383285611975
15986,0.0033096383285611975
15987,0.0033096383285611975
15988,0.0033096383285611975
15989,0.0033096383285611975
15990,0.0033096383285611975
15991,0.0033096383285611975
15992,0.0033096383285611975
15993,0.0033096383285611975
15994,0.0033096383285611975
15995,0.0033096383285611975
15996,0.0033096383285611975
15997,0.0033096383285611975
15998,0.0033096383285611975
15999,0.0033096383285611975
16000,0.0033096383285611975
16001,0.0033096383285611975
16002,0.0033096383285611975
16003,0.0033096383285611975
16004,0.0033096383285611975
16005,0.0033096383285611975
16006,0.0033096383285611975
16007,0.0033096383285611975
16008,0.0033096383285611975
16009,0.0033096383285611975
16010,0.0033096383285611975
16011,0.0033096383285611975
16012,0.0033096383285611975
16013,0.0033096383285611975
16014,0.0033096383285611975
16015,0.0033096383285611975
16016,0.0033096383285611975
16017,0.0033096383285611975
16018,0.0033096383285611975
16019,0.0033096383285611975
16020,0.0033096383285611975
16021,0.0033096383285611975
16022,0.0033096383285611975
16023,0.0033096383285611975
16024,0.0033096383285611975
16025,0.0033096383285611975
16026,0.0033096383285611975
16027,0.0033096383285611975
16028,0.0033096383285611975
16029,0.0033096383285611975
16030,0.0033096383285611975
16031,0.0033096383285611975
16032,0.0033096383285611975
16033,0.0033096383285611975
16034,0.0033096383285611975
16035,0.0033096383285611975
16036,0.0033096383285611975
16037,0.0033096383285611975
16038,0.0033096383285611975
16039,0.0033096383285611975
16040,0.0033096383285611975
16041,0.0033096383285611975
16042,0.0033096383285611975
16043,0.0033096383285611975
16044,0.0033096383285611975
16045,0.0033096383285611975
16046,0.0033096383285611975
16047,0.0033096383285611975
16048,0.0033096383285611975
16049,0.0033096383285611975
16050,0.0033096383285611975
16051,0.0033096383285611975
16052,0.0033096383285611975
16053,0.0033096383285611975
16054,0.0033096383285611975
16055,0.0033096383285611975
16056,0.0033096383285611975
16057,0.0033096383285611975
16058,0.0033096383285611975
16059,0.0033096383285611975
16060,0.0033096383285611975
16061,0.0033096383285611975
16062,0.0033096383285611975
16063,0.0033096383285611975
16064,0.0033096383285611975
16065,0.0033096383285611975
16066,0.0033096383285611975
16067,0.0033096383285611975
16068,0.0033096383285611975
16069,0.0033096383285611975
16070,0.0033096383285611975
16071,0.0033096383285611975
16072,0.0033096383285611975
16073,0.0033096383285611975
16074,0.0033096383285611975
16075,0.0033096383285611975
16076,0.0033096383285611975
16077,0.0033096383285611975
16078,0.0033096383285611975
16079,0.0033096383285611975
16080,0.0033096383285611975
16081,0.0033096383285611975
16082,0.0033096383285611975
16083,0.0033096383285611975
16084,0.0033096383285611975
16085,0.0033096383285611975
16086,0.0033096383285611975
16087,0.0033096383285611975
16088,0.0033096383285611975
16089,0.0033096383285611975
16090,0.0033096383285611975
16091,0.0033096383285611975
16092,0.0033096383285611975
16093,0.0033096383285611975
16094,0.0033096383285611975
16095,0.0033096383285611975
16096,0.0033096383285611975
16097,0.0033096383285611975
16098,0.0033096383285611975
16099,0.0033096383285611975
16100,0.0033096383285611975
16101,0.0033096383285611975
16102,0.0033096383285611975
16103,0.0033096383285611975
16104,0.0033096383285611975
16105,0.0033096383285611975
16106,0.0033096383285611975
16107,0.0033096383285611975
16108,0.0033096383285611975
16109,0.0033096383285611975
16110,0.0033096383285611975
16111,0.0033096383285611975
16112,0.0033096383285611975
16113,0.0033096383285611975
16114,0.0033096383285611975
16115,0.0033096383285611975
16116,0.0033096383285611975
16117,0.0033096383285611975
16118,0.0033096383285611975
16119,0.0033096383285611975
16120,0.0033096383285611975
16121,0.0033096383285611975
16122,0.0033096383285611975
16123,0.0033096383285611975
16124,0.0033096383285611975
16125,0.0033096383285611975
16126,0.0033096383285611975
16127,0.0033096383285611975
16128,0.0033096383285611975
16129,0.0033096383285611975
16130,0.0033096383285611975
16131,0.0033096383285611975
16132,0.0033096383285611975
16133,0.0033096383285611975
16134,0.0033096383285611975
16135,0.0033096383285611975
16136,0.0033096383285611975
16137,0.0033096383285611975
16138,0.0033096383285611975
16139,0.0033096383285611975
16140,0.0033096383285611975
16141,0.0033096383285611975
16142,0.0033096383285611975
16143,0.0033096383285611975
16144,0.0033096383285611975
16145,0.0033096383285611975
16146,0.0033096383285611975
16147,0.0033096383285611975
16148,0.0033096383285611975
16149,0.0033096383285611975
16150,0.0033096383285611975
16151,0.0033096383285611975
16152,0.0033096383285611975
16153,0.0033096383285611975
16154,0.0033096383285611975
16155,0.0033096383285611975
16156,0.0033096383285611975
16157,0.0033096383285611975
16158,0.0033096383285611975
16159,0.0033096383285611975
16160,0.0033096383285611975
16161,0.0033096383285611975
16162,0.0033096383285611975
16163,0.0033096383285611975
16164,0.0033096383285611975
16165,0.0033096383285611975
16166,0.0033096383285611975
16167,0.0033096383285611975
16168,0.0033096383285611975
16169,0.0033096383285611975
16170,0.0033096383285611975
16171,0.0033096383285611975
16172,0.0033096383285611975
16173,0.0033096383285611975
16174,0.0033096383285611975
16175,0.0033096383285611975
16176,0.0033096383285611975
16177,0.0033096383285611975
16178,0.0033096383285611975
16179,0.0033096383285611975
16180,0.0033096383285611975
16181,0.0033096383285611975
16182,0.0033096383285611975
16183,0.0033096383285611975
16184,0.0033096383285611975
16185,0.0033096383285611975
16186,0.0033096383285611975
16187,0.0033096383285611975
16188,0.0033096383285611975
16189,0.0033096383285611975
16190,0.0033096383285611975
16191,0.0033096383285611975
16192,0.0033096383285611975
16193,0.0033096383285611975
16194,0.0033096383285611975
16195,0.0033096383285611975
16196,0.0033096383285611975
16197,0.0033096383285611975
16198,0.0033096383285611975
16199,0.0033096383285611975
16200,0.0033096383285611975
16201,0.0033096383285611975
16202,0.0033096383285611975
16203,0.0033096383285611975
16204,0.0033096383285611975
16205,0.0033096383285611975
16206,0.0033096383285611975
16207,0.0033096383285611975
16208,0.0033096383285611975
16209,0.0033096383285611975
16210,0.0033096383285611975
16211,0.0033096383285611975
16212,0.0033096383285611975
16213,0.0033096383285611975
16214,0.0033096383285611975
16215,0.0033096383285611975
16216,0.0033096383285611975
16217,0.0033096383285611975
16218,0.0033096383285611975
16219,0.0033096383285611975
16220,0.0033096383285611975
16221,0.0033096383285611975
16222,0.0033096383285611975
16223,0.0033096383285611975
16224,0.0033096383285611975
16225,0.0033096383285611975
16226,0.0033096383285611975
16227,0.0033096383285611975
16228,0.0033096383285611975
16229,0.0033096383285611975
16230,0.0033096383285611975
16231,0.0033096383285611975
16232,0.0033096383285611975
16233,0.0033096383285611975
16234,0.0033096383285611975
16235,0.0033096383285611975
16236,0.0033096383285611975
16237,0.0033096383285611975
16238,0.0033096383285611975
16239,0.0033096383285611975
16240,0.0033096383285611975
16241,0.0033096383285611975
16242,0.0033096383285611975
16243,0.0033096383285611975
16244,0.0033096383285611975
16245,0.0033096383285611975
16246,0.0033096383285611975
16247,0.0033096383285611975
16248,0.0033096383285611975
16249,0.0033096383285611975
16250,0.0033096383285611975
16251,0.0033096383285611975
16252,0.0033096383285611975
16253,0.0033096383285611975
16254,0.0033096383285611975
16255,0.0033096383285611975
16256,0.0033096383285611975
16257,0.0033096383285611975
16258,0.0033096383285611975
16259,0.0033096383285611975
16260,0.0033096383285611975
16261,0.0033096383285611975
16262,0.0033096383285611975
16263,0.0033096383285611975
16264,0.0033096383285611975
16265,0.0033096383285611975
16266,0.0033096383285611975
16267,0.0033096383285611975
16268,0.0033096383285611975
16269,0.0033096383285611975
16270,0.0033096383285611975
16271,0.0033096383285611975
16272,0.0033096383285611975
16273,0.0033096383285611975
16274,0.0033096383285611975
16275,0.0033096383285611975
16276,0.0033096383285611975
16277,0.0033096383285611975
16278,0.0033096383285611975
16279,0.0033096383285611975
16280,0.0033096383285611975
16281,0.0033096383285611975
16282,0.0033096383285611975
16283,0.0033096383285611975
16284,0.0033096383285611975
16285,0.0033096383285611975
16286,0.0033096383285611975
16287,0.0033096383285611975
16288,0.0033096383285611975
16289,0.0033096383285611975
16290,0.0033096383285611975
16291,0.0033096383285611975
16292,0.0033096383285611975
16293,0.0033096383285611975
16294,0.0033096383285611975
16295,0.0033096383285611975
16296,0.0033096383285611975
16297,0.0033096383285611975
16298,0.0033096383285611975
16299,0.0033096383285611975
16300,0.0033096383285611975
16301,0.0033096383285611975
16302,0.0033096383285611975
16303,0.0033096383285611975
16304,0.0033096383285611975
16305,0.0033096383285611975
16306,0.0033096383285611975
16307,0.0033096383285611975
16308,0.0033096383285611975
16309,0.0033096383285611975
16310,0.0033096383285611975
16311,0.0033096383285611975
16312,0.0033096383285611975
16313,0.0033096383285611975
16314,0.0033096383285611975
16315,0.0033096383285611975
16316,0.0033096383285611975
16317,0.0033096383285611975
16318,0.0033096383285611975
16319,0.0033096383285611975
16320,0.0033096383285611975
16321,0.0033096383285611975
16322,0.0033096383285611975
16323,0.0033096383285611975
16324,0.0033096383285611975
16325,0.0033096383285611975
16326,0.0033096383285611975
16327,0.0033096383285611975
16328,0.0033096383285611975
16329,0.0033096383285611975
16330,0.0033096383285611975
16331,0.0033096383285611975
16332,0.0033096383285611975
16333,0.0033096383285611975
16334,0.0033096383285611975
16335,0.0033096383285611975
16336,0.0033096383285611975
16337,0.0033096383285611975
16338,0.0033096383285611975
16339,0.0033096383285611975
16340,0.0033096383285611975
16341,0.0033096383285611975
16342,0.0033096383285611975
16343,0.0033096383285611975
16344,0.0033096383285611975
16345,0.0033096383285611975
16346,0.0033096383285611975
16347,0.0033096383285611975
16348,0.0033096383285611975
16349,0.0033096383285611975
16350,0.0033096383285611975
16351,0.0033096383285611975
16352,0.0033096383285611975
16353,0.0033096383285611975
16354,0.0033096383285611975
16355,0.0033096383285611975
16356,0.0033096383285611975
16357,0.0033096383285611975
16358,0.0033096383285611975
16359,0.0033096383285611975
16360,0.0033096383285611975
16361,0.0033096383285611975
16362,0.0033096383285611975
16363,0.0033096383285611975
16364,0.0033096383285611975
16365,0.0033096383285611975
16366,0.0033096383285611975
16367,0.0033096383285611975
16368,0.0033096383285611975
16369,0.0033096383285611975
16370,0.0033096383285611975
16371,0.0033096383285611975
16372,0.0033096383285611975
16373,0.0033096383285611975
16374,0.0033096383285611975
16375,0.0033096383285611975
16376,0.0033096383285611975
16377,0.0033096383285611975
16378,0.0033096383285611975
16379,0.0033096383285611975
16380,0.0033096383285611975
16381,0.0033096383285611975
16382,0.0033096383285611975
16383,0.0033096383285611975
16384,0.0033096383285611975
16385,0.0033096383285611975
16386,0.0033096383285611975
16387,0.0033096383285611975
16388,0.0033096383285611975
16389,0.0033096383285611975
16390,0.0033096383285611975
16391,0.0033096383285611975
16392,0.0033096383285611975
16393,0.0033096383285611975
16394,0.0033096383285611975
16395,0.0033096383285611975
16396,0.0033096383285611975
16397,0.0033096383285611975
16398,0.0033096383285611975
16399,0.0033096383285611975
16400,0.0033096383285611975
16401,0.0033096383285611975
16402,0.0033096383285611975
16403,0.0033096383285611975
16404,0.0033096383285611975
16405,0.0033096383285611975
16406,0.0033096383285611975
16407,0.0033096383285611975
16408,0.0033096383285611975
16409,0.0033096383285611975
16410,0.0033096383285611975
16411,0.0033096383285611975
16412,0.0033096383285611975
16413,0.0033096383285611975
16414,0.0033096383285611975
16415,0.0033096383285611975
16416,0.0033096383285611975
16417,0.0033096383285611975
16418,0.0033096383285611975
16419,0.0033096383285611975
16420,0.0033096383285611975
16421,0.0033096383285611975
16422,0.0033096383285611975
16423,0.0033096383285611975
16424,0.0033096383285611975
16425,0.0033096383285611975
16426,0.0033096383285611975
16427,0.0033096383285611975
16428,0.0033096383285611975
16429,0.0033096383285611975
16430,0.0033096383285611975
16431,0.0033096383285611975
16432,0.0033096383285611975
16433,0.0033096383285611975
16434,0.0033096383285611975
16435,0.0033096383285611975
16436,0.0033096383285611975
16437,0.0033096383285611975
16438,0.0033096383285611975
16439,0.0033096383285611975
16440,0.0033096383285611975
16441,0.0033096383285611975
16442,0.0033096383285611975
16443,0.0033096383285611975
16444,0.0033096383285611975
16445,0.0033096383285611975
16446,0.0033096383285611975
16447,0.0033096383285611975
16448,0.0033096383285611975
16449,0.0033096383285611975
16450,0.0033096383285611975
16451,0.0033096383285611975
16452,0.0033096383285611975
16453,0.0033096383285611975
16454,0.0033096383285611975
16455,0.0033096383285611975
16456,0.0033096383285611975
16457,0.0033096383285611975
16458,0.0033096383285611975
16459,0.0033096383285611975
16460,0.0033096383285611975
16461,0.0033096383285611975
16462,0.0033096383285611975
16463,0.0033096383285611975
16464,0.0033096383285611975
16465,0.0033096383285611975
16466,0.0033096383285611975
16467,0.0033096383285611975
16468,0.0033096383285611975
16469,0.0033096383285611975
16470,0.0033096383285611975
16471,0.0033096383285611975
16472,0.0033096383285611975
16473,0.0033096383285611975
16474,0.0033096383285611975
16475,0.0033096383285611975
16476,0.0033096383285611975
16477,0.0033096383285611975
16478,0.0033096383285611975
16479,0.0033096383285611975
16480,0.0033096383285611975
16481,0.0033096383285611975
16482,0.0033096383285611975
16483,0.0033096383285611975
16484,0.0033096383285611975
16485,0.0033096383285611975
16486,0.0033096383285611975
16487,0.0033096383285611975
16488,0.0033096383285611975
16489,0.0033096383285611975
16490,0.0033096383285611975
16491,0.0033096383285611975
16492,0.0033096383285611975
16493,0.0033096383285611975
16494,0.0033096383285611975
16495,0.0033096383285611975
16496,0.0033096383285611975
16497,0.0033096383285611975
16498,0.0033096383285611975
16499,0.0033096383285611975
16500,0.0033096383285611975
16501,0.0033096383285611975
16502,0.0033096383285611975
16503,0.0033096383285611975
16504,0.0033096383285611975
16505,0.0033096383285611975
16506,0.0033096383285611975
16507,0.0033096383285611975
16508,0.0033096383285611975
16509,0.0033096383285611975
16510,0.0033096383285611975
16511,0.0033096383285611975
16512,0.0033096383285611975
16513,0.0033096383285611975
16514,0.0033096383285611975
16515,0.0033096383285611975
16516,0.0033096383285611975
16517,0.0033096383285611975
16518,0.0033096383285611975
16519,0.0033096383285611975
16520,0.0033096383285611975
16521,0.0033096383285611975
16522,0.0033096383285611975
16523,0.0033096383285611975
16524,0.0033096383285611975
16525,0.0033096383285611975
16526,0.0033096383285611975
16527,0.0033096383285611975
16528,0.0033096383285611975
16529,0.0033096383285611975
16530,0.0033096383285611975
16531,0.0033096383285611975
16532,0.0033096383285611975
16533,0.0033096383285611975
16534,0.0033096383285611975
16535,0.0033096383285611975
16536,0.0033096383285611975
16537,0.0033096383285611975
16538,0.0033096383285611975
16539,0.0033096383285611975
16540,0.0033096383285611975
16541,0.0033096383285611975
16542,0.0033096383285611975
16543,0.0033096383285611975
16544,0.0033096383285611975
16545,0.0033096383285611975
16546,0.0033096383285611975
16547,0.0033096383285611975
16548,0.0033096383285611975
16549,0.0033096383285611975
16550,0.0033096383285611975
16551,0.0033096383285611975
16552,0.0033096383285611975
16553,0.0033096383285611975
16554,0.0033096383285611975
16555,0.0033096383285611975
16556,0.0033096383285611975
16557,0.0033096383285611975
16558,0.0033096383285611975
16559,0.0033096383285611975
16560,0.0033096383285611975
16561,0.0033096383285611975
16562,0.0033096383285611975
16563,0.0033096383285611975
16564,0.0033096383285611975
16565,0.0033096383285611975
16566,0.0033096383285611975
16567,0.0033096383285611975
16568,0.0033096383285611975
16569,0.0033096383285611975
16570,0.0033096383285611975
16571,0.0033096383285611975
16572,0.0033096383285611975
16573,0.0033096383285611975
16574,0.0033096383285611975
16575,0.0033096383285611975
16576,0.0033096383285611975
16577,0.0033096383285611975
16578,0.0033096383285611975
16579,0.0033096383285611975
16580,0.0033096383285611975
16581,0.0033096383285611975
16582,0.0033096383285611975
16583,0.0033096383285611975
16584,0.0033096383285611975
16585,0.0033096383285611975
16586,0.0033096383285611975
16587,0.0033096383285611975
16588,0.0033096383285611975
16589,0.0033096383285611975
16590,0.0033096383285611975
16591,0.0033096383285611975
16592,0.0033096383285611975
16593,0.0033096383285611975
16594,0.0033096383285611975
16595,0.0033096383285611975
16596,0.0033096383285611975
16597,0.0033096383285611975
16598,0.0033096383285611975
16599,0.0033096383285611975
16600,0.0033096383285611975
16601,0.0033096383285611975
16602,0.0033096383285611975
16603,0.0033096383285611975
16604,0.0033096383285611975
16605,0.0033096383285611975
16606,0.0033096383285611975
16607,0.0033096383285611975
16608,0.0033096383285611975
16609,0.0033096383285611975
16610,0.0033096383285611975
16611,0.0033096383285611975
16612,0.0033096383285611975
16613,0.0033096383285611975
16614,0.0033096383285611975
16615,0.0033096383285611975
16616,0.0033096383285611975
16617,0.0033096383285611975
16618,0.0033096383285611975
16619,0.0033096383285611975
16620,0.0033096383285611975
16621,0.0033096383285611975
16622,0.0033096383285611975
16623,0.0033096383285611975
16624,0.0033096383285611975
16625,0.0033096383285611975
16626,0.0033096383285611975
16627,0.0033096383285611975
16628,0.0033096383285611975
16629,0.0033096383285611975
16630,0.0033096383285611975
16631,0.0033096383285611975
16632,0.0033096383285611975
16633,0.0033096383285611975
16634,0.0033096383285611975
16635,0.0033096383285611975
16636,0.0033096383285611975
16637,0.0033096383285611975
16638,0.0033096383285611975
16639,0.0033096383285611975
16640,0.0033096383285611975
16641,0.0033096383285611975
16642,0.0033096383285611975
16643,0.0033096383285611975
16644,0.0033096383285611975
16645,0.0033096383285611975
16646,0.0033096383285611975
16647,0.0033096383285611975
16648,0.0033096383285611975
16649,0.0033096383285611975
16650,0.0033096383285611975
16651,0.0033096383285611975
16652,0.0033096383285611975
16653,0.0033096383285611975
16654,0.0033096383285611975
16655,0.0033096383285611975
16656,0.0033096383285611975
16657,0.0033096383285611975
16658,0.0033096383285611975
16659,0.0033096383285611975
16660,0.0033096383285611975
16661,0.0033096383285611975
16662,0.0033096383285611975
16663,0.0033096383285611975
16664,0.0033096383285611975
16665,0.0033096383285611975
16666,0.0033096383285611975
16667,0.0033096383285611975
16668,0.0033096383285611975
16669,0.0033096383285611975
16670,0.0033096383285611975
16671,0.0033096383285611975
16672,0.0033096383285611975
16673,0.0033096383285611975
16674,0.0033096383285611975
16675,0.0033096383285611975
16676,0.0033096383285611975
16677,0.0033096383285611975
16678,0.0033096383285611975
16679,0.0033096383285611975
16680,0.0033096383285611975
16681,0.0033096383285611975
16682,0.0033096383285611975
16683,0.0033096383285611975
16684,0.0033096383285611975
16685,0.0033096383285611975
16686,0.0033096383285611975
16687,0.0033096383285611975
16688,0.0033096383285611975
16689,0.0033096383285611975
16690,0.0033096383285611975
16691,0.0033096383285611975
16692,0.0033096383285611975
16693,0.0033096383285611975
16694,0.0033096383285611975
16695,0.0033096383285611975
16696,0.0033096383285611975
16697,0.0033096383285611975
16698,0.0033096383285611975
16699,0.0033096383285611975
16700,0.0033096383285611975
16701,0.0033096383285611975
16702,0.0033096383285611975
16703,0.0033096383285611975
16704,0.0033096383285611975
16705,0.0033096383285611975
16706,0.0033096383285611975
16707,0.0033096383285611975
16708,0.0033096383285611975
16709,0.0033096383285611975
16710,0.0033096383285611975
16711,0.0033096383285611975
16712,0.0033096383285611975
16713,0.0033096383285611975
16714,0.0033096383285611975
16715,0.0033096383285611975
16716,0.0033096383285611975
16717,0.0033096383285611975
16718,0.0033096383285611975
16719,0.0033096383285611975
16720,0.0033096383285611975
16721,0.0033096383285611975
16722,0.0033096383285611975
16723,0.0033096383285611975
16724,0.0033096383285611975
16725,0.0033096383285611975
16726,0.0033096383285611975
16727,0.0033096383285611975
16728,0.0033096383285611975
16729,0.0033096383285611975
16730,0.0033096383285611975
16731,0.0033096383285611975
16732,0.0033096383285611975
16733,0.0033096383285611975
16734,0.0033096383285611975
16735,0.0033096383285611975
16736,0.0033096383285611975
16737,0.0033096383285611975
16738,0.0033096383285611975
16739,0.0033096383285611975
16740,0.0033096383285611975
16741,0.0033096383285611975
16742,0.0033096383285611975
16743,0.0033096383285611975
16744,0.0033096383285611975
16745,0.0033096383285611975
16746,0.0033096383285611975
16747,0.0033096383285611975
16748,0.0033096383285611975
16749,0.0033096383285611975
16750,0.0033096383285611975
16751,0.0033096383285611975
16752,0.0033096383285611975
16753,0.0033096383285611975
16754,0.0033096383285611975
16755,0.0033096383285611975
16756,0.0033096383285611975
16757,0.0033096383285611975
16758,0.0033096383285611975
16759,0.0033096383285611975
16760,0.0033096383285611975
16761,0.0033096383285611975
16762,0.0033096383285611975
16763,0.0033096383285611975
16764,0.0033096383285611975
16765,0.0033096383285611975
16766,0.0033096383285611975
16767,0.0033096383285611975
16768,0.0033096383285611975
16769,0.0033096383285611975
16770,0.0033096383285611975
16771,0.0033096383285611975
16772,0.0033096383285611975
16773,0.0033096383285611975
16774,0.0033096383285611975
16775,0.0033096383285611975
16776,0.0033096383285611975
16777,0.0033096383285611975
16778,0.0033096383285611975
16779,0.0033096383285611975
16780,0.0033096383285611975
16781,0.0033096383285611975
16782,0.0033096383285611975
16783,0.0033096383285611975
16784,0.0033096383285611975
16785,0.0033096383285611975
16786,0.0033096383285611975
16787,0.0033096383285611975
16788,0.0033096383285611975
16789,0.0033096383285611975
16790,0.0033096383285611975
16791,0.0033096383285611975
16792,0.0033096383285611975
16793,0.0033096383285611975
16794,0.0033096383285611975
16795,0.0033096383285611975
16796,0.0033096383285611975
16797,0.0033096383285611975
16798,0.0033096383285611975
16799,0.0033096383285611975
16800,0.0033096383285611975
16801,0.0033096383285611975
16802,0.0033096383285611975
16803,0.0033096383285611975
16804,0.0033096383285611975
16805,0.0033096383285611975
16806,0.0033096383285611975
16807,0.0033096383285611975
16808,0.0033096383285611975
16809,0.0033096383285611975
16810,0.0033096383285611975
16811,0.0033096383285611975
16812,0.0033096383285611975
16813,0.0033096383285611975
16814,0.0033096383285611975
16815,0.0033096383285611975
16816,0.0033096383285611975
16817,0.0033096383285611975
16818,0.0033096383285611975
16819,0.0033096383285611975
16820,0.0033096383285611975
16821,0.0033096383285611975
16822,0.0033096383285611975
16823,0.0033096383285611975
16824,0.0033096383285611975
16825,0.0033096383285611975
16826,0.0033096383285611975
16827,0.0033096383285611975
16828,0.0033096383285611975
16829,0.0033096383285611975
16830,0.0033096383285611975
16831,0.0033096383285611975
16832,0.0033096383285611975
16833,0.0033096383285611975
16834,0.0033096383285611975
16835,0.0033096383285611975
16836,0.0033096383285611975
16837,0.0033096383285611975
16838,0.0033096383285611975
16839,0.0033096383285611975
16840,0.0033096383285611975
16841,0.0033096383285611975
16842,0.0033096383285611975
16843,0.0033096383285611975
16844,0.0033096383285611975
16845,0.0033096383285611975
16846,0.0033096383285611975
16847,0.0033096383285611975
16848,0.0033096383285611975
16849,0.0033096383285611975
16850,0.0033096383285611975
16851,0.0033096383285611975
16852,0.0033096383285611975
16853,0.0033096383285611975
16854,0.0033096383285611975
16855,0.0033096383285611975
16856,0.0033096383285611975
16857,0.0033096383285611975
16858,0.0033096383285611975
16859,0.0033096383285611975
16860,0.0033096383285611975
16861,0.0033096383285611975
16862,0.0033096383285611975
16863,0.0033096383285611975
16864,0.0033096383285611975
16865,0.0033096383285611975
16866,0.0033096383285611975
16867,0.0033096383285611975
16868,0.0033096383285611975
16869,0.0033096383285611975
16870,0.0033096383285611975
16871,0.0033096383285611975
16872,0.0033096383285611975
16873,0.0033096383285611975
16874,0.0033096383285611975
16875,0.0033096383285611975
16876,0.0033096383285611975
16877,0.0033096383285611975
16878,0.0033096383285611975
16879,0.0033096383285611975
16880,0.0033096383285611975
16881,0.0033096383285611975
16882,0.0033096383285611975
16883,0.0033096383285611975
16884,0.0033096383285611975
16885,0.0033096383285611975
16886,0.0033096383285611975
16887,0.0033096383285611975
16888,0.0033096383285611975
16889,0.0033096383285611975
16890,0.0033096383285611975
16891,0.0033096383285611975
16892,0.0033096383285611975
16893,0.0033096383285611975
16894,0.0033096383285611975
16895,0.0033096383285611975
16896,0.0033096383285611975
16897,0.0033096383285611975
16898,0.0033096383285611975
16899,0.0033096383285611975
16900,0.0033096383285611975
16901,0.0033096383285611975
16902,0.0033096383285611975
16903,0.0033096383285611975
16904,0.0033096383285611975
16905,0.0033096383285611975
16906,0.0033096383285611975
16907,0.0033096383285611975
16908,0.0033096383285611975
16909,0.0033096383285611975
16910,0.0033096383285611975
16911,0.0033096383285611975
16912,0.0033096383285611975
16913,0.0033096383285611975
16914,0.0033096383285611975
16915,0.0033096383285611975
16916,0.0033096383285611975
16917,0.0033096383285611975
16918,0.0033096383285611975
16919,0.0033096383285611975
16920,0.0033096383285611975
16921,0.0033096383285611975
16922,0.0033096383285611975
16923,0.0033096383285611975
16924,0.0033096383285611975
16925,0.0033096383285611975
16926,0.0033096383285611975
16927,0.0033096383285611975
16928,0.0033096383285611975
16929,0.0033096383285611975
16930,0.0033096383285611975
16931,0.0033096383285611975
16932,0.0033096383285611975
16933,0.0033096383285611975
16934,0.0033096383285611975
16935,0.0033096383285611975
16936,0.0033096383285611975
16937,0.0033096383285611975
16938,0.0033096383285611975
16939,0.0033096383285611975
16940,0.0033096383285611975
16941,0.0033096383285611975
16942,0.0033096383285611975
16943,0.0033096383285611975
16944,0.0033096383285611975
16945,0.0033096383285611975
16946,0.0033096383285611975
16947,0.0033096383285611975
16948,0.0033096383285611975
16949,0.0033096383285611975
16950,0.0033096383285611975
16951,0.0033096383285611975
16952,0.0033096383285611975
16953,0.0033096383285611975
16954,0.0033096383285611975
16955,0.0033096383285611975
16956,0.0033096383285611975
16957,0.0033096383285611975
16958,0.0033096383285611975
16959,0.0033096383285611975
16960,0.0033096383285611975
16961,0.0033096383285611975
16962,0.0033096383285611975
16963,0.0033096383285611975
16964,0.0033096383285611975
16965,0.0033096383285611975
16966,0.0033096383285611975
16967,0.0033096383285611975
16968,0.0033096383285611975
16969,0.0033096383285611975
16970,0.0033096383285611975
16971,0.0033096383285611975
16972,0.0033096383285611975
16973,0.0033096383285611975
16974,0.0033096383285611975
16975,0.0033096383285611975
16976,0.0033096383285611975
16977,0.0033096383285611975
16978,0.0033096383285611975
16979,0.0033096383285611975
16980,0.0033096383285611975
16981,0.0033096383285611975
16982,0.0033096383285611975
16983,0.0033096383285611975
16984,0.0033096383285611975
16985,0.0033096383285611975
16986,0.0033096383285611975
16987,0.0033096383285611975
16988,0.0033096383285611975
16989,0.0033096383285611975
16990,0.0033096383285611975
16991,0.0033096383285611975
16992,0.0033096383285611975
16993,0.0033096383285611975
16994,0.0033096383285611975
16995,0.0033096383285611975
16996,0.0033096383285611975
16997,0.0033096383285611975
16998,0.0033096383285611975
16999,0.0033096383285611975
17000,0.0033096383285611975
17001,0.0033096383285611975
17002,0.0033096383285611975
17003,0.0033096383285611975
17004,0.0033096383285611975
17005,0.0033096383285611975
17006,0.0033096383285611975
17007,0.0033096383285611975
17008,0.0033096383285611975
17009,0.0033096383285611975
17010,0.0033096383285611975
17011,0.0033096383285611975
17012,0.0033096383285611975
17013,0.0033096383285611975
17014,0.0033096383285611975
17015,0.0033096383285611975
17016,0.0033096383285611975
17017,0.0033096383285611975
17018,0.0033096383285611975
17019,0.0033096383285611975
17020,0.0033096383285611975
17021,0.0033096383285611975
17022,0.0033096383285611975
17023,0.0033096383285611975
17024,0.0033096383285611975
17025,0.0033096383285611975
17026,0.0033096383285611975
17027,0.0033096383285611975
17028,0.0033096383285611975
17029,0.0033096383285611975
17030,0.0033096383285611975
17031,0.0033096383285611975
17032,0.0033096383285611975
17033,0.0033096383285611975
17034,0.0033096383285611975
17035,0.0033096383285611975
17036,0.0033096383285611975
17037,0.0033096383285611975
17038,0.0033096383285611975
17039,0.0033096383285611975
17040,0.0033096383285611975
17041,0.0033096383285611975
17042,0.0033096383285611975
17043,0.0033096383285611975
17044,0.0033096383285611975
17045,0.0033096383285611975
17046,0.0033096383285611975
17047,0.0033096383285611975
17048,0.0033096383285611975
17049,0.0033096383285611975
17050,0.0033096383285611975
17051,0.0033096383285611975
17052,0.0033096383285611975
17053,0.0033096383285611975
17054,0.0033096383285611975
17055,0.0033096383285611975
17056,0.0033096383285611975
17057,0.0033096383285611975
17058,0.0033096383285611975
17059,0.0033096383285611975
17060,0.0033096383285611975
17061,0.0033096383285611975
17062,0.0033096383285611975
17063,0.0033096383285611975
17064,0.0033096383285611975
17065,0.0033096383285611975
17066,0.0033096383285611975
17067,0.0033096383285611975
17068,0.0033096383285611975
17069,0.0033096383285611975
17070,0.0033096383285611975
17071,0.0033096383285611975
17072,0.0033096383285611975
17073,0.0033096383285611975
17074,0.0033096383285611975
17075,0.0033096383285611975
17076,0.0033096383285611975
17077,0.0033096383285611975
17078,0.0033096383285611975
17079,0.0033096383285611975
17080,0.0033096383285611975
17081,0.0033096383285611975
17082,0.0033096383285611975
17083,0.0033096383285611975
17084,0.0033096383285611975
17085,0.0033096383285611975
17086,0.0033096383285611975
17087,0.0033096383285611975
17088,0.0033096383285611975
17089,0.0033096383285611975
17090,0.0033096383285611975
17091,0.0033096383285611975
17092,0.0033096383285611975
17093,0.0033096383285611975
17094,0.0033096383285611975
17095,0.0033096383285611975
17096,0.0033096383285611975
17097,0.0033096383285611975
17098,0.0033096383285611975
17099,0.0033096383285611975
17100,0.0033096383285611975
17101,0.0033096383285611975
17102,0.0033096383285611975
17103,0.0033096383285611975
17104,0.0033096383285611975
17105,0.0033096383285611975
17106,0.0033096383285611975
17107,0.0033096383285611975
17108,0.0033096383285611975
17109,0.0033096383285611975
17110,0.0033096383285611975
17111,0.0033096383285611975
17112,0.0033096383285611975
17113,0.0033096383285611975
17114,0.0033096383285611975
17115,0.0033096383285611975
17116,0.0033096383285611975
17117,0.0033096383285611975
17118,0.0033096383285611975
17119,0.0033096383285611975
17120,0.0033096383285611975
17121,0.0033096383285611975
17122,0.0033096383285611975
17123,0.0033096383285611975
17124,0.0033096383285611975
17125,0.0033096383285611975
17126,0.0033096383285611975
17127,0.0033096383285611975
17128,0.0033096383285611975
17129,0.0033096383285611975
17130,0.0033096383285611975
17131,0.0033096383285611975
17132,0.0033096383285611975
17133,0.0033096383285611975
17134,0.0033096383285611975
17135,0.0033096383285611975
17136,0.0033096383285611975
17137,0.0033096383285611975
17138,0.0033096383285611975
17139,0.0033096383285611975
17140,0.0033096383285611975
17141,0.0033096383285611975
17142,0.0033096383285611975
17143,0.0033096383285611975
17144,0.0033096383285611975
17145,0.0033096383285611975
17146,0.0033096383285611975
17147,0.0033096383285611975
17148,0.0033096383285611975
17149,0.0033096383285611975
17150,0.0033096383285611975
17151,0.0033096383285611975
17152,0.0033096383285611975
17153,0.0033096383285611975
17154,0.0033096383285611975
17155,0.0033096383285611975
17156,0.0033096383285611975
17157,0.0033096383285611975
17158,0.0033096383285611975
17159,0.0033096383285611975
17160,0.0033096383285611975
17161,0.0033096383285611975
17162,0.0033096383285611975
17163,0.0033096383285611975
17164,0.0033096383285611975
17165,0.0033096383285611975
17166,0.0033096383285611975
17167,0.0033096383285611975
17168,0.0033096383285611975
17169,0.0033096383285611975
17170,0.0033096383285611975
17171,0.0033096383285611975
17172,0.0033096383285611975
17173,0.0033096383285611975
17174,0.0033096383285611975
17175,0.0033096383285611975
17176,0.0033096383285611975
17177,0.0033096383285611975
17178,0.0033096383285611975
17179,0.0033096383285611975
17180,0.0033096383285611975
17181,0.0033096383285611975
17182,0.0033096383285611975
17183,0.0033096383285611975
17184,0.0033096383285611975
17185,0.0033096383285611975
17186,0.0033096383285611975
17187,0.0033096383285611975
17188,0.0033096383285611975
17189,0.0033096383285611975
17190,0.0033096383285611975
17191,0.0033096383285611975
17192,0.0033096383285611975
17193,0.0033096383285611975
17194,0.0033096383285611975
17195,0.0033096383285611975
17196,0.0033096383285611975
17197,0.0033096383285611975
17198,0.0033096383285611975
17199,0.0033096383285611975
17200,0.0033096383285611975
17201,0.0033096383285611975
17202,0.0033096383285611975
17203,0.0033096383285611975
17204,0.0033096383285611975
17205,0.0033096383285611975
17206,0.0033096383285611975
17207,0.0033096383285611975
17208,0.0033096383285611975
17209,0.0033096383285611975
17210,0.0033096383285611975
17211,0.0033096383285611975
17212,0.0033096383285611975
17213,0.0033096383285611975
17214,0.0033096383285611975
17215,0.0033096383285611975
17216,0.0033096383285611975
17217,0.0033096383285611975
17218,0.0033096383285611975
