sample,best_train_mse
1,0.5486602837283026
2,0.03730360167220902
3,0.00506217771368526
4,0.00506217771368526
5,0.00506217771368526
6,0.00506217771368526
7,0.00506217771368526
8,0.00506217771368526
9,0.00506217771368526
10,0.00506217771368526
11,0.00506217771368526
12,0.00506217771368526
13,0.00506217771368526
14,0.00506217771368526
15,0.00506217771368526
16,0.00506217771368526
17,0.00506217771368526
18,0.00506217771368526
19,0.00506217771368526
20,0.00506217771368526
21,0.00506217771368526
22,0.00506217771368526
23,0.00506217771368526
24,0.00506217771368526
25,0.00506217771368526
26,0.005062014211345699
27,0.005062014211345699
28,0.005062014211345699
29,0.005062014211345699
30,0.005062010181084704
31,0.005062010181084704
32,0.005062010181084704
33,0.005062010181084704
34,0.005062010181084704
35,0.005062010181084704
36,0.005062010181084704
37,0.005062010181084704
38,0.005062010181084704
39,0.005062010181084704
40,0.005062010181084704
41,0.005062010181084704
42,0.005062010181084704
43,0.005062010181084704
44,0.005062010181084704
45,0.005062010181084704
46,0.005062010181084704
47,0.005062010181084704
48,0.005062010181084704
49,0.005062010181084704
50,0.005062010181084704
51,0.005062010181084704
52,0.005062010181084704
53,0.005062010181084704
54,0.005062010181084704
55,0.005062010181084704
56,0.005062010181084704
57,0.005062010181084704
58,0.005062010181084704
59,0.005062010181084704
60,0.005062010181084704
61,0.005062010181084704
62,0.005062010181084704
63,0.005062010181084704
64,0.005062010181084704
65,0.00466481407985517
66,0.00466481407985517
67,0.00466481407985517
68,0.00466481407985517
69,0.00466481407985517
70,0.00466481407985517
71,0.00466481407985517
72,0.00466481407985517
73,0.00466481407985517
74,0.00466481407985517
75,0.00466481407985517
76,0.00466481407985517
77,0.004488227022950828
78,0.004488227022950828
79,0.004488227022950828
80,0.004488227022950828
81,0.004488227022950828
82,0.004488227022950828
83,0.004488227022950828
84,0.004488227022950828
85,0.004488227022950828
86,0.004488227022950828
87,0.004488227022950828
88,0.004488227022950828
89,0.004488227022950828
90,0.004488227022950828
91,0.004488227022950828
92,0.004488227022950828
93,0.004488227022950828
94,0.004488227022950828
95,0.004488227022950828
96,0.004233033300662787
97,0.004233033300662787
98,0.004233033300662787
99,0.004233033300662787
100,0.004233033300662787
101,0.004233033300662787
102,0.004233033300662787
103,0.004233033300662787
104,0.004233033300662787
105,0.004233033300662787
106,0.004233033300662787
107,0.004233033300662787
108,0.004233033300662787
109,0.004233033300662787
110,0.004233033300662787
111,0.004233033300662787
112,0.004233033300662787
113,0.004233033300662787
114,0.004233033300662787
115,0.004233033300662787
116,0.004233033300662787
117,0.004233033300662787
118,0.004233033300662787
119,0.004233033300662787
120,0.004233033300662787
121,0.004233033300662787
122,0.004233033300662787
123,0.004233033300662787
124,0.004233033300662787
125,0.004233033300662787
126,0.004233033300662787
127,0.004233033300662787
128,0.004233033300662787
129,0.004233033300662787
130,0.004233033300662787
131,0.004233033300662787
132,0.004233033300662787
133,0.004233033300662787
134,0.004233033300662787
135,0.004233033300662787
136,0.004233033300662787
137,0.004233033300662787
138,0.004233033300662787
139,0.004233033300662787
140,0.004233033300662787
141,0.004233033300662787
142,0.004233033300662787
143,0.004233033300662787
144,0.004233033300662787
145,0.004233033300662787
146,0.004233033300662787
147,0.004233033300662787
148,0.004233033300662787
149,0.004233033300662787
150,0.004233033300662787
151,0.004233033300662787
152,0.004233033300662787
153,0.004233033300662787
154,0.004233033300662787
155,0.004233033300662787
156,0.004233033300662787
157,0.004233033300662787
158,0.004233033300662787
159,0.004233033300662787
160,0.004233033300662787
161,0.004233033300662787
162,0.004233033300662787
163,0.004233033300662787
164,0.004233033300662787
165,0.004233033300662787
166,0.004233033300662787
167,0.004233033300662787
168,0.004233033300662787
169,0.004233033300662787
170,0.004233033300662787
171,0.004233033300662787
172,0.004233033300662787
173,0.004233033300662787
174,0.004233033300662787
175,0.004233033300662787
176,0.004233033300662787
177,0.004233033300662787
178,0.004233033300662787
179,0.004233033300662787
180,0.004233033300662787
181,0.004233033300662787
182,0.004233033300662787
183,0.004233033300662787
184,0.004233033300662787
185,0.004233033300662787
186,0.004233033300662787
187,0.004233033300662787
188,0.004233033300662787
189,0.004233033300662787
190,0.004233033300662787
191,0.004233033300662787
192,0.004233033300662787
193,0.004233033300662787
194,0.004233033300662787
195,0.004233033300662787
196,0.004233033300662787
197,0.004233033300662787
198,0.004233033300662787
199,0.004233033300662787
200,0.004233033300662787
201,0.004233033300662787
202,0.004233033300662787
203,0.004233033300662787
204,0.004233033300662787
205,0.004233033300662787
206,0.004233033300662787
207,0.004233033300662787
208,0.004233033300662787
209,0.004233033300662787
210,0.004233033300662787
211,0.004233033300662787
212,0.004233033300662787
213,0.004233033300662787
214,0.004233033300662787
215,0.004233033300662787
216,0.004233033300662787
217,0.004233033300662787
218,0.004233033300662787
219,0.004233033300662787
220,0.004233033300662787
221,0.004233033300662787
222,0.004233033300662787
223,0.004233033300662787
224,0.004233033300662787
225,0.004233033300662787
226,0.004233033300662787
227,0.004233033300662787
228,0.004233033300662787
229,0.004233033300662787
230,0.004233033300662787
231,0.004233033300662787
232,0.004233033300662787
233,0.004233033300662787
234,0.004233033300662787
235,0.004233033300662787
236,0.004233033300662787
237,0.004233033300662787
238,0.004233033300662787
239,0.004233033300662787
240,0.004233033300662787
241,0.004233033300662787
242,0.004233033300662787
243,0.004233033300662787
244,0.004233033300662787
245,0.004233033300662787
246,0.004233033300662787
247,0.004233033300662787
248,0.004233033300662787
249,0.004233033300662787
250,0.004233033300662787
251,0.004233033300662787
252,0.004233033300662787
253,0.004233033300662787
254,0.004233033300662787
255,0.004233033300662787
256,0.004233033300662787
257,0.004233033300662787
258,0.004233033300662787
259,0.004233033300662787
260,0.004233033300662787
261,0.004233033300662787
262,0.004233033300662787
263,0.004233033300662787
264,0.004233033300662787
265,0.004233033300662787
266,0.004233033300662787
267,0.004233033300662787
268,0.004233033300662787
269,0.004233033300662787
270,0.004233033300662787
271,0.004233033300662787
272,0.004233033300662787
273,0.004233033300662787
274,0.004233033300662787
275,0.004233033300662787
276,0.004233033300662787
277,0.004233033300662787
278,0.004233033300662787
279,0.004233033300662787
280,0.004233033300662787
281,0.004233033300662787
282,0.004233033300662787
283,0.004233033300662787
284,0.004233033300662787
285,0.004233033300662787
286,0.004233033300662787
287,0.004233033300662787
288,0.004233033300662787
289,0.004233033300662787
290,0.004233033300662787
291,0.004233033300662787
292,0.004233033300662787
293,0.004233033300662787
294,0.004233033300662787
295,0.004233033300662787
296,0.004233033300662787
297,0.004233033300662787
298,0.004233033300662787
299,0.004233033300662787
300,0.004233033300662787
301,0.004233033300662787
302,0.004233033300662787
303,0.004233033300662787
304,0.004233033300662787
305,0.004233033300662787
306,0.004233033300662787
307,0.004233033300662787
308,0.004233033300662787
309,0.004233033300662787
310,0.004233033300662787
311,0.004233033300662787
312,0.004233033300662787
313,0.004233033300662787
314,0.004233033300662787
315,0.004233033300662787
316,0.004233033300662787
317,0.004233033300662787
318,0.004233033300662787
319,0.004233033300662787
320,0.004233033300662787
321,0.004233033300662787
322,0.004233033300662787
323,0.004233033300662787
324,0.004233033300662787
325,0.004233033300662787
326,0.004233033300662787
327,0.004233033300662787
328,0.004233033300662787
329,0.004233033300662787
330,0.004233033300662787
331,0.004233033300662787
332,0.004233033300662787
333,0.004233033300662787
334,0.004233033300662787
335,0.004233033300662787
336,0.004233033300662787
337,0.004233033300662787
338,0.004233033300662787
339,0.004233033300662787
340,0.004233033300662787
341,0.004233033300662787
342,0.004233033300662787
343,0.004233033300662787
344,0.004233033300662787
345,0.004233033300662787
346,0.004233033300662787
347,0.004233033300662787
348,0.004233033300662787
349,0.004233033300662787
350,0.004233033300662787
351,0.004233033300662787
352,0.004233033300662787
353,0.004233033300662787
354,0.004233033300662787
355,0.004233033300662787
356,0.004233033300662787
357,0.004233033300662787
358,0.004233033300662787
359,0.004233033300662787
360,0.004233033300662787
361,0.004233033300662787
362,0.004233033300662787
363,0.004233033300662787
364,0.004233033300662787
365,0.004233033300662787
366,0.004233033300662787
367,0.004233033300662787
368,0.004233033300662787
369,0.004233033300662787
370,0.004233033300662787
371,0.004233033300662787
372,0.004233033300662787
373,0.004233033300662787
374,0.004233033300662787
375,0.004233033300662787
376,0.004233033300662787
377,0.004233033300662787
378,0.004233033300662787
379,0.004233033300662787
380,0.004233033300662787
381,0.004233033300662787
382,0.004233033300662787
383,0.004233033300662787
384,0.004233033300662787
385,0.004233033300662787
386,0.004233033300662787
387,0.004233033300662787
388,0.004233033300662787
389,0.004233033300662787
390,0.004233033300662787
391,0.004233033300662787
392,0.004233033300662787
393,0.004233033300662787
394,0.004233033300662787
395,0.004233033300662787
396,0.004233033300662787
397,0.004233033300662787
398,0.004233033300662787
399,0.004233033300662787
400,0.004233033300662787
401,0.004233033300662787
402,0.004233033300662787
403,0.004233033300662787
404,0.004233033300662787
405,0.004233033300662787
406,0.004233033300662787
407,0.004233033300662787
408,0.004233033300662787
409,0.004233033300662787
410,0.004233033300662787
411,0.004233033300662787
412,0.004233033300662787
413,0.004233033300662787
414,0.004233033300662787
415,0.004233033300662787
416,0.004233033300662787
417,0.004233033300662787
418,0.004233033300662787
419,0.004233033300662787
420,0.004233033300662787
421,0.004233033300662787
422,0.004233033300662787
423,0.004233033300662787
424,0.004233033300662787
425,0.004233033300662787
426,0.004233033300662787
427,0.004233033300662787
428,0.004233033300662787
429,0.004233033300662787
430,0.004233033300662787
431,0.004233033300662787
432,0.004233033300662787
433,0.004233033300662787
434,0.004233033300662787
435,0.004233033300662787
436,0.004233033300662787
437,0.004233033300662787
438,0.004233033300662787
439,0.004233033300662787
440,0.004233033300662787
441,0.004233033300662787
442,0.004233033300662787
443,0.004233033300662787
444,0.004233033300662787
445,0.004233033300662787
446,0.004233033300662787
447,0.004233033300662787
448,0.004233033300662787
449,0.004233033300662787
450,0.004233033300662787
451,0.004233033300662787
452,0.004233033300662787
453,0.004233033300662787
454,0.004233033300662787
455,0.004233033300662787
456,0.004233033300662787
457,0.004233033300662787
458,0.004233033300662787
459,0.004233033300662787
460,0.004233033300662787
461,0.004233033300662787
462,0.004233033300662787
463,0.004233033300662787
464,0.004233033300662787
465,0.004233033300662787
466,0.004233033300662787
467,0.004233033300662787
468,0.004233033300662787
469,0.004233033300662787
470,0.004233033300662787
471,0.004233033300662787
472,0.004233033300662787
473,0.004233033300662787
474,0.004233033300662787
475,0.004233033300662787
476,0.004233033300662787
477,0.004233033300662787
478,0.004233033300662787
479,0.004233033300662787
480,0.004233033300662787
481,0.004233033300662787
482,0.004233033300662787
483,0.004233033300662787
484,0.004233033300662787
485,0.004233033300662787
486,0.004233033300662787
487,0.004233033300662787
488,0.004233033300662787
489,0.004233033300662787
490,0.004233033300662787
491,0.004233033300662787
492,0.004233033300662787
493,0.004233033300662787
494,0.004233033300662787
495,0.004233033300662787
496,0.004233033300662787
497,0.004233033300662787
498,0.004233033300662787
499,0.004233033300662787
500,0.004233033300662787
501,0.004233033300662787
502,0.004233033300662787
503,0.004233033300662787
504,0.004233033300662787
505,0.004233033300662787
506,0.004233033300662787
507,0.004233033300662787
508,0.004233033300662787
509,0.004233033300662787
510,0.004233033300662787
511,0.004233033300662787
512,0.004233033300662787
513,0.004233033300662787
514,0.004233033300662787
515,0.004233033300662787
516,0.004233033300662787
517,0.004233033300662787
518,0.004233033300662787
519,0.004233033300662787
520,0.004233033300662787
521,0.004233033300662787
522,0.004233033300662787
523,0.004233033300662787
524,0.004233033300662787
525,0.004233033300662787
526,0.004233033300662787
527,0.004233033300662787
528,0.004233033300662787
529,0.004233033300662787
530,0.004233033300662787
531,0.004233033300662787
532,0.004233033300662787
533,0.004233033300662787
534,0.004233033300662787
535,0.004233033300662787
536,0.004233033300662787
537,0.004233033300662787
538,0.004233033300662787
539,0.004233033300662787
540,0.004233033300662787
541,0.004233033300662787
542,0.004233033300662787
543,0.004233033300662787
544,0.004233033300662787
545,0.004233033300662787
546,0.004233033300662787
547,0.004233033300662787
548,0.004233033300662787
549,0.004233033300662787
550,0.004233033300662787
551,0.004233033300662787
552,0.004233033300662787
553,0.004233033300662787
554,0.004233033300662787
555,0.004233033300662787
556,0.004233033300662787
557,0.004233033300662787
558,0.004233033300662787
559,0.004233033300662787
560,0.004233033300662787
561,0.004233033300662787
562,0.004233033300662787
563,0.004233033300662787
564,0.004233033300662787
565,0.004233033300662787
566,0.004233033300662787
567,0.004233033300662787
568,0.004233033300662787
569,0.004233033300662787
570,0.004233033300662787
571,0.004233033300662787
572,0.004233033300662787
573,0.004233033300662787
574,0.004233033300662787
575,0.004233033300662787
576,0.004233033300662787
577,0.004233033300662787
578,0.004233033300662787
579,0.004233033300662787
580,0.004233033300662787
581,0.004233033300662787
582,0.004233033300662787
583,0.004233033300662787
584,0.004233033300662787
585,0.004233033300662787
586,0.004233033300662787
587,0.004233033300662787
588,0.004233033300662787
589,0.004233033300662787
590,0.004233033300662787
591,0.004233033300662787
592,0.004233033300662787
593,0.004233033300662787
594,0.004233033300662787
595,0.004233033300662787
596,0.004233033300662787
597,0.004233033300662787
598,0.004233033300662787
599,0.004233033300662787
600,0.004233033300662787
601,0.004233033300662787
602,0.004233033300662787
603,0.004233033300662787
604,0.004233033300662787
605,0.004233033300662787
606,0.004233033300662787
607,0.004233033300662787
608,0.004233033300662787
609,0.004233033300662787
610,0.004233033300662787
611,0.004233033300662787
612,0.004233033300662787
613,0.004233033300662787
614,0.004233033300662787
615,0.004233033300662787
616,0.004233033300662787
617,0.004233033300662787
618,0.004233033300662787
619,0.004233033300662787
620,0.004233033300662787
621,0.004233033300662787
622,0.004233033300662787
623,0.004233033300662787
624,0.004233033300662787
625,0.004233033300662787
626,0.004233033300662787
627,0.004233033300662787
628,0.004233033300662787
629,0.004233033300662787
630,0.004233033300662787
631,0.004233033300662787
632,0.004233033300662787
633,0.004233033300662787
634,0.004233033300662787
635,0.004233033300662787
636,0.004233033300662787
637,0.004233033300662787
638,0.004233033300662787
639,0.004233033300662787
640,0.004233033300662787
641,0.004233033300662787
642,0.004233033300662787
643,0.004233033300662787
644,0.004233033300662787
645,0.004233033300662787
646,0.004233033300662787
647,0.004233033300662787
648,0.004233033300662787
649,0.004233033300662787
650,0.004233033300662787
651,0.004233033300662787
652,0.004233033300662787
653,0.004233033300662787
654,0.004233033300662787
655,0.004233033300662787
656,0.004233033300662787
657,0.004233033300662787
658,0.004233033300662787
659,0.004233033300662787
660,0.004233033300662787
661,0.004233033300662787
662,0.004233033300662787
663,0.004233033300662787
664,0.004233033300662787
665,0.004233033300662787
666,0.004233033300662787
667,0.004233033300662787
668,0.004233033300662787
669,0.004233033300662787
670,0.004233033300662787
671,0.004233033300662787
672,0.004233033300662787
673,0.004233033300662787
674,0.004233033300662787
675,0.004233033300662787
676,0.004233033300662787
677,0.004233033300662787
678,0.004233033300662787
679,0.004233033300662787
680,0.004233033300662787
681,0.004233033300662787
682,0.004233033300662787
683,0.004233033300662787
684,0.004233033300662787
685,0.004233033300662787
686,0.004233033300662787
687,0.004233033300662787
688,0.004233033300662787
689,0.004233033300662787
690,0.004233033300662787
691,0.004233033300662787
692,0.004233033300662787
693,0.004233033300662787
694,0.004233033300662787
695,0.004233033300662787
696,0.004233033300662787
697,0.004233033300662787
698,0.004233033300662787
699,0.004233033300662787
700,0.004233033300662787
701,0.004233033300662787
702,0.004233033300662787
703,0.004233033300662787
704,0.004233033300662787
705,0.004233033300662787
706,0.004233033300662787
707,0.004233033300662787
708,0.004233033300662787
709,0.004233033300662787
710,0.004233033300662787
711,0.004233033300662787
712,0.004233033300662787
713,0.004233033300662787
714,0.004233033300662787
715,0.004233033300662787
716,0.004233033300662787
717,0.004233033300662787
718,0.004233033300662787
719,0.004233033300662787
720,0.004233033300662787
721,0.004233033300662787
722,0.004233033300662787
723,0.004233033300662787
724,0.004233033300662787
725,0.004233033300662787
726,0.004233033300662787
727,0.004233033300662787
728,0.004233033300662787
729,0.004233033300662787
730,0.004233033300662787
731,0.004233033300662787
732,0.004233033300662787
733,0.004233033300662787
734,0.004233033300662787
735,0.004233033300662787
736,0.004233033300662787
737,0.004233033300662787
738,0.004233033300662787
739,0.004233033300662787
740,0.004233033300662787
741,0.004233033300662787
742,0.004233033300662787
743,0.004233033300662787
744,0.004233033300662787
745,0.004233033300662787
746,0.004233033300662787
747,0.004233033300662787
748,0.004233033300662787
749,0.004233033300662787
750,0.004233033300662787
751,0.004233033300662787
752,0.004233033300662787
753,0.004233033300662787
754,0.004233033300662787
755,0.004233033300662787
756,0.004233033300662787
757,0.004233033300662787
758,0.004233033300662787
759,0.004233033300662787
760,0.004233033300662787
761,0.004233033300662787
762,0.004233033300662787
763,0.004233033300662787
764,0.004233033300662787
765,0.004233033300662787
766,0.004233033300662787
767,0.004233033300662787
768,0.004233033300662787
769,0.004233033300662787
770,0.004233033300662787
771,0.004233033300662787
772,0.004233033300662787
773,0.004233033300662787
774,0.004233033300662787
775,0.004233033300662787
776,0.004233033300662787
777,0.004233033300662787
778,0.004233033300662787
779,0.004233033300662787
780,0.004233033300662787
781,0.004233033300662787
782,0.004233033300662787
783,0.004233033300662787
784,0.004233033300662787
785,0.004233033300662787
786,0.004233033300662787
787,0.004233033300662787
788,0.004233033300662787
789,0.004233033300662787
790,0.004233033300662787
791,0.004233033300662787
792,0.004233033300662787
793,0.004233033300662787
794,0.004233033300662787
795,0.004233033300662787
796,0.004233033300662787
797,0.004233033300662787
798,0.004233033300662787
799,0.004233033300662787
800,0.004233033300662787
801,0.004233033300662787
802,0.004233033300662787
803,0.004233033300662787
804,0.004233033300662787
805,0.004233033300662787
806,0.004233033300662787
807,0.004233033300662787
808,0.004233033300662787
809,0.004233033300662787
810,0.004233033300662787
811,0.004233033300662787
812,0.004233033300662787
813,0.004233033300662787
814,0.004233033300662787
815,0.004233033300662787
816,0.004233033300662787
817,0.004233033300662787
818,0.004233033300662787
819,0.004233033300662787
820,0.004233033300662787
821,0.004233033300662787
822,0.004233033300662787
823,0.004233033300662787
824,0.004233033300662787
825,0.004233033300662787
826,0.004233033300662787
827,0.004233033300662787
828,0.004233033300662787
829,0.004233033300662787
830,0.004233033300662787
831,0.004233033300662787
832,0.004233033300662787
833,0.004233033300662787
834,0.004233033300662787
835,0.004233033300662787
836,0.004233033300662787
837,0.004233033300662787
838,0.004233033300662787
839,0.004233033300662787
840,0.004233033300662787
841,0.004233033300662787
842,0.004233033300662787
843,0.004233033300662787
844,0.004233033300662787
845,0.004233033300662787
846,0.004233033300662787
847,0.004233033300662787
848,0.004233033300662787
849,0.004233033300662787
850,0.004233033300662787
851,0.004233033300662787
852,0.004233033300662787
853,0.004233033300662787
854,0.004233033300662787
855,0.004233033300662787
856,0.004233033300662787
857,0.004233033300662787
858,0.004233033300662787
859,0.004233033300662787
860,0.004233033300662787
861,0.004233033300662787
862,0.004233033300662787
863,0.004233033300662787
864,0.004233033300662787
865,0.004233033300662787
866,0.004233033300662787
867,0.004233033300662787
868,0.004233033300662787
869,0.004233033300662787
870,0.004233033300662787
871,0.004233033300662787
872,0.004233033300662787
873,0.004233033300662787
874,0.004233033300662787
875,0.004233033300662787
876,0.004233033300662787
877,0.004233033300662787
878,0.004233033300662787
879,0.004233033300662787
880,0.004233033300662787
881,0.004233033300662787
882,0.004233033300662787
883,0.004233033300662787
884,0.004233033300662787
885,0.004233033300662787
886,0.004233033300662787
887,0.004233033300662787
888,0.004233033300662787
889,0.004233033300662787
890,0.004233033300662787
891,0.004233033300662787
892,0.004233033300662787
893,0.004233033300662787
894,0.004233033300662787
895,0.004233033300662787
896,0.004233033300662787
897,0.004233033300662787
898,0.004233033300662787
899,0.004233033300662787
900,0.004233033300662787
901,0.004233033300662787
902,0.004233033300662787
903,0.004233033300662787
904,0.004233033300662787
905,0.004233033300662787
906,0.004233033300662787
907,0.004233033300662787
908,0.004233033300662787
909,0.004233033300662787
910,0.004233033300662787
911,0.004233033300662787
912,0.004233033300662787
913,0.004233033300662787
914,0.004233033300662787
915,0.004233033300662787
916,0.004233033300662787
917,0.004233033300662787
918,0.004233033300662787
919,0.004233033300662787
920,0.004233033300662787
921,0.004233033300662787
922,0.004233033300662787
923,0.004233033300662787
924,0.004233033300662787
925,0.004233033300662787
926,0.004233033300662787
927,0.004233033300662787
928,0.004233033300662787
929,0.004233033300662787
930,0.004233033300662787
931,0.004233033300662787
932,0.004233033300662787
933,0.004233033300662787
934,0.004233033300662787
935,0.004233033300662787
936,0.004233033300662787
937,0.004233033300662787
938,0.004233033300662787
939,0.004233033300662787
940,0.004233033300662787
941,0.004233033300662787
942,0.004233033300662787
943,0.004233033300662787
944,0.004233033300662787
945,0.004233033300662787
946,0.004233033300662787
947,0.004233033300662787
948,0.004233033300662787
949,0.004233033300662787
950,0.004233033300662787
951,0.004233033300662787
952,0.004233033300662787
953,0.004233033300662787
954,0.004233033300662787
955,0.004233033300662787
956,0.004233033300662787
957,0.004233033300662787
958,0.004233033300662787
959,0.004233033300662787
960,0.004233033300662787
961,0.004233033300662787
962,0.004233033300662787
963,0.004233033300662787
964,0.004233033300662787
965,0.004233033300662787
966,0.004233033300662787
967,0.004233033300662787
968,0.004233033300662787
969,0.004233033300662787
970,0.004233033300662787
971,0.004233033300662787
972,0.004233033300662787
973,0.004233033300662787
974,0.004233033300662787
975,0.004233033300662787
976,0.004233033300662787
977,0.004233033300662787
978,0.004233033300662787
979,0.004233033300662787
980,0.004233033300662787
981,0.004233033300662787
982,0.004233033300662787
983,0.004233033300662787
984,0.004233033300662787
985,0.004233033300662787
986,0.004233033300662787
987,0.004233033300662787
988,0.004233033300662787
989,0.004233033300662787
990,0.004233033300662787
991,0.004233033300662787
992,0.004233033300662787
993,0.004233033300662787
994,0.004233033300662787
995,0.004233033300662787
996,0.004233033300662787
997,0.004233033300662787
998,0.004233033300662787
999,0.004233033300662787
1000,0.004233033300662787
1001,0.004233033300662787
1002,0.004233033300662787
1003,0.004233033300662787
1004,0.004233033300662787
1005,0.004233033300662787
1006,0.004233033300662787
1007,0.004233033300662787
1008,0.004233033300662787
1009,0.004233033300662787
1010,0.004233033300662787
1011,0.004233033300662787
1012,0.004233033300662787
1013,0.004233033300662787
1014,0.004233033300662787
1015,0.004233033300662787
1016,0.004233033300662787
1017,0.004233033300662787
1018,0.004233033300662787
1019,0.004233033300662787
1020,0.004233033300662787
1021,0.004233033300662787
1022,0.004233033300662787
1023,0.004233033300662787
1024,0.004233033300662787
1025,0.004233033300662787
1026,0.004233033300662787
1027,0.004233033300662787
1028,0.004233033300662787
1029,0.004233033300662787
1030,0.004233033300662787
1031,0.004233033300662787
1032,0.004233033300662787
1033,0.004233033300662787
1034,0.004233033300662787
1035,0.004233033300662787
1036,0.004233033300662787
1037,0.004233033300662787
1038,0.004233033300662787
1039,0.004233033300662787
1040,0.004233033300662787
1041,0.004233033300662787
1042,0.004233033300662787
1043,0.004233033300662787
1044,0.004233033300662787
1045,0.004233033300662787
1046,0.004233033300662787
1047,0.004233033300662787
1048,0.004233033300662787
1049,0.004233033300662787
1050,0.004233033300662787
1051,0.004233033300662787
1052,0.004233033300662787
1053,0.004233033300662787
1054,0.004233033300662787
1055,0.004233033300662787
1056,0.004233033300662787
1057,0.004233033300662787
1058,0.004233033300662787
1059,0.004233033300662787
1060,0.004233033300662787
1061,0.004233033300662787
1062,0.004233033300662787
1063,0.004233033300662787
1064,0.004233033300662787
1065,0.004233033300662787
1066,0.004233033300662787
1067,0.004233033300662787
1068,0.004233033300662787
1069,0.004233033300662787
1070,0.004233033300662787
1071,0.004233033300662787
1072,0.004233033300662787
1073,0.004233033300662787
1074,0.004233033300662787
1075,0.004233033300662787
1076,0.004233033300662787
1077,0.004233033300662787
1078,0.004233033300662787
1079,0.004233033300662787
1080,0.004233033300662787
1081,0.004233033300662787
1082,0.004233033300662787
1083,0.004233033300662787
1084,0.004233033300662787
1085,0.004233033300662787
1086,0.004233033300662787
1087,0.004233033300662787
1088,0.004233033300662787
1089,0.004233033300662787
1090,0.004233033300662787
1091,0.004233033300662787
1092,0.004233033300662787
1093,0.004233033300662787
1094,0.004233033300662787
1095,0.004233033300662787
1096,0.004233033300662787
1097,0.004233033300662787
1098,0.004233033300662787
1099,0.004233033300662787
1100,0.004233033300662787
1101,0.004233033300662787
1102,0.004233033300662787
1103,0.004233033300662787
1104,0.004233033300662787
1105,0.004233033300662787
1106,0.004233033300662787
1107,0.004233033300662787
1108,0.004233033300662787
1109,0.004233033300662787
1110,0.004233033300662787
1111,0.004233033300662787
1112,0.004233033300662787
1113,0.004233033300662787
1114,0.004233033300662787
1115,0.004233033300662787
1116,0.004233033300662787
1117,0.004233033300662787
1118,0.004233033300662787
1119,0.004233033300662787
1120,0.004233033300662787
1121,0.004233033300662787
1122,0.004233033300662787
1123,0.004233033300662787
1124,0.004233033300662787
1125,0.004233033300662787
1126,0.004233033300662787
1127,0.004233033300662787
1128,0.004233033300662787
1129,0.004233033300662787
1130,0.004233033300662787
1131,0.004233033300662787
1132,0.004233033300662787
1133,0.004233033300662787
1134,0.004233033300662787
1135,0.004233033300662787
1136,0.004233033300662787
1137,0.004233033300662787
1138,0.004233033300662787
1139,0.004233033300662787
1140,0.004233033300662787
1141,0.004233033300662787
1142,0.004233033300662787
1143,0.004233033300662787
1144,0.004233033300662787
1145,0.004233033300662787
1146,0.004233033300662787
1147,0.004233033300662787
1148,0.004233033300662787
1149,0.004233033300662787
1150,0.004233033300662787
1151,0.004233033300662787
1152,0.004233033300662787
1153,0.004233033300662787
1154,0.004233033300662787
1155,0.004233033300662787
1156,0.004233033300662787
1157,0.004233033300662787
1158,0.004233033300662787
1159,0.004233033300662787
1160,0.004233033300662787
1161,0.004233033300662787
1162,0.004233033300662787
1163,0.004233033300662787
1164,0.004233033300662787
1165,0.004233033300662787
1166,0.004233033300662787
1167,0.004233033300662787
1168,0.004233033300662787
1169,0.004233033300662787
1170,0.004233033300662787
1171,0.004233033300662787
1172,0.004233033300662787
1173,0.004233033300662787
1174,0.004233033300662787
1175,0.004233033300662787
1176,0.004233033300662787
1177,0.004233033300662787
1178,0.004233033300662787
1179,0.004233033300662787
1180,0.004233033300662787
1181,0.004233033300662787
1182,0.004233033300662787
1183,0.004233033300662787
1184,0.004233033300662787
1185,0.004233033300662787
1186,0.004233033300662787
1187,0.004233033300662787
1188,0.004233033300662787
1189,0.004233033300662787
1190,0.004233033300662787
1191,0.004233033300662787
1192,0.004233033300662787
1193,0.004233033300662787
1194,0.004233033300662787
1195,0.004233033300662787
1196,0.004233033300662787
1197,0.004233033300662787
1198,0.004233033300662787
1199,0.004233033300662787
1200,0.004233033300662787
1201,0.004233033300662787
1202,0.004233033300662787
1203,0.004233033300662787
1204,0.004233033300662787
1205,0.004233033300662787
1206,0.004233033300662787
1207,0.004233033300662787
1208,0.004233033300662787
1209,0.004233033300662787
1210,0.004233033300662787
1211,0.004233033300662787
1212,0.004233033300662787
1213,0.004233033300662787
1214,0.004233033300662787
1215,0.004233033300662787
1216,0.004233033300662787
1217,0.004233033300662787
1218,0.004233033300662787
1219,0.004233033300662787
1220,0.004233033300662787
1221,0.004233033300662787
1222,0.004233033300662787
1223,0.004233033300662787
1224,0.004233033300662787
1225,0.004233033300662787
1226,0.004233033300662787
1227,0.004233033300662787
1228,0.004233033300662787
1229,0.004233033300662787
1230,0.004233033300662787
1231,0.004233033300662787
1232,0.004233033300662787
1233,0.004233033300662787
1234,0.004233033300662787
1235,0.004233033300662787
1236,0.004233033300662787
1237,0.004233033300662787
1238,0.004233033300662787
1239,0.004233033300662787
1240,0.004233033300662787
1241,0.004233033300662787
1242,0.004233033300662787
1243,0.004233033300662787
1244,0.004233033300662787
1245,0.004233033300662787
1246,0.004233033300662787
1247,0.004233033300662787
1248,0.004233033300662787
1249,0.004233033300662787
1250,0.004233033300662787
1251,0.004233033300662787
1252,0.004233033300662787
1253,0.004233033300662787
1254,0.004233033300662787
1255,0.004233033300662787
1256,0.004233033300662787
1257,0.004233033300662787
1258,0.004233033300662787
1259,0.004233033300662787
1260,0.004233033300662787
1261,0.004233033300662787
1262,0.004233033300662787
1263,0.004233033300662787
1264,0.004233033300662787
1265,0.004233033300662787
1266,0.004233033300662787
1267,0.004233033300662787
1268,0.004233033300662787
1269,0.004233033300662787
1270,0.004233033300662787
1271,0.004233033300662787
1272,0.004233033300662787
1273,0.004233033300662787
1274,0.004233033300662787
1275,0.004233033300662787
1276,0.004233033300662787
1277,0.004233033300662787
1278,0.004233033300662787
1279,0.004233033300662787
1280,0.004233033300662787
1281,0.004233033300662787
1282,0.004233033300662787
1283,0.004233033300662787
1284,0.004233033300662787
1285,0.004233033300662787
1286,0.004233033300662787
1287,0.004233033300662787
1288,0.004233033300662787
1289,0.004233033300662787
1290,0.004233033300662787
1291,0.004233033300662787
1292,0.004233033300662787
1293,0.004233033300662787
1294,0.004233033300662787
1295,0.004233033300662787
1296,0.004233033300662787
1297,0.004233033300662787
1298,0.004233033300662787
1299,0.004233033300662787
1300,0.004233033300662787
1301,0.004233033300662787
1302,0.004233033300662787
1303,0.004233033300662787
1304,0.004233033300662787
1305,0.004233033300662787
1306,0.004233033300662787
1307,0.004233033300662787
1308,0.004233033300662787
1309,0.004233033300662787
1310,0.004233033300662787
1311,0.004233033300662787
1312,0.004233033300662787
1313,0.004233033300662787
1314,0.004233033300662787
1315,0.004233033300662787
1316,0.004233033300662787
1317,0.004233033300662787
1318,0.004233033300662787
1319,0.004233033300662787
1320,0.004233033300662787
1321,0.004233033300662787
1322,0.004233033300662787
1323,0.004233033300662787
1324,0.004233033300662787
1325,0.004233033300662787
1326,0.004233033300662787
1327,0.004233033300662787
1328,0.004233033300662787
1329,0.004233033300662787
1330,0.004233033300662787
1331,0.004233033300662787
1332,0.004233033300662787
1333,0.004233033300662787
1334,0.004233033300662787
1335,0.004233033300662787
1336,0.004233033300662787
1337,0.004233033300662787
1338,0.004233033300662787
1339,0.004233033300662787
1340,0.004233033300662787
1341,0.004233033300662787
1342,0.004233033300662787
1343,0.004233033300662787
1344,0.004233033300662787
1345,0.004233033300662787
1346,0.004233033300662787
1347,0.004233033300662787
1348,0.004233033300662787
1349,0.004233033300662787
1350,0.004233033300662787
1351,0.004233033300662787
1352,0.004233033300662787
1353,0.004233033300662787
1354,0.004233033300662787
1355,0.004233033300662787
1356,0.004233033300662787
1357,0.004233033300662787
1358,0.004233033300662787
1359,0.004233033300662787
1360,0.004233033300662787
1361,0.004233033300662787
1362,0.004233033300662787
1363,0.004233033300662787
1364,0.004233033300662787
1365,0.004233033300662787
1366,0.004233033300662787
1367,0.004233033300662787
1368,0.004233033300662787
1369,0.004233033300662787
1370,0.004233033300662787
1371,0.004233033300662787
1372,0.004233033300662787
1373,0.003548484732167334
1374,0.003548484732167334
1375,0.003548484732167334
1376,0.003548484732167334
1377,0.003548484732167334
1378,0.003548484732167334
1379,0.003548484732167334
1380,0.003548484732167334
1381,0.003548484732167334
1382,0.003548484732167334
1383,0.003548484732167334
1384,0.003548484732167334
1385,0.003548484732167334
1386,0.003548484732167334
1387,0.003548484732167334
1388,0.003548484732167334
1389,0.003548484732167334
1390,0.003548484732167334
1391,0.003548484732167334
1392,0.003548484732167334
1393,0.003548484732167334
1394,0.003548484732167334
1395,0.003548484732167334
1396,0.003548484732167334
1397,0.003548484732167334
1398,0.003548484732167334
1399,0.003548484732167334
1400,0.003548484732167334
1401,0.003548484732167334
1402,0.003548484732167334
1403,0.003548484732167334
1404,0.003548484732167334
1405,0.003548484732167334
1406,0.003548484732167334
1407,0.003548484732167334
1408,0.003548484732167334
1409,0.003548484732167334
1410,0.003548484732167334
1411,0.003548484732167334
1412,0.003548484732167334
1413,0.003548484732167334
1414,0.003548484732167334
1415,0.003548484732167334
1416,0.003548484732167334
1417,0.003548484732167334
1418,0.003548484732167334
1419,0.003548484732167334
1420,0.003548484732167334
1421,0.003548484732167334
1422,0.003548484732167334
1423,0.003548484732167334
1424,0.003548484732167334
1425,0.003548484732167334
1426,0.003548484732167334
1427,0.003548484732167334
1428,0.003548484732167334
1429,0.003548484732167334
1430,0.003548484732167334
1431,0.003548484732167334
1432,0.003548484732167334
1433,0.003548484732167334
1434,0.003548484732167334
1435,0.003548484732167334
1436,0.003548484732167334
1437,0.003548484732167334
1438,0.003548484732167334
1439,0.003548484732167334
1440,0.003548484732167334
1441,0.003548484732167334
1442,0.003548484732167334
1443,0.003548484732167334
1444,0.003548484732167334
1445,0.003548484732167334
1446,0.003548484732167334
1447,0.003548484732167334
1448,0.003548484732167334
1449,0.003548484732167334
1450,0.003548484732167334
1451,0.003548484732167334
1452,0.003548484732167334
1453,0.003548484732167334
1454,0.003548484732167334
1455,0.003548484732167334
1456,0.003548484732167334
1457,0.003548484732167334
1458,0.003548484732167334
1459,0.003548484732167334
1460,0.003548484732167334
1461,0.003548484732167334
1462,0.003548484732167334
1463,0.003548484732167334
1464,0.003548484732167334
1465,0.003548484732167334
1466,0.003548484732167334
1467,0.003548484732167334
1468,0.003548484732167334
1469,0.003548484732167334
1470,0.003548484732167334
1471,0.003548484732167334
1472,0.003548484732167334
1473,0.003548484732167334
1474,0.003548484732167334
1475,0.003548484732167334
1476,0.003548484732167334
1477,0.003548484732167334
1478,0.003548484732167334
1479,0.003548484732167334
1480,0.003548484732167334
1481,0.003548484732167334
1482,0.003548484732167334
1483,0.003548484732167334
1484,0.003548484732167334
1485,0.003548484732167334
1486,0.003548484732167334
1487,0.003548484732167334
1488,0.003548484732167334
1489,0.003548484732167334
1490,0.003548484732167334
1491,0.003548484732167334
1492,0.003548484732167334
1493,0.003548484732167334
1494,0.003548484732167334
1495,0.003548484732167334
1496,0.003548484732167334
1497,0.003548484732167334
1498,0.003548484732167334
1499,0.003548484732167334
1500,0.003548484732167334
1501,0.003548484732167334
1502,0.003548484732167334
1503,0.003548484732167334
1504,0.003548484732167334
1505,0.003548484732167334
1506,0.003548484732167334
1507,0.003548484732167334
1508,0.003548484732167334
1509,0.003548484732167334
1510,0.003548484732167334
1511,0.003548484732167334
1512,0.003548484732167334
1513,0.003548484732167334
1514,0.003548484732167334
1515,0.003548484732167334
1516,0.003548484732167334
1517,0.003548484732167334
1518,0.003548484732167334
1519,0.003548484732167334
1520,0.003548484732167334
1521,0.003548484732167334
1522,0.003548484732167334
1523,0.003548484732167334
1524,0.003548484732167334
1525,0.003548484732167334
1526,0.003548484732167334
1527,0.003548484732167334
1528,0.003548484732167334
1529,0.003548484732167334
1530,0.003548484732167334
1531,0.003548484732167334
1532,0.003548484732167334
1533,0.003548484732167334
1534,0.003548484732167334
1535,0.003548484732167334
1536,0.003548484732167334
1537,0.003548484732167334
1538,0.003548484732167334
1539,0.003548484732167334
1540,0.003548484732167334
1541,0.003548484732167334
1542,0.003548484732167334
1543,0.003548484732167334
1544,0.003548484732167334
1545,0.003548484732167334
1546,0.003548484732167334
1547,0.003548484732167334
1548,0.003548484732167334
1549,0.003548484732167334
1550,0.003548484732167334
1551,0.003548484732167334
1552,0.003548484732167334
1553,0.003548484732167334
1554,0.003548484732167334
1555,0.003548484732167334
1556,0.003548484732167334
1557,0.003548484732167334
1558,0.003548484732167334
1559,0.003548484732167334
1560,0.003548484732167334
1561,0.003548484732167334
1562,0.003548484732167334
1563,0.003548484732167334
1564,0.003548484732167334
1565,0.003548484732167334
1566,0.003548484732167334
1567,0.003548484732167334
1568,0.003548484732167334
1569,0.003548484732167334
1570,0.003548484732167334
1571,0.003548484732167334
1572,0.003548484732167334
1573,0.003548484732167334
1574,0.003548484732167334
1575,0.003548484732167334
1576,0.003548484732167334
1577,0.003548484732167334
1578,0.003548484732167334
1579,0.003548484732167334
1580,0.003548484732167334
1581,0.003548484732167334
1582,0.003548484732167334
1583,0.003548484732167334
1584,0.003548484732167334
1585,0.003548484732167334
1586,0.003548484732167334
1587,0.003548484732167334
1588,0.003548484732167334
1589,0.003548484732167334
1590,0.003548484732167334
1591,0.003548484732167334
1592,0.003548484732167334
1593,0.003548484732167334
1594,0.003548484732167334
1595,0.003548484732167334
1596,0.003548484732167334
1597,0.003548484732167334
1598,0.003548484732167334
1599,0.003548484732167334
1600,0.003548484732167334
1601,0.003548484732167334
1602,0.003548484732167334
1603,0.003548484732167334
1604,0.003548484732167334
1605,0.003548484732167334
1606,0.003548484732167334
1607,0.003548484732167334
1608,0.003548484732167334
1609,0.003548484732167334
1610,0.003548484732167334
1611,0.003548484732167334
1612,0.003548484732167334
1613,0.003548484732167334
1614,0.003548484732167334
1615,0.003548484732167334
1616,0.003548484732167334
1617,0.003548484732167334
1618,0.003548484732167334
1619,0.003548484732167334
1620,0.003548484732167334
1621,0.003548484732167334
1622,0.003548484732167334
1623,0.003548484732167334
1624,0.003548484732167334
1625,0.003548484732167334
1626,0.003548484732167334
1627,0.003548484732167334
1628,0.003548484732167334
1629,0.003548484732167334
1630,0.003548484732167334
1631,0.003548484732167334
1632,0.003548484732167334
1633,0.003548484732167334
1634,0.003548484732167334
1635,0.003548484732167334
1636,0.003548484732167334
1637,0.003548484732167334
1638,0.003548484732167334
1639,0.003548484732167334
1640,0.003548484732167334
1641,0.003548484732167334
1642,0.003548484732167334
1643,0.003548484732167334
1644,0.003548484732167334
1645,0.003548484732167334
1646,0.003548484732167334
1647,0.003548484732167334
1648,0.003548484732167334
1649,0.003548484732167334
1650,0.003548484732167334
1651,0.003548484732167334
1652,0.003548484732167334
1653,0.003548484732167334
1654,0.003548484732167334
1655,0.003548484732167334
1656,0.003548484732167334
1657,0.003548484732167334
1658,0.003548484732167334
1659,0.003548484732167334
1660,0.003548484732167334
1661,0.003548484732167334
1662,0.003548484732167334
1663,0.003548484732167334
1664,0.003548484732167334
1665,0.003548484732167334
1666,0.003548484732167334
1667,0.003548484732167334
1668,0.003548484732167334
1669,0.003548484732167334
1670,0.003548484732167334
1671,0.003548484732167334
1672,0.003548484732167334
1673,0.003548484732167334
1674,0.003548484732167334
1675,0.003548484732167334
1676,0.003548484732167334
1677,0.003548484732167334
1678,0.003548484732167334
1679,0.003548484732167334
1680,0.003548484732167334
1681,0.003548484732167334
1682,0.003548484732167334
1683,0.003548484732167334
1684,0.003548484732167334
1685,0.003548484732167334
1686,0.003548484732167334
1687,0.003548484732167334
1688,0.003548484732167334
1689,0.003548484732167334
1690,0.003548484732167334
1691,0.003548484732167334
1692,0.003548484732167334
1693,0.003548484732167334
1694,0.003548484732167334
1695,0.003548484732167334
1696,0.003548484732167334
1697,0.003548484732167334
1698,0.003548484732167334
1699,0.003548484732167334
1700,0.003548484732167334
1701,0.003548484732167334
1702,0.003548484732167334
1703,0.003548484732167334
1704,0.003548484732167334
1705,0.003548484732167334
1706,0.003548484732167334
1707,0.003548484732167334
1708,0.003548484732167334
1709,0.003548484732167334
1710,0.003548484732167334
1711,0.003548484732167334
1712,0.003548484732167334
1713,0.003548484732167334
1714,0.003548484732167334
1715,0.003548484732167334
1716,0.003548484732167334
1717,0.003548484732167334
1718,0.003548484732167334
1719,0.003548484732167334
1720,0.003548484732167334
1721,0.003548484732167334
1722,0.003548484732167334
1723,0.003548484732167334
1724,0.003548484732167334
1725,0.003548484732167334
1726,0.003548484732167334
1727,0.003548484732167334
1728,0.003548484732167334
1729,0.003548484732167334
1730,0.003548484732167334
1731,0.003548484732167334
1732,0.003548484732167334
1733,0.003548484732167334
1734,0.003548484732167334
1735,0.003548484732167334
1736,0.003548484732167334
1737,0.003548484732167334
1738,0.003548484732167334
1739,0.003548484732167334
1740,0.003548484732167334
1741,0.003548484732167334
1742,0.003548484732167334
1743,0.003548484732167334
1744,0.003548484732167334
1745,0.003548484732167334
1746,0.003548484732167334
1747,0.003548484732167334
1748,0.003548484732167334
1749,0.003548484732167334
1750,0.003548484732167334
1751,0.003548484732167334
1752,0.003548484732167334
1753,0.003548484732167334
1754,0.003548484732167334
1755,0.003548484732167334
1756,0.003548484732167334
1757,0.003548484732167334
1758,0.003548484732167334
1759,0.003548484732167334
1760,0.003548484732167334
1761,0.003548484732167334
1762,0.003548484732167334
1763,0.003548484732167334
1764,0.003548484732167334
1765,0.003548484732167334
1766,0.003548484732167334
1767,0.003548484732167334
1768,0.003548484732167334
1769,0.003548484732167334
1770,0.003548484732167334
1771,0.003548484732167334
1772,0.003548484732167334
1773,0.003548484732167334
1774,0.003548484732167334
1775,0.003548484732167334
1776,0.003548484732167334
1777,0.003548484732167334
1778,0.003548484732167334
1779,0.003548484732167334
1780,0.003548484732167334
1781,0.003548484732167334
1782,0.003548484732167334
1783,0.003548484732167334
1784,0.003548484732167334
1785,0.003548484732167334
1786,0.003548484732167334
1787,0.003548484732167334
1788,0.003548484732167334
1789,0.003548484732167334
1790,0.003548484732167334
1791,0.003548484732167334
1792,0.003548484732167334
1793,0.003548484732167334
1794,0.003548484732167334
1795,0.003548484732167334
1796,0.003548484732167334
1797,0.003548484732167334
1798,0.003548484732167334
1799,0.003548484732167334
1800,0.003548484732167334
1801,0.003548484732167334
1802,0.003548484732167334
1803,0.003548484732167334
1804,0.003548484732167334
1805,0.003548484732167334
1806,0.003548484732167334
1807,0.003548484732167334
1808,0.003548484732167334
1809,0.003548484732167334
1810,0.003548484732167334
1811,0.003548484732167334
1812,0.003548484732167334
1813,0.003548484732167334
1814,0.003548484732167334
1815,0.003548484732167334
1816,0.003548484732167334
1817,0.003548484732167334
1818,0.003548484732167334
1819,0.003548484732167334
1820,0.003548484732167334
1821,0.003548484732167334
1822,0.003548484732167334
1823,0.003548484732167334
1824,0.003548484732167334
1825,0.003548484732167334
1826,0.003548484732167334
1827,0.003548484732167334
1828,0.003548484732167334
1829,0.003548484732167334
1830,0.003548484732167334
1831,0.003548484732167334
1832,0.003548484732167334
1833,0.003548484732167334
1834,0.003548484732167334
1835,0.003548484732167334
1836,0.003548484732167334
1837,0.003548484732167334
1838,0.003548484732167334
1839,0.003548484732167334
1840,0.003548484732167334
1841,0.003548484732167334
1842,0.003548484732167334
1843,0.003548484732167334
1844,0.003548484732167334
1845,0.003548484732167334
1846,0.003548484732167334
1847,0.003548484732167334
1848,0.003548484732167334
1849,0.003548484732167334
1850,0.003548484732167334
1851,0.003548484732167334
1852,0.003548484732167334
1853,0.003548484732167334
1854,0.003548484732167334
1855,0.003548484732167334
1856,0.003548484732167334
1857,0.003548484732167334
1858,0.003548484732167334
1859,0.003548484732167334
1860,0.003548484732167334
1861,0.003548484732167334
1862,0.003548484732167334
1863,0.003548484732167334
1864,0.003548484732167334
1865,0.003548484732167334
1866,0.003548484732167334
1867,0.003548484732167334
1868,0.003548484732167334
1869,0.003548484732167334
1870,0.003548484732167334
1871,0.003548484732167334
1872,0.003548484732167334
1873,0.003548484732167334
1874,0.003548484732167334
1875,0.003548484732167334
1876,0.003548484732167334
1877,0.003548484732167334
1878,0.003548484732167334
1879,0.003548484732167334
1880,0.003548484732167334
1881,0.003548484732167334
1882,0.003548484732167334
1883,0.003548484732167334
1884,0.003548484732167334
1885,0.003548484732167334
1886,0.003548484732167334
1887,0.003548484732167334
1888,0.003548484732167334
1889,0.003548484732167334
1890,0.003548484732167334
1891,0.003548484732167334
1892,0.003548484732167334
1893,0.003548484732167334
1894,0.003548484732167334
1895,0.003548484732167334
1896,0.003548484732167334
1897,0.003548484732167334
1898,0.003548484732167334
1899,0.003548484732167334
1900,0.003548484732167334
1901,0.003548484732167334
1902,0.003548484732167334
1903,0.003548484732167334
1904,0.003548484732167334
1905,0.003548484732167334
1906,0.003548484732167334
1907,0.003548484732167334
1908,0.003548484732167334
1909,0.003548484732167334
1910,0.003548484732167334
1911,0.003548484732167334
1912,0.003548484732167334
1913,0.003548484732167334
1914,0.003548484732167334
1915,0.003548484732167334
1916,0.003548484732167334
1917,0.003548484732167334
1918,0.003548484732167334
1919,0.003548484732167334
1920,0.003548484732167334
1921,0.003548484732167334
1922,0.003548484732167334
1923,0.003548484732167334
1924,0.003548484732167334
1925,0.003548484732167334
1926,0.003548484732167334
1927,0.003548484732167334
1928,0.003548484732167334
1929,0.003548484732167334
1930,0.003548484732167334
1931,0.003548484732167334
1932,0.003548484732167334
1933,0.003548484732167334
1934,0.003548484732167334
1935,0.003548484732167334
1936,0.003548484732167334
1937,0.003548484732167334
1938,0.003548484732167334
1939,0.003548484732167334
1940,0.003548484732167334
1941,0.003548484732167334
1942,0.003548484732167334
1943,0.003548484732167334
1944,0.003548484732167334
1945,0.003548484732167334
1946,0.003548484732167334
1947,0.003548484732167334
1948,0.003548484732167334
1949,0.003548484732167334
1950,0.003548484732167334
1951,0.003548484732167334
1952,0.003548484732167334
1953,0.003548484732167334
1954,0.003548484732167334
1955,0.003548484732167334
1956,0.003548484732167334
1957,0.003548484732167334
1958,0.003548484732167334
1959,0.003548484732167334
1960,0.003548484732167334
1961,0.003548484732167334
1962,0.003548484732167334
1963,0.003548484732167334
1964,0.003548484732167334
1965,0.003548484732167334
1966,0.003548484732167334
1967,0.003548484732167334
1968,0.003548484732167334
1969,0.003548484732167334
1970,0.003548484732167334
1971,0.003548484732167334
1972,0.003548484732167334
1973,0.003548484732167334
1974,0.003548484732167334
1975,0.003548484732167334
1976,0.003548484732167334
1977,0.003548484732167334
1978,0.003548484732167334
1979,0.003548484732167334
1980,0.003548484732167334
1981,0.003548484732167334
1982,0.003548484732167334
1983,0.003548484732167334
1984,0.003548484732167334
1985,0.003548484732167334
1986,0.003548484732167334
1987,0.003548484732167334
1988,0.003548484732167334
1989,0.003548484732167334
1990,0.003548484732167334
1991,0.003548484732167334
1992,0.003548484732167334
1993,0.003548484732167334
1994,0.003548484732167334
1995,0.003548484732167334
1996,0.003548484732167334
1997,0.003548484732167334
1998,0.003548484732167334
1999,0.003548484732167334
2000,0.003548484732167334
2001,0.003548484732167334
2002,0.003548484732167334
2003,0.003548484732167334
2004,0.003548484732167334
2005,0.003548484732167334
2006,0.003548484732167334
2007,0.003548484732167334
2008,0.003548484732167334
2009,0.003548484732167334
2010,0.003548484732167334
2011,0.003548484732167334
2012,0.003548484732167334
2013,0.003548484732167334
2014,0.003548484732167334
2015,0.003548484732167334
2016,0.003548484732167334
2017,0.003548484732167334
2018,0.003548484732167334
2019,0.003548484732167334
2020,0.003548484732167334
2021,0.003548484732167334
2022,0.003548484732167334
2023,0.003548484732167334
2024,0.003548484732167334
2025,0.003548484732167334
2026,0.003548484732167334
2027,0.003548484732167334
2028,0.003548484732167334
2029,0.003548484732167334
2030,0.003548484732167334
2031,0.003548484732167334
2032,0.003548484732167334
2033,0.003548484732167334
2034,0.003548484732167334
2035,0.003548484732167334
2036,0.003548484732167334
2037,0.003548484732167334
2038,0.003548484732167334
2039,0.003548484732167334
2040,0.003548484732167334
2041,0.003548484732167334
2042,0.003548484732167334
2043,0.003548484732167334
2044,0.003548484732167334
2045,0.003548484732167334
2046,0.003548484732167334
2047,0.003548484732167334
2048,0.003548484732167334
2049,0.003548484732167334
2050,0.003548484732167334
2051,0.003548484732167334
2052,0.003548484732167334
2053,0.003548484732167334
2054,0.003548484732167334
2055,0.003548484732167334
2056,0.003548484732167334
2057,0.003548484732167334
2058,0.003548484732167334
2059,0.003548484732167334
2060,0.003548484732167334
2061,0.003548484732167334
2062,0.003548484732167334
2063,0.003548484732167334
2064,0.003548484732167334
2065,0.003548484732167334
2066,0.003548484732167334
2067,0.003548484732167334
2068,0.003548484732167334
2069,0.003548484732167334
2070,0.003548484732167334
2071,0.003548484732167334
2072,0.003548484732167334
2073,0.003548484732167334
2074,0.003548484732167334
2075,0.003548484732167334
2076,0.003548484732167334
2077,0.003548484732167334
2078,0.003548484732167334
2079,0.003548484732167334
2080,0.003548484732167334
2081,0.003548484732167334
2082,0.003548484732167334
2083,0.003548484732167334
2084,0.003548484732167334
2085,0.003548484732167334
2086,0.003548484732167334
2087,0.003548484732167334
2088,0.003548484732167334
2089,0.003548484732167334
2090,0.003548484732167334
2091,0.003548484732167334
2092,0.003548484732167334
2093,0.003548484732167334
2094,0.003548484732167334
2095,0.003548484732167334
2096,0.003548484732167334
2097,0.003548484732167334
2098,0.003548484732167334
2099,0.003548484732167334
2100,0.003548484732167334
2101,0.003548484732167334
2102,0.003548484732167334
2103,0.003548484732167334
2104,0.003548484732167334
2105,0.003548484732167334
2106,0.003548484732167334
2107,0.003548484732167334
2108,0.003548484732167334
2109,0.003548484732167334
2110,0.003548484732167334
2111,0.003548484732167334
2112,0.003548484732167334
2113,0.003548484732167334
2114,0.003548484732167334
2115,0.003548484732167334
2116,0.003548484732167334
2117,0.003548484732167334
2118,0.003548484732167334
2119,0.003548484732167334
2120,0.003548484732167334
2121,0.003548484732167334
2122,0.003548484732167334
2123,0.003548484732167334
2124,0.003548484732167334
2125,0.003548484732167334
2126,0.003548484732167334
2127,0.003548484732167334
2128,0.003548484732167334
2129,0.003548484732167334
2130,0.003548484732167334
2131,0.003548484732167334
2132,0.003548484732167334
2133,0.003548484732167334
2134,0.003548484732167334
2135,0.003548484732167334
2136,0.003548484732167334
2137,0.003548484732167334
2138,0.003548484732167334
2139,0.003548484732167334
2140,0.003548484732167334
2141,0.003548484732167334
2142,0.003548484732167334
2143,0.003548484732167334
2144,0.003548484732167334
2145,0.003548484732167334
2146,0.003548484732167334
2147,0.003548484732167334
2148,0.003548484732167334
2149,0.003548484732167334
2150,0.003548484732167334
2151,0.003548484732167334
2152,0.003548484732167334
2153,0.003548484732167334
2154,0.003548484732167334
2155,0.003548484732167334
2156,0.003548484732167334
2157,0.003548484732167334
2158,0.003548484732167334
2159,0.003548484732167334
2160,0.003548484732167334
2161,0.003548484732167334
2162,0.003548484732167334
2163,0.003548484732167334
2164,0.003548484732167334
2165,0.003548484732167334
2166,0.003548484732167334
2167,0.003548484732167334
2168,0.003548484732167334
2169,0.003548484732167334
2170,0.003548484732167334
2171,0.003548484732167334
2172,0.003548484732167334
2173,0.003548484732167334
2174,0.003548484732167334
2175,0.003548484732167334
2176,0.003548484732167334
2177,0.003548484732167334
2178,0.003548484732167334
2179,0.003548484732167334
2180,0.003548484732167334
2181,0.003548484732167334
2182,0.003548484732167334
2183,0.003548484732167334
2184,0.003548484732167334
2185,0.003548484732167334
2186,0.003548484732167334
2187,0.003548484732167334
2188,0.003548484732167334
2189,0.003548484732167334
2190,0.003548484732167334
2191,0.003548484732167334
2192,0.003548484732167334
2193,0.003548484732167334
2194,0.003548484732167334
2195,0.003548484732167334
2196,0.003548484732167334
2197,0.003548484732167334
2198,0.003548484732167334
2199,0.003548484732167334
2200,0.003548484732167334
2201,0.003548484732167334
2202,0.003548484732167334
2203,0.003548484732167334
2204,0.003548484732167334
2205,0.003548484732167334
2206,0.003548484732167334
2207,0.003548484732167334
2208,0.003548484732167334
2209,0.003548484732167334
2210,0.003548484732167334
2211,0.003548484732167334
2212,0.003548484732167334
2213,0.003548484732167334
2214,0.003548484732167334
2215,0.003548484732167334
2216,0.003548484732167334
2217,0.003548484732167334
2218,0.003548484732167334
2219,0.003548484732167334
2220,0.003548484732167334
2221,0.003548484732167334
2222,0.003548484732167334
2223,0.003548484732167334
2224,0.003548484732167334
2225,0.003548484732167334
2226,0.003548484732167334
2227,0.003548484732167334
2228,0.003548484732167334
2229,0.003548484732167334
2230,0.003548484732167334
2231,0.003548484732167334
2232,0.003548484732167334
2233,0.003548484732167334
2234,0.003548484732167334
2235,0.003548484732167334
2236,0.003548484732167334
2237,0.003548484732167334
2238,0.003548484732167334
2239,0.003548484732167334
2240,0.003548484732167334
2241,0.003548484732167334
2242,0.003548484732167334
2243,0.003548484732167334
2244,0.003548484732167334
2245,0.003548484732167334
2246,0.003548484732167334
2247,0.003548484732167334
2248,0.003548484732167334
2249,0.003548484732167334
2250,0.003548484732167334
2251,0.003548484732167334
2252,0.003548484732167334
2253,0.003548484732167334
2254,0.003548484732167334
2255,0.003548484732167334
2256,0.003548484732167334
2257,0.003548484732167334
2258,0.003548484732167334
2259,0.003548484732167334
2260,0.003548484732167334
2261,0.003548484732167334
2262,0.003548484732167334
2263,0.003548484732167334
2264,0.003548484732167334
2265,0.003548484732167334
2266,0.003548484732167334
2267,0.003548484732167334
2268,0.003548484732167334
2269,0.003548484732167334
2270,0.003548484732167334
2271,0.003548484732167334
2272,0.003548484732167334
2273,0.003548484732167334
2274,0.003548484732167334
2275,0.003548484732167334
2276,0.003548484732167334
2277,0.003548484732167334
2278,0.003548484732167334
2279,0.003548484732167334
2280,0.003548484732167334
2281,0.003548484732167334
2282,0.003548484732167334
2283,0.003548484732167334
2284,0.003548484732167334
2285,0.003548484732167334
2286,0.003548484732167334
2287,0.003548484732167334
2288,0.003548484732167334
2289,0.003548484732167334
2290,0.003548484732167334
2291,0.003548484732167334
2292,0.003548484732167334
2293,0.003548484732167334
2294,0.003548484732167334
2295,0.003548484732167334
2296,0.003548484732167334
2297,0.003548484732167334
2298,0.003548484732167334
2299,0.003548484732167334
2300,0.003548484732167334
2301,0.003548484732167334
2302,0.003548484732167334
2303,0.003548484732167334
2304,0.003548484732167334
2305,0.003548484732167334
2306,0.003548484732167334
2307,0.003548484732167334
2308,0.003548484732167334
2309,0.003548484732167334
2310,0.003548484732167334
2311,0.003548484732167334
2312,0.003548484732167334
2313,0.003548484732167334
2314,0.003548484732167334
2315,0.003548484732167334
2316,0.003548484732167334
2317,0.003548484732167334
2318,0.003548484732167334
2319,0.003548484732167334
2320,0.003548484732167334
2321,0.003548484732167334
2322,0.003548484732167334
2323,0.003548484732167334
2324,0.003548484732167334
2325,0.003548484732167334
2326,0.003548484732167334
2327,0.003548484732167334
2328,0.003548484732167334
2329,0.003548484732167334
2330,0.003548484732167334
2331,0.003548484732167334
2332,0.003548484732167334
2333,0.003548484732167334
2334,0.003548484732167334
2335,0.003548484732167334
2336,0.003548484732167334
2337,0.003548484732167334
2338,0.003548484732167334
2339,0.003548484732167334
2340,0.003548484732167334
2341,0.003548484732167334
2342,0.003548484732167334
2343,0.003548484732167334
2344,0.003548484732167334
2345,0.003548484732167334
2346,0.003548484732167334
2347,0.003548484732167334
2348,0.003548484732167334
2349,0.003548484732167334
2350,0.003548484732167334
2351,0.003548484732167334
2352,0.003548484732167334
2353,0.003548484732167334
2354,0.003548484732167334
2355,0.003548484732167334
2356,0.003548484732167334
2357,0.003548484732167334
2358,0.003548484732167334
2359,0.003548484732167334
2360,0.003548484732167334
2361,0.003548484732167334
2362,0.003548484732167334
2363,0.003548484732167334
2364,0.003548484732167334
2365,0.003548484732167334
2366,0.003548484732167334
2367,0.003548484732167334
2368,0.003548484732167334
2369,0.003548484732167334
2370,0.003548484732167334
2371,0.003548484732167334
2372,0.003548484732167334
2373,0.003548484732167334
2374,0.003548484732167334
2375,0.003548484732167334
2376,0.003548484732167334
2377,0.003548484732167334
2378,0.003548484732167334
2379,0.003548484732167334
2380,0.003548484732167334
2381,0.003548484732167334
2382,0.003548484732167334
2383,0.003548484732167334
2384,0.003548484732167334
2385,0.003548484732167334
2386,0.003548484732167334
2387,0.003548484732167334
2388,0.003548484732167334
2389,0.003548484732167334
2390,0.003548484732167334
2391,0.003548484732167334
2392,0.003548484732167334
2393,0.003548484732167334
2394,0.003548484732167334
2395,0.003548484732167334
2396,0.003548484732167334
2397,0.003548484732167334
2398,0.003548484732167334
2399,0.003548484732167334
2400,0.003548484732167334
2401,0.003548484732167334
2402,0.003548484732167334
2403,0.003548484732167334
2404,0.003548484732167334
2405,0.003548484732167334
2406,0.003548484732167334
2407,0.003548484732167334
2408,0.003548484732167334
2409,0.003548484732167334
2410,0.003548484732167334
2411,0.003548484732167334
2412,0.003548484732167334
2413,0.003548484732167334
2414,0.003548484732167334
2415,0.003548484732167334
2416,0.003548484732167334
2417,0.003548484732167334
2418,0.003548484732167334
2419,0.003548484732167334
2420,0.003548484732167334
2421,0.003548484732167334
2422,0.003548484732167334
2423,0.003548484732167334
2424,0.003548484732167334
2425,0.003548484732167334
2426,0.003548484732167334
2427,0.003548484732167334
2428,0.003548484732167334
2429,0.003548484732167334
2430,0.003548484732167334
2431,0.003548484732167334
2432,0.003548484732167334
2433,0.003548484732167334
2434,0.003548484732167334
2435,0.003548484732167334
2436,0.003548484732167334
2437,0.003548484732167334
2438,0.003548484732167334
2439,0.003548484732167334
2440,0.003548484732167334
2441,0.003548484732167334
2442,0.003548484732167334
2443,0.003548484732167334
2444,0.003548484732167334
2445,0.003548484732167334
2446,0.003548484732167334
2447,0.003548484732167334
2448,0.003548484732167334
2449,0.003548484732167334
2450,0.003548484732167334
2451,0.003548484732167334
2452,0.003548484732167334
2453,0.003548484732167334
2454,0.003548484732167334
2455,0.003548484732167334
2456,0.003548484732167334
2457,0.003548484732167334
2458,0.003548484732167334
2459,0.003548484732167334
2460,0.003548484732167334
2461,0.003548484732167334
2462,0.003548484732167334
2463,0.003548484732167334
2464,0.003548484732167334
2465,0.003548484732167334
2466,0.003548484732167334
2467,0.003548484732167334
2468,0.003548484732167334
2469,0.003548484732167334
2470,0.003548484732167334
2471,0.003548484732167334
2472,0.003548484732167334
2473,0.003548484732167334
2474,0.003548484732167334
2475,0.003548484732167334
2476,0.003548484732167334
2477,0.003548484732167334
2478,0.003548484732167334
2479,0.003548484732167334
2480,0.003548484732167334
2481,0.003548484732167334
2482,0.003548484732167334
2483,0.003548484732167334
2484,0.003548484732167334
2485,0.003548484732167334
2486,0.003548484732167334
2487,0.003548484732167334
2488,0.003548484732167334
2489,0.003548484732167334
2490,0.003548484732167334
2491,0.003548484732167334
2492,0.003548484732167334
2493,0.003548484732167334
2494,0.003548484732167334
2495,0.003548484732167334
2496,0.003548484732167334
2497,0.003548484732167334
2498,0.003548484732167334
2499,0.003548484732167334
2500,0.003548484732167334
2501,0.003548484732167334
2502,0.003548484732167334
2503,0.003548484732167334
2504,0.003548484732167334
2505,0.003548484732167334
2506,0.003548484732167334
2507,0.003548484732167334
2508,0.003548484732167334
2509,0.003548484732167334
2510,0.003548484732167334
2511,0.003548484732167334
2512,0.003548484732167334
2513,0.003548484732167334
2514,0.003548484732167334
2515,0.003548484732167334
2516,0.003548484732167334
2517,0.003548484732167334
2518,0.003548484732167334
2519,0.003548484732167334
2520,0.003548484732167334
2521,0.003548484732167334
2522,0.003548484732167334
2523,0.003548484732167334
2524,0.003548484732167334
2525,0.003548484732167334
2526,0.003548484732167334
2527,0.003548484732167334
2528,0.003548484732167334
2529,0.003548484732167334
2530,0.003548484732167334
2531,0.003548484732167334
2532,0.003548484732167334
2533,0.003548484732167334
2534,0.003548484732167334
2535,0.003548484732167334
2536,0.003548484732167334
2537,0.003548484732167334
2538,0.003548484732167334
2539,0.003548484732167334
2540,0.003548484732167334
2541,0.003548484732167334
2542,0.003548484732167334
2543,0.003548484732167334
2544,0.003548484732167334
2545,0.003548484732167334
2546,0.003548484732167334
2547,0.003548484732167334
2548,0.003548484732167334
2549,0.003548484732167334
2550,0.003548484732167334
2551,0.003548484732167334
2552,0.003548484732167334
2553,0.003548484732167334
2554,0.003548484732167334
2555,0.003548484732167334
2556,0.003548484732167334
2557,0.003548484732167334
2558,0.003548484732167334
2559,0.003548484732167334
2560,0.003548484732167334
2561,0.003548484732167334
2562,0.003548484732167334
2563,0.003548484732167334
2564,0.003548484732167334
2565,0.003548484732167334
2566,0.003548484732167334
2567,0.003548484732167334
2568,0.003548484732167334
2569,0.003548484732167334
2570,0.003548484732167334
2571,0.003548484732167334
2572,0.003548484732167334
2573,0.003548484732167334
2574,0.003548484732167334
2575,0.003548484732167334
2576,0.003548484732167334
2577,0.003548484732167334
2578,0.003548484732167334
2579,0.003548484732167334
2580,0.003548484732167334
2581,0.003548484732167334
2582,0.003548484732167334
2583,0.003548484732167334
2584,0.003548484732167334
2585,0.003548484732167334
2586,0.003548484732167334
2587,0.003548484732167334
2588,0.003548484732167334
2589,0.003548484732167334
2590,0.003548484732167334
2591,0.003548484732167334
2592,0.003548484732167334
2593,0.003548484732167334
2594,0.003548484732167334
2595,0.003548484732167334
2596,0.003548484732167334
2597,0.003548484732167334
2598,0.003548484732167334
2599,0.003548484732167334
2600,0.003548484732167334
2601,0.003548484732167334
2602,0.003548484732167334
2603,0.003548484732167334
2604,0.003548484732167334
2605,0.003548484732167334
2606,0.003548484732167334
2607,0.003548484732167334
2608,0.003548484732167334
2609,0.003548484732167334
2610,0.003548484732167334
2611,0.003548484732167334
2612,0.003548484732167334
2613,0.003548484732167334
2614,0.003548484732167334
2615,0.003548484732167334
2616,0.003548484732167334
2617,0.003548484732167334
2618,0.003548484732167334
2619,0.003548484732167334
2620,0.003548484732167334
2621,0.003548484732167334
2622,0.003548484732167334
2623,0.003548484732167334
2624,0.003548484732167334
2625,0.003548484732167334
2626,0.003548484732167334
2627,0.003548484732167334
2628,0.003548484732167334
2629,0.003548484732167334
2630,0.003548484732167334
2631,0.003548484732167334
2632,0.003548484732167334
2633,0.003548484732167334
2634,0.003548484732167334
2635,0.003548484732167334
2636,0.003548484732167334
2637,0.003548484732167334
2638,0.003548484732167334
2639,0.003548484732167334
2640,0.003548484732167334
2641,0.003548484732167334
2642,0.003548484732167334
2643,0.003548484732167334
2644,0.003548484732167334
2645,0.003548484732167334
2646,0.003548484732167334
2647,0.003548484732167334
2648,0.003548484732167334
2649,0.003548484732167334
2650,0.003548484732167334
2651,0.003548484732167334
2652,0.003548484732167334
2653,0.003548484732167334
2654,0.003548484732167334
2655,0.003548484732167334
2656,0.003548484732167334
2657,0.003548484732167334
2658,0.003548484732167334
2659,0.003548484732167334
2660,0.003548484732167334
2661,0.003548484732167334
2662,0.003548484732167334
2663,0.003548484732167334
2664,0.003548484732167334
2665,0.003548484732167334
2666,0.003548484732167334
2667,0.003548484732167334
2668,0.003548484732167334
2669,0.003548484732167334
2670,0.003548484732167334
2671,0.003548484732167334
2672,0.003548484732167334
2673,0.003548484732167334
2674,0.003548484732167334
2675,0.003548484732167334
2676,0.003548484732167334
2677,0.003548484732167334
2678,0.003548484732167334
2679,0.003548484732167334
2680,0.003548484732167334
2681,0.003548484732167334
2682,0.003548484732167334
2683,0.003548484732167334
2684,0.003548484732167334
2685,0.003548484732167334
2686,0.003548484732167334
2687,0.003548484732167334
2688,0.003548484732167334
2689,0.003548484732167334
2690,0.003548484732167334
2691,0.003548484732167334
2692,0.003548484732167334
2693,0.003548484732167334
2694,0.003548484732167334
2695,0.003548484732167334
2696,0.003548484732167334
2697,0.003548484732167334
2698,0.003548484732167334
2699,0.003548484732167334
2700,0.003548484732167334
2701,0.003548484732167334
2702,0.003548484732167334
2703,0.003548484732167334
2704,0.003548484732167334
2705,0.003548484732167334
2706,0.003548484732167334
2707,0.003548484732167334
2708,0.003548484732167334
2709,0.003548484732167334
2710,0.003548484732167334
2711,0.003548484732167334
2712,0.003548484732167334
2713,0.003548484732167334
2714,0.003548484732167334
2715,0.003548484732167334
2716,0.003548484732167334
2717,0.003548484732167334
2718,0.003548484732167334
2719,0.003548484732167334
2720,0.003548484732167334
2721,0.003548484732167334
2722,0.003548484732167334
2723,0.003548484732167334
2724,0.003548484732167334
2725,0.003548484732167334
2726,0.003548484732167334
2727,0.003548484732167334
2728,0.003548484732167334
2729,0.003548484732167334
2730,0.003548484732167334
2731,0.003548484732167334
2732,0.003548484732167334
2733,0.003548484732167334
2734,0.003548484732167334
2735,0.003548484732167334
2736,0.003548484732167334
2737,0.003548484732167334
2738,0.003548484732167334
2739,0.003548484732167334
2740,0.003548484732167334
2741,0.003548484732167334
2742,0.003548484732167334
2743,0.003548484732167334
2744,0.003548484732167334
2745,0.003548484732167334
2746,0.003548484732167334
2747,0.003548484732167334
2748,0.003548484732167334
2749,0.003548484732167334
2750,0.003548484732167334
2751,0.003548484732167334
2752,0.003548484732167334
2753,0.003548484732167334
2754,0.003548484732167334
2755,0.003548484732167334
2756,0.003548484732167334
2757,0.003548484732167334
2758,0.003548484732167334
2759,0.003548484732167334
2760,0.003548484732167334
2761,0.003548484732167334
2762,0.003548484732167334
2763,0.003548484732167334
2764,0.003548484732167334
2765,0.003548484732167334
2766,0.003548484732167334
2767,0.003548484732167334
2768,0.003548484732167334
2769,0.003548484732167334
2770,0.003548484732167334
2771,0.003548484732167334
2772,0.003548484732167334
2773,0.003548484732167334
2774,0.003548484732167334
2775,0.003548484732167334
2776,0.003548484732167334
2777,0.003548484732167334
2778,0.003548484732167334
2779,0.003548484732167334
2780,0.003548484732167334
2781,0.003548484732167334
2782,0.003548484732167334
2783,0.003548484732167334
2784,0.003548484732167334
2785,0.003548484732167334
2786,0.003548484732167334
2787,0.003548484732167334
2788,0.003548484732167334
2789,0.003548484732167334
2790,0.003548484732167334
2791,0.003548484732167334
2792,0.003548484732167334
2793,0.003548484732167334
2794,0.003548484732167334
2795,0.003548484732167334
2796,0.003548484732167334
2797,0.003548484732167334
2798,0.003548484732167334
2799,0.003548484732167334
2800,0.003548484732167334
2801,0.003548484732167334
2802,0.003548484732167334
2803,0.003548484732167334
2804,0.003548484732167334
2805,0.003548484732167334
2806,0.003548484732167334
2807,0.003548484732167334
2808,0.003548484732167334
2809,0.003548484732167334
2810,0.003548484732167334
2811,0.003548484732167334
2812,0.003548484732167334
2813,0.003548484732167334
2814,0.003548484732167334
2815,0.003548484732167334
2816,0.003548484732167334
2817,0.003548484732167334
2818,0.003548484732167334
2819,0.003548484732167334
2820,0.003548484732167334
2821,0.003548484732167334
2822,0.003548484732167334
2823,0.003548484732167334
2824,0.003548484732167334
2825,0.003548484732167334
2826,0.003548484732167334
2827,0.003548484732167334
2828,0.003548484732167334
2829,0.003548484732167334
2830,0.003548484732167334
2831,0.003548484732167334
2832,0.003548484732167334
2833,0.003548484732167334
2834,0.003548484732167334
2835,0.003548484732167334
2836,0.003548484732167334
2837,0.003548484732167334
2838,0.003548484732167334
2839,0.003548484732167334
2840,0.003548484732167334
2841,0.003548484732167334
2842,0.003548484732167334
2843,0.003548484732167334
2844,0.003548484732167334
2845,0.003548484732167334
2846,0.003548484732167334
2847,0.003548484732167334
2848,0.003548484732167334
2849,0.003548484732167334
2850,0.003548484732167334
2851,0.003548484732167334
2852,0.003548484732167334
2853,0.003548484732167334
2854,0.003548484732167334
2855,0.003548484732167334
2856,0.003548484732167334
2857,0.003548484732167334
2858,0.003548484732167334
2859,0.003548484732167334
2860,0.003548484732167334
2861,0.003548484732167334
2862,0.003548484732167334
2863,0.003548484732167334
2864,0.003548484732167334
2865,0.003548484732167334
2866,0.003548484732167334
2867,0.003548484732167334
2868,0.003548484732167334
2869,0.003548484732167334
2870,0.003548484732167334
2871,0.003548484732167334
2872,0.003548484732167334
2873,0.003548484732167334
2874,0.003548484732167334
2875,0.003548484732167334
2876,0.003548484732167334
2877,0.003548484732167334
2878,0.003548484732167334
2879,0.003548484732167334
2880,0.003548484732167334
2881,0.003548484732167334
2882,0.003548484732167334
2883,0.003548484732167334
2884,0.003548484732167334
2885,0.003548484732167334
2886,0.003548484732167334
2887,0.003548484732167334
2888,0.003548484732167334
2889,0.003548484732167334
2890,0.003548484732167334
2891,0.003548484732167334
2892,0.003548484732167334
2893,0.003548484732167334
2894,0.003548484732167334
2895,0.003548484732167334
2896,0.003548484732167334
2897,0.003548484732167334
2898,0.003548484732167334
2899,0.003548484732167334
2900,0.003548484732167334
2901,0.003548484732167334
2902,0.003548484732167334
2903,0.003548484732167334
2904,0.003548484732167334
2905,0.003548484732167334
2906,0.003548484732167334
2907,0.003548484732167334
2908,0.003548484732167334
2909,0.003548484732167334
2910,0.003548484732167334
2911,0.003548484732167334
2912,0.003548484732167334
2913,0.003548484732167334
2914,0.003548484732167334
2915,0.003548484732167334
2916,0.003548484732167334
2917,0.003548484732167334
2918,0.003548484732167334
2919,0.003548484732167334
2920,0.003548484732167334
2921,0.003548484732167334
2922,0.003548484732167334
2923,0.003548484732167334
2924,0.003548484732167334
2925,0.003548484732167334
2926,0.003548484732167334
2927,0.003548484732167334
2928,0.003548484732167334
2929,0.003548484732167334
2930,0.003548484732167334
2931,0.003548484732167334
2932,0.003548484732167334
2933,0.003548484732167334
2934,0.003548484732167334
2935,0.003548484732167334
2936,0.003548484732167334
2937,0.003548484732167334
2938,0.003548484732167334
2939,0.003548484732167334
2940,0.003548484732167334
2941,0.003548484732167334
2942,0.003548484732167334
2943,0.003548484732167334
2944,0.003548484732167334
2945,0.003548484732167334
2946,0.003548484732167334
2947,0.003548484732167334
2948,0.003548484732167334
2949,0.003548484732167334
2950,0.003548484732167334
2951,0.003548484732167334
2952,0.003548484732167334
2953,0.003548484732167334
2954,0.003548484732167334
2955,0.003548484732167334
2956,0.003548484732167334
2957,0.003548484732167334
2958,0.003548484732167334
2959,0.003548484732167334
2960,0.003548484732167334
2961,0.003548484732167334
2962,0.003548484732167334
2963,0.003548484732167334
2964,0.003548484732167334
2965,0.003548484732167334
2966,0.003548484732167334
2967,0.003548484732167334
2968,0.003548484732167334
2969,0.003548484732167334
2970,0.003548484732167334
2971,0.003548484732167334
2972,0.003548484732167334
2973,0.003548484732167334
2974,0.003548484732167334
2975,0.003548484732167334
2976,0.003548484732167334
2977,0.003548484732167334
2978,0.003548484732167334
2979,0.003548484732167334
2980,0.003548484732167334
2981,0.003548484732167334
2982,0.003548484732167334
2983,0.003548484732167334
2984,0.003548484732167334
2985,0.003548484732167334
2986,0.003548484732167334
2987,0.003548484732167334
2988,0.003548484732167334
2989,0.003548484732167334
2990,0.003548484732167334
2991,0.003548484732167334
2992,0.003548484732167334
2993,0.003548484732167334
2994,0.003548484732167334
2995,0.003548484732167334
2996,0.003548484732167334
2997,0.003548484732167334
2998,0.003548484732167334
2999,0.003548484732167334
3000,0.003548484732167334
3001,0.003548484732167334
3002,0.003548484732167334
3003,0.003548484732167334
3004,0.003548484732167334
3005,0.003548484732167334
3006,0.003548484732167334
3007,0.003548484732167334
3008,0.003548484732167334
3009,0.003548484732167334
3010,0.003548484732167334
3011,0.003548484732167334
3012,0.003548484732167334
3013,0.003548484732167334
3014,0.003548484732167334
3015,0.003548484732167334
3016,0.003548484732167334
3017,0.003548484732167334
3018,0.003548484732167334
3019,0.003548484732167334
3020,0.003548484732167334
3021,0.003548484732167334
3022,0.003548484732167334
3023,0.003548484732167334
3024,0.003548484732167334
3025,0.003548484732167334
3026,0.003548484732167334
3027,0.003548484732167334
3028,0.003548484732167334
3029,0.003548484732167334
3030,0.003548484732167334
3031,0.003548484732167334
3032,0.003548484732167334
3033,0.003548484732167334
3034,0.003548484732167334
3035,0.003548484732167334
3036,0.003548484732167334
3037,0.003548484732167334
3038,0.003548484732167334
3039,0.003548484732167334
3040,0.003548484732167334
3041,0.003548484732167334
3042,0.003548484732167334
3043,0.003548484732167334
3044,0.003548484732167334
3045,0.003548484732167334
3046,0.003548484732167334
3047,0.003548484732167334
3048,0.003548484732167334
3049,0.003548484732167334
3050,0.003548484732167334
3051,0.003548484732167334
3052,0.003548484732167334
3053,0.003548484732167334
3054,0.003548484732167334
3055,0.003548484732167334
3056,0.003548484732167334
3057,0.003548484732167334
3058,0.003548484732167334
3059,0.003548484732167334
3060,0.003548484732167334
3061,0.003548484732167334
3062,0.003548484732167334
3063,0.003548484732167334
3064,0.003548484732167334
3065,0.003548484732167334
3066,0.003548484732167334
3067,0.003548484732167334
3068,0.003548484732167334
3069,0.003548484732167334
3070,0.003548484732167334
3071,0.003548484732167334
3072,0.003548484732167334
3073,0.003548484732167334
3074,0.003548484732167334
3075,0.003548484732167334
3076,0.003548484732167334
3077,0.003548484732167334
3078,0.003548484732167334
3079,0.003548484732167334
3080,0.003548484732167334
3081,0.003548484732167334
3082,0.003548484732167334
3083,0.003548484732167334
3084,0.003548484732167334
3085,0.003548484732167334
3086,0.003548484732167334
3087,0.003548484732167334
3088,0.003548484732167334
3089,0.003548484732167334
3090,0.003548484732167334
3091,0.003548484732167334
3092,0.003548484732167334
3093,0.003548484732167334
3094,0.003548484732167334
3095,0.003548484732167334
3096,0.003548484732167334
3097,0.003548484732167334
3098,0.003548484732167334
3099,0.003548484732167334
3100,0.003548484732167334
3101,0.003548484732167334
3102,0.003548484732167334
3103,0.003548484732167334
3104,0.003548484732167334
3105,0.003548484732167334
3106,0.003548484732167334
3107,0.003548484732167334
3108,0.003548484732167334
3109,0.003548484732167334
3110,0.003548484732167334
3111,0.003548484732167334
3112,0.003548484732167334
3113,0.003548484732167334
3114,0.003548484732167334
3115,0.003548484732167334
3116,0.003548484732167334
3117,0.003548484732167334
3118,0.003548484732167334
3119,0.003548484732167334
3120,0.003548484732167334
3121,0.003548484732167334
3122,0.003548484732167334
3123,0.003548484732167334
3124,0.003548484732167334
3125,0.003548484732167334
3126,0.003548484732167334
3127,0.003548484732167334
3128,0.003548484732167334
3129,0.003548484732167334
3130,0.003548484732167334
3131,0.003548484732167334
3132,0.003548484732167334
3133,0.003548484732167334
3134,0.003548484732167334
3135,0.003548484732167334
3136,0.003548484732167334
3137,0.003548484732167334
3138,0.003548484732167334
3139,0.003548484732167334
3140,0.003548484732167334
3141,0.003548484732167334
3142,0.003548484732167334
3143,0.003548484732167334
3144,0.003548484732167334
3145,0.003548484732167334
3146,0.003548484732167334
3147,0.003548484732167334
3148,0.003548484732167334
3149,0.003548484732167334
3150,0.003548484732167334
3151,0.003548484732167334
3152,0.003548484732167334
3153,0.003548484732167334
3154,0.003548484732167334
3155,0.003548484732167334
3156,0.003548484732167334
3157,0.003548484732167334
3158,0.003548484732167334
3159,0.003548484732167334
3160,0.003548484732167334
3161,0.003548484732167334
3162,0.003548484732167334
3163,0.003548484732167334
3164,0.003548484732167334
3165,0.003548484732167334
3166,0.003548484732167334
3167,0.003548484732167334
3168,0.003548484732167334
3169,0.003548484732167334
3170,0.003548484732167334
3171,0.003548484732167334
3172,0.003548484732167334
3173,0.003548484732167334
3174,0.003548484732167334
3175,0.003548484732167334
3176,0.003548484732167334
3177,0.003548484732167334
3178,0.003548484732167334
3179,0.003548484732167334
3180,0.003548484732167334
3181,0.003548484732167334
3182,0.003548484732167334
3183,0.003548484732167334
3184,0.003548484732167334
3185,0.003548484732167334
3186,0.003548484732167334
3187,0.003548484732167334
3188,0.003548484732167334
3189,0.003548484732167334
3190,0.003548484732167334
3191,0.003548484732167334
3192,0.003548484732167334
3193,0.003548484732167334
3194,0.003548484732167334
3195,0.003548484732167334
3196,0.003548484732167334
3197,0.003548484732167334
3198,0.003548484732167334
3199,0.003548484732167334
3200,0.003548484732167334
3201,0.003548484732167334
3202,0.003548484732167334
3203,0.003548484732167334
3204,0.003548484732167334
3205,0.003548484732167334
3206,0.003548484732167334
3207,0.003548484732167334
3208,0.003548484732167334
3209,0.003548484732167334
3210,0.003548484732167334
3211,0.003548484732167334
3212,0.003548484732167334
3213,0.003548484732167334
3214,0.003548484732167334
3215,0.003548484732167334
3216,0.003548484732167334
3217,0.003548484732167334
3218,0.003548484732167334
3219,0.003548484732167334
3220,0.003548484732167334
3221,0.003548484732167334
3222,0.003548484732167334
3223,0.003548484732167334
3224,0.003548484732167334
3225,0.003548484732167334
3226,0.003548484732167334
3227,0.003548484732167334
3228,0.003548484732167334
3229,0.003548484732167334
3230,0.003548484732167334
3231,0.003548484732167334
3232,0.003548484732167334
3233,0.003548484732167334
3234,0.003548484732167334
3235,0.003548484732167334
3236,0.003548484732167334
3237,0.003548484732167334
3238,0.003548484732167334
3239,0.003548484732167334
3240,0.003548484732167334
3241,0.003548484732167334
3242,0.003548484732167334
3243,0.003548484732167334
3244,0.003548484732167334
3245,0.003548484732167334
3246,0.003548484732167334
3247,0.003548484732167334
3248,0.003548484732167334
3249,0.003548484732167334
3250,0.003548484732167334
3251,0.003548484732167334
3252,0.003548484732167334
3253,0.003548484732167334
3254,0.003548484732167334
3255,0.003548484732167334
3256,0.003548484732167334
3257,0.003548484732167334
3258,0.003548484732167334
3259,0.003548484732167334
3260,0.003548484732167334
3261,0.003548484732167334
3262,0.003548484732167334
3263,0.003548484732167334
3264,0.003548484732167334
3265,0.003548484732167334
3266,0.003548484732167334
3267,0.003548484732167334
3268,0.003548484732167334
3269,0.003548484732167334
3270,0.003548484732167334
3271,0.003548484732167334
3272,0.003548484732167334
3273,0.003548484732167334
3274,0.003548484732167334
3275,0.003548484732167334
3276,0.003548484732167334
3277,0.003548484732167334
3278,0.003548484732167334
3279,0.003548484732167334
3280,0.003548484732167334
3281,0.003548484732167334
3282,0.003548484732167334
3283,0.003548484732167334
3284,0.003548484732167334
3285,0.003548484732167334
3286,0.003548484732167334
3287,0.003548484732167334
3288,0.003548484732167334
3289,0.003548484732167334
3290,0.003548484732167334
3291,0.003548484732167334
3292,0.003548484732167334
3293,0.003548484732167334
3294,0.003548484732167334
3295,0.003548484732167334
3296,0.003548484732167334
3297,0.003548484732167334
3298,0.003548484732167334
3299,0.003548484732167334
3300,0.003548484732167334
3301,0.003548484732167334
3302,0.003548484732167334
3303,0.003548484732167334
3304,0.003548484732167334
3305,0.003548484732167334
3306,0.003548484732167334
3307,0.003548484732167334
3308,0.003548484732167334
3309,0.003548484732167334
3310,0.003548484732167334
3311,0.003548484732167334
3312,0.003548484732167334
3313,0.003548484732167334
3314,0.003548484732167334
3315,0.003548484732167334
3316,0.003548484732167334
3317,0.003548484732167334
3318,0.003548484732167334
3319,0.003548484732167334
3320,0.003548484732167334
3321,0.003548484732167334
3322,0.003548484732167334
3323,0.003548484732167334
3324,0.003548484732167334
3325,0.003548484732167334
3326,0.003548484732167334
3327,0.003548484732167334
3328,0.003548484732167334
3329,0.003548484732167334
3330,0.003548484732167334
3331,0.003548484732167334
3332,0.003548484732167334
3333,0.003548484732167334
3334,0.003548484732167334
3335,0.003548484732167334
3336,0.003548484732167334
3337,0.003548484732167334
3338,0.003548484732167334
3339,0.003548484732167334
3340,0.003548484732167334
3341,0.003548484732167334
3342,0.003548484732167334
3343,0.003548484732167334
3344,0.003548484732167334
3345,0.003548484732167334
3346,0.003548484732167334
3347,0.003548484732167334
3348,0.003548484732167334
3349,0.003548484732167334
3350,0.003548484732167334
3351,0.003548484732167334
3352,0.003548484732167334
3353,0.003548484732167334
3354,0.003548484732167334
3355,0.003548484732167334
3356,0.003548484732167334
3357,0.003548484732167334
3358,0.003548484732167334
3359,0.003548484732167334
3360,0.003548484732167334
3361,0.003548484732167334
3362,0.003548484732167334
3363,0.003548484732167334
3364,0.003548484732167334
3365,0.003548484732167334
3366,0.003548484732167334
3367,0.003548484732167334
3368,0.003548484732167334
3369,0.003548484732167334
3370,0.003548484732167334
3371,0.003548484732167334
3372,0.003548484732167334
3373,0.003548484732167334
3374,0.003548484732167334
3375,0.003548484732167334
3376,0.003548484732167334
3377,0.003548484732167334
3378,0.003548484732167334
3379,0.003548484732167334
3380,0.003548484732167334
3381,0.003548484732167334
3382,0.003548484732167334
3383,0.003548484732167334
3384,0.003548484732167334
3385,0.003548484732167334
3386,0.003548484732167334
3387,0.003548484732167334
3388,0.003548484732167334
3389,0.003548484732167334
3390,0.003548484732167334
3391,0.003548484732167334
3392,0.003548484732167334
3393,0.003548484732167334
3394,0.003548484732167334
3395,0.003548484732167334
3396,0.003548484732167334
3397,0.003548484732167334
3398,0.003548484732167334
3399,0.003548484732167334
3400,0.003548484732167334
3401,0.003548484732167334
3402,0.003548484732167334
3403,0.003548484732167334
3404,0.003548484732167334
3405,0.003548484732167334
3406,0.003548484732167334
3407,0.003548484732167334
3408,0.003548484732167334
3409,0.003548484732167334
3410,0.003548484732167334
3411,0.003548484732167334
3412,0.003548484732167334
3413,0.003548484732167334
3414,0.003548484732167334
3415,0.003548484732167334
3416,0.003548484732167334
3417,0.003548484732167334
3418,0.003548484732167334
3419,0.003548484732167334
3420,0.003548484732167334
3421,0.003548484732167334
3422,0.003548484732167334
3423,0.003548484732167334
3424,0.003548484732167334
3425,0.003548484732167334
3426,0.003548484732167334
3427,0.003548484732167334
3428,0.003548484732167334
3429,0.003548484732167334
3430,0.003548484732167334
3431,0.003548484732167334
3432,0.003548484732167334
3433,0.003548484732167334
3434,0.003548484732167334
3435,0.003548484732167334
3436,0.003548484732167334
3437,0.003548484732167334
3438,0.003548484732167334
3439,0.003548484732167334
3440,0.003548484732167334
3441,0.003548484732167334
3442,0.003548484732167334
3443,0.003548484732167334
3444,0.003548484732167334
3445,0.003548484732167334
3446,0.003548484732167334
3447,0.003548484732167334
3448,0.003548484732167334
3449,0.003548484732167334
3450,0.003548484732167334
3451,0.003548484732167334
3452,0.003548484732167334
3453,0.003548484732167334
3454,0.003548484732167334
3455,0.003548484732167334
3456,0.003548484732167334
3457,0.003548484732167334
3458,0.003548484732167334
3459,0.003548484732167334
3460,0.003548484732167334
3461,0.003548484732167334
3462,0.003548484732167334
3463,0.003548484732167334
3464,0.003548484732167334
3465,0.003548484732167334
3466,0.003548484732167334
3467,0.003548484732167334
3468,0.003548484732167334
3469,0.003548484732167334
3470,0.003548484732167334
3471,0.003548484732167334
3472,0.003548484732167334
3473,0.003548484732167334
3474,0.003548484732167334
3475,0.003548484732167334
3476,0.003548484732167334
3477,0.003548484732167334
3478,0.003548484732167334
3479,0.003548484732167334
3480,0.003548484732167334
3481,0.003548484732167334
3482,0.003548484732167334
3483,0.003548484732167334
3484,0.003548484732167334
3485,0.003548484732167334
3486,0.003548484732167334
3487,0.003548484732167334
3488,0.003548484732167334
3489,0.003548484732167334
3490,0.003548484732167334
3491,0.003548484732167334
3492,0.003548484732167334
3493,0.003548484732167334
3494,0.003548484732167334
3495,0.003548484732167334
3496,0.003548484732167334
3497,0.003548484732167334
3498,0.003548484732167334
3499,0.003548484732167334
3500,0.003548484732167334
3501,0.003548484732167334
3502,0.003548484732167334
3503,0.003548484732167334
3504,0.003548484732167334
3505,0.003548484732167334
3506,0.003548484732167334
3507,0.003548484732167334
3508,0.003548484732167334
3509,0.003548484732167334
3510,0.003548484732167334
3511,0.003548484732167334
3512,0.003548484732167334
3513,0.003548484732167334
3514,0.003548484732167334
3515,0.003548484732167334
3516,0.003548484732167334
3517,0.003548484732167334
3518,0.003548484732167334
3519,0.003548484732167334
3520,0.003548484732167334
3521,0.003548484732167334
3522,0.003548484732167334
3523,0.003548484732167334
3524,0.003548484732167334
3525,0.003548484732167334
3526,0.003548484732167334
3527,0.003548484732167334
3528,0.003548484732167334
3529,0.003548484732167334
3530,0.003548484732167334
3531,0.003548484732167334
3532,0.003548484732167334
3533,0.003548484732167334
3534,0.003548484732167334
3535,0.003548484732167334
3536,0.003548484732167334
3537,0.003548484732167334
3538,0.003548484732167334
3539,0.003548484732167334
3540,0.003548484732167334
3541,0.003548484732167334
3542,0.003548484732167334
3543,0.003548484732167334
3544,0.003548484732167334
3545,0.003548484732167334
3546,0.003548484732167334
3547,0.003548484732167334
3548,0.003548484732167334
3549,0.003548484732167334
3550,0.003548484732167334
3551,0.003548484732167334
3552,0.003548484732167334
3553,0.003548484732167334
3554,0.003548484732167334
3555,0.003548484732167334
3556,0.003548484732167334
3557,0.003548484732167334
3558,0.003548484732167334
3559,0.003548484732167334
3560,0.003548484732167334
3561,0.003548484732167334
3562,0.003548484732167334
3563,0.003548484732167334
3564,0.003548484732167334
3565,0.003548484732167334
3566,0.003548484732167334
3567,0.003548484732167334
3568,0.003548484732167334
3569,0.003548484732167334
3570,0.003548484732167334
3571,0.003548484732167334
3572,0.003548484732167334
3573,0.003548484732167334
3574,0.003548484732167334
3575,0.003548484732167334
3576,0.003548484732167334
3577,0.003548484732167334
3578,0.003548484732167334
3579,0.003548484732167334
3580,0.003548484732167334
3581,0.003548484732167334
3582,0.003548484732167334
3583,0.003548484732167334
3584,0.003548484732167334
3585,0.003548484732167334
3586,0.003548484732167334
3587,0.003548484732167334
3588,0.003548484732167334
3589,0.003548484732167334
3590,0.003548484732167334
3591,0.003548484732167334
3592,0.003548484732167334
3593,0.003548484732167334
3594,0.003548484732167334
3595,0.003548484732167334
3596,0.003548484732167334
3597,0.003548484732167334
3598,0.003548484732167334
3599,0.003548484732167334
3600,0.003548484732167334
3601,0.003548484732167334
3602,0.003548484732167334
3603,0.003548484732167334
3604,0.003548484732167334
3605,0.003548484732167334
3606,0.003548484732167334
3607,0.003548484732167334
3608,0.003548484732167334
3609,0.003548484732167334
3610,0.003548484732167334
3611,0.003548484732167334
3612,0.003548484732167334
3613,0.003548484732167334
3614,0.003548484732167334
3615,0.003548484732167334
3616,0.003548484732167334
3617,0.003548484732167334
3618,0.003548484732167334
3619,0.003548484732167334
3620,0.003548484732167334
3621,0.003548484732167334
3622,0.003548484732167334
3623,0.003548484732167334
3624,0.003548484732167334
3625,0.003548484732167334
3626,0.003548484732167334
3627,0.003548484732167334
3628,0.003548484732167334
3629,0.003548484732167334
3630,0.003548484732167334
3631,0.003548484732167334
3632,0.003548484732167334
3633,0.003548484732167334
3634,0.003548484732167334
3635,0.003548484732167334
3636,0.003548484732167334
3637,0.003548484732167334
3638,0.003548484732167334
3639,0.003548484732167334
3640,0.003548484732167334
3641,0.003548484732167334
3642,0.003548484732167334
3643,0.003548484732167334
3644,0.003548484732167334
3645,0.003548484732167334
3646,0.003548484732167334
3647,0.003548484732167334
3648,0.003548484732167334
3649,0.003548484732167334
3650,0.003548484732167334
3651,0.003548484732167334
3652,0.003548484732167334
3653,0.003548484732167334
3654,0.003548484732167334
3655,0.003548484732167334
3656,0.003548484732167334
3657,0.003548484732167334
3658,0.003548484732167334
3659,0.003548484732167334
3660,0.003548484732167334
3661,0.003548484732167334
3662,0.003548484732167334
3663,0.003548484732167334
3664,0.003548484732167334
3665,0.003548484732167334
3666,0.003548484732167334
3667,0.003548484732167334
3668,0.003548484732167334
3669,0.003548484732167334
3670,0.003548484732167334
3671,0.003548484732167334
3672,0.003548484732167334
3673,0.003548484732167334
3674,0.003548484732167334
3675,0.003548484732167334
3676,0.003548484732167334
3677,0.003548484732167334
3678,0.003548484732167334
3679,0.003548484732167334
3680,0.003548484732167334
3681,0.003548484732167334
3682,0.003548484732167334
3683,0.003548484732167334
3684,0.003548484732167334
3685,0.003548484732167334
3686,0.003548484732167334
3687,0.003548484732167334
3688,0.003548484732167334
3689,0.003548484732167334
3690,0.003548484732167334
3691,0.003548484732167334
3692,0.003548484732167334
3693,0.003548484732167334
3694,0.003548484732167334
3695,0.003548484732167334
3696,0.003548484732167334
3697,0.003548484732167334
3698,0.003548484732167334
3699,0.003548484732167334
3700,0.003548484732167334
3701,0.003548484732167334
3702,0.003548484732167334
3703,0.003548484732167334
3704,0.003548484732167334
3705,0.003548484732167334
3706,0.003548484732167334
3707,0.003548484732167334
3708,0.003548484732167334
3709,0.003548484732167334
3710,0.003548484732167334
3711,0.003548484732167334
3712,0.003548484732167334
3713,0.003548484732167334
3714,0.003548484732167334
3715,0.003548484732167334
3716,0.003548484732167334
3717,0.003548484732167334
3718,0.003548484732167334
3719,0.003548484732167334
3720,0.003548484732167334
3721,0.003548484732167334
3722,0.003548484732167334
3723,0.003548484732167334
3724,0.003548484732167334
3725,0.003548484732167334
3726,0.003548484732167334
3727,0.003548484732167334
3728,0.003548484732167334
3729,0.003548484732167334
3730,0.003548484732167334
3731,0.003548484732167334
3732,0.003548484732167334
3733,0.003548484732167334
3734,0.003548484732167334
3735,0.003548484732167334
3736,0.003548484732167334
3737,0.003548484732167334
3738,0.003548484732167334
3739,0.003548484732167334
3740,0.003548484732167334
3741,0.003548484732167334
3742,0.003548484732167334
3743,0.003548484732167334
3744,0.003548484732167334
3745,0.003548484732167334
3746,0.003548484732167334
3747,0.003548484732167334
3748,0.003548484732167334
3749,0.003548484732167334
3750,0.003548484732167334
3751,0.003548484732167334
3752,0.003548484732167334
3753,0.003548484732167334
3754,0.003548484732167334
3755,0.003548484732167334
3756,0.003548484732167334
3757,0.003548484732167334
3758,0.003548484732167334
3759,0.003548484732167334
3760,0.003548484732167334
3761,0.003548484732167334
3762,0.003548484732167334
3763,0.003548484732167334
3764,0.003548484732167334
3765,0.003548484732167334
3766,0.003548484732167334
3767,0.003548484732167334
3768,0.003548484732167334
3769,0.003548484732167334
3770,0.003548484732167334
3771,0.003548484732167334
3772,0.003548484732167334
3773,0.003548484732167334
3774,0.003548484732167334
3775,0.003548484732167334
3776,0.003548484732167334
3777,0.003548484732167334
3778,0.003548484732167334
3779,0.003548484732167334
3780,0.003548484732167334
3781,0.003548484732167334
3782,0.003548484732167334
3783,0.003548484732167334
3784,0.003548484732167334
3785,0.003548484732167334
3786,0.003548484732167334
3787,0.003548484732167334
3788,0.003548484732167334
3789,0.003548484732167334
3790,0.003548484732167334
3791,0.003548484732167334
3792,0.003548484732167334
3793,0.003548484732167334
3794,0.003548484732167334
3795,0.003548484732167334
3796,0.003548484732167334
3797,0.003548484732167334
3798,0.003548484732167334
3799,0.003548484732167334
3800,0.003548484732167334
3801,0.003548484732167334
3802,0.003548484732167334
3803,0.003548484732167334
3804,0.003548484732167334
3805,0.003548484732167334
3806,0.003548484732167334
3807,0.003548484732167334
3808,0.003548484732167334
3809,0.003548484732167334
3810,0.003548484732167334
3811,0.003548484732167334
3812,0.003548484732167334
3813,0.003548484732167334
3814,0.003548484732167334
3815,0.003548484732167334
3816,0.003548484732167334
3817,0.003548484732167334
3818,0.003548484732167334
3819,0.003548484732167334
3820,0.003548484732167334
3821,0.003548484732167334
3822,0.003548484732167334
3823,0.003548484732167334
3824,0.003548484732167334
3825,0.003548484732167334
3826,0.003548484732167334
3827,0.003548484732167334
3828,0.003548484732167334
3829,0.003548484732167334
3830,0.003548484732167334
3831,0.003548484732167334
3832,0.003548484732167334
3833,0.003548484732167334
3834,0.003548484732167334
3835,0.003548484732167334
3836,0.003548484732167334
3837,0.003548484732167334
3838,0.003548484732167334
3839,0.003548484732167334
3840,0.003548484732167334
3841,0.003548484732167334
3842,0.003548484732167334
3843,0.003548484732167334
3844,0.003548484732167334
3845,0.003548484732167334
3846,0.003548484732167334
3847,0.003548484732167334
3848,0.003548484732167334
3849,0.003548484732167334
3850,0.003548484732167334
3851,0.003548484732167334
3852,0.003548484732167334
3853,0.003548484732167334
3854,0.003548484732167334
3855,0.003548484732167334
3856,0.003548484732167334
3857,0.003548484732167334
3858,0.003548484732167334
3859,0.003548484732167334
3860,0.003548484732167334
3861,0.003548484732167334
3862,0.003548484732167334
3863,0.003548484732167334
3864,0.003548484732167334
3865,0.003548484732167334
3866,0.003548484732167334
3867,0.003548484732167334
3868,0.003548484732167334
3869,0.003548484732167334
3870,0.003548484732167334
3871,0.003548484732167334
3872,0.003548484732167334
3873,0.003548484732167334
3874,0.003548484732167334
3875,0.003548484732167334
3876,0.003548484732167334
3877,0.003548484732167334
3878,0.003548484732167334
3879,0.003548484732167334
3880,0.003548484732167334
3881,0.003548484732167334
3882,0.003548484732167334
3883,0.003548484732167334
3884,0.003548484732167334
3885,0.003548484732167334
3886,0.003548484732167334
3887,0.003548484732167334
3888,0.003548484732167334
3889,0.003548484732167334
3890,0.003548484732167334
3891,0.003548484732167334
3892,0.003548484732167334
3893,0.003548484732167334
3894,0.003548484732167334
3895,0.003548484732167334
3896,0.003548484732167334
3897,0.003548484732167334
3898,0.003548484732167334
3899,0.003548484732167334
3900,0.003548484732167334
3901,0.003548484732167334
3902,0.003548484732167334
3903,0.003548484732167334
3904,0.003548484732167334
3905,0.003548484732167334
3906,0.003548484732167334
3907,0.003548484732167334
3908,0.003548484732167334
3909,0.003548484732167334
3910,0.003548484732167334
3911,0.003548484732167334
3912,0.003548484732167334
3913,0.003548484732167334
3914,0.003548484732167334
3915,0.003548484732167334
3916,0.003548484732167334
3917,0.003548484732167334
3918,0.003548484732167334
3919,0.003548484732167334
3920,0.003548484732167334
3921,0.003548484732167334
3922,0.003548484732167334
3923,0.003548484732167334
3924,0.003548484732167334
3925,0.003548484732167334
3926,0.003548484732167334
3927,0.003548484732167334
3928,0.003548484732167334
3929,0.003548484732167334
3930,0.003548484732167334
3931,0.003548484732167334
3932,0.003548484732167334
3933,0.003548484732167334
3934,0.003548484732167334
3935,0.003548484732167334
3936,0.003548484732167334
3937,0.003548484732167334
3938,0.003548484732167334
3939,0.003548484732167334
3940,0.003548484732167334
3941,0.003548484732167334
3942,0.003548484732167334
3943,0.003548484732167334
3944,0.003548484732167334
3945,0.003548484732167334
3946,0.003548484732167334
3947,0.003548484732167334
3948,0.003548484732167334
3949,0.003548484732167334
3950,0.003548484732167334
3951,0.003548484732167334
3952,0.003548484732167334
3953,0.003548484732167334
3954,0.003548484732167334
3955,0.003548484732167334
3956,0.003548484732167334
3957,0.003548484732167334
3958,0.003548484732167334
3959,0.003548484732167334
3960,0.003548484732167334
3961,0.003548484732167334
3962,0.003548484732167334
3963,0.003548484732167334
3964,0.003548484732167334
3965,0.003548484732167334
3966,0.003548484732167334
3967,0.003548484732167334
3968,0.003548484732167334
3969,0.003548484732167334
3970,0.003548484732167334
3971,0.003548484732167334
3972,0.003548484732167334
3973,0.003548484732167334
3974,0.003548484732167334
3975,0.003548484732167334
3976,0.003548484732167334
3977,0.003548484732167334
3978,0.003548484732167334
3979,0.003548484732167334
3980,0.003548484732167334
3981,0.003548484732167334
3982,0.003548484732167334
3983,0.003548484732167334
3984,0.003548484732167334
3985,0.003548484732167334
3986,0.003548484732167334
3987,0.003548484732167334
3988,0.003548484732167334
3989,0.003548484732167334
3990,0.003548484732167334
3991,0.003548484732167334
3992,0.003548484732167334
3993,0.003548484732167334
3994,0.003548484732167334
3995,0.003548484732167334
3996,0.003548484732167334
3997,0.003548484732167334
3998,0.003548484732167334
3999,0.003548484732167334
4000,0.003548484732167334
4001,0.003548484732167334
4002,0.003548484732167334
4003,0.003548484732167334
4004,0.003548484732167334
4005,0.003548484732167334
4006,0.003548484732167334
4007,0.003548484732167334
4008,0.003548484732167334
4009,0.003548484732167334
4010,0.003548484732167334
4011,0.003548484732167334
4012,0.003548484732167334
4013,0.003548484732167334
4014,0.003548484732167334
4015,0.003548484732167334
4016,0.003548484732167334
4017,0.003548484732167334
4018,0.003548484732167334
4019,0.003548484732167334
4020,0.003548484732167334
4021,0.003548484732167334
4022,0.003548484732167334
4023,0.003548484732167334
4024,0.003548484732167334
4025,0.003548484732167334
4026,0.003548484732167334
4027,0.003548484732167334
4028,0.003548484732167334
4029,0.003548484732167334
4030,0.003548484732167334
4031,0.003548484732167334
4032,0.003548484732167334
4033,0.003548484732167334
4034,0.003548484732167334
4035,0.003548484732167334
4036,0.003548484732167334
4037,0.003548484732167334
4038,0.003548484732167334
4039,0.003548484732167334
4040,0.003548484732167334
4041,0.003548484732167334
4042,0.003548484732167334
4043,0.003548484732167334
4044,0.003548484732167334
4045,0.003548484732167334
4046,0.003548484732167334
4047,0.003548484732167334
4048,0.003548484732167334
4049,0.003548484732167334
4050,0.003548484732167334
4051,0.003548484732167334
4052,0.003548484732167334
4053,0.003548484732167334
4054,0.003548484732167334
4055,0.003548484732167334
4056,0.003548484732167334
4057,0.003548484732167334
4058,0.003548484732167334
4059,0.003548484732167334
4060,0.003548484732167334
4061,0.003548484732167334
4062,0.003548484732167334
4063,0.003548484732167334
4064,0.003548484732167334
4065,0.003548484732167334
4066,0.003548484732167334
4067,0.003548484732167334
4068,0.003548484732167334
4069,0.003548484732167334
4070,0.003548484732167334
4071,0.003548484732167334
4072,0.003548484732167334
4073,0.003548484732167334
4074,0.003548484732167334
4075,0.003548484732167334
4076,0.003548484732167334
4077,0.003548484732167334
4078,0.003548484732167334
4079,0.003548484732167334
4080,0.003548484732167334
4081,0.003548484732167334
4082,0.003548484732167334
4083,0.003548484732167334
4084,0.003548484732167334
4085,0.003548484732167334
4086,0.003548484732167334
4087,0.003548484732167334
4088,0.003548484732167334
4089,0.003548484732167334
4090,0.003548484732167334
4091,0.003548484732167334
4092,0.003548484732167334
4093,0.003548484732167334
4094,0.003548484732167334
4095,0.003548484732167334
4096,0.003548484732167334
4097,0.003548484732167334
4098,0.003548484732167334
4099,0.003548484732167334
4100,0.003548484732167334
4101,0.003548484732167334
4102,0.003548484732167334
4103,0.003548484732167334
4104,0.003548484732167334
4105,0.003548484732167334
4106,0.003548484732167334
4107,0.003548484732167334
4108,0.003548484732167334
4109,0.003548484732167334
4110,0.003548484732167334
4111,0.003548484732167334
4112,0.003548484732167334
4113,0.003548484732167334
4114,0.003548484732167334
4115,0.003548484732167334
4116,0.003548484732167334
4117,0.003548484732167334
4118,0.003548484732167334
4119,0.003548484732167334
4120,0.003548484732167334
4121,0.003548484732167334
4122,0.003548484732167334
4123,0.003548484732167334
4124,0.003548484732167334
4125,0.003548484732167334
4126,0.003548484732167334
4127,0.003548484732167334
4128,0.003548484732167334
4129,0.003548484732167334
4130,0.003548484732167334
4131,0.003548484732167334
4132,0.003548484732167334
4133,0.003548484732167334
4134,0.003548484732167334
4135,0.003548484732167334
4136,0.003548484732167334
4137,0.003548484732167334
4138,0.003548484732167334
4139,0.003548484732167334
4140,0.003548484732167334
4141,0.003548484732167334
4142,0.003548484732167334
4143,0.003548484732167334
4144,0.003548484732167334
4145,0.003548484732167334
4146,0.003548484732167334
4147,0.003548484732167334
4148,0.003548484732167334
4149,0.003548484732167334
4150,0.003548484732167334
4151,0.003548484732167334
4152,0.003548484732167334
4153,0.003548484732167334
4154,0.003548484732167334
4155,0.003548484732167334
4156,0.003548484732167334
4157,0.003548484732167334
4158,0.003548484732167334
4159,0.003548484732167334
4160,0.003548484732167334
4161,0.003548484732167334
4162,0.003548484732167334
4163,0.003548484732167334
4164,0.003548484732167334
4165,0.003548484732167334
4166,0.003548484732167334
4167,0.003548484732167334
4168,0.003548484732167334
4169,0.003548484732167334
4170,0.003548484732167334
4171,0.003548484732167334
4172,0.003548484732167334
4173,0.003548484732167334
4174,0.003548484732167334
4175,0.003548484732167334
4176,0.003548484732167334
4177,0.003548484732167334
4178,0.003548484732167334
4179,0.003548484732167334
4180,0.003548484732167334
4181,0.003548484732167334
4182,0.003548484732167334
4183,0.003548484732167334
4184,0.003548484732167334
4185,0.003548484732167334
4186,0.003548484732167334
4187,0.003548484732167334
4188,0.003548484732167334
4189,0.003548484732167334
4190,0.003548484732167334
4191,0.003548484732167334
4192,0.003548484732167334
4193,0.003548484732167334
4194,0.003548484732167334
4195,0.003548484732167334
4196,0.003548484732167334
4197,0.003548484732167334
4198,0.003548484732167334
4199,0.003548484732167334
4200,0.003548484732167334
4201,0.003548484732167334
4202,0.003548484732167334
4203,0.003548484732167334
4204,0.003548484732167334
4205,0.003548484732167334
4206,0.003548484732167334
4207,0.003548484732167334
4208,0.003548484732167334
4209,0.003548484732167334
4210,0.003548484732167334
4211,0.003548484732167334
4212,0.003548484732167334
4213,0.003548484732167334
4214,0.003548484732167334
4215,0.003548484732167334
4216,0.003548484732167334
4217,0.003548484732167334
4218,0.003548484732167334
4219,0.003548484732167334
4220,0.003548484732167334
4221,0.003548484732167334
4222,0.003548484732167334
4223,0.003548484732167334
4224,0.003548484732167334
4225,0.003548484732167334
4226,0.003548484732167334
4227,0.003548484732167334
4228,0.003548484732167334
4229,0.003548484732167334
4230,0.003548484732167334
4231,0.003548484732167334
4232,0.003548484732167334
4233,0.003548484732167334
4234,0.003548484732167334
4235,0.003548484732167334
4236,0.003548484732167334
4237,0.003548484732167334
4238,0.003548484732167334
4239,0.003548484732167334
4240,0.003548484732167334
4241,0.003548484732167334
4242,0.003548484732167334
4243,0.003548484732167334
4244,0.003548484732167334
4245,0.003548484732167334
4246,0.003548484732167334
4247,0.003548484732167334
4248,0.003548484732167334
4249,0.003548484732167334
4250,0.003548484732167334
4251,0.003548484732167334
4252,0.003548484732167334
4253,0.003548484732167334
4254,0.003548484732167334
4255,0.003548484732167334
4256,0.003548484732167334
4257,0.003548484732167334
4258,0.003548484732167334
4259,0.003548484732167334
4260,0.003548484732167334
4261,0.003548484732167334
4262,0.003548484732167334
4263,0.003548484732167334
4264,0.003548484732167334
4265,0.003548484732167334
4266,0.003548484732167334
4267,0.003548484732167334
4268,0.003548484732167334
4269,0.003548484732167334
4270,0.003548484732167334
4271,0.003548484732167334
4272,0.003548484732167334
4273,0.003548484732167334
4274,0.003548484732167334
4275,0.003548484732167334
4276,0.003548484732167334
4277,0.003548484732167334
4278,0.003548484732167334
4279,0.003548484732167334
4280,0.003548484732167334
4281,0.003548484732167334
4282,0.003548484732167334
4283,0.003548484732167334
4284,0.003548484732167334
4285,0.003548484732167334
4286,0.003548484732167334
4287,0.003548484732167334
4288,0.003548484732167334
4289,0.003548484732167334
4290,0.003548484732167334
4291,0.003548484732167334
4292,0.003548484732167334
4293,0.003548484732167334
4294,0.003548484732167334
4295,0.003548484732167334
4296,0.003548484732167334
4297,0.003548484732167334
4298,0.003548484732167334
4299,0.003548484732167334
4300,0.003548484732167334
4301,0.003548484732167334
4302,0.003548484732167334
4303,0.003548484732167334
4304,0.003548484732167334
4305,0.003548484732167334
4306,0.003548484732167334
4307,0.003548484732167334
4308,0.003548484732167334
4309,0.003548484732167334
4310,0.003548484732167334
4311,0.003548484732167334
4312,0.003548484732167334
4313,0.003548484732167334
4314,0.003548484732167334
4315,0.003548484732167334
4316,0.003548484732167334
4317,0.003548484732167334
4318,0.003548484732167334
4319,0.003548484732167334
4320,0.003548484732167334
4321,0.003548484732167334
4322,0.003548484732167334
4323,0.003548484732167334
4324,0.003548484732167334
4325,0.003548484732167334
4326,0.003548484732167334
4327,0.003548484732167334
4328,0.003548484732167334
4329,0.003548484732167334
4330,0.003548484732167334
4331,0.003548484732167334
4332,0.003548484732167334
4333,0.003548484732167334
4334,0.003548484732167334
4335,0.003548484732167334
4336,0.003548484732167334
4337,0.003548484732167334
4338,0.003548484732167334
4339,0.003548484732167334
4340,0.003548484732167334
4341,0.003548484732167334
4342,0.003548484732167334
4343,0.003548484732167334
4344,0.003548484732167334
4345,0.003548484732167334
4346,0.003548484732167334
4347,0.003548484732167334
4348,0.003548484732167334
4349,0.003548484732167334
4350,0.003548484732167334
4351,0.003548484732167334
4352,0.003548484732167334
4353,0.003548484732167334
4354,0.003548484732167334
4355,0.003548484732167334
4356,0.003548484732167334
4357,0.003548484732167334
4358,0.003548484732167334
4359,0.003548484732167334
4360,0.003548484732167334
4361,0.003548484732167334
4362,0.003548484732167334
4363,0.003548484732167334
4364,0.003548484732167334
4365,0.003548484732167334
4366,0.003548484732167334
4367,0.003548484732167334
4368,0.003548484732167334
4369,0.003548484732167334
4370,0.003548484732167334
4371,0.003548484732167334
4372,0.003548484732167334
4373,0.003548484732167334
4374,0.003548484732167334
4375,0.003548484732167334
4376,0.003548484732167334
4377,0.003548484732167334
4378,0.003548484732167334
4379,0.003548484732167334
4380,0.003548484732167334
4381,0.003548484732167334
4382,0.003548484732167334
4383,0.003548484732167334
4384,0.003548484732167334
4385,0.003548484732167334
4386,0.003548484732167334
4387,0.003548484732167334
4388,0.003548484732167334
4389,0.003548484732167334
4390,0.003548484732167334
4391,0.003548484732167334
4392,0.003548484732167334
4393,0.003548484732167334
4394,0.003548484732167334
4395,0.003548484732167334
4396,0.003548484732167334
4397,0.003548484732167334
4398,0.003548484732167334
4399,0.003548484732167334
4400,0.003548484732167334
4401,0.003548484732167334
4402,0.003548484732167334
4403,0.003548484732167334
4404,0.003548484732167334
4405,0.003548484732167334
4406,0.003548484732167334
4407,0.003548484732167334
4408,0.003548484732167334
4409,0.003548484732167334
4410,0.003548484732167334
4411,0.003548484732167334
4412,0.003548484732167334
4413,0.003548484732167334
4414,0.003548484732167334
4415,0.003548484732167334
4416,0.003548484732167334
4417,0.003548484732167334
4418,0.003548484732167334
4419,0.003548484732167334
4420,0.003548484732167334
4421,0.003548484732167334
4422,0.003548484732167334
4423,0.003548484732167334
4424,0.003548484732167334
4425,0.003548484732167334
4426,0.003548484732167334
4427,0.003548484732167334
4428,0.003548484732167334
4429,0.003548484732167334
4430,0.003548484732167334
4431,0.003548484732167334
4432,0.003548484732167334
4433,0.003548484732167334
4434,0.003548484732167334
4435,0.003548484732167334
4436,0.003548484732167334
4437,0.003548484732167334
4438,0.003548484732167334
4439,0.003548484732167334
4440,0.003548484732167334
4441,0.003548484732167334
4442,0.003548484732167334
4443,0.003548484732167334
4444,0.003548484732167334
4445,0.003548484732167334
4446,0.003548484732167334
4447,0.003548484732167334
4448,0.003548484732167334
4449,0.003548484732167334
4450,0.003548484732167334
4451,0.003548484732167334
4452,0.003548484732167334
4453,0.003548484732167334
4454,0.003548484732167334
4455,0.003548484732167334
4456,0.003548484732167334
4457,0.003548484732167334
4458,0.003548484732167334
4459,0.003548484732167334
4460,0.003548484732167334
4461,0.003548484732167334
4462,0.003548484732167334
4463,0.003548484732167334
4464,0.003548484732167334
4465,0.003548484732167334
4466,0.003548484732167334
4467,0.003548484732167334
4468,0.003548484732167334
4469,0.003548484732167334
4470,0.003548484732167334
4471,0.003548484732167334
4472,0.003548484732167334
4473,0.003548484732167334
4474,0.003548484732167334
4475,0.003548484732167334
4476,0.003548484732167334
4477,0.003548484732167334
4478,0.003548484732167334
4479,0.003548484732167334
4480,0.003548484732167334
4481,0.003548484732167334
4482,0.003548484732167334
4483,0.003548484732167334
4484,0.003548484732167334
4485,0.003548484732167334
4486,0.003548484732167334
4487,0.003548484732167334
4488,0.003548484732167334
4489,0.003548484732167334
4490,0.003548484732167334
4491,0.003548484732167334
4492,0.003548484732167334
4493,0.003548484732167334
4494,0.003548484732167334
4495,0.003548484732167334
4496,0.003548484732167334
4497,0.003548484732167334
4498,0.003548484732167334
4499,0.003548484732167334
4500,0.003548484732167334
4501,0.003548484732167334
4502,0.003548484732167334
4503,0.003548484732167334
4504,0.003548484732167334
4505,0.003548484732167334
4506,0.003548484732167334
4507,0.003548484732167334
4508,0.003548484732167334
4509,0.003548484732167334
4510,0.003548484732167334
4511,0.003548484732167334
4512,0.003548484732167334
4513,0.003548484732167334
4514,0.003548484732167334
4515,0.003548484732167334
4516,0.003548484732167334
4517,0.003548484732167334
4518,0.003548484732167334
4519,0.003548484732167334
4520,0.003548484732167334
4521,0.003548484732167334
4522,0.003548484732167334
4523,0.003548484732167334
4524,0.003548484732167334
4525,0.003548484732167334
4526,0.003548484732167334
4527,0.003548484732167334
4528,0.003548484732167334
4529,0.003548484732167334
4530,0.003548484732167334
4531,0.003548484732167334
4532,0.003548484732167334
4533,0.003548484732167334
4534,0.003548484732167334
4535,0.003548484732167334
4536,0.003548484732167334
4537,0.003548484732167334
4538,0.003548484732167334
4539,0.003548484732167334
4540,0.003548484732167334
4541,0.003548484732167334
4542,0.003548484732167334
4543,0.003548484732167334
4544,0.003548484732167334
4545,0.003548484732167334
4546,0.003548484732167334
4547,0.003548484732167334
4548,0.003548484732167334
4549,0.003548484732167334
4550,0.003548484732167334
4551,0.003548484732167334
4552,0.003548484732167334
4553,0.003548484732167334
4554,0.003548484732167334
4555,0.003548484732167334
4556,0.003548484732167334
4557,0.003548484732167334
4558,0.003548484732167334
4559,0.003548484732167334
4560,0.003548484732167334
4561,0.003548484732167334
4562,0.003548484732167334
4563,0.003548484732167334
4564,0.003548484732167334
4565,0.003548484732167334
4566,0.003548484732167334
4567,0.003548484732167334
4568,0.003548484732167334
4569,0.003548484732167334
4570,0.003548484732167334
4571,0.003548484732167334
4572,0.003548484732167334
4573,0.003548484732167334
4574,0.003548484732167334
4575,0.003548484732167334
4576,0.003548484732167334
4577,0.003548484732167334
4578,0.003548484732167334
4579,0.003548484732167334
4580,0.003548484732167334
4581,0.003548484732167334
4582,0.003548484732167334
4583,0.003548484732167334
4584,0.003548484732167334
4585,0.003548484732167334
4586,0.003548484732167334
4587,0.003548484732167334
4588,0.003548484732167334
4589,0.003548484732167334
4590,0.003548484732167334
4591,0.003548484732167334
4592,0.003548484732167334
4593,0.003548484732167334
4594,0.003548484732167334
4595,0.003548484732167334
4596,0.003548484732167334
4597,0.003548484732167334
4598,0.003548484732167334
4599,0.003548484732167334
4600,0.003548484732167334
4601,0.003548484732167334
4602,0.003548484732167334
4603,0.003548484732167334
4604,0.003548484732167334
4605,0.003548484732167334
4606,0.003548484732167334
4607,0.003548484732167334
4608,0.003548484732167334
4609,0.003548484732167334
4610,0.003548484732167334
4611,0.003548484732167334
4612,0.003548484732167334
4613,0.003548484732167334
4614,0.003548484732167334
4615,0.003548484732167334
4616,0.003548484732167334
4617,0.003548484732167334
4618,0.003548484732167334
4619,0.003548484732167334
4620,0.003548484732167334
4621,0.003548484732167334
4622,0.003548484732167334
4623,0.003548484732167334
4624,0.003548484732167334
4625,0.003548484732167334
4626,0.003548484732167334
4627,0.003548484732167334
4628,0.003548484732167334
4629,0.003548484732167334
4630,0.003548484732167334
4631,0.003548484732167334
4632,0.003548484732167334
4633,0.003548484732167334
4634,0.003548484732167334
4635,0.003548484732167334
4636,0.003548484732167334
4637,0.003548484732167334
4638,0.003548484732167334
4639,0.003548484732167334
4640,0.003548484732167334
4641,0.003548484732167334
4642,0.003548484732167334
4643,0.003548484732167334
4644,0.003548484732167334
4645,0.003548484732167334
4646,0.003548484732167334
4647,0.003548484732167334
4648,0.003548484732167334
4649,0.003548484732167334
4650,0.003548484732167334
4651,0.003548484732167334
4652,0.003548484732167334
4653,0.003548484732167334
4654,0.003548484732167334
4655,0.003548484732167334
4656,0.003548484732167334
4657,0.003548484732167334
4658,0.003548484732167334
4659,0.003548484732167334
4660,0.003548484732167334
4661,0.003548484732167334
4662,0.003548484732167334
4663,0.003548484732167334
4664,0.003548484732167334
4665,0.003548484732167334
4666,0.003548484732167334
4667,0.003548484732167334
4668,0.003548484732167334
4669,0.003548484732167334
4670,0.003548484732167334
4671,0.003548484732167334
4672,0.003548484732167334
4673,0.003548484732167334
4674,0.003548484732167334
4675,0.003548484732167334
4676,0.003548484732167334
4677,0.003548484732167334
4678,0.003548484732167334
4679,0.003548484732167334
4680,0.003548484732167334
4681,0.003548484732167334
4682,0.003548484732167334
4683,0.003548484732167334
4684,0.003548484732167334
4685,0.003548484732167334
4686,0.003548484732167334
4687,0.003548484732167334
4688,0.003548484732167334
4689,0.003548484732167334
4690,0.003548484732167334
4691,0.003548484732167334
4692,0.003548484732167334
4693,0.003548484732167334
4694,0.003548484732167334
4695,0.003548484732167334
4696,0.003548484732167334
4697,0.003548484732167334
4698,0.003548484732167334
4699,0.003548484732167334
4700,0.003548484732167334
4701,0.003548484732167334
4702,0.003548484732167334
4703,0.003548484732167334
4704,0.003548484732167334
4705,0.003548484732167334
4706,0.003548484732167334
4707,0.003548484732167334
4708,0.003548484732167334
4709,0.003548484732167334
4710,0.003548484732167334
4711,0.003548484732167334
4712,0.003548484732167334
4713,0.003548484732167334
4714,0.003548484732167334
4715,0.003548484732167334
4716,0.003548484732167334
4717,0.003548484732167334
4718,0.003548484732167334
4719,0.003548484732167334
4720,0.003548484732167334
4721,0.003548484732167334
4722,0.003548484732167334
4723,0.003548484732167334
4724,0.003548484732167334
4725,0.003548484732167334
4726,0.003548484732167334
4727,0.003548484732167334
4728,0.003548484732167334
4729,0.003548484732167334
4730,0.003548484732167334
4731,0.003548484732167334
4732,0.003548484732167334
4733,0.003548484732167334
4734,0.003548484732167334
4735,0.003548484732167334
4736,0.003548484732167334
4737,0.003548484732167334
4738,0.003548484732167334
4739,0.003548484732167334
4740,0.003548484732167334
4741,0.003548484732167334
4742,0.003548484732167334
4743,0.003548484732167334
4744,0.003548484732167334
4745,0.003548484732167334
4746,0.003548484732167334
4747,0.003548484732167334
4748,0.003548484732167334
4749,0.003548484732167334
4750,0.003548484732167334
4751,0.003548484732167334
4752,0.003548484732167334
4753,0.003548484732167334
4754,0.003548484732167334
4755,0.003548484732167334
4756,0.003548484732167334
4757,0.003548484732167334
4758,0.003548484732167334
4759,0.003548484732167334
4760,0.003548484732167334
4761,0.003548484732167334
4762,0.003548484732167334
4763,0.003548484732167334
4764,0.003548484732167334
4765,0.003548484732167334
4766,0.003548484732167334
4767,0.003548484732167334
4768,0.003548484732167334
4769,0.003548484732167334
4770,0.003548484732167334
4771,0.003548484732167334
4772,0.003548484732167334
4773,0.003548484732167334
4774,0.003548484732167334
4775,0.003548484732167334
4776,0.003548484732167334
4777,0.003548484732167334
4778,0.003548484732167334
4779,0.003548484732167334
4780,0.003548484732167334
4781,0.003548484732167334
4782,0.003548484732167334
4783,0.003548484732167334
4784,0.003548484732167334
4785,0.003548484732167334
4786,0.003548484732167334
4787,0.003548484732167334
4788,0.003548484732167334
4789,0.003548484732167334
4790,0.003548484732167334
4791,0.003548484732167334
4792,0.003548484732167334
4793,0.003548484732167334
4794,0.003548484732167334
4795,0.003548484732167334
4796,0.003548484732167334
4797,0.003548484732167334
4798,0.003548484732167334
4799,0.003548484732167334
4800,0.003548484732167334
4801,0.003548484732167334
4802,0.003548484732167334
4803,0.003548484732167334
4804,0.003548484732167334
4805,0.003548484732167334
4806,0.003548484732167334
4807,0.003548484732167334
4808,0.003548484732167334
4809,0.003548484732167334
4810,0.003548484732167334
4811,0.003548484732167334
4812,0.003548484732167334
4813,0.003548484732167334
4814,0.003548484732167334
4815,0.003548484732167334
4816,0.003548484732167334
4817,0.003548484732167334
4818,0.003548484732167334
4819,0.003548484732167334
4820,0.003548484732167334
4821,0.003548484732167334
4822,0.003548484732167334
4823,0.003548484732167334
4824,0.003548484732167334
4825,0.003548484732167334
4826,0.003548484732167334
4827,0.003548484732167334
4828,0.003548484732167334
4829,0.003548484732167334
4830,0.003548484732167334
4831,0.003548484732167334
4832,0.003548484732167334
4833,0.003548484732167334
4834,0.003548484732167334
4835,0.003548484732167334
4836,0.003548484732167334
4837,0.003548484732167334
4838,0.003548484732167334
4839,0.003548484732167334
4840,0.003548484732167334
4841,0.003548484732167334
4842,0.003548484732167334
4843,0.003548484732167334
4844,0.003548484732167334
4845,0.003548484732167334
4846,0.003548484732167334
4847,0.003548484732167334
4848,0.003548484732167334
4849,0.003548484732167334
4850,0.003548484732167334
4851,0.003548484732167334
4852,0.003548484732167334
4853,0.003548484732167334
4854,0.003548484732167334
4855,0.003548484732167334
4856,0.003548484732167334
4857,0.003548484732167334
4858,0.003548484732167334
4859,0.003548484732167334
4860,0.003548484732167334
4861,0.003548484732167334
4862,0.003548484732167334
4863,0.003548484732167334
4864,0.003548484732167334
4865,0.003548484732167334
4866,0.003548484732167334
4867,0.003548484732167334
4868,0.003548484732167334
4869,0.003548484732167334
4870,0.003548484732167334
4871,0.003548484732167334
4872,0.003548484732167334
4873,0.003548484732167334
4874,0.003548484732167334
4875,0.003548484732167334
4876,0.003548484732167334
4877,0.003548484732167334
4878,0.003548484732167334
4879,0.003548484732167334
4880,0.003548484732167334
4881,0.003548484732167334
4882,0.003548484732167334
4883,0.003548484732167334
4884,0.003548484732167334
4885,0.003548484732167334
4886,0.003548484732167334
4887,0.003548484732167334
4888,0.003548484732167334
4889,0.003548484732167334
4890,0.003548484732167334
4891,0.003548484732167334
4892,0.003548484732167334
4893,0.003548484732167334
4894,0.003548484732167334
4895,0.003548484732167334
4896,0.003548484732167334
4897,0.003548484732167334
4898,0.003548484732167334
4899,0.003548484732167334
4900,0.003548484732167334
4901,0.003548484732167334
4902,0.003548484732167334
4903,0.003548484732167334
4904,0.003548484732167334
4905,0.003548484732167334
4906,0.003548484732167334
4907,0.003548484732167334
4908,0.003548484732167334
4909,0.003548484732167334
4910,0.003548484732167334
4911,0.003548484732167334
4912,0.003548484732167334
4913,0.003548484732167334
4914,0.003548484732167334
4915,0.003548484732167334
4916,0.003548484732167334
4917,0.003548484732167334
4918,0.003548484732167334
4919,0.003548484732167334
4920,0.003548484732167334
4921,0.003548484732167334
4922,0.003548484732167334
4923,0.003548484732167334
4924,0.003548484732167334
4925,0.003548484732167334
4926,0.003548484732167334
4927,0.003548484732167334
4928,0.003548484732167334
4929,0.003548484732167334
4930,0.003548484732167334
4931,0.003548484732167334
4932,0.003548484732167334
4933,0.003548484732167334
4934,0.003548484732167334
4935,0.003548484732167334
4936,0.003548484732167334
4937,0.003548484732167334
4938,0.003548484732167334
4939,0.003548484732167334
4940,0.003548484732167334
4941,0.003548484732167334
4942,0.003548484732167334
4943,0.003548484732167334
4944,0.003548484732167334
4945,0.003548484732167334
4946,0.003548484732167334
4947,0.003548484732167334
4948,0.003548484732167334
4949,0.003548484732167334
4950,0.003548484732167334
4951,0.003548484732167334
4952,0.003548484732167334
4953,0.003548484732167334
4954,0.003548484732167334
4955,0.003548484732167334
4956,0.003548484732167334
4957,0.003548484732167334
4958,0.003548484732167334
4959,0.003548484732167334
4960,0.003548484732167334
4961,0.003548484732167334
4962,0.003548484732167334
4963,0.003548484732167334
4964,0.003548484732167334
4965,0.003548484732167334
4966,0.003548484732167334
4967,0.003548484732167334
4968,0.003548484732167334
4969,0.003548484732167334
4970,0.003548484732167334
4971,0.003548484732167334
4972,0.003548484732167334
4973,0.003548484732167334
4974,0.003548484732167334
4975,0.003548484732167334
4976,0.003548484732167334
4977,0.003548484732167334
4978,0.003548484732167334
4979,0.003548484732167334
4980,0.003548484732167334
4981,0.003548484732167334
4982,0.003548484732167334
4983,0.003548484732167334
4984,0.003548484732167334
4985,0.003548484732167334
4986,0.003548484732167334
4987,0.003548484732167334
4988,0.003548484732167334
4989,0.003548484732167334
4990,0.003548484732167334
4991,0.003548484732167334
4992,0.003548484732167334
4993,0.003548484732167334
4994,0.003548484732167334
4995,0.003548484732167334
4996,0.003548484732167334
4997,0.003548484732167334
4998,0.003548484732167334
4999,0.003548484732167334
5000,0.003548484732167334
5001,0.003548484732167334
5002,0.003548484732167334
5003,0.003548484732167334
5004,0.003548484732167334
5005,0.003548484732167334
5006,0.003548484732167334
5007,0.003548484732167334
5008,0.003548484732167334
5009,0.003548484732167334
5010,0.003548484732167334
5011,0.003548484732167334
5012,0.003548484732167334
5013,0.003548484732167334
5014,0.003548484732167334
5015,0.003548484732167334
5016,0.003548484732167334
5017,0.003548484732167334
5018,0.003548484732167334
5019,0.003548484732167334
5020,0.003548484732167334
5021,0.003548484732167334
5022,0.003548484732167334
5023,0.003548484732167334
5024,0.003548484732167334
5025,0.003548484732167334
5026,0.003548484732167334
5027,0.003548484732167334
5028,0.003548484732167334
5029,0.003548484732167334
5030,0.003548484732167334
5031,0.003548484732167334
5032,0.003548484732167334
5033,0.003548484732167334
5034,0.003548484732167334
5035,0.003548484732167334
5036,0.003548484732167334
5037,0.003548484732167334
5038,0.003548484732167334
5039,0.003548484732167334
5040,0.003548484732167334
5041,0.003548484732167334
5042,0.003548484732167334
5043,0.003548484732167334
5044,0.003548484732167334
5045,0.003548484732167334
5046,0.003548484732167334
5047,0.003548484732167334
5048,0.003548484732167334
5049,0.003548484732167334
5050,0.003548484732167334
5051,0.003548484732167334
5052,0.003548484732167334
5053,0.003548484732167334
5054,0.003548484732167334
5055,0.003548484732167334
5056,0.003548484732167334
5057,0.003548484732167334
5058,0.003548484732167334
5059,0.003548484732167334
5060,0.003548484732167334
5061,0.003548484732167334
5062,0.003548484732167334
5063,0.003548484732167334
5064,0.003548484732167334
5065,0.003548484732167334
5066,0.003548484732167334
5067,0.003548484732167334
5068,0.003548484732167334
5069,0.003548484732167334
5070,0.003548484732167334
5071,0.003548484732167334
5072,0.003548484732167334
5073,0.003548484732167334
5074,0.003548484732167334
5075,0.003548484732167334
5076,0.003548484732167334
5077,0.003548484732167334
5078,0.003548484732167334
5079,0.003548484732167334
5080,0.003548484732167334
5081,0.003548484732167334
5082,0.003548484732167334
5083,0.003548484732167334
5084,0.003548484732167334
5085,0.003548484732167334
5086,0.003548484732167334
5087,0.003548484732167334
5088,0.003548484732167334
5089,0.003548484732167334
5090,0.003548484732167334
5091,0.003548484732167334
5092,0.003548484732167334
5093,0.003548484732167334
5094,0.003548484732167334
5095,0.003548484732167334
5096,0.003548484732167334
5097,0.003548484732167334
5098,0.003548484732167334
5099,0.003548484732167334
5100,0.003548484732167334
5101,0.003548484732167334
5102,0.003548484732167334
5103,0.003548484732167334
5104,0.003548484732167334
5105,0.003548484732167334
5106,0.003548484732167334
5107,0.003548484732167334
5108,0.003548484732167334
5109,0.003548484732167334
5110,0.003548484732167334
5111,0.003548484732167334
5112,0.003548484732167334
5113,0.003548484732167334
5114,0.003548484732167334
5115,0.003548484732167334
5116,0.003548484732167334
5117,0.003548484732167334
5118,0.003548484732167334
5119,0.003548484732167334
5120,0.003548484732167334
5121,0.003548484732167334
5122,0.003548484732167334
5123,0.003548484732167334
5124,0.003548484732167334
5125,0.003548484732167334
5126,0.003548484732167334
5127,0.003548484732167334
5128,0.003548484732167334
5129,0.003548484732167334
5130,0.003548484732167334
5131,0.003548484732167334
5132,0.003548484732167334
5133,0.003548484732167334
5134,0.003548484732167334
5135,0.003548484732167334
5136,0.003548484732167334
5137,0.003548484732167334
5138,0.003548484732167334
5139,0.003548484732167334
5140,0.003548484732167334
5141,0.003548484732167334
5142,0.003548484732167334
5143,0.003548484732167334
5144,0.003548484732167334
5145,0.003548484732167334
5146,0.003548484732167334
5147,0.003548484732167334
5148,0.003548484732167334
5149,0.003548484732167334
5150,0.003548484732167334
5151,0.003548484732167334
5152,0.003548484732167334
5153,0.003548484732167334
5154,0.003548484732167334
5155,0.003548484732167334
5156,0.003548484732167334
5157,0.003548484732167334
5158,0.003548484732167334
5159,0.003548484732167334
5160,0.003548484732167334
5161,0.003548484732167334
5162,0.003548484732167334
5163,0.003548484732167334
5164,0.003548484732167334
5165,0.003548484732167334
5166,0.003548484732167334
5167,0.003548484732167334
5168,0.003548484732167334
5169,0.003548484732167334
5170,0.003548484732167334
5171,0.003548484732167334
5172,0.003548484732167334
5173,0.003548484732167334
5174,0.003548484732167334
5175,0.003548484732167334
5176,0.003548484732167334
5177,0.003548484732167334
5178,0.003548484732167334
5179,0.003548484732167334
5180,0.003548484732167334
5181,0.003548484732167334
5182,0.003548484732167334
5183,0.003548484732167334
5184,0.003548484732167334
5185,0.003548484732167334
5186,0.003548484732167334
5187,0.003548484732167334
5188,0.003548484732167334
5189,0.003548484732167334
5190,0.003548484732167334
5191,0.003548484732167334
5192,0.003548484732167334
5193,0.003548484732167334
5194,0.003548484732167334
5195,0.003548484732167334
5196,0.003548484732167334
5197,0.003548484732167334
5198,0.003548484732167334
5199,0.003548484732167334
5200,0.003548484732167334
5201,0.003548484732167334
5202,0.003548484732167334
5203,0.003548484732167334
5204,0.003548484732167334
5205,0.003548484732167334
5206,0.003548484732167334
5207,0.003548484732167334
5208,0.003548484732167334
5209,0.003548484732167334
5210,0.003548484732167334
5211,0.003548484732167334
5212,0.003548484732167334
5213,0.003548484732167334
5214,0.003548484732167334
5215,0.003548484732167334
5216,0.003548484732167334
5217,0.003548484732167334
5218,0.003548484732167334
5219,0.003548484732167334
5220,0.003548484732167334
5221,0.003548484732167334
5222,0.003548484732167334
5223,0.003548484732167334
5224,0.003548484732167334
5225,0.003548484732167334
5226,0.003548484732167334
5227,0.003548484732167334
5228,0.003548484732167334
5229,0.003548484732167334
5230,0.003548484732167334
5231,0.003548484732167334
5232,0.003548484732167334
5233,0.003548484732167334
5234,0.003548484732167334
5235,0.003548484732167334
5236,0.003548484732167334
5237,0.003548484732167334
5238,0.003548484732167334
5239,0.003548484732167334
5240,0.003548484732167334
5241,0.003548484732167334
5242,0.003548484732167334
5243,0.003548484732167334
5244,0.003548484732167334
5245,0.003548484732167334
5246,0.003548484732167334
5247,0.003548484732167334
5248,0.003548484732167334
5249,0.003548484732167334
5250,0.003548484732167334
5251,0.003548484732167334
5252,0.003548484732167334
5253,0.003548484732167334
5254,0.003548484732167334
5255,0.003548484732167334
5256,0.003548484732167334
5257,0.003548484732167334
5258,0.003548484732167334
5259,0.003548484732167334
5260,0.003548484732167334
5261,0.003548484732167334
5262,0.003548484732167334
5263,0.003548484732167334
5264,0.003548484732167334
5265,0.003548484732167334
5266,0.003548484732167334
5267,0.003548484732167334
5268,0.003548484732167334
5269,0.003548484732167334
5270,0.003548484732167334
5271,0.003548484732167334
5272,0.003548484732167334
5273,0.003548484732167334
5274,0.003548484732167334
5275,0.003548484732167334
5276,0.003548484732167334
5277,0.003548484732167334
5278,0.003548484732167334
5279,0.003548484732167334
5280,0.003548484732167334
5281,0.003548484732167334
5282,0.003548484732167334
5283,0.003548484732167334
5284,0.003548484732167334
5285,0.003548484732167334
5286,0.003548484732167334
5287,0.003548484732167334
5288,0.003548484732167334
5289,0.003548484732167334
5290,0.003548484732167334
5291,0.003548484732167334
5292,0.003548484732167334
5293,0.003548484732167334
5294,0.003548484732167334
5295,0.003548484732167334
5296,0.003548484732167334
5297,0.003548484732167334
5298,0.003548484732167334
5299,0.003548484732167334
5300,0.003548484732167334
5301,0.003548484732167334
5302,0.003548484732167334
5303,0.003548484732167334
5304,0.003548484732167334
5305,0.003548484732167334
5306,0.003548484732167334
5307,0.003548484732167334
5308,0.003548484732167334
5309,0.003548484732167334
5310,0.003548484732167334
5311,0.003548484732167334
5312,0.003548484732167334
5313,0.003548484732167334
5314,0.003548484732167334
5315,0.003548484732167334
5316,0.003548484732167334
5317,0.003548484732167334
5318,0.003548484732167334
5319,0.003548484732167334
5320,0.003548484732167334
5321,0.003548484732167334
5322,0.003548484732167334
5323,0.003548484732167334
5324,0.003548484732167334
5325,0.003548484732167334
5326,0.003548484732167334
5327,0.003548484732167334
5328,0.003548484732167334
5329,0.003548484732167334
5330,0.003548484732167334
5331,0.003548484732167334
5332,0.003548484732167334
5333,0.003548484732167334
5334,0.003548484732167334
5335,0.003548484732167334
5336,0.003548484732167334
5337,0.003548484732167334
5338,0.003548484732167334
5339,0.003548484732167334
5340,0.003548484732167334
5341,0.003548484732167334
5342,0.003548484732167334
5343,0.003548484732167334
5344,0.003548484732167334
5345,0.003548484732167334
5346,0.003548484732167334
5347,0.003548484732167334
5348,0.003548484732167334
5349,0.003548484732167334
5350,0.003548484732167334
5351,0.003548484732167334
5352,0.003548484732167334
5353,0.003548484732167334
5354,0.003548484732167334
5355,0.003548484732167334
5356,0.003548484732167334
5357,0.003548484732167334
5358,0.003548484732167334
5359,0.003548484732167334
5360,0.003548484732167334
5361,0.003548484732167334
5362,0.003548484732167334
5363,0.003548484732167334
5364,0.003548484732167334
5365,0.003548484732167334
5366,0.003548484732167334
5367,0.003548484732167334
5368,0.003548484732167334
5369,0.003548484732167334
5370,0.003548484732167334
5371,0.003548484732167334
5372,0.003548484732167334
5373,0.003548484732167334
5374,0.003548484732167334
5375,0.003548484732167334
5376,0.003548484732167334
5377,0.003548484732167334
5378,0.003548484732167334
5379,0.003548484732167334
5380,0.003548484732167334
5381,0.003548484732167334
5382,0.003548484732167334
5383,0.003548484732167334
5384,0.003548484732167334
5385,0.003548484732167334
5386,0.003548484732167334
5387,0.003548484732167334
5388,0.003548484732167334
5389,0.003548484732167334
5390,0.003548484732167334
5391,0.003548484732167334
5392,0.003548484732167334
5393,0.003548484732167334
5394,0.003548484732167334
5395,0.003548484732167334
5396,0.003548484732167334
5397,0.003548484732167334
5398,0.003548484732167334
5399,0.003548484732167334
5400,0.003548484732167334
5401,0.003548484732167334
5402,0.003548484732167334
5403,0.003548484732167334
5404,0.003548484732167334
5405,0.003548484732167334
5406,0.003548484732167334
5407,0.003548484732167334
5408,0.003548484732167334
5409,0.003548484732167334
5410,0.003548484732167334
5411,0.003548484732167334
5412,0.003548484732167334
5413,0.003548484732167334
5414,0.003548484732167334
5415,0.003548484732167334
5416,0.003548484732167334
5417,0.003548484732167334
5418,0.003548484732167334
5419,0.003548484732167334
5420,0.003548484732167334
5421,0.003548484732167334
5422,0.003548484732167334
5423,0.003548484732167334
5424,0.003548484732167334
5425,0.003548484732167334
5426,0.003548484732167334
5427,0.003548484732167334
5428,0.003548484732167334
5429,0.003548484732167334
5430,0.003548484732167334
5431,0.003548484732167334
5432,0.003548484732167334
5433,0.003548484732167334
5434,0.003548484732167334
5435,0.003548484732167334
5436,0.003548484732167334
5437,0.003548484732167334
5438,0.003548484732167334
5439,0.003548484732167334
5440,0.003548484732167334
5441,0.003548484732167334
5442,0.003548484732167334
5443,0.003548484732167334
5444,0.003548484732167334
5445,0.003548484732167334
5446,0.003548484732167334
5447,0.003548484732167334
5448,0.003548484732167334
5449,0.003548484732167334
5450,0.003548484732167334
5451,0.003548484732167334
5452,0.003548484732167334
5453,0.003548484732167334
5454,0.003548484732167334
5455,0.003548484732167334
5456,0.003548484732167334
5457,0.003548484732167334
5458,0.003548484732167334
5459,0.003548484732167334
5460,0.003548484732167334
5461,0.003548484732167334
5462,0.003548484732167334
5463,0.003548484732167334
5464,0.003548484732167334
5465,0.003548484732167334
5466,0.003548484732167334
5467,0.003548484732167334
5468,0.003548484732167334
5469,0.003548484732167334
5470,0.003548484732167334
5471,0.003548484732167334
5472,0.003548484732167334
5473,0.003548484732167334
5474,0.003548484732167334
5475,0.003548484732167334
5476,0.003548484732167334
5477,0.003548484732167334
5478,0.003548484732167334
5479,0.003548484732167334
5480,0.003548484732167334
5481,0.003548484732167334
5482,0.003548484732167334
5483,0.003548484732167334
5484,0.003548484732167334
5485,0.003548484732167334
5486,0.003548484732167334
5487,0.003548484732167334
5488,0.003548484732167334
5489,0.003548484732167334
5490,0.003548484732167334
5491,0.003548484732167334
5492,0.003548484732167334
5493,0.003548484732167334
5494,0.003548484732167334
5495,0.003548484732167334
5496,0.003548484732167334
5497,0.003548484732167334
5498,0.003548484732167334
5499,0.003548484732167334
5500,0.003548484732167334
5501,0.003548484732167334
5502,0.003548484732167334
5503,0.003548484732167334
5504,0.003548484732167334
5505,0.003548484732167334
5506,0.003548484732167334
5507,0.003548484732167334
5508,0.003548484732167334
5509,0.003548484732167334
5510,0.003548484732167334
5511,0.003548484732167334
5512,0.003548484732167334
5513,0.003548484732167334
5514,0.003548484732167334
5515,0.003548484732167334
5516,0.003548484732167334
5517,0.003548484732167334
5518,0.003548484732167334
5519,0.003548484732167334
5520,0.003548484732167334
5521,0.003548484732167334
5522,0.003548484732167334
5523,0.003548484732167334
5524,0.003548484732167334
5525,0.003548484732167334
5526,0.003548484732167334
5527,0.003548484732167334
5528,0.003548484732167334
5529,0.003548484732167334
5530,0.003548484732167334
5531,0.003548484732167334
5532,0.003548484732167334
5533,0.003548484732167334
5534,0.003548484732167334
5535,0.003548484732167334
5536,0.003548484732167334
5537,0.003548484732167334
5538,0.003548484732167334
5539,0.003548484732167334
5540,0.003548484732167334
5541,0.003548484732167334
5542,0.003548484732167334
5543,0.003548484732167334
5544,0.003548484732167334
5545,0.003548484732167334
5546,0.003548484732167334
5547,0.003548484732167334
5548,0.003548484732167334
5549,0.003548484732167334
5550,0.003548484732167334
5551,0.003548484732167334
5552,0.003548484732167334
5553,0.003548484732167334
5554,0.003548484732167334
5555,0.003548484732167334
5556,0.003548484732167334
5557,0.003548484732167334
5558,0.003548484732167334
5559,0.003548484732167334
5560,0.003548484732167334
5561,0.003548484732167334
5562,0.003548484732167334
5563,0.003548484732167334
5564,0.003548484732167334
5565,0.003548484732167334
5566,0.003548484732167334
5567,0.003548484732167334
5568,0.003548484732167334
5569,0.003548484732167334
5570,0.003548484732167334
5571,0.003548484732167334
5572,0.003548484732167334
5573,0.003548484732167334
5574,0.003548484732167334
5575,0.003548484732167334
5576,0.003548484732167334
5577,0.003548484732167334
5578,0.003548484732167334
5579,0.003548484732167334
5580,0.003548484732167334
5581,0.003548484732167334
5582,0.003548484732167334
5583,0.003548484732167334
5584,0.003548484732167334
5585,0.003548484732167334
5586,0.003548484732167334
5587,0.003548484732167334
5588,0.003548484732167334
5589,0.003548484732167334
5590,0.003548484732167334
5591,0.003548484732167334
5592,0.003548484732167334
5593,0.003548484732167334
5594,0.003548484732167334
5595,0.003548484732167334
5596,0.003548484732167334
5597,0.003548484732167334
5598,0.003548484732167334
5599,0.003548484732167334
5600,0.003548484732167334
5601,0.003548484732167334
5602,0.003548484732167334
5603,0.003548484732167334
5604,0.003548484732167334
5605,0.003548484732167334
5606,0.003548484732167334
5607,0.003548484732167334
5608,0.003548484732167334
5609,0.003548484732167334
5610,0.003548484732167334
5611,0.003548484732167334
5612,0.003548484732167334
5613,0.003548484732167334
5614,0.003548484732167334
5615,0.003548484732167334
5616,0.003548484732167334
5617,0.003548484732167334
5618,0.003548484732167334
5619,0.003548484732167334
5620,0.003548484732167334
5621,0.003548484732167334
5622,0.003548484732167334
5623,0.003548484732167334
5624,0.003548484732167334
5625,0.003548484732167334
5626,0.003548484732167334
5627,0.003548484732167334
5628,0.003548484732167334
5629,0.003548484732167334
5630,0.003548484732167334
5631,0.003548484732167334
5632,0.003548484732167334
5633,0.003548484732167334
5634,0.003548484732167334
5635,0.003548484732167334
5636,0.003548484732167334
5637,0.003548484732167334
5638,0.003548484732167334
5639,0.003548484732167334
5640,0.003548484732167334
5641,0.003548484732167334
5642,0.003548484732167334
5643,0.003548484732167334
5644,0.003548484732167334
5645,0.003548484732167334
5646,0.003548484732167334
5647,0.003548484732167334
5648,0.003548484732167334
5649,0.003548484732167334
5650,0.003548484732167334
5651,0.003548484732167334
5652,0.003548484732167334
5653,0.003548484732167334
5654,0.003548484732167334
5655,0.003548484732167334
5656,0.003548484732167334
5657,0.003548484732167334
5658,0.003548484732167334
5659,0.003548484732167334
5660,0.003548484732167334
5661,0.003548484732167334
5662,0.003548484732167334
5663,0.003548484732167334
5664,0.003548484732167334
5665,0.003548484732167334
5666,0.003548484732167334
5667,0.003548484732167334
5668,0.003548484732167334
5669,0.003548484732167334
5670,0.003548484732167334
5671,0.003548484732167334
5672,0.003548484732167334
5673,0.003548484732167334
5674,0.003548484732167334
5675,0.003548484732167334
5676,0.003548484732167334
5677,0.003548484732167334
5678,0.003548484732167334
5679,0.003548484732167334
5680,0.003548484732167334
5681,0.003548484732167334
5682,0.003548484732167334
5683,0.003548484732167334
5684,0.003548484732167334
5685,0.003548484732167334
5686,0.003548484732167334
5687,0.003548484732167334
5688,0.003548484732167334
5689,0.003548484732167334
5690,0.003548484732167334
5691,0.003548484732167334
5692,0.003548484732167334
5693,0.003548484732167334
5694,0.003548484732167334
5695,0.003548484732167334
5696,0.003548484732167334
5697,0.003548484732167334
5698,0.003548484732167334
5699,0.003548484732167334
5700,0.003548484732167334
5701,0.003548484732167334
5702,0.003548484732167334
5703,0.003548484732167334
5704,0.003548484732167334
5705,0.003548484732167334
5706,0.003548484732167334
5707,0.003548484732167334
5708,0.003548484732167334
5709,0.003548484732167334
5710,0.003548484732167334
5711,0.003548484732167334
5712,0.003548484732167334
5713,0.003548484732167334
5714,0.003548484732167334
5715,0.003548484732167334
5716,0.003548484732167334
5717,0.003548484732167334
5718,0.003548484732167334
5719,0.003548484732167334
5720,0.003548484732167334
5721,0.003548484732167334
5722,0.003548484732167334
5723,0.003548484732167334
5724,0.003548484732167334
5725,0.003548484732167334
5726,0.003548484732167334
5727,0.003548484732167334
5728,0.003548484732167334
5729,0.003548484732167334
5730,0.003548484732167334
5731,0.003548484732167334
5732,0.003548484732167334
5733,0.003548484732167334
5734,0.003548484732167334
5735,0.003548484732167334
5736,0.003548484732167334
5737,0.003548484732167334
5738,0.003548484732167334
5739,0.003548484732167334
5740,0.003548484732167334
5741,0.003548484732167334
5742,0.003548484732167334
5743,0.003548484732167334
5744,0.003548484732167334
5745,0.003548484732167334
5746,0.003548484732167334
5747,0.003548484732167334
5748,0.003548484732167334
5749,0.003548484732167334
5750,0.003548484732167334
5751,0.003548484732167334
5752,0.003548484732167334
5753,0.003548484732167334
5754,0.003548484732167334
5755,0.003548484732167334
5756,0.003548484732167334
5757,0.003548484732167334
5758,0.003548484732167334
5759,0.003548484732167334
5760,0.003548484732167334
5761,0.003548484732167334
5762,0.003548484732167334
5763,0.003548484732167334
5764,0.003548484732167334
5765,0.003548484732167334
5766,0.003548484732167334
5767,0.003548484732167334
5768,0.003548484732167334
5769,0.003548484732167334
5770,0.003548484732167334
5771,0.003548484732167334
5772,0.003548484732167334
5773,0.003548484732167334
5774,0.003548484732167334
5775,0.003548484732167334
5776,0.003548484732167334
5777,0.003548484732167334
5778,0.003548484732167334
5779,0.003548484732167334
5780,0.003548484732167334
5781,0.003548484732167334
5782,0.003548484732167334
5783,0.003548484732167334
5784,0.003548484732167334
5785,0.003548484732167334
5786,0.003548484732167334
5787,0.003548484732167334
5788,0.003548484732167334
5789,0.003548484732167334
5790,0.003548484732167334
5791,0.003548484732167334
5792,0.003548484732167334
5793,0.003548484732167334
5794,0.003548484732167334
5795,0.003548484732167334
5796,0.003548484732167334
5797,0.003548484732167334
5798,0.003548484732167334
5799,0.003548484732167334
5800,0.003548484732167334
5801,0.003548484732167334
5802,0.003548484732167334
5803,0.003548484732167334
5804,0.003548484732167334
5805,0.003548484732167334
5806,0.003548484732167334
5807,0.003548484732167334
5808,0.003548484732167334
5809,0.003548484732167334
5810,0.003548484732167334
5811,0.003548484732167334
5812,0.003548484732167334
5813,0.003548484732167334
5814,0.003548484732167334
5815,0.003548484732167334
5816,0.003548484732167334
5817,0.003548484732167334
5818,0.003548484732167334
5819,0.003548484732167334
5820,0.003548484732167334
5821,0.003548484732167334
5822,0.003548484732167334
5823,0.003548484732167334
5824,0.003548484732167334
5825,0.003548484732167334
5826,0.003548484732167334
5827,0.003548484732167334
5828,0.003548484732167334
5829,0.003548484732167334
5830,0.003548484732167334
5831,0.003548484732167334
5832,0.003548484732167334
5833,0.003548484732167334
5834,0.003548484732167334
5835,0.003548484732167334
5836,0.003548484732167334
5837,0.003548484732167334
5838,0.003548484732167334
5839,0.003548484732167334
5840,0.003548484732167334
5841,0.003548484732167334
5842,0.003548484732167334
5843,0.003548484732167334
5844,0.003548484732167334
5845,0.003548484732167334
5846,0.003548484732167334
5847,0.003548484732167334
5848,0.003548484732167334
5849,0.003548484732167334
5850,0.003548484732167334
5851,0.003548484732167334
5852,0.003548484732167334
5853,0.003548484732167334
5854,0.003548484732167334
5855,0.003548484732167334
5856,0.003548484732167334
5857,0.003548484732167334
5858,0.003548484732167334
5859,0.003548484732167334
5860,0.003548484732167334
5861,0.003548484732167334
5862,0.003548484732167334
5863,0.003548484732167334
5864,0.003548484732167334
5865,0.003548484732167334
5866,0.003548484732167334
5867,0.003548484732167334
5868,0.003548484732167334
5869,0.003548484732167334
5870,0.003548484732167334
5871,0.003548484732167334
5872,0.003548484732167334
5873,0.003548484732167334
5874,0.003548484732167334
5875,0.003548484732167334
5876,0.003548484732167334
5877,0.003548484732167334
5878,0.003548484732167334
5879,0.003548484732167334
5880,0.003548484732167334
5881,0.003548484732167334
5882,0.003548484732167334
5883,0.003548484732167334
5884,0.003548484732167334
5885,0.003548484732167334
5886,0.003548484732167334
5887,0.003548484732167334
5888,0.003548484732167334
5889,0.003548484732167334
5890,0.003548484732167334
5891,0.003548484732167334
5892,0.003548484732167334
5893,0.003548484732167334
5894,0.003548484732167334
5895,0.003548484732167334
5896,0.003548484732167334
5897,0.003548484732167334
5898,0.003548484732167334
5899,0.003548484732167334
5900,0.003548484732167334
5901,0.003548484732167334
5902,0.003548484732167334
5903,0.003548484732167334
5904,0.003548484732167334
5905,0.003548484732167334
5906,0.003548484732167334
5907,0.003548484732167334
5908,0.003548484732167334
5909,0.003548484732167334
5910,0.003548484732167334
5911,0.003548484732167334
5912,0.003548484732167334
5913,0.003548484732167334
5914,0.003548484732167334
5915,0.003548484732167334
5916,0.003548484732167334
5917,0.003548484732167334
5918,0.003548484732167334
5919,0.003548484732167334
5920,0.003548484732167334
5921,0.003548484732167334
5922,0.003548484732167334
5923,0.003548484732167334
5924,0.003548484732167334
5925,0.003548484732167334
5926,0.003548484732167334
5927,0.003548484732167334
5928,0.003548484732167334
5929,0.003548484732167334
5930,0.003548484732167334
5931,0.003548484732167334
5932,0.003548484732167334
5933,0.003548484732167334
5934,0.003548484732167334
5935,0.003548484732167334
5936,0.003548484732167334
5937,0.003548484732167334
5938,0.003548484732167334
5939,0.003548484732167334
5940,0.003548484732167334
5941,0.003548484732167334
5942,0.003548484732167334
5943,0.003548484732167334
5944,0.003548484732167334
5945,0.003548484732167334
5946,0.003548484732167334
5947,0.003548484732167334
5948,0.003548484732167334
5949,0.003548484732167334
5950,0.003548484732167334
5951,0.003548484732167334
5952,0.003548484732167334
5953,0.003548484732167334
5954,0.003548484732167334
5955,0.003548484732167334
5956,0.003548484732167334
5957,0.003548484732167334
5958,0.003548484732167334
5959,0.003548484732167334
5960,0.003548484732167334
5961,0.003548484732167334
5962,0.003548484732167334
5963,0.003548484732167334
5964,0.003548484732167334
5965,0.003548484732167334
5966,0.003548484732167334
5967,0.003548484732167334
5968,0.003548484732167334
5969,0.003548484732167334
5970,0.003548484732167334
5971,0.003548484732167334
5972,0.003548484732167334
5973,0.003548484732167334
5974,0.003548484732167334
5975,0.003548484732167334
5976,0.003548484732167334
5977,0.003548484732167334
5978,0.003548484732167334
5979,0.003548484732167334
5980,0.003548484732167334
5981,0.003548484732167334
5982,0.003548484732167334
5983,0.003548484732167334
5984,0.003548484732167334
5985,0.003548484732167334
5986,0.003548484732167334
5987,0.003548484732167334
5988,0.003548484732167334
5989,0.003548484732167334
5990,0.003548484732167334
5991,0.003548484732167334
5992,0.003548484732167334
5993,0.003548484732167334
5994,0.003548484732167334
5995,0.003548484732167334
5996,0.003548484732167334
5997,0.003548484732167334
5998,0.003548484732167334
5999,0.003548484732167334
6000,0.003548484732167334
6001,0.003548484732167334
6002,0.003548484732167334
6003,0.003548484732167334
6004,0.003548484732167334
6005,0.003548484732167334
6006,0.003548484732167334
6007,0.003548484732167334
6008,0.003548484732167334
6009,0.003548484732167334
6010,0.003548484732167334
6011,0.003548484732167334
6012,0.003548484732167334
6013,0.003548484732167334
6014,0.003548484732167334
6015,0.003548484732167334
6016,0.003548484732167334
6017,0.003548484732167334
6018,0.003548484732167334
6019,0.003548484732167334
6020,0.003548484732167334
6021,0.003548484732167334
6022,0.003548484732167334
6023,0.003548484732167334
6024,0.003548484732167334
6025,0.003548484732167334
6026,0.003548484732167334
6027,0.003548484732167334
6028,0.003548484732167334
6029,0.003548484732167334
6030,0.003548484732167334
6031,0.003548484732167334
6032,0.003548484732167334
6033,0.003548484732167334
6034,0.003548484732167334
6035,0.003548484732167334
6036,0.003548484732167334
6037,0.003548484732167334
6038,0.003548484732167334
6039,0.003548484732167334
6040,0.003548484732167334
6041,0.003548484732167334
6042,0.003548484732167334
6043,0.003548484732167334
6044,0.003548484732167334
6045,0.003548484732167334
6046,0.003548484732167334
6047,0.003548484732167334
6048,0.003548484732167334
6049,0.003548484732167334
6050,0.003548484732167334
6051,0.003548484732167334
6052,0.003548484732167334
6053,0.003548484732167334
6054,0.003548484732167334
6055,0.003548484732167334
6056,0.003548484732167334
6057,0.003548484732167334
6058,0.003548484732167334
6059,0.003548484732167334
6060,0.003548484732167334
6061,0.003548484732167334
6062,0.003548484732167334
6063,0.003548484732167334
6064,0.003548484732167334
6065,0.003548484732167334
6066,0.003548484732167334
6067,0.003548484732167334
6068,0.003548484732167334
6069,0.003548484732167334
6070,0.003548484732167334
6071,0.003548484732167334
6072,0.003548484732167334
6073,0.003548484732167334
6074,0.003548484732167334
6075,0.003548484732167334
6076,0.003548484732167334
6077,0.003548484732167334
6078,0.003548484732167334
6079,0.003548484732167334
6080,0.003548484732167334
6081,0.003548484732167334
6082,0.003548484732167334
6083,0.003548484732167334
6084,0.003548484732167334
6085,0.003548484732167334
6086,0.003548484732167334
6087,0.003548484732167334
6088,0.003548484732167334
6089,0.003548484732167334
6090,0.003548484732167334
6091,0.003548484732167334
6092,0.003548484732167334
6093,0.003548484732167334
6094,0.003548484732167334
6095,0.003548484732167334
6096,0.003548484732167334
6097,0.003548484732167334
6098,0.003548484732167334
6099,0.003548484732167334
6100,0.003548484732167334
6101,0.003548484732167334
6102,0.003548484732167334
6103,0.003548484732167334
6104,0.003548484732167334
6105,0.003548484732167334
6106,0.003548484732167334
6107,0.003548484732167334
6108,0.003548484732167334
6109,0.003548484732167334
6110,0.003548484732167334
6111,0.003548484732167334
6112,0.003548484732167334
6113,0.003548484732167334
6114,0.003548484732167334
6115,0.003548484732167334
6116,0.003548484732167334
6117,0.003548484732167334
6118,0.003548484732167334
6119,0.003548484732167334
6120,0.003548484732167334
6121,0.003548484732167334
6122,0.003548484732167334
6123,0.003548484732167334
6124,0.003548484732167334
6125,0.003548484732167334
6126,0.003548484732167334
6127,0.003548484732167334
6128,0.003548484732167334
6129,0.003548484732167334
6130,0.003548484732167334
6131,0.003548484732167334
6132,0.003548484732167334
6133,0.003548484732167334
6134,0.003548484732167334
6135,0.003548484732167334
6136,0.003548484732167334
6137,0.003548484732167334
6138,0.003548484732167334
6139,0.003548484732167334
6140,0.003548484732167334
6141,0.003548484732167334
6142,0.003548484732167334
6143,0.003548484732167334
6144,0.003548484732167334
6145,0.003548484732167334
6146,0.003548484732167334
6147,0.003548484732167334
6148,0.003548484732167334
6149,0.003548484732167334
6150,0.003548484732167334
6151,0.003548484732167334
6152,0.003548484732167334
6153,0.003548484732167334
6154,0.003548484732167334
6155,0.003548484732167334
6156,0.003548484732167334
6157,0.003548484732167334
6158,0.003548484732167334
6159,0.003548484732167334
6160,0.003548484732167334
6161,0.003548484732167334
6162,0.003548484732167334
6163,0.003548484732167334
6164,0.003548484732167334
6165,0.003548484732167334
6166,0.003548484732167334
6167,0.003548484732167334
6168,0.003548484732167334
6169,0.003548484732167334
6170,0.003548484732167334
6171,0.003548484732167334
6172,0.003548484732167334
6173,0.003548484732167334
6174,0.003548484732167334
6175,0.003548484732167334
6176,0.003548484732167334
6177,0.003548484732167334
6178,0.003548484732167334
6179,0.003548484732167334
6180,0.003548484732167334
6181,0.003548484732167334
6182,0.003548484732167334
6183,0.003548484732167334
6184,0.003548484732167334
6185,0.003548484732167334
6186,0.003548484732167334
6187,0.003548484732167334
6188,0.003548484732167334
6189,0.003548484732167334
6190,0.003548484732167334
6191,0.003548484732167334
6192,0.003548484732167334
6193,0.003548484732167334
6194,0.003548484732167334
6195,0.003548484732167334
6196,0.003548484732167334
6197,0.003548484732167334
6198,0.003548484732167334
6199,0.003548484732167334
6200,0.003548484732167334
6201,0.003548484732167334
6202,0.003548484732167334
6203,0.003548484732167334
6204,0.003548484732167334
6205,0.003548484732167334
6206,0.003548484732167334
6207,0.003548484732167334
6208,0.003548484732167334
6209,0.003548484732167334
6210,0.003548484732167334
6211,0.003548484732167334
6212,0.003548484732167334
6213,0.003548484732167334
6214,0.003548484732167334
6215,0.003548484732167334
6216,0.003548484732167334
6217,0.003548484732167334
6218,0.003548484732167334
6219,0.003548484732167334
6220,0.003548484732167334
6221,0.003548484732167334
6222,0.003548484732167334
6223,0.003548484732167334
6224,0.003548484732167334
6225,0.003548484732167334
6226,0.003548484732167334
6227,0.003548484732167334
6228,0.003548484732167334
6229,0.003548484732167334
6230,0.003548484732167334
6231,0.003548484732167334
6232,0.003548484732167334
6233,0.003548484732167334
6234,0.003548484732167334
6235,0.003548484732167334
6236,0.003548484732167334
6237,0.003548484732167334
6238,0.003548484732167334
6239,0.003548484732167334
6240,0.003548484732167334
6241,0.003548484732167334
6242,0.003548484732167334
6243,0.003548484732167334
6244,0.003548484732167334
6245,0.003548484732167334
6246,0.003548484732167334
6247,0.003548484732167334
6248,0.003548484732167334
6249,0.003548484732167334
6250,0.003548484732167334
6251,0.003548484732167334
6252,0.003548484732167334
6253,0.003548484732167334
6254,0.003548484732167334
6255,0.003548484732167334
6256,0.003548484732167334
6257,0.003548484732167334
6258,0.003548484732167334
6259,0.003548484732167334
6260,0.003548484732167334
6261,0.003548484732167334
6262,0.003548484732167334
6263,0.003548484732167334
6264,0.003548484732167334
6265,0.003548484732167334
6266,0.003548484732167334
6267,0.003548484732167334
6268,0.003548484732167334
6269,0.003548484732167334
6270,0.003548484732167334
6271,0.003548484732167334
6272,0.003548484732167334
6273,0.003548484732167334
6274,0.003548484732167334
6275,0.003548484732167334
6276,0.003548484732167334
6277,0.003548484732167334
6278,0.003548484732167334
6279,0.003548484732167334
6280,0.003548484732167334
6281,0.003548484732167334
6282,0.003548484732167334
6283,0.003548484732167334
6284,0.003548484732167334
6285,0.003548484732167334
6286,0.003548484732167334
6287,0.003548484732167334
6288,0.003548484732167334
6289,0.003548484732167334
6290,0.003548484732167334
6291,0.003548484732167334
6292,0.003548484732167334
6293,0.003548484732167334
6294,0.003548484732167334
6295,0.003548484732167334
6296,0.003548484732167334
6297,0.003548484732167334
6298,0.003548484732167334
6299,0.003548484732167334
6300,0.003548484732167334
6301,0.003548484732167334
6302,0.003548484732167334
6303,0.003548484732167334
6304,0.003548484732167334
6305,0.003548484732167334
6306,0.003548484732167334
6307,0.003548484732167334
6308,0.003548484732167334
6309,0.003548484732167334
6310,0.003548484732167334
6311,0.003548484732167334
6312,0.003548484732167334
6313,0.003548484732167334
6314,0.003548484732167334
6315,0.003548484732167334
6316,0.003548484732167334
6317,0.003548484732167334
6318,0.003548484732167334
6319,0.003548484732167334
6320,0.003548484732167334
6321,0.003548484732167334
6322,0.003548484732167334
6323,0.003548484732167334
6324,0.003548484732167334
6325,0.003548484732167334
6326,0.003548484732167334
6327,0.003548484732167334
6328,0.003548484732167334
6329,0.003548484732167334
6330,0.003548484732167334
6331,0.003548484732167334
6332,0.003548484732167334
6333,0.003548484732167334
6334,0.003548484732167334
6335,0.003548484732167334
6336,0.003548484732167334
6337,0.003548484732167334
6338,0.003548484732167334
6339,0.003548484732167334
6340,0.003548484732167334
6341,0.003548484732167334
6342,0.003548484732167334
6343,0.003548484732167334
6344,0.003548484732167334
6345,0.003548484732167334
6346,0.003548484732167334
6347,0.003548484732167334
6348,0.003548484732167334
6349,0.003548484732167334
6350,0.003548484732167334
6351,0.003548484732167334
6352,0.003548484732167334
6353,0.003548484732167334
6354,0.003548484732167334
6355,0.003548484732167334
6356,0.003548484732167334
6357,0.003548484732167334
6358,0.003548484732167334
6359,0.003548484732167334
6360,0.003548484732167334
6361,0.003548484732167334
6362,0.003548484732167334
6363,0.003548484732167334
6364,0.003548484732167334
6365,0.003548484732167334
6366,0.003548484732167334
6367,0.003548484732167334
6368,0.003548484732167334
6369,0.003548484732167334
6370,0.003548484732167334
6371,0.003548484732167334
6372,0.003548484732167334
6373,0.003548484732167334
6374,0.003548484732167334
6375,0.003548484732167334
6376,0.003548484732167334
6377,0.003548484732167334
6378,0.003548484732167334
6379,0.003548484732167334
6380,0.003548484732167334
6381,0.003548484732167334
6382,0.003548484732167334
6383,0.003548484732167334
6384,0.003548484732167334
6385,0.003548484732167334
6386,0.003548484732167334
6387,0.003548484732167334
6388,0.003548484732167334
6389,0.003548484732167334
6390,0.003548484732167334
6391,0.003548484732167334
6392,0.003548484732167334
6393,0.003548484732167334
6394,0.003548484732167334
6395,0.003548484732167334
6396,0.003548484732167334
6397,0.003548484732167334
6398,0.003548484732167334
6399,0.003548484732167334
6400,0.003548484732167334
6401,0.003548484732167334
6402,0.003548484732167334
6403,0.003548484732167334
6404,0.003548484732167334
6405,0.003548484732167334
6406,0.003548484732167334
6407,0.003548484732167334
6408,0.003548484732167334
6409,0.003548484732167334
6410,0.003548484732167334
6411,0.003548484732167334
6412,0.003548484732167334
6413,0.003548484732167334
6414,0.003548484732167334
6415,0.003548484732167334
6416,0.003548484732167334
6417,0.003548484732167334
6418,0.003548484732167334
6419,0.003548484732167334
6420,0.003548484732167334
6421,0.003548484732167334
6422,0.003548484732167334
6423,0.003548484732167334
6424,0.003548484732167334
6425,0.003548484732167334
6426,0.003548484732167334
6427,0.003548484732167334
6428,0.003548484732167334
6429,0.003548484732167334
6430,0.003548484732167334
6431,0.003548484732167334
6432,0.003548484732167334
6433,0.003548484732167334
6434,0.003548484732167334
6435,0.003548484732167334
6436,0.003548484732167334
6437,0.003548484732167334
6438,0.003548484732167334
6439,0.003548484732167334
6440,0.003548484732167334
6441,0.003548484732167334
6442,0.003548484732167334
6443,0.003548484732167334
6444,0.003548484732167334
6445,0.003548484732167334
6446,0.003548484732167334
6447,0.003548484732167334
6448,0.003548484732167334
6449,0.003548484732167334
6450,0.003548484732167334
6451,0.003548484732167334
6452,0.003548484732167334
6453,0.003548484732167334
6454,0.003548484732167334
6455,0.003548484732167334
6456,0.003548484732167334
6457,0.003548484732167334
6458,0.003548484732167334
6459,0.003548484732167334
6460,0.003548484732167334
6461,0.003548484732167334
6462,0.003548484732167334
6463,0.003548484732167334
6464,0.003548484732167334
6465,0.003548484732167334
6466,0.003548484732167334
6467,0.003548484732167334
6468,0.003548484732167334
6469,0.003548484732167334
6470,0.003548484732167334
6471,0.003548484732167334
6472,0.003548484732167334
6473,0.003548484732167334
6474,0.003548484732167334
6475,0.003548484732167334
6476,0.003548484732167334
6477,0.003548484732167334
6478,0.003548484732167334
6479,0.003548484732167334
6480,0.003548484732167334
6481,0.003548484732167334
6482,0.003548484732167334
6483,0.003548484732167334
6484,0.003548484732167334
6485,0.003548484732167334
6486,0.003548484732167334
6487,0.003548484732167334
6488,0.003548484732167334
6489,0.003548484732167334
6490,0.003548484732167334
6491,0.003548484732167334
6492,0.003548484732167334
6493,0.003548484732167334
6494,0.003548484732167334
6495,0.003548484732167334
6496,0.003548484732167334
6497,0.003548484732167334
6498,0.003548484732167334
6499,0.003548484732167334
6500,0.003548484732167334
6501,0.003548484732167334
6502,0.003548484732167334
6503,0.003548484732167334
6504,0.003548484732167334
6505,0.003548484732167334
6506,0.003548484732167334
6507,0.003548484732167334
6508,0.003548484732167334
6509,0.003548484732167334
6510,0.003548484732167334
6511,0.003548484732167334
6512,0.003548484732167334
6513,0.003548484732167334
6514,0.003548484732167334
6515,0.003548484732167334
6516,0.003548484732167334
6517,0.003548484732167334
6518,0.003548484732167334
6519,0.003548484732167334
6520,0.003548484732167334
6521,0.003548484732167334
6522,0.003548484732167334
6523,0.003548484732167334
6524,0.003548484732167334
6525,0.003548484732167334
6526,0.003548484732167334
6527,0.003548484732167334
6528,0.003548484732167334
6529,0.003548484732167334
6530,0.003548484732167334
6531,0.003548484732167334
6532,0.003548484732167334
6533,0.003548484732167334
6534,0.003548484732167334
6535,0.003548484732167334
6536,0.003548484732167334
6537,0.003548484732167334
6538,0.003548484732167334
6539,0.003548484732167334
6540,0.003548484732167334
6541,0.003548484732167334
6542,0.003548484732167334
6543,0.003548484732167334
6544,0.003548484732167334
6545,0.003548484732167334
6546,0.003548484732167334
6547,0.003548484732167334
6548,0.003548484732167334
6549,0.003548484732167334
6550,0.003548484732167334
6551,0.003548484732167334
6552,0.003548484732167334
6553,0.003548484732167334
6554,0.003548484732167334
6555,0.003548484732167334
6556,0.003548484732167334
6557,0.003548484732167334
6558,0.003548484732167334
6559,0.003548484732167334
6560,0.003548484732167334
6561,0.003548484732167334
6562,0.003548484732167334
6563,0.003548484732167334
6564,0.003548484732167334
6565,0.003548484732167334
6566,0.003548484732167334
6567,0.003548484732167334
6568,0.003548484732167334
6569,0.003548484732167334
6570,0.003548484732167334
6571,0.003548484732167334
6572,0.003548484732167334
6573,0.003548484732167334
6574,0.003548484732167334
6575,0.003548484732167334
6576,0.003548484732167334
6577,0.003548484732167334
6578,0.003548484732167334
6579,0.003548484732167334
6580,0.003548484732167334
6581,0.003548484732167334
6582,0.003548484732167334
6583,0.003548484732167334
6584,0.003548484732167334
6585,0.003548484732167334
6586,0.003548484732167334
6587,0.003548484732167334
6588,0.003548484732167334
6589,0.003548484732167334
6590,0.003548484732167334
6591,0.003548484732167334
6592,0.003548484732167334
6593,0.003548484732167334
6594,0.003548484732167334
6595,0.003548484732167334
6596,0.003548484732167334
6597,0.003548484732167334
6598,0.003548484732167334
6599,0.003548484732167334
6600,0.003548484732167334
6601,0.003548484732167334
6602,0.003548484732167334
6603,0.003548484732167334
6604,0.003548484732167334
6605,0.003548484732167334
6606,0.003548484732167334
6607,0.003548484732167334
6608,0.003548484732167334
6609,0.003548484732167334
6610,0.003548484732167334
6611,0.003548484732167334
6612,0.003548484732167334
6613,0.003548484732167334
6614,0.003548484732167334
6615,0.003548484732167334
6616,0.003548484732167334
6617,0.003548484732167334
6618,0.003548484732167334
6619,0.003548484732167334
6620,0.003548484732167334
6621,0.003548484732167334
6622,0.003548484732167334
6623,0.003548484732167334
6624,0.003548484732167334
6625,0.003548484732167334
6626,0.003548484732167334
6627,0.003548484732167334
6628,0.003548484732167334
6629,0.003548484732167334
6630,0.003548484732167334
6631,0.003548484732167334
6632,0.003548484732167334
6633,0.003548484732167334
6634,0.003548484732167334
6635,0.003548484732167334
6636,0.003548484732167334
6637,0.003548484732167334
6638,0.003548484732167334
6639,0.003548484732167334
6640,0.003548484732167334
6641,0.003548484732167334
6642,0.003548484732167334
6643,0.003548484732167334
6644,0.003548484732167334
6645,0.003548484732167334
6646,0.003548484732167334
6647,0.003548484732167334
6648,0.003548484732167334
6649,0.003548484732167334
6650,0.003548484732167334
6651,0.003548484732167334
6652,0.003548484732167334
6653,0.003548484732167334
6654,0.003548484732167334
6655,0.003548484732167334
6656,0.003548484732167334
6657,0.003548484732167334
6658,0.003548484732167334
6659,0.003548484732167334
6660,0.003548484732167334
6661,0.003548484732167334
6662,0.003548484732167334
6663,0.003548484732167334
6664,0.003548484732167334
6665,0.003548484732167334
6666,0.003548484732167334
6667,0.003548484732167334
6668,0.003548484732167334
6669,0.003548484732167334
6670,0.003548484732167334
6671,0.003548484732167334
6672,0.003548484732167334
6673,0.003548484732167334
6674,0.003548484732167334
6675,0.003548484732167334
6676,0.003548484732167334
6677,0.003548484732167334
6678,0.003548484732167334
6679,0.003548484732167334
6680,0.003548484732167334
6681,0.003548484732167334
6682,0.003548484732167334
6683,0.003548484732167334
6684,0.003548484732167334
6685,0.003548484732167334
6686,0.003548484732167334
6687,0.003548484732167334
6688,0.003548484732167334
6689,0.003548484732167334
6690,0.003548484732167334
6691,0.003548484732167334
6692,0.003548484732167334
6693,0.003548484732167334
6694,0.003548484732167334
6695,0.003548484732167334
6696,0.003548484732167334
6697,0.003548484732167334
6698,0.003548484732167334
6699,0.003548484732167334
6700,0.003548484732167334
6701,0.003548484732167334
6702,0.003548484732167334
6703,0.003548484732167334
6704,0.003548484732167334
6705,0.003548484732167334
6706,0.003548484732167334
6707,0.003548484732167334
6708,0.003548484732167334
6709,0.003548484732167334
6710,0.003548484732167334
6711,0.003548484732167334
6712,0.003548484732167334
6713,0.003548484732167334
6714,0.003548484732167334
6715,0.003548484732167334
6716,0.003548484732167334
6717,0.003548484732167334
6718,0.003548484732167334
6719,0.003548484732167334
6720,0.003548484732167334
6721,0.003548484732167334
6722,0.003548484732167334
6723,0.003548484732167334
6724,0.003548484732167334
6725,0.003548484732167334
6726,0.003548484732167334
6727,0.003548484732167334
6728,0.003548484732167334
6729,0.003548484732167334
6730,0.003548484732167334
6731,0.003548484732167334
6732,0.003548484732167334
6733,0.003548484732167334
6734,0.003548484732167334
6735,0.003548484732167334
6736,0.003548484732167334
6737,0.003548484732167334
6738,0.003548484732167334
6739,0.003548484732167334
6740,0.003548484732167334
6741,0.003548484732167334
6742,0.003548484732167334
6743,0.003548484732167334
6744,0.003548484732167334
6745,0.003548484732167334
6746,0.003548484732167334
6747,0.003548484732167334
6748,0.003548484732167334
6749,0.003548484732167334
6750,0.003548484732167334
6751,0.003548484732167334
6752,0.003548484732167334
6753,0.003548484732167334
6754,0.003548484732167334
6755,0.003548484732167334
6756,0.003548484732167334
6757,0.003548484732167334
6758,0.003548484732167334
6759,0.003548484732167334
6760,0.003548484732167334
6761,0.003548484732167334
6762,0.003548484732167334
6763,0.003548484732167334
6764,0.003548484732167334
6765,0.003548484732167334
6766,0.003548484732167334
6767,0.003548484732167334
6768,0.003548484732167334
6769,0.003548484732167334
6770,0.003548484732167334
6771,0.003548484732167334
6772,0.003548484732167334
6773,0.003548484732167334
6774,0.003548484732167334
6775,0.003548484732167334
6776,0.003548484732167334
6777,0.003548484732167334
6778,0.003548484732167334
6779,0.003548484732167334
6780,0.003548484732167334
6781,0.003548484732167334
6782,0.003548484732167334
6783,0.003548484732167334
6784,0.003548484732167334
6785,0.003548484732167334
6786,0.003548484732167334
6787,0.003548484732167334
6788,0.003548484732167334
6789,0.003548484732167334
6790,0.003548484732167334
6791,0.003548484732167334
6792,0.003548484732167334
6793,0.003548484732167334
6794,0.003548484732167334
6795,0.003548484732167334
6796,0.003548484732167334
6797,0.003548484732167334
6798,0.003548484732167334
6799,0.003548484732167334
6800,0.003548484732167334
6801,0.003548484732167334
6802,0.003548484732167334
6803,0.003548484732167334
6804,0.003548484732167334
6805,0.003548484732167334
6806,0.003548484732167334
6807,0.003548484732167334
6808,0.003548484732167334
6809,0.003548484732167334
6810,0.003548484732167334
6811,0.003548484732167334
6812,0.003548484732167334
6813,0.003548484732167334
6814,0.003548484732167334
6815,0.003548484732167334
6816,0.003548484732167334
6817,0.003548484732167334
6818,0.003548484732167334
6819,0.003548484732167334
6820,0.003548484732167334
6821,0.003548484732167334
6822,0.003548484732167334
6823,0.003548484732167334
6824,0.003548484732167334
6825,0.003548484732167334
6826,0.003548484732167334
6827,0.003548484732167334
6828,0.003548484732167334
6829,0.003548484732167334
6830,0.003548484732167334
6831,0.003548484732167334
6832,0.003548484732167334
6833,0.003548484732167334
6834,0.003548484732167334
6835,0.003548484732167334
6836,0.003548484732167334
6837,0.003548484732167334
6838,0.003548484732167334
6839,0.003548484732167334
6840,0.003548484732167334
6841,0.003548484732167334
6842,0.003548484732167334
6843,0.003548484732167334
6844,0.003548484732167334
6845,0.003548484732167334
6846,0.003548484732167334
6847,0.003548484732167334
6848,0.003548484732167334
6849,0.003548484732167334
6850,0.003548484732167334
6851,0.003548484732167334
6852,0.003548484732167334
6853,0.003548484732167334
6854,0.003548484732167334
6855,0.003548484732167334
6856,0.003548484732167334
6857,0.003548484732167334
6858,0.003548484732167334
6859,0.003548484732167334
6860,0.003548484732167334
6861,0.003548484732167334
6862,0.003548484732167334
6863,0.003548484732167334
6864,0.003548484732167334
6865,0.003548484732167334
6866,0.003548484732167334
6867,0.003548484732167334
6868,0.003548484732167334
6869,0.003548484732167334
6870,0.003548484732167334
6871,0.003548484732167334
6872,0.003548484732167334
6873,0.003548484732167334
6874,0.003548484732167334
6875,0.003548484732167334
6876,0.003548484732167334
6877,0.003548484732167334
6878,0.003548484732167334
6879,0.003548484732167334
6880,0.003548484732167334
6881,0.003548484732167334
6882,0.003548484732167334
6883,0.003548484732167334
6884,0.003548484732167334
6885,0.003548484732167334
6886,0.003548484732167334
6887,0.003548484732167334
6888,0.003548484732167334
6889,0.003548484732167334
6890,0.003548484732167334
6891,0.003548484732167334
6892,0.003548484732167334
6893,0.003548484732167334
6894,0.003548484732167334
6895,0.003548484732167334
6896,0.003548484732167334
6897,0.003548484732167334
6898,0.003548484732167334
6899,0.003548484732167334
6900,0.003548484732167334
6901,0.003548484732167334
6902,0.003548484732167334
6903,0.003548484732167334
6904,0.003548484732167334
6905,0.003548484732167334
6906,0.003548484732167334
6907,0.003548484732167334
6908,0.003548484732167334
6909,0.003548484732167334
6910,0.003548484732167334
6911,0.003548484732167334
6912,0.003548484732167334
6913,0.003548484732167334
6914,0.003548484732167334
6915,0.003548484732167334
6916,0.003548484732167334
6917,0.003548484732167334
6918,0.003548484732167334
6919,0.003548484732167334
6920,0.003548484732167334
6921,0.003548484732167334
6922,0.003548484732167334
6923,0.003548484732167334
6924,0.003548484732167334
6925,0.003548484732167334
6926,0.003548484732167334
6927,0.003548484732167334
6928,0.003548484732167334
6929,0.003548484732167334
6930,0.003548484732167334
6931,0.003548484732167334
6932,0.003548484732167334
6933,0.003548484732167334
6934,0.003548484732167334
6935,0.003548484732167334
6936,0.003548484732167334
6937,0.003548484732167334
6938,0.003548484732167334
6939,0.003548484732167334
6940,0.003548484732167334
6941,0.003548484732167334
6942,0.003548484732167334
6943,0.003548484732167334
6944,0.003548484732167334
6945,0.003548484732167334
6946,0.003548484732167334
6947,0.003548484732167334
6948,0.003548484732167334
6949,0.003548484732167334
6950,0.003548484732167334
6951,0.003548484732167334
6952,0.003548484732167334
6953,0.003548484732167334
6954,0.003548484732167334
6955,0.003548484732167334
6956,0.003548484732167334
6957,0.003548484732167334
6958,0.003548484732167334
6959,0.003548484732167334
6960,0.003548484732167334
6961,0.003548484732167334
6962,0.003548484732167334
6963,0.003548484732167334
6964,0.003548484732167334
6965,0.003548484732167334
6966,0.003548484732167334
6967,0.003548484732167334
6968,0.003548484732167334
6969,0.003548484732167334
6970,0.003548484732167334
6971,0.003548484732167334
6972,0.003548484732167334
6973,0.003548484732167334
6974,0.003548484732167334
6975,0.003548484732167334
6976,0.003548484732167334
6977,0.003548484732167334
6978,0.003548484732167334
6979,0.003548484732167334
6980,0.003548484732167334
6981,0.003548484732167334
6982,0.003548484732167334
6983,0.003548484732167334
6984,0.003548484732167334
6985,0.003548484732167334
6986,0.003548484732167334
6987,0.003548484732167334
6988,0.003548484732167334
6989,0.003548484732167334
6990,0.003548484732167334
6991,0.003548484732167334
6992,0.003548484732167334
6993,0.003548484732167334
6994,0.003548484732167334
6995,0.003548484732167334
6996,0.003548484732167334
6997,0.003548484732167334
6998,0.003548484732167334
6999,0.003548484732167334
7000,0.003548484732167334
7001,0.003548484732167334
7002,0.003548484732167334
7003,0.003548484732167334
7004,0.003548484732167334
7005,0.003548484732167334
7006,0.003548484732167334
7007,0.003548484732167334
7008,0.003548484732167334
7009,0.003548484732167334
7010,0.003548484732167334
7011,0.003548484732167334
7012,0.003548484732167334
7013,0.003548484732167334
7014,0.003548484732167334
7015,0.003548484732167334
7016,0.003548484732167334
7017,0.003548484732167334
7018,0.003548484732167334
7019,0.003548484732167334
7020,0.003548484732167334
7021,0.003548484732167334
7022,0.003548484732167334
7023,0.003548484732167334
7024,0.003548484732167334
7025,0.003548484732167334
7026,0.003548484732167334
7027,0.003548484732167334
7028,0.003548484732167334
7029,0.003548484732167334
7030,0.003548484732167334
7031,0.003548484732167334
7032,0.003548484732167334
7033,0.003548484732167334
7034,0.003548484732167334
7035,0.003548484732167334
7036,0.003548484732167334
7037,0.003548484732167334
7038,0.003548484732167334
7039,0.003548484732167334
7040,0.003548484732167334
7041,0.003548484732167334
7042,0.003548484732167334
7043,0.003548484732167334
7044,0.003548484732167334
7045,0.003548484732167334
7046,0.003548484732167334
7047,0.003548484732167334
7048,0.003548484732167334
7049,0.003548484732167334
7050,0.003548484732167334
7051,0.003548484732167334
7052,0.003548484732167334
7053,0.003548484732167334
7054,0.003548484732167334
7055,0.003548484732167334
7056,0.003548484732167334
7057,0.003548484732167334
7058,0.003548484732167334
7059,0.003548484732167334
7060,0.003548484732167334
7061,0.003548484732167334
7062,0.003548484732167334
7063,0.003548484732167334
7064,0.003548484732167334
7065,0.003548484732167334
7066,0.003548484732167334
7067,0.003548484732167334
7068,0.003548484732167334
7069,0.003548484732167334
7070,0.003548484732167334
7071,0.003548484732167334
7072,0.003548484732167334
7073,0.003548484732167334
7074,0.003548484732167334
7075,0.003548484732167334
7076,0.003548484732167334
7077,0.003548484732167334
7078,0.003548484732167334
7079,0.003548484732167334
7080,0.003548484732167334
7081,0.003548484732167334
7082,0.003548484732167334
7083,0.003548484732167334
7084,0.003548484732167334
7085,0.003548484732167334
7086,0.003548484732167334
7087,0.003548484732167334
7088,0.003548484732167334
7089,0.003548484732167334
7090,0.003548484732167334
7091,0.003548484732167334
7092,0.003548484732167334
7093,0.003548484732167334
7094,0.003548484732167334
7095,0.003548484732167334
7096,0.003548484732167334
7097,0.003548484732167334
7098,0.003548484732167334
7099,0.003548484732167334
7100,0.003548484732167334
7101,0.003548484732167334
7102,0.003548484732167334
7103,0.003548484732167334
7104,0.003548484732167334
7105,0.003548484732167334
7106,0.003548484732167334
7107,0.003548484732167334
7108,0.003548484732167334
7109,0.003548484732167334
7110,0.003548484732167334
7111,0.003548484732167334
7112,0.003548484732167334
7113,0.003548484732167334
7114,0.003548484732167334
7115,0.003548484732167334
7116,0.003548484732167334
7117,0.003548484732167334
7118,0.003548484732167334
7119,0.003548484732167334
7120,0.003548484732167334
7121,0.003548484732167334
7122,0.003548484732167334
7123,0.003548484732167334
7124,0.003548484732167334
7125,0.003548484732167334
7126,0.003548484732167334
7127,0.003548484732167334
7128,0.003548484732167334
7129,0.003548484732167334
7130,0.003548484732167334
7131,0.003548484732167334
7132,0.003548484732167334
7133,0.003548484732167334
7134,0.003548484732167334
7135,0.003548484732167334
7136,0.003548484732167334
7137,0.003548484732167334
7138,0.003548484732167334
7139,0.003548484732167334
7140,0.003548484732167334
7141,0.003548484732167334
7142,0.003548484732167334
7143,0.003548484732167334
7144,0.003548484732167334
7145,0.003548484732167334
7146,0.003548484732167334
7147,0.003548484732167334
7148,0.003548484732167334
7149,0.003548484732167334
7150,0.003548484732167334
7151,0.003548484732167334
7152,0.003548484732167334
7153,0.003548484732167334
7154,0.003548484732167334
7155,0.003548484732167334
7156,0.003548484732167334
7157,0.003548484732167334
7158,0.003548484732167334
7159,0.003548484732167334
7160,0.003548484732167334
7161,0.003548484732167334
7162,0.003548484732167334
7163,0.003548484732167334
7164,0.003548484732167334
7165,0.003548484732167334
7166,0.003548484732167334
7167,0.003548484732167334
7168,0.003548484732167334
7169,0.003548484732167334
7170,0.003548484732167334
7171,0.003548484732167334
7172,0.003548484732167334
7173,0.003548484732167334
7174,0.003548484732167334
7175,0.003548484732167334
7176,0.003548484732167334
7177,0.003548484732167334
7178,0.003548484732167334
7179,0.003548484732167334
7180,0.003548484732167334
7181,0.003548484732167334
7182,0.003548484732167334
7183,0.003548484732167334
7184,0.003548484732167334
7185,0.003548484732167334
7186,0.003548484732167334
7187,0.003548484732167334
7188,0.003548484732167334
7189,0.003548484732167334
7190,0.003548484732167334
7191,0.003548484732167334
7192,0.003548484732167334
7193,0.003548484732167334
7194,0.003548484732167334
7195,0.003548484732167334
7196,0.003548484732167334
7197,0.003548484732167334
7198,0.003548484732167334
7199,0.003548484732167334
7200,0.003548484732167334
7201,0.003548484732167334
7202,0.003548484732167334
7203,0.003548484732167334
7204,0.003548484732167334
7205,0.003548484732167334
7206,0.003548484732167334
7207,0.003548484732167334
7208,0.003548484732167334
7209,0.003548484732167334
7210,0.003548484732167334
7211,0.003548484732167334
7212,0.003548484732167334
7213,0.003548484732167334
7214,0.003548484732167334
7215,0.003548484732167334
7216,0.003548484732167334
7217,0.003548484732167334
7218,0.003548484732167334
7219,0.003548484732167334
7220,0.003548484732167334
7221,0.003548484732167334
7222,0.003548484732167334
7223,0.003548484732167334
7224,0.003548484732167334
7225,0.003548484732167334
7226,0.003548484732167334
7227,0.003548484732167334
7228,0.003548484732167334
7229,0.003548484732167334
7230,0.003548484732167334
7231,0.003548484732167334
7232,0.003548484732167334
7233,0.003548484732167334
7234,0.003548484732167334
7235,0.003548484732167334
7236,0.003548484732167334
7237,0.003548484732167334
7238,0.003548484732167334
7239,0.003548484732167334
7240,0.003548484732167334
7241,0.003548484732167334
7242,0.003548484732167334
7243,0.003548484732167334
7244,0.003548484732167334
7245,0.003548484732167334
7246,0.003548484732167334
7247,0.003548484732167334
7248,0.003548484732167334
7249,0.003548484732167334
7250,0.003548484732167334
7251,0.003548484732167334
7252,0.003548484732167334
7253,0.003548484732167334
7254,0.003548484732167334
7255,0.003548484732167334
7256,0.003548484732167334
7257,0.003548484732167334
7258,0.003548484732167334
7259,0.003548484732167334
7260,0.003548484732167334
7261,0.003548484732167334
7262,0.003548484732167334
7263,0.003548484732167334
7264,0.003548484732167334
7265,0.003548484732167334
7266,0.003548484732167334
7267,0.003548484732167334
7268,0.003548484732167334
7269,0.003548484732167334
7270,0.003548484732167334
7271,0.003548484732167334
7272,0.003548484732167334
7273,0.003548484732167334
7274,0.003548484732167334
7275,0.003548484732167334
7276,0.003548484732167334
7277,0.003548484732167334
7278,0.003548484732167334
7279,0.003548484732167334
7280,0.003548484732167334
7281,0.003548484732167334
7282,0.003548484732167334
7283,0.003548484732167334
7284,0.003548484732167334
7285,0.003548484732167334
7286,0.003548484732167334
7287,0.003548484732167334
7288,0.003548484732167334
7289,0.003548484732167334
7290,0.003548484732167334
7291,0.003548484732167334
7292,0.003548484732167334
7293,0.003548484732167334
7294,0.003548484732167334
7295,0.003548484732167334
7296,0.003548484732167334
7297,0.003548484732167334
7298,0.003548484732167334
7299,0.003548484732167334
7300,0.003548484732167334
7301,0.003548484732167334
7302,0.003548484732167334
7303,0.003548484732167334
7304,0.003548484732167334
7305,0.003548484732167334
7306,0.003548484732167334
7307,0.003548484732167334
7308,0.003548484732167334
7309,0.003548484732167334
7310,0.003548484732167334
7311,0.003548484732167334
7312,0.003548484732167334
7313,0.003548484732167334
7314,0.003548484732167334
7315,0.003548484732167334
7316,0.003548484732167334
7317,0.003548484732167334
7318,0.003548484732167334
7319,0.003548484732167334
7320,0.003548484732167334
7321,0.003548484732167334
7322,0.003548484732167334
7323,0.003548484732167334
7324,0.003548484732167334
7325,0.003548484732167334
7326,0.003548484732167334
7327,0.003548484732167334
7328,0.003548484732167334
7329,0.003548484732167334
7330,0.003548484732167334
7331,0.003548484732167334
7332,0.003548484732167334
7333,0.003548484732167334
7334,0.003548484732167334
7335,0.003548484732167334
7336,0.003548484732167334
7337,0.003548484732167334
7338,0.003548484732167334
7339,0.003548484732167334
7340,0.003548484732167334
7341,0.003548484732167334
7342,0.003548484732167334
7343,0.003548484732167334
7344,0.003548484732167334
7345,0.003548484732167334
7346,0.003548484732167334
7347,0.003548484732167334
7348,0.003548484732167334
7349,0.003548484732167334
7350,0.003548484732167334
7351,0.003548484732167334
7352,0.003548484732167334
7353,0.003548484732167334
7354,0.003548484732167334
7355,0.003548484732167334
7356,0.003548484732167334
7357,0.003548484732167334
7358,0.003548484732167334
7359,0.003548484732167334
7360,0.003548484732167334
7361,0.003548484732167334
7362,0.003548484732167334
7363,0.003548484732167334
7364,0.003548484732167334
7365,0.003548484732167334
7366,0.003548484732167334
7367,0.003548484732167334
7368,0.003548484732167334
7369,0.003548484732167334
7370,0.003548484732167334
7371,0.003548484732167334
7372,0.003548484732167334
7373,0.003548484732167334
7374,0.003548484732167334
7375,0.003548484732167334
7376,0.003548484732167334
7377,0.003548484732167334
7378,0.003548484732167334
7379,0.003548484732167334
7380,0.003548484732167334
7381,0.003548484732167334
7382,0.003548484732167334
7383,0.003548484732167334
7384,0.003548484732167334
7385,0.003548484732167334
7386,0.003548484732167334
7387,0.003548484732167334
7388,0.003548484732167334
7389,0.003548484732167334
7390,0.003548484732167334
7391,0.003548484732167334
7392,0.003548484732167334
7393,0.003548484732167334
7394,0.003548484732167334
7395,0.003548484732167334
7396,0.003548484732167334
7397,0.003548484732167334
7398,0.003548484732167334
7399,0.003548484732167334
7400,0.003548484732167334
7401,0.003548484732167334
7402,0.003548484732167334
7403,0.003548484732167334
7404,0.003548484732167334
7405,0.003548484732167334
7406,0.003548484732167334
7407,0.003548484732167334
7408,0.003548484732167334
7409,0.003548484732167334
7410,0.003548484732167334
7411,0.003548484732167334
7412,0.003548484732167334
7413,0.003548484732167334
7414,0.003548484732167334
7415,0.003548484732167334
7416,0.003548484732167334
7417,0.003548484732167334
7418,0.003548484732167334
7419,0.003548484732167334
7420,0.003548484732167334
7421,0.003548484732167334
7422,0.003548484732167334
7423,0.003548484732167334
7424,0.003548484732167334
7425,0.003548484732167334
7426,0.003548484732167334
7427,0.003548484732167334
7428,0.003548484732167334
7429,0.003548484732167334
7430,0.003548484732167334
7431,0.003548484732167334
7432,0.003548484732167334
7433,0.003548484732167334
7434,0.003548484732167334
7435,0.003548484732167334
7436,0.003548484732167334
7437,0.003548484732167334
7438,0.003548484732167334
7439,0.003548484732167334
7440,0.003548484732167334
7441,0.003548484732167334
7442,0.003548484732167334
7443,0.003548484732167334
7444,0.003548484732167334
7445,0.003548484732167334
7446,0.003548484732167334
7447,0.003548484732167334
7448,0.003548484732167334
7449,0.003548484732167334
7450,0.003548484732167334
7451,0.003548484732167334
7452,0.003548484732167334
7453,0.003548484732167334
7454,0.003548484732167334
7455,0.003548484732167334
7456,0.003548484732167334
7457,0.003548484732167334
7458,0.003548484732167334
7459,0.003548484732167334
7460,0.003548484732167334
7461,0.003548484732167334
7462,0.003548484732167334
7463,0.003548484732167334
7464,0.003548484732167334
7465,0.003548484732167334
7466,0.003548484732167334
7467,0.003548484732167334
7468,0.003548484732167334
7469,0.003548484732167334
7470,0.003548484732167334
7471,0.003548484732167334
7472,0.003548484732167334
7473,0.003548484732167334
7474,0.003548484732167334
7475,0.003548484732167334
7476,0.003548484732167334
7477,0.003548484732167334
7478,0.003548484732167334
7479,0.003548484732167334
7480,0.003548484732167334
7481,0.003548484732167334
7482,0.003548484732167334
7483,0.003548484732167334
7484,0.003548484732167334
7485,0.003548484732167334
7486,0.003548484732167334
7487,0.003548484732167334
7488,0.003548484732167334
7489,0.003548484732167334
7490,0.003548484732167334
7491,0.003548484732167334
7492,0.003548484732167334
7493,0.003548484732167334
7494,0.003548484732167334
7495,0.003548484732167334
7496,0.003548484732167334
7497,0.003548484732167334
7498,0.003548484732167334
7499,0.003548484732167334
7500,0.003548484732167334
7501,0.003548484732167334
7502,0.003548484732167334
7503,0.003548484732167334
7504,0.003548484732167334
7505,0.003548484732167334
7506,0.003548484732167334
7507,0.003548484732167334
7508,0.003548484732167334
7509,0.003548484732167334
7510,0.003548484732167334
7511,0.003548484732167334
7512,0.003548484732167334
7513,0.003548484732167334
7514,0.003548484732167334
7515,0.003548484732167334
7516,0.003548484732167334
7517,0.003548484732167334
7518,0.003548484732167334
7519,0.003548484732167334
7520,0.003548484732167334
7521,0.003548484732167334
7522,0.003548484732167334
7523,0.003548484732167334
7524,0.003548484732167334
7525,0.003548484732167334
7526,0.003548484732167334
7527,0.003548484732167334
7528,0.003548484732167334
7529,0.003548484732167334
7530,0.003548484732167334
7531,0.003548484732167334
7532,0.003548484732167334
7533,0.003548484732167334
7534,0.003548484732167334
7535,0.003548484732167334
7536,0.003548484732167334
7537,0.003548484732167334
7538,0.003548484732167334
7539,0.003548484732167334
7540,0.003548484732167334
7541,0.003548484732167334
7542,0.003548484732167334
7543,0.003548484732167334
7544,0.003548484732167334
7545,0.003548484732167334
7546,0.003548484732167334
7547,0.003548484732167334
7548,0.003548484732167334
7549,0.003548484732167334
7550,0.003548484732167334
7551,0.003548484732167334
7552,0.003548484732167334
7553,0.003548484732167334
7554,0.003548484732167334
7555,0.003548484732167334
7556,0.003548484732167334
7557,0.003548484732167334
7558,0.003548484732167334
7559,0.003548484732167334
7560,0.003548484732167334
7561,0.003548484732167334
7562,0.003548484732167334
7563,0.003548484732167334
7564,0.003548484732167334
7565,0.003548484732167334
7566,0.003548484732167334
7567,0.003548484732167334
7568,0.003548484732167334
7569,0.003548484732167334
7570,0.003548484732167334
7571,0.003548484732167334
7572,0.003548484732167334
7573,0.003548484732167334
7574,0.003548484732167334
7575,0.003548484732167334
7576,0.003548484732167334
7577,0.003548484732167334
7578,0.003548484732167334
7579,0.003548484732167334
7580,0.003548484732167334
7581,0.003548484732167334
7582,0.003548484732167334
7583,0.003548484732167334
7584,0.003548484732167334
7585,0.003548484732167334
7586,0.003548484732167334
7587,0.003548484732167334
7588,0.003548484732167334
7589,0.003548484732167334
7590,0.003548484732167334
7591,0.003548484732167334
7592,0.003548484732167334
7593,0.003548484732167334
7594,0.003548484732167334
7595,0.003548484732167334
7596,0.003548484732167334
7597,0.003548484732167334
7598,0.003548484732167334
7599,0.003548484732167334
7600,0.003548484732167334
7601,0.003548484732167334
7602,0.003548484732167334
7603,0.003548484732167334
7604,0.003548484732167334
7605,0.003548484732167334
7606,0.003548484732167334
7607,0.003548484732167334
7608,0.003548484732167334
7609,0.003548484732167334
7610,0.003548484732167334
7611,0.003548484732167334
7612,0.003548484732167334
7613,0.003548484732167334
7614,0.003548484732167334
7615,0.003548484732167334
7616,0.003548484732167334
7617,0.003548484732167334
7618,0.003548484732167334
7619,0.003548484732167334
7620,0.003548484732167334
7621,0.003548484732167334
7622,0.003548484732167334
7623,0.003548484732167334
7624,0.003548484732167334
7625,0.003548484732167334
7626,0.003548484732167334
7627,0.003548484732167334
7628,0.003548484732167334
7629,0.003548484732167334
7630,0.003548484732167334
7631,0.003548484732167334
7632,0.003548484732167334
7633,0.003548484732167334
7634,0.003548484732167334
7635,0.003548484732167334
7636,0.003548484732167334
7637,0.003548484732167334
7638,0.003548484732167334
7639,0.003548484732167334
7640,0.003548484732167334
7641,0.003548484732167334
7642,0.003548484732167334
7643,0.003548484732167334
7644,0.003548484732167334
7645,0.003548484732167334
7646,0.003548484732167334
7647,0.003548484732167334
7648,0.003548484732167334
7649,0.003548484732167334
7650,0.003548484732167334
7651,0.003548484732167334
7652,0.003548484732167334
7653,0.003548484732167334
7654,0.003548484732167334
7655,0.003548484732167334
7656,0.003548484732167334
7657,0.003548484732167334
7658,0.003548484732167334
7659,0.003548484732167334
7660,0.003548484732167334
7661,0.003548484732167334
7662,0.003548484732167334
7663,0.003548484732167334
7664,0.003548484732167334
7665,0.003548484732167334
7666,0.003548484732167334
7667,0.003548484732167334
7668,0.003548484732167334
7669,0.003548484732167334
7670,0.003548484732167334
7671,0.003548484732167334
7672,0.003548484732167334
7673,0.003548484732167334
7674,0.003548484732167334
7675,0.003548484732167334
7676,0.003548484732167334
7677,0.003548484732167334
7678,0.003548484732167334
7679,0.003548484732167334
7680,0.003548484732167334
7681,0.003548484732167334
7682,0.003548484732167334
7683,0.003548484732167334
7684,0.003548484732167334
7685,0.003548484732167334
7686,0.003548484732167334
7687,0.003548484732167334
7688,0.003548484732167334
7689,0.003548484732167334
7690,0.003548484732167334
7691,0.003548484732167334
7692,0.003548484732167334
7693,0.003548484732167334
7694,0.003548484732167334
7695,0.003548484732167334
7696,0.003548484732167334
7697,0.003548484732167334
7698,0.003548484732167334
7699,0.003548484732167334
7700,0.003548484732167334
7701,0.003548484732167334
7702,0.003548484732167334
7703,0.003548484732167334
7704,0.003548484732167334
7705,0.003548484732167334
7706,0.003548484732167334
7707,0.003548484732167334
7708,0.003548484732167334
7709,0.003548484732167334
7710,0.003548484732167334
7711,0.003548484732167334
7712,0.003548484732167334
7713,0.003548484732167334
7714,0.003548484732167334
7715,0.003548484732167334
7716,0.003548484732167334
7717,0.003548484732167334
7718,0.003548484732167334
7719,0.003548484732167334
7720,0.003548484732167334
7721,0.003548484732167334
7722,0.003548484732167334
7723,0.003548484732167334
7724,0.003548484732167334
7725,0.003548484732167334
7726,0.003548484732167334
7727,0.003548484732167334
7728,0.003548484732167334
7729,0.003548484732167334
7730,0.003548484732167334
7731,0.003548484732167334
7732,0.003548484732167334
7733,0.003548484732167334
7734,0.003548484732167334
7735,0.003548484732167334
7736,0.003548484732167334
7737,0.003548484732167334
7738,0.003548484732167334
7739,0.003548484732167334
7740,0.003548484732167334
7741,0.003548484732167334
7742,0.003548484732167334
7743,0.003548484732167334
7744,0.003548484732167334
7745,0.003548484732167334
7746,0.003548484732167334
7747,0.003548484732167334
7748,0.003548484732167334
7749,0.003548484732167334
7750,0.003548484732167334
7751,0.003548484732167334
7752,0.003548484732167334
7753,0.003548484732167334
7754,0.003548484732167334
7755,0.003548484732167334
7756,0.003548484732167334
7757,0.003548484732167334
7758,0.003548484732167334
7759,0.003548484732167334
7760,0.003548484732167334
7761,0.003548484732167334
7762,0.003548484732167334
7763,0.003548484732167334
7764,0.003548484732167334
7765,0.003548484732167334
7766,0.003548484732167334
7767,0.003548484732167334
7768,0.003548484732167334
7769,0.003548484732167334
7770,0.003548484732167334
7771,0.003548484732167334
7772,0.003548484732167334
7773,0.003548484732167334
7774,0.003548484732167334
7775,0.003548484732167334
7776,0.003548484732167334
7777,0.003548484732167334
7778,0.003548484732167334
7779,0.003548484732167334
7780,0.003548484732167334
7781,0.003548484732167334
7782,0.003548484732167334
7783,0.003548484732167334
7784,0.003548484732167334
7785,0.003548484732167334
7786,0.003548484732167334
7787,0.003548484732167334
7788,0.003548484732167334
7789,0.003548484732167334
7790,0.003548484732167334
7791,0.003548484732167334
7792,0.003548484732167334
7793,0.003548484732167334
7794,0.003548484732167334
7795,0.003548484732167334
7796,0.003548484732167334
7797,0.003548484732167334
7798,0.003548484732167334
7799,0.003548484732167334
7800,0.003548484732167334
7801,0.003548484732167334
7802,0.003548484732167334
7803,0.003548484732167334
7804,0.003548484732167334
7805,0.003548484732167334
7806,0.003548484732167334
7807,0.003548484732167334
7808,0.003548484732167334
7809,0.003548484732167334
7810,0.003548484732167334
7811,0.003548484732167334
7812,0.003548484732167334
7813,0.003548484732167334
7814,0.003548484732167334
7815,0.003548484732167334
7816,0.003548484732167334
7817,0.003548484732167334
7818,0.003548484732167334
7819,0.003548484732167334
7820,0.003548484732167334
7821,0.003548484732167334
7822,0.003548484732167334
7823,0.003548484732167334
7824,0.003548484732167334
7825,0.003548484732167334
7826,0.003548484732167334
7827,0.003548484732167334
7828,0.003548484732167334
7829,0.003548484732167334
7830,0.003548484732167334
7831,0.003548484732167334
7832,0.003548484732167334
7833,0.003548484732167334
7834,0.003548484732167334
7835,0.003548484732167334
7836,0.003548484732167334
7837,0.003548484732167334
7838,0.003548484732167334
7839,0.003548484732167334
7840,0.003548484732167334
7841,0.003548484732167334
7842,0.003548484732167334
7843,0.003548484732167334
7844,0.003548484732167334
7845,0.003548484732167334
7846,0.003548484732167334
7847,0.003548484732167334
7848,0.003548484732167334
7849,0.003548484732167334
7850,0.003548484732167334
7851,0.003548484732167334
7852,0.003548484732167334
7853,0.003548484732167334
7854,0.003548484732167334
7855,0.003548484732167334
7856,0.003548484732167334
7857,0.003548484732167334
7858,0.003548484732167334
7859,0.003548484732167334
7860,0.003548484732167334
7861,0.003548484732167334
7862,0.003548484732167334
7863,0.003548484732167334
7864,0.003548484732167334
7865,0.003548484732167334
7866,0.003548484732167334
7867,0.003548484732167334
7868,0.003548484732167334
7869,0.003548484732167334
7870,0.003548484732167334
7871,0.003548484732167334
7872,0.003548484732167334
7873,0.003548484732167334
7874,0.003548484732167334
7875,0.003548484732167334
7876,0.003548484732167334
7877,0.003548484732167334
7878,0.003548484732167334
7879,0.003548484732167334
7880,0.003548484732167334
7881,0.003548484732167334
7882,0.003548484732167334
7883,0.003548484732167334
7884,0.003548484732167334
7885,0.003548484732167334
7886,0.003548484732167334
7887,0.003548484732167334
7888,0.003548484732167334
7889,0.003548484732167334
7890,0.003548484732167334
7891,0.003548484732167334
7892,0.003548484732167334
7893,0.003548484732167334
7894,0.003548484732167334
7895,0.003548484732167334
7896,0.003548484732167334
7897,0.003548484732167334
7898,0.003548484732167334
7899,0.003548484732167334
7900,0.003548484732167334
7901,0.003548484732167334
7902,0.003548484732167334
7903,0.003548484732167334
7904,0.003548484732167334
7905,0.003548484732167334
7906,0.003548484732167334
7907,0.003548484732167334
7908,0.003548484732167334
7909,0.003548484732167334
7910,0.003548484732167334
7911,0.003548484732167334
7912,0.003548484732167334
7913,0.003548484732167334
7914,0.003548484732167334
7915,0.003548484732167334
7916,0.003548484732167334
7917,0.003548484732167334
7918,0.003548484732167334
7919,0.003548484732167334
7920,0.003548484732167334
7921,0.003548484732167334
7922,0.003548484732167334
7923,0.003548484732167334
7924,0.003548484732167334
7925,0.003548484732167334
7926,0.003548484732167334
7927,0.003548484732167334
7928,0.003548484732167334
7929,0.003548484732167334
7930,0.003548484732167334
7931,0.003548484732167334
7932,0.003548484732167334
7933,0.003548484732167334
7934,0.003548484732167334
7935,0.003548484732167334
7936,0.003548484732167334
7937,0.003548484732167334
7938,0.003548484732167334
7939,0.003548484732167334
7940,0.003548484732167334
7941,0.003548484732167334
7942,0.003548484732167334
7943,0.003548484732167334
7944,0.003548484732167334
7945,0.003548484732167334
7946,0.003548484732167334
7947,0.003548484732167334
7948,0.003548484732167334
7949,0.003548484732167334
7950,0.003548484732167334
7951,0.003548484732167334
7952,0.003548484732167334
7953,0.003548484732167334
7954,0.003548484732167334
7955,0.003548484732167334
7956,0.003548484732167334
7957,0.003548484732167334
7958,0.003548484732167334
7959,0.003548484732167334
7960,0.003548484732167334
7961,0.003548484732167334
7962,0.003548484732167334
7963,0.003548484732167334
7964,0.003548484732167334
7965,0.003548484732167334
7966,0.003548484732167334
7967,0.003548484732167334
7968,0.003548484732167334
7969,0.003548484732167334
7970,0.003548484732167334
7971,0.003548484732167334
7972,0.003548484732167334
7973,0.003548484732167334
7974,0.003548484732167334
7975,0.003548484732167334
7976,0.003548484732167334
7977,0.003548484732167334
7978,0.003548484732167334
7979,0.003548484732167334
7980,0.003548484732167334
7981,0.003548484732167334
7982,0.003548484732167334
7983,0.003548484732167334
7984,0.003548484732167334
7985,0.003548484732167334
7986,0.003548484732167334
7987,0.003548484732167334
7988,0.003548484732167334
7989,0.003548484732167334
7990,0.003548484732167334
7991,0.003548484732167334
7992,0.003548484732167334
7993,0.003548484732167334
7994,0.003548484732167334
7995,0.003548484732167334
7996,0.003548484732167334
7997,0.003548484732167334
7998,0.003548484732167334
7999,0.003548484732167334
8000,0.003548484732167334
8001,0.003548484732167334
8002,0.003548484732167334
8003,0.003548484732167334
8004,0.003548484732167334
8005,0.003548484732167334
8006,0.003548484732167334
8007,0.003548484732167334
8008,0.003548484732167334
8009,0.003548484732167334
8010,0.003548484732167334
8011,0.003548484732167334
8012,0.003548484732167334
8013,0.003548484732167334
8014,0.003548484732167334
8015,0.003548484732167334
8016,0.003548484732167334
8017,0.003548484732167334
8018,0.003548484732167334
8019,0.003548484732167334
8020,0.003548484732167334
8021,0.003548484732167334
8022,0.003548484732167334
8023,0.003548484732167334
8024,0.003548484732167334
8025,0.003548484732167334
8026,0.003548484732167334
8027,0.003548484732167334
8028,0.003548484732167334
8029,0.003548484732167334
8030,0.003548484732167334
8031,0.003548484732167334
8032,0.003548484732167334
8033,0.003548484732167334
8034,0.003548484732167334
8035,0.003548484732167334
8036,0.003548484732167334
8037,0.003548484732167334
8038,0.003548484732167334
8039,0.003548484732167334
8040,0.003548484732167334
8041,0.003548484732167334
8042,0.003548484732167334
8043,0.003548484732167334
8044,0.003548484732167334
8045,0.003548484732167334
8046,0.003548484732167334
8047,0.003548484732167334
8048,0.003548484732167334
8049,0.003548484732167334
8050,0.003548484732167334
8051,0.003548484732167334
8052,0.003548484732167334
8053,0.003548484732167334
8054,0.003548484732167334
8055,0.003548484732167334
8056,0.003548484732167334
8057,0.003548484732167334
8058,0.003548484732167334
8059,0.003548484732167334
8060,0.003548484732167334
8061,0.003548484732167334
8062,0.003548484732167334
8063,0.003548484732167334
8064,0.003548484732167334
8065,0.003548484732167334
8066,0.003548484732167334
8067,0.003548484732167334
8068,0.003548484732167334
8069,0.003548484732167334
8070,0.003548484732167334
8071,0.003548484732167334
8072,0.003548484732167334
8073,0.003548484732167334
8074,0.003548484732167334
8075,0.003548484732167334
8076,0.003548484732167334
8077,0.003548484732167334
8078,0.003548484732167334
8079,0.003548484732167334
8080,0.003548484732167334
8081,0.003548484732167334
8082,0.003548484732167334
8083,0.003548484732167334
8084,0.003548484732167334
8085,0.003548484732167334
8086,0.003548484732167334
8087,0.003548484732167334
8088,0.003548484732167334
8089,0.003548484732167334
8090,0.003548484732167334
8091,0.003548484732167334
8092,0.003548484732167334
8093,0.003548484732167334
8094,0.003548484732167334
8095,0.003548484732167334
8096,0.003548484732167334
8097,0.003548484732167334
8098,0.003548484732167334
8099,0.003548484732167334
8100,0.003548484732167334
8101,0.003548484732167334
8102,0.003548484732167334
8103,0.003548484732167334
8104,0.003548484732167334
8105,0.003548484732167334
8106,0.003548484732167334
8107,0.003548484732167334
8108,0.003548484732167334
8109,0.003548484732167334
8110,0.003548484732167334
8111,0.003548484732167334
8112,0.003548484732167334
8113,0.003548484732167334
8114,0.003548484732167334
8115,0.003548484732167334
8116,0.003548484732167334
8117,0.003548484732167334
8118,0.003548484732167334
8119,0.003548484732167334
8120,0.003548484732167334
8121,0.003548484732167334
8122,0.003548484732167334
8123,0.003548484732167334
8124,0.003548484732167334
8125,0.003548484732167334
8126,0.003548484732167334
8127,0.003548484732167334
8128,0.003548484732167334
8129,0.003548484732167334
8130,0.003548484732167334
8131,0.003548484732167334
8132,0.003548484732167334
8133,0.003548484732167334
8134,0.003548484732167334
8135,0.003548484732167334
8136,0.003548484732167334
8137,0.003548484732167334
8138,0.003548484732167334
8139,0.003548484732167334
8140,0.003548484732167334
8141,0.003548484732167334
8142,0.003548484732167334
8143,0.003548484732167334
8144,0.003548484732167334
8145,0.003548484732167334
8146,0.003548484732167334
8147,0.003548484732167334
8148,0.003548484732167334
8149,0.003548484732167334
8150,0.003548484732167334
8151,0.003548484732167334
8152,0.003548484732167334
8153,0.003548484732167334
8154,0.003548484732167334
8155,0.003548484732167334
8156,0.003548484732167334
8157,0.003548484732167334
8158,0.003548484732167334
8159,0.003548484732167334
8160,0.003548484732167334
8161,0.003548484732167334
8162,0.003548484732167334
8163,0.003548484732167334
8164,0.003548484732167334
8165,0.003548484732167334
8166,0.003548484732167334
8167,0.003548484732167334
8168,0.003548484732167334
8169,0.003548484732167334
8170,0.003548484732167334
8171,0.003548484732167334
8172,0.003548484732167334
8173,0.003548484732167334
8174,0.003548484732167334
8175,0.003548484732167334
8176,0.003548484732167334
8177,0.003548484732167334
8178,0.003548484732167334
8179,0.003548484732167334
8180,0.003548484732167334
8181,0.003548484732167334
8182,0.003548484732167334
8183,0.003548484732167334
8184,0.003548484732167334
8185,0.003548484732167334
8186,0.003548484732167334
8187,0.003548484732167334
8188,0.003548484732167334
8189,0.003548484732167334
8190,0.003548484732167334
8191,0.003548484732167334
8192,0.003548484732167334
8193,0.003548484732167334
8194,0.003548484732167334
8195,0.003548484732167334
8196,0.003548484732167334
8197,0.003548484732167334
8198,0.003548484732167334
8199,0.003548484732167334
8200,0.003548484732167334
8201,0.003548484732167334
8202,0.003548484732167334
8203,0.003548484732167334
8204,0.003548484732167334
8205,0.003548484732167334
8206,0.003548484732167334
8207,0.003548484732167334
8208,0.003548484732167334
8209,0.003548484732167334
8210,0.003548484732167334
8211,0.003548484732167334
8212,0.003548484732167334
8213,0.003548484732167334
8214,0.003548484732167334
8215,0.003548484732167334
8216,0.003548484732167334
8217,0.003548484732167334
8218,0.003548484732167334
8219,0.003548484732167334
8220,0.003548484732167334
8221,0.003548484732167334
8222,0.003548484732167334
8223,0.003548484732167334
8224,0.003548484732167334
8225,0.003548484732167334
8226,0.003548484732167334
8227,0.003548484732167334
8228,0.003548484732167334
8229,0.003548484732167334
8230,0.003548484732167334
8231,0.003548484732167334
8232,0.003548484732167334
8233,0.003548484732167334
8234,0.003548484732167334
8235,0.003548484732167334
8236,0.003548484732167334
8237,0.003548484732167334
8238,0.003548484732167334
8239,0.003548484732167334
8240,0.003548484732167334
8241,0.003548484732167334
8242,0.003548484732167334
8243,0.003548484732167334
8244,0.003548484732167334
8245,0.003548484732167334
8246,0.003548484732167334
8247,0.003548484732167334
8248,0.003548484732167334
8249,0.003548484732167334
8250,0.003548484732167334
8251,0.003548484732167334
8252,0.003548484732167334
8253,0.003548484732167334
8254,0.003548484732167334
8255,0.003548484732167334
8256,0.003548484732167334
8257,0.003548484732167334
8258,0.003548484732167334
8259,0.003548484732167334
8260,0.003548484732167334
8261,0.003548484732167334
8262,0.003548484732167334
8263,0.003548484732167334
8264,0.003548484732167334
8265,0.003548484732167334
8266,0.003548484732167334
8267,0.003548484732167334
8268,0.003548484732167334
8269,0.003548484732167334
8270,0.003548484732167334
8271,0.003548484732167334
8272,0.003548484732167334
8273,0.003548484732167334
8274,0.003548484732167334
8275,0.003548484732167334
8276,0.003548484732167334
8277,0.003548484732167334
8278,0.003548484732167334
8279,0.003548484732167334
8280,0.003548484732167334
8281,0.003548484732167334
8282,0.003548484732167334
8283,0.003548484732167334
8284,0.003548484732167334
8285,0.003548484732167334
8286,0.003548484732167334
8287,0.003548484732167334
8288,0.003548484732167334
8289,0.003548484732167334
8290,0.003548484732167334
8291,0.003548484732167334
8292,0.003548484732167334
8293,0.003548484732167334
8294,0.003548484732167334
8295,0.003548484732167334
8296,0.003548484732167334
8297,0.003548484732167334
8298,0.003548484732167334
8299,0.003548484732167334
8300,0.003548484732167334
8301,0.003548484732167334
8302,0.003548484732167334
8303,0.003548484732167334
8304,0.003548484732167334
8305,0.003548484732167334
8306,0.003548484732167334
8307,0.003548484732167334
8308,0.003548484732167334
8309,0.003548484732167334
8310,0.003548484732167334
8311,0.003548484732167334
8312,0.003548484732167334
8313,0.003548484732167334
8314,0.003548484732167334
8315,0.003548484732167334
8316,0.003548484732167334
8317,0.003548484732167334
8318,0.003548484732167334
8319,0.003548484732167334
8320,0.003548484732167334
8321,0.003548484732167334
8322,0.003548484732167334
8323,0.003548484732167334
8324,0.003548484732167334
8325,0.003548484732167334
8326,0.003548484732167334
8327,0.003548484732167334
8328,0.003548484732167334
8329,0.003548484732167334
8330,0.003548484732167334
8331,0.003548484732167334
8332,0.003548484732167334
8333,0.003548484732167334
8334,0.003548484732167334
8335,0.003548484732167334
8336,0.003548484732167334
8337,0.003548484732167334
8338,0.003548484732167334
8339,0.003548484732167334
8340,0.003548484732167334
8341,0.003548484732167334
8342,0.003548484732167334
8343,0.003548484732167334
8344,0.003548484732167334
8345,0.003548484732167334
8346,0.003548484732167334
8347,0.003548484732167334
8348,0.003548484732167334
8349,0.003548484732167334
8350,0.003548484732167334
8351,0.003548484732167334
8352,0.003548484732167334
8353,0.003548484732167334
8354,0.003548484732167334
8355,0.003548484732167334
8356,0.003548484732167334
8357,0.003548484732167334
8358,0.003548484732167334
8359,0.003548484732167334
8360,0.003548484732167334
8361,0.003548484732167334
8362,0.003548484732167334
8363,0.003548484732167334
8364,0.003548484732167334
8365,0.003548484732167334
8366,0.003548484732167334
8367,0.003548484732167334
8368,0.003548484732167334
8369,0.003548484732167334
8370,0.003548484732167334
8371,0.003548484732167334
8372,0.003548484732167334
8373,0.003548484732167334
8374,0.003548484732167334
8375,0.003548484732167334
8376,0.003548484732167334
8377,0.003548484732167334
8378,0.003548484732167334
8379,0.003548484732167334
8380,0.003548484732167334
8381,0.003548484732167334
8382,0.003548484732167334
8383,0.003548484732167334
8384,0.003548484732167334
8385,0.003548484732167334
8386,0.003548484732167334
8387,0.003548484732167334
8388,0.003548484732167334
8389,0.003548484732167334
8390,0.003548484732167334
8391,0.003548484732167334
8392,0.003548484732167334
8393,0.003548484732167334
8394,0.003548484732167334
8395,0.003548484732167334
8396,0.003548484732167334
8397,0.003548484732167334
8398,0.003548484732167334
8399,0.003548484732167334
8400,0.003548484732167334
8401,0.003548484732167334
8402,0.003548484732167334
8403,0.003548484732167334
8404,0.003548484732167334
8405,0.003548484732167334
8406,0.003548484732167334
8407,0.003548484732167334
8408,0.003548484732167334
8409,0.003548484732167334
8410,0.003548484732167334
8411,0.003548484732167334
8412,0.003548484732167334
8413,0.003548484732167334
8414,0.003548484732167334
8415,0.003548484732167334
8416,0.003548484732167334
8417,0.003548484732167334
8418,0.003548484732167334
8419,0.003548484732167334
8420,0.003548484732167334
8421,0.003548484732167334
8422,0.003548484732167334
8423,0.003548484732167334
8424,0.003548484732167334
8425,0.003548484732167334
8426,0.003548484732167334
8427,0.003548484732167334
8428,0.003548484732167334
8429,0.003548484732167334
8430,0.003548484732167334
8431,0.003548484732167334
8432,0.003548484732167334
8433,0.003548484732167334
8434,0.003548484732167334
8435,0.003548484732167334
8436,0.003548484732167334
8437,0.003548484732167334
8438,0.003548484732167334
8439,0.003548484732167334
8440,0.003548484732167334
8441,0.003548484732167334
8442,0.003548484732167334
8443,0.003548484732167334
8444,0.003548484732167334
8445,0.003548484732167334
8446,0.003548484732167334
8447,0.003548484732167334
8448,0.003548484732167334
8449,0.003548484732167334
8450,0.003548484732167334
8451,0.003548484732167334
8452,0.003548484732167334
8453,0.003548484732167334
8454,0.003548484732167334
8455,0.003548484732167334
8456,0.003548484732167334
8457,0.003548484732167334
8458,0.003548484732167334
8459,0.003548484732167334
8460,0.003548484732167334
8461,0.003548484732167334
8462,0.003548484732167334
8463,0.003548484732167334
8464,0.003548484732167334
8465,0.003548484732167334
8466,0.003548484732167334
8467,0.003548484732167334
8468,0.003548484732167334
8469,0.003548484732167334
8470,0.003548484732167334
8471,0.003548484732167334
8472,0.003548484732167334
8473,0.003548484732167334
8474,0.003548484732167334
8475,0.003548484732167334
8476,0.003548484732167334
8477,0.003548484732167334
8478,0.003548484732167334
8479,0.003548484732167334
8480,0.003548484732167334
8481,0.003548484732167334
8482,0.003548484732167334
8483,0.003548484732167334
8484,0.003548484732167334
8485,0.003548484732167334
8486,0.003548484732167334
8487,0.003548484732167334
8488,0.003548484732167334
8489,0.003548484732167334
8490,0.003548484732167334
8491,0.003548484732167334
8492,0.003548484732167334
8493,0.003548484732167334
8494,0.003548484732167334
8495,0.003548484732167334
8496,0.003548484732167334
8497,0.003548484732167334
8498,0.003548484732167334
8499,0.003548484732167334
8500,0.003548484732167334
8501,0.003548484732167334
8502,0.003548484732167334
8503,0.003548484732167334
8504,0.003548484732167334
8505,0.003548484732167334
8506,0.003548484732167334
8507,0.003548484732167334
8508,0.003548484732167334
8509,0.003548484732167334
8510,0.003548484732167334
8511,0.003548484732167334
8512,0.003548484732167334
8513,0.003548484732167334
8514,0.003548484732167334
8515,0.003548484732167334
8516,0.003548484732167334
8517,0.003548484732167334
8518,0.003548484732167334
8519,0.003548484732167334
8520,0.003548484732167334
8521,0.003548484732167334
8522,0.003548484732167334
8523,0.003548484732167334
8524,0.003548484732167334
8525,0.003548484732167334
8526,0.003548484732167334
8527,0.003548484732167334
8528,0.003548484732167334
8529,0.003548484732167334
8530,0.003548484732167334
8531,0.003548484732167334
8532,0.003548484732167334
8533,0.003548484732167334
8534,0.003548484732167334
8535,0.003548484732167334
8536,0.003548484732167334
8537,0.003548484732167334
8538,0.003548484732167334
8539,0.003548484732167334
8540,0.003548484732167334
8541,0.003548484732167334
8542,0.003548484732167334
8543,0.003548484732167334
8544,0.003548484732167334
8545,0.003548484732167334
8546,0.003548484732167334
8547,0.003548484732167334
8548,0.003548484732167334
8549,0.003548484732167334
8550,0.003548484732167334
8551,0.003548484732167334
8552,0.003548484732167334
8553,0.003548484732167334
8554,0.003548484732167334
8555,0.003548484732167334
8556,0.003548484732167334
8557,0.003548484732167334
8558,0.003548484732167334
8559,0.003548484732167334
8560,0.003548484732167334
8561,0.003548484732167334
8562,0.003548484732167334
8563,0.003548484732167334
8564,0.003548484732167334
8565,0.003548484732167334
8566,0.003548484732167334
8567,0.003548484732167334
8568,0.003548484732167334
8569,0.003548484732167334
8570,0.003548484732167334
8571,0.003548484732167334
8572,0.003548484732167334
8573,0.003548484732167334
8574,0.003548484732167334
8575,0.003548484732167334
8576,0.003548484732167334
8577,0.003548484732167334
8578,0.003548484732167334
8579,0.003548484732167334
8580,0.003548484732167334
8581,0.003548484732167334
8582,0.003548484732167334
8583,0.003548484732167334
8584,0.003548484732167334
8585,0.003548484732167334
8586,0.003548484732167334
8587,0.003548484732167334
8588,0.003548484732167334
8589,0.003548484732167334
8590,0.003548484732167334
8591,0.003548484732167334
8592,0.003548484732167334
8593,0.003548484732167334
8594,0.003548484732167334
8595,0.003548484732167334
8596,0.003548484732167334
8597,0.003548484732167334
8598,0.003548484732167334
8599,0.003548484732167334
8600,0.003548484732167334
8601,0.003548484732167334
8602,0.003548484732167334
8603,0.003548484732167334
8604,0.003548484732167334
8605,0.003548484732167334
8606,0.003548484732167334
8607,0.003548484732167334
8608,0.003548484732167334
8609,0.003548484732167334
8610,0.003548484732167334
8611,0.003548484732167334
8612,0.003548484732167334
8613,0.003548484732167334
8614,0.003548484732167334
8615,0.003548484732167334
8616,0.003548484732167334
8617,0.003548484732167334
8618,0.003548484732167334
8619,0.003548484732167334
8620,0.003548484732167334
8621,0.003548484732167334
8622,0.003548484732167334
8623,0.003548484732167334
8624,0.003548484732167334
8625,0.003548484732167334
8626,0.003548484732167334
8627,0.003548484732167334
8628,0.003548484732167334
8629,0.003548484732167334
8630,0.003548484732167334
8631,0.003548484732167334
8632,0.003548484732167334
8633,0.003548484732167334
8634,0.003548484732167334
8635,0.003548484732167334
8636,0.003548484732167334
8637,0.003548484732167334
8638,0.003548484732167334
8639,0.003548484732167334
8640,0.003548484732167334
8641,0.003548484732167334
8642,0.003548484732167334
8643,0.003548484732167334
8644,0.003548484732167334
8645,0.003548484732167334
8646,0.003548484732167334
8647,0.003548484732167334
8648,0.003548484732167334
8649,0.003548484732167334
8650,0.003548484732167334
8651,0.003548484732167334
8652,0.003548484732167334
8653,0.003548484732167334
8654,0.003548484732167334
8655,0.003548484732167334
8656,0.003548484732167334
8657,0.003548484732167334
8658,0.003548484732167334
8659,0.003548484732167334
8660,0.003548484732167334
8661,0.003548484732167334
8662,0.003548484732167334
8663,0.003548484732167334
8664,0.003548484732167334
8665,0.003548484732167334
8666,0.003548484732167334
8667,0.003548484732167334
8668,0.003548484732167334
8669,0.003548484732167334
8670,0.003548484732167334
8671,0.003548484732167334
8672,0.003548484732167334
8673,0.003548484732167334
8674,0.003548484732167334
8675,0.003548484732167334
8676,0.003548484732167334
8677,0.003548484732167334
8678,0.003548484732167334
8679,0.003548484732167334
8680,0.003548484732167334
8681,0.003548484732167334
8682,0.003548484732167334
8683,0.003548484732167334
8684,0.003548484732167334
8685,0.003548484732167334
8686,0.003548484732167334
8687,0.003548484732167334
8688,0.003548484732167334
8689,0.003548484732167334
8690,0.003548484732167334
8691,0.003548484732167334
8692,0.003548484732167334
8693,0.003548484732167334
8694,0.003548484732167334
8695,0.003548484732167334
8696,0.003548484732167334
8697,0.003548484732167334
8698,0.003548484732167334
8699,0.003548484732167334
8700,0.003548484732167334
8701,0.003548484732167334
8702,0.003548484732167334
8703,0.003548484732167334
8704,0.003548484732167334
8705,0.003548484732167334
8706,0.003548484732167334
8707,0.003548484732167334
8708,0.003548484732167334
8709,0.003548484732167334
8710,0.003548484732167334
8711,0.003548484732167334
8712,0.003548484732167334
8713,0.003548484732167334
8714,0.003548484732167334
8715,0.003548484732167334
8716,0.003548484732167334
8717,0.003548484732167334
8718,0.003548484732167334
8719,0.003548484732167334
8720,0.003548484732167334
8721,0.003548484732167334
8722,0.003548484732167334
8723,0.003548484732167334
8724,0.003548484732167334
8725,0.003548484732167334
8726,0.003548484732167334
8727,0.003548484732167334
8728,0.003548484732167334
8729,0.003548484732167334
8730,0.003548484732167334
8731,0.003548484732167334
8732,0.003548484732167334
8733,0.003548484732167334
8734,0.003548484732167334
8735,0.003548484732167334
8736,0.003548484732167334
8737,0.003548484732167334
8738,0.003548484732167334
8739,0.003548484732167334
8740,0.003548484732167334
8741,0.003548484732167334
8742,0.003548484732167334
8743,0.003548484732167334
8744,0.003548484732167334
8745,0.003548484732167334
8746,0.003548484732167334
8747,0.003548484732167334
8748,0.003548484732167334
8749,0.003548484732167334
8750,0.003548484732167334
8751,0.003548484732167334
8752,0.003548484732167334
8753,0.003548484732167334
8754,0.003548484732167334
8755,0.003548484732167334
8756,0.003548484732167334
8757,0.003548484732167334
8758,0.003548484732167334
8759,0.003548484732167334
8760,0.003548484732167334
8761,0.003548484732167334
8762,0.003548484732167334
8763,0.003548484732167334
8764,0.003548484732167334
8765,0.003548484732167334
8766,0.003548484732167334
8767,0.003548484732167334
8768,0.003548484732167334
8769,0.003548484732167334
8770,0.003548484732167334
8771,0.003548484732167334
8772,0.003548484732167334
8773,0.003548484732167334
8774,0.003548484732167334
8775,0.003548484732167334
8776,0.003548484732167334
8777,0.003548484732167334
8778,0.003548484732167334
8779,0.003548484732167334
8780,0.003548484732167334
8781,0.003548484732167334
8782,0.003548484732167334
8783,0.003548484732167334
8784,0.003548484732167334
8785,0.003548484732167334
8786,0.003548484732167334
8787,0.003548484732167334
8788,0.003548484732167334
8789,0.003548484732167334
8790,0.003548484732167334
8791,0.003548484732167334
8792,0.003548484732167334
8793,0.003548484732167334
8794,0.003548484732167334
8795,0.003548484732167334
8796,0.003548484732167334
8797,0.003548484732167334
8798,0.003548484732167334
8799,0.003548484732167334
8800,0.003548484732167334
8801,0.003548484732167334
8802,0.003548484732167334
8803,0.003548484732167334
8804,0.003548484732167334
8805,0.003548484732167334
8806,0.003548484732167334
8807,0.003548484732167334
8808,0.003548484732167334
8809,0.003548484732167334
8810,0.003548484732167334
8811,0.003548484732167334
8812,0.003548484732167334
8813,0.003548484732167334
8814,0.003548484732167334
8815,0.003548484732167334
8816,0.003548484732167334
8817,0.003548484732167334
8818,0.003548484732167334
8819,0.003548484732167334
8820,0.003548484732167334
8821,0.003548484732167334
8822,0.003548484732167334
8823,0.003548484732167334
8824,0.003548484732167334
8825,0.003548484732167334
8826,0.003548484732167334
8827,0.003548484732167334
8828,0.003548484732167334
8829,0.003548484732167334
8830,0.003548484732167334
8831,0.003548484732167334
8832,0.003548484732167334
8833,0.003548484732167334
8834,0.003548484732167334
8835,0.003548484732167334
8836,0.003548484732167334
8837,0.003548484732167334
8838,0.003548484732167334
8839,0.003548484732167334
8840,0.003548484732167334
8841,0.003548484732167334
8842,0.003548484732167334
8843,0.003548484732167334
8844,0.003548484732167334
8845,0.003548484732167334
8846,0.003548484732167334
8847,0.003548484732167334
8848,0.003548484732167334
8849,0.003548484732167334
8850,0.003548484732167334
8851,0.003548484732167334
8852,0.003548484732167334
8853,0.003548484732167334
8854,0.003548484732167334
8855,0.003548484732167334
8856,0.003548484732167334
8857,0.003548484732167334
8858,0.003548484732167334
8859,0.003548484732167334
8860,0.003548484732167334
8861,0.003548484732167334
8862,0.003548484732167334
8863,0.003548484732167334
8864,0.003548484732167334
8865,0.003548484732167334
8866,0.003548484732167334
8867,0.003548484732167334
8868,0.003548484732167334
8869,0.003548484732167334
8870,0.003548484732167334
8871,0.003548484732167334
8872,0.003548484732167334
8873,0.003548484732167334
8874,0.003548484732167334
8875,0.003548484732167334
8876,0.003548484732167334
8877,0.003548484732167334
8878,0.003548484732167334
8879,0.003548484732167334
8880,0.003548484732167334
8881,0.003548484732167334
8882,0.003548484732167334
8883,0.003548484732167334
8884,0.003548484732167334
8885,0.003548484732167334
8886,0.003548484732167334
8887,0.003548484732167334
8888,0.003548484732167334
8889,0.003548484732167334
8890,0.003548484732167334
8891,0.003548484732167334
8892,0.003548484732167334
8893,0.003548484732167334
8894,0.003548484732167334
8895,0.003548484732167334
8896,0.003548484732167334
8897,0.003548484732167334
8898,0.003548484732167334
8899,0.003548484732167334
8900,0.003548484732167334
8901,0.003548484732167334
8902,0.003548484732167334
8903,0.003548484732167334
8904,0.003548484732167334
8905,0.003548484732167334
8906,0.003548484732167334
8907,0.003548484732167334
8908,0.003548484732167334
8909,0.003548484732167334
8910,0.003548484732167334
8911,0.003548484732167334
8912,0.003548484732167334
8913,0.003548484732167334
8914,0.003548484732167334
8915,0.003548484732167334
8916,0.003548484732167334
8917,0.003548484732167334
8918,0.003548484732167334
8919,0.003548484732167334
8920,0.003548484732167334
8921,0.003548484732167334
8922,0.003548484732167334
8923,0.003548484732167334
8924,0.003548484732167334
8925,0.003548484732167334
8926,0.003548484732167334
8927,0.003548484732167334
8928,0.003548484732167334
8929,0.003548484732167334
8930,0.003548484732167334
8931,0.003548484732167334
8932,0.003548484732167334
8933,0.003548484732167334
8934,0.003548484732167334
8935,0.003548484732167334
8936,0.003548484732167334
8937,0.003548484732167334
8938,0.003548484732167334
8939,0.003548484732167334
8940,0.003548484732167334
8941,0.003548484732167334
8942,0.003548484732167334
8943,0.003548484732167334
8944,0.003548484732167334
8945,0.003548484732167334
8946,0.003548484732167334
8947,0.003548484732167334
8948,0.003548484732167334
8949,0.003548484732167334
8950,0.003548484732167334
8951,0.003548484732167334
8952,0.003548484732167334
8953,0.003548484732167334
8954,0.003548484732167334
8955,0.003548484732167334
8956,0.003548484732167334
8957,0.003548484732167334
8958,0.003548484732167334
8959,0.003548484732167334
8960,0.003548484732167334
8961,0.003548484732167334
8962,0.003548484732167334
8963,0.003548484732167334
8964,0.003548484732167334
8965,0.003548484732167334
8966,0.003548484732167334
8967,0.003548484732167334
8968,0.003548484732167334
8969,0.003548484732167334
8970,0.003548484732167334
8971,0.003548484732167334
8972,0.003548484732167334
8973,0.003548484732167334
8974,0.003548484732167334
8975,0.003548484732167334
8976,0.003548484732167334
8977,0.003548484732167334
8978,0.003548484732167334
8979,0.003548484732167334
8980,0.003548484732167334
8981,0.003548484732167334
8982,0.003548484732167334
8983,0.003548484732167334
8984,0.003548484732167334
8985,0.003548484732167334
8986,0.003548484732167334
8987,0.003548484732167334
8988,0.003548484732167334
8989,0.003548484732167334
8990,0.003548484732167334
8991,0.003548484732167334
8992,0.003548484732167334
8993,0.003548484732167334
8994,0.003548484732167334
8995,0.003548484732167334
8996,0.003548484732167334
8997,0.003548484732167334
8998,0.003548484732167334
8999,0.003548484732167334
9000,0.003548484732167334
9001,0.003548484732167334
9002,0.003548484732167334
9003,0.003548484732167334
9004,0.003548484732167334
9005,0.003548484732167334
9006,0.003548484732167334
9007,0.003548484732167334
9008,0.003548484732167334
9009,0.003548484732167334
9010,0.003548484732167334
9011,0.003548484732167334
9012,0.003548484732167334
9013,0.003548484732167334
9014,0.003548484732167334
9015,0.003548484732167334
9016,0.003548484732167334
9017,0.003548484732167334
9018,0.003548484732167334
9019,0.003548484732167334
9020,0.003548484732167334
9021,0.003548484732167334
9022,0.003548484732167334
9023,0.003548484732167334
9024,0.003548484732167334
9025,0.003548484732167334
9026,0.003548484732167334
9027,0.003548484732167334
9028,0.003548484732167334
9029,0.003548484732167334
9030,0.003548484732167334
9031,0.003548484732167334
9032,0.003548484732167334
9033,0.003548484732167334
9034,0.003548484732167334
9035,0.003548484732167334
9036,0.003548484732167334
9037,0.003548484732167334
9038,0.003548484732167334
9039,0.003548484732167334
9040,0.003548484732167334
9041,0.003548484732167334
9042,0.003548484732167334
9043,0.003548484732167334
9044,0.003548484732167334
9045,0.003548484732167334
9046,0.003548484732167334
9047,0.003548484732167334
9048,0.003548484732167334
9049,0.003548484732167334
9050,0.003548484732167334
9051,0.003548484732167334
9052,0.003548484732167334
9053,0.003548484732167334
9054,0.003548484732167334
9055,0.003548484732167334
9056,0.003548484732167334
9057,0.003548484732167334
9058,0.003548484732167334
9059,0.003548484732167334
9060,0.003548484732167334
9061,0.003548484732167334
9062,0.003548484732167334
9063,0.003548484732167334
9064,0.003548484732167334
9065,0.003548484732167334
9066,0.003548484732167334
9067,0.003548484732167334
9068,0.003548484732167334
9069,0.003548484732167334
9070,0.003548484732167334
9071,0.003548484732167334
9072,0.003548484732167334
9073,0.003548484732167334
9074,0.003548484732167334
9075,0.003548484732167334
9076,0.003548484732167334
9077,0.003548484732167334
9078,0.003548484732167334
9079,0.003548484732167334
9080,0.003548484732167334
9081,0.003548484732167334
9082,0.003548484732167334
9083,0.003548484732167334
9084,0.003548484732167334
9085,0.003548484732167334
9086,0.003548484732167334
9087,0.003548484732167334
9088,0.003548484732167334
9089,0.003548484732167334
9090,0.003548484732167334
9091,0.003548484732167334
9092,0.003548484732167334
9093,0.003548484732167334
9094,0.003548484732167334
9095,0.003548484732167334
9096,0.003548484732167334
9097,0.003548484732167334
9098,0.003548484732167334
9099,0.003548484732167334
9100,0.003548484732167334
9101,0.003548484732167334
9102,0.003548484732167334
9103,0.003548484732167334
9104,0.003548484732167334
9105,0.003548484732167334
9106,0.003548484732167334
9107,0.003548484732167334
9108,0.003548484732167334
9109,0.003548484732167334
9110,0.003548484732167334
9111,0.003548484732167334
9112,0.003548484732167334
9113,0.003548484732167334
9114,0.003548484732167334
9115,0.003548484732167334
9116,0.003548484732167334
9117,0.003548484732167334
9118,0.003548484732167334
9119,0.003548484732167334
9120,0.003548484732167334
9121,0.003548484732167334
9122,0.003548484732167334
9123,0.003548484732167334
9124,0.003548484732167334
9125,0.003548484732167334
9126,0.003548484732167334
9127,0.003548484732167334
9128,0.003548484732167334
9129,0.003548484732167334
9130,0.003548484732167334
9131,0.003548484732167334
9132,0.003548484732167334
9133,0.003548484732167334
9134,0.003548484732167334
9135,0.003548484732167334
9136,0.003548484732167334
9137,0.003548484732167334
9138,0.003548484732167334
9139,0.003548484732167334
9140,0.003548484732167334
9141,0.003548484732167334
9142,0.003548484732167334
9143,0.003548484732167334
9144,0.003548484732167334
9145,0.003548484732167334
9146,0.003548484732167334
9147,0.003548484732167334
9148,0.003548484732167334
9149,0.003548484732167334
9150,0.003548484732167334
9151,0.003548484732167334
9152,0.003548484732167334
9153,0.003548484732167334
9154,0.003548484732167334
9155,0.003548484732167334
9156,0.003548484732167334
9157,0.003548484732167334
9158,0.003548484732167334
9159,0.003548484732167334
9160,0.003548484732167334
9161,0.003548484732167334
9162,0.003548484732167334
9163,0.003548484732167334
9164,0.003548484732167334
9165,0.003548484732167334
9166,0.003548484732167334
9167,0.003548484732167334
9168,0.003548484732167334
9169,0.003548484732167334
9170,0.003548484732167334
9171,0.003548484732167334
9172,0.003548484732167334
9173,0.003548484732167334
9174,0.003548484732167334
9175,0.003548484732167334
9176,0.003548484732167334
9177,0.003548484732167334
9178,0.003548484732167334
9179,0.003548484732167334
9180,0.003548484732167334
9181,0.003548484732167334
9182,0.003548484732167334
9183,0.003548484732167334
9184,0.003548484732167334
9185,0.003548484732167334
9186,0.003548484732167334
9187,0.003548484732167334
9188,0.003548484732167334
9189,0.003548484732167334
9190,0.003548484732167334
9191,0.003548484732167334
9192,0.003548484732167334
9193,0.003548484732167334
9194,0.003548484732167334
9195,0.003548484732167334
9196,0.003548484732167334
9197,0.003548484732167334
9198,0.003548484732167334
9199,0.003548484732167334
9200,0.003548484732167334
9201,0.003548484732167334
9202,0.003548484732167334
9203,0.003548484732167334
9204,0.003548484732167334
9205,0.003548484732167334
9206,0.003548484732167334
9207,0.003548484732167334
9208,0.003548484732167334
9209,0.003548484732167334
9210,0.003548484732167334
9211,0.003548484732167334
9212,0.003548484732167334
9213,0.003548484732167334
9214,0.003548484732167334
9215,0.003548484732167334
9216,0.003548484732167334
9217,0.003548484732167334
9218,0.003548484732167334
9219,0.003548484732167334
9220,0.003548484732167334
9221,0.003548484732167334
9222,0.003548484732167334
9223,0.003548484732167334
9224,0.003548484732167334
9225,0.003548484732167334
9226,0.003548484732167334
9227,0.003548484732167334
9228,0.003548484732167334
9229,0.003548484732167334
9230,0.003548484732167334
9231,0.003548484732167334
9232,0.003548484732167334
9233,0.003548484732167334
9234,0.003548484732167334
9235,0.003548484732167334
9236,0.003548484732167334
9237,0.003548484732167334
9238,0.003548484732167334
9239,0.003548484732167334
9240,0.003548484732167334
9241,0.003548484732167334
9242,0.003548484732167334
9243,0.003548484732167334
9244,0.003548484732167334
9245,0.003548484732167334
9246,0.003548484732167334
9247,0.003548484732167334
9248,0.003548484732167334
9249,0.003548484732167334
9250,0.003548484732167334
9251,0.003548484732167334
9252,0.003548484732167334
9253,0.003548484732167334
9254,0.003548484732167334
9255,0.003548484732167334
9256,0.003548484732167334
9257,0.003548484732167334
9258,0.003548484732167334
9259,0.003548484732167334
9260,0.003548484732167334
9261,0.003548484732167334
9262,0.003548484732167334
9263,0.003548484732167334
9264,0.003548484732167334
9265,0.003548484732167334
9266,0.003548484732167334
9267,0.003548484732167334
9268,0.003548484732167334
9269,0.003548484732167334
9270,0.003548484732167334
9271,0.003548484732167334
9272,0.003548484732167334
9273,0.003548484732167334
9274,0.003548484732167334
9275,0.003548484732167334
9276,0.003548484732167334
9277,0.003548484732167334
9278,0.003548484732167334
9279,0.003548484732167334
9280,0.003548484732167334
9281,0.003548484732167334
9282,0.003548484732167334
9283,0.003548484732167334
9284,0.003548484732167334
9285,0.003548484732167334
9286,0.003548484732167334
9287,0.003548484732167334
9288,0.003548484732167334
9289,0.003548484732167334
9290,0.003548484732167334
9291,0.003548484732167334
9292,0.003548484732167334
9293,0.003548484732167334
9294,0.003548484732167334
9295,0.003548484732167334
9296,0.003548484732167334
9297,0.003548484732167334
9298,0.003548484732167334
9299,0.003548484732167334
9300,0.003548484732167334
9301,0.003548484732167334
9302,0.003548484732167334
9303,0.003548484732167334
9304,0.003548484732167334
9305,0.003548484732167334
9306,0.003548484732167334
9307,0.003548484732167334
9308,0.003548484732167334
9309,0.003548484732167334
9310,0.003548484732167334
9311,0.003548484732167334
9312,0.003548484732167334
9313,0.003548484732167334
9314,0.003548484732167334
9315,0.003548484732167334
9316,0.003548484732167334
9317,0.003548484732167334
9318,0.003548484732167334
9319,0.003548484732167334
9320,0.003548484732167334
9321,0.003548484732167334
9322,0.003548484732167334
9323,0.003548484732167334
9324,0.003548484732167334
9325,0.003548484732167334
9326,0.003548484732167334
9327,0.003548484732167334
9328,0.003548484732167334
9329,0.003548484732167334
9330,0.003548484732167334
9331,0.003548484732167334
9332,0.003548484732167334
9333,0.003548484732167334
9334,0.003548484732167334
9335,0.003548484732167334
9336,0.003548484732167334
9337,0.003548484732167334
9338,0.003548484732167334
9339,0.003548484732167334
9340,0.003548484732167334
9341,0.003548484732167334
9342,0.003548484732167334
9343,0.003548484732167334
9344,0.003548484732167334
9345,0.003548484732167334
9346,0.003548484732167334
9347,0.003548484732167334
9348,0.003548484732167334
9349,0.003548484732167334
9350,0.003548484732167334
9351,0.003548484732167334
9352,0.003548484732167334
9353,0.003548484732167334
9354,0.003548484732167334
9355,0.003548484732167334
9356,0.003548484732167334
9357,0.003548484732167334
9358,0.003548484732167334
9359,0.003548484732167334
9360,0.003548484732167334
9361,0.003548484732167334
9362,0.003548484732167334
9363,0.003548484732167334
9364,0.003548484732167334
9365,0.003548484732167334
9366,0.003548484732167334
9367,0.003548484732167334
9368,0.003548484732167334
9369,0.003548484732167334
9370,0.003548484732167334
9371,0.003548484732167334
9372,0.003548484732167334
9373,0.003548484732167334
9374,0.003548484732167334
9375,0.003548484732167334
9376,0.003548484732167334
9377,0.003548484732167334
9378,0.003548484732167334
9379,0.003548484732167334
9380,0.003548484732167334
9381,0.003548484732167334
9382,0.003548484732167334
9383,0.003548484732167334
9384,0.003548484732167334
9385,0.003548484732167334
9386,0.003548484732167334
9387,0.003548484732167334
9388,0.003548484732167334
9389,0.003548484732167334
9390,0.003548484732167334
9391,0.003548484732167334
9392,0.003548484732167334
9393,0.003548484732167334
9394,0.003548484732167334
9395,0.003548484732167334
9396,0.003548484732167334
9397,0.003548484732167334
9398,0.003548484732167334
9399,0.003548484732167334
9400,0.003548484732167334
9401,0.003548484732167334
9402,0.003548484732167334
9403,0.003548484732167334
9404,0.003548484732167334
9405,0.003548484732167334
9406,0.003548484732167334
9407,0.003548484732167334
9408,0.003548484732167334
9409,0.003548484732167334
9410,0.003548484732167334
9411,0.003548484732167334
9412,0.003548484732167334
9413,0.003548484732167334
9414,0.003548484732167334
9415,0.003548484732167334
9416,0.003548484732167334
9417,0.003548484732167334
9418,0.003548484732167334
9419,0.003548484732167334
9420,0.003548484732167334
9421,0.003548484732167334
9422,0.003548484732167334
9423,0.003548484732167334
9424,0.003548484732167334
9425,0.003548484732167334
9426,0.003548484732167334
9427,0.003548484732167334
9428,0.003548484732167334
9429,0.003548484732167334
9430,0.003548484732167334
9431,0.003548484732167334
9432,0.003548484732167334
9433,0.003548484732167334
9434,0.003548484732167334
9435,0.003548484732167334
9436,0.003548484732167334
9437,0.003548484732167334
9438,0.003548484732167334
9439,0.003548484732167334
9440,0.003548484732167334
9441,0.003548484732167334
9442,0.003548484732167334
9443,0.003548484732167334
9444,0.003548484732167334
9445,0.003548484732167334
9446,0.003548484732167334
9447,0.003548484732167334
9448,0.003548484732167334
9449,0.003548484732167334
9450,0.003548484732167334
9451,0.003548484732167334
9452,0.003548484732167334
9453,0.003548484732167334
9454,0.003548484732167334
9455,0.003548484732167334
9456,0.003548484732167334
9457,0.003548484732167334
9458,0.003548484732167334
9459,0.003548484732167334
9460,0.003548484732167334
9461,0.003548484732167334
9462,0.003548484732167334
9463,0.003548484732167334
9464,0.003548484732167334
9465,0.003548484732167334
9466,0.003548484732167334
9467,0.003548484732167334
9468,0.003548484732167334
9469,0.003548484732167334
9470,0.003548484732167334
9471,0.003548484732167334
9472,0.003548484732167334
9473,0.003548484732167334
9474,0.003548484732167334
9475,0.003548484732167334
9476,0.003548484732167334
9477,0.003548484732167334
9478,0.003548484732167334
9479,0.003548484732167334
9480,0.003548484732167334
9481,0.003548484732167334
9482,0.003548484732167334
9483,0.003548484732167334
9484,0.003548484732167334
9485,0.003548484732167334
9486,0.003548484732167334
9487,0.003548484732167334
9488,0.003548484732167334
9489,0.003548484732167334
9490,0.003548484732167334
9491,0.003548484732167334
9492,0.003548484732167334
9493,0.003548484732167334
9494,0.003548484732167334
9495,0.003548484732167334
9496,0.003548484732167334
9497,0.003548484732167334
9498,0.003548484732167334
9499,0.003548484732167334
9500,0.003548484732167334
9501,0.003548484732167334
9502,0.003548484732167334
9503,0.003548484732167334
9504,0.003548484732167334
9505,0.003548484732167334
9506,0.003548484732167334
9507,0.003548484732167334
9508,0.003548484732167334
9509,0.003548484732167334
9510,0.003548484732167334
9511,0.003548484732167334
9512,0.003548484732167334
9513,0.003548484732167334
9514,0.003548484732167334
9515,0.003548484732167334
9516,0.003548484732167334
9517,0.003548484732167334
9518,0.003548484732167334
9519,0.003548484732167334
9520,0.003548484732167334
9521,0.003548484732167334
9522,0.003548484732167334
9523,0.003548484732167334
9524,0.003548484732167334
9525,0.003548484732167334
9526,0.003548484732167334
9527,0.003548484732167334
9528,0.003548484732167334
9529,0.003548484732167334
9530,0.003548484732167334
9531,0.003548484732167334
9532,0.003548484732167334
9533,0.003548484732167334
9534,0.003548484732167334
9535,0.003548484732167334
9536,0.003548484732167334
9537,0.003548484732167334
9538,0.003548484732167334
9539,0.003548484732167334
9540,0.003548484732167334
9541,0.003548484732167334
9542,0.003548484732167334
9543,0.003548484732167334
9544,0.003548484732167334
9545,0.003548484732167334
9546,0.003548484732167334
9547,0.003548484732167334
9548,0.003548484732167334
9549,0.003548484732167334
9550,0.003548484732167334
9551,0.003548484732167334
9552,0.003548484732167334
9553,0.003548484732167334
9554,0.003548484732167334
9555,0.003548484732167334
9556,0.003548484732167334
9557,0.003548484732167334
9558,0.003548484732167334
9559,0.003548484732167334
9560,0.003548484732167334
9561,0.003548484732167334
9562,0.003548484732167334
9563,0.003548484732167334
9564,0.003548484732167334
9565,0.003548484732167334
9566,0.003548484732167334
9567,0.003548484732167334
9568,0.003548484732167334
9569,0.003548484732167334
9570,0.003548484732167334
9571,0.003548484732167334
9572,0.003548484732167334
9573,0.003548484732167334
9574,0.003548484732167334
9575,0.003548484732167334
9576,0.003548484732167334
9577,0.003548484732167334
9578,0.003548484732167334
9579,0.003548484732167334
9580,0.003548484732167334
9581,0.003548484732167334
9582,0.003548484732167334
9583,0.003548484732167334
9584,0.003548484732167334
9585,0.003548484732167334
9586,0.003548484732167334
9587,0.003548484732167334
9588,0.003548484732167334
9589,0.003548484732167334
9590,0.003548484732167334
9591,0.003548484732167334
9592,0.003548484732167334
9593,0.003548484732167334
9594,0.003548484732167334
9595,0.003548484732167334
9596,0.003548484732167334
9597,0.003548484732167334
9598,0.003548484732167334
9599,0.003548484732167334
9600,0.003548484732167334
9601,0.003548484732167334
9602,0.003548484732167334
9603,0.003548484732167334
9604,0.003548484732167334
9605,0.003548484732167334
9606,0.003548484732167334
9607,0.003548484732167334
9608,0.003548484732167334
9609,0.003548484732167334
9610,0.003548484732167334
9611,0.003548484732167334
9612,0.003548484732167334
9613,0.003548484732167334
9614,0.003548484732167334
9615,0.003548484732167334
9616,0.003548484732167334
9617,0.003548484732167334
9618,0.003548484732167334
9619,0.003548484732167334
9620,0.003548484732167334
9621,0.003548484732167334
9622,0.003548484732167334
9623,0.003548484732167334
9624,0.003548484732167334
9625,0.003548484732167334
9626,0.003548484732167334
9627,0.003548484732167334
9628,0.003548484732167334
9629,0.003548484732167334
9630,0.003548484732167334
9631,0.003548484732167334
9632,0.003548484732167334
9633,0.003548484732167334
9634,0.003548484732167334
9635,0.003548484732167334
9636,0.003548484732167334
9637,0.003548484732167334
9638,0.003548484732167334
9639,0.003548484732167334
9640,0.003548484732167334
9641,0.003548484732167334
9642,0.003548484732167334
9643,0.003548484732167334
9644,0.003548484732167334
9645,0.003548484732167334
9646,0.003548484732167334
9647,0.003548484732167334
9648,0.003548484732167334
9649,0.003548484732167334
9650,0.003548484732167334
9651,0.003548484732167334
9652,0.003548484732167334
9653,0.003548484732167334
9654,0.003548484732167334
9655,0.003548484732167334
9656,0.003548484732167334
9657,0.003548484732167334
9658,0.003548484732167334
9659,0.003548484732167334
9660,0.003548484732167334
9661,0.003548484732167334
9662,0.003548484732167334
9663,0.003548484732167334
9664,0.003548484732167334
9665,0.003548484732167334
9666,0.003548484732167334
9667,0.003548484732167334
9668,0.003548484732167334
9669,0.003548484732167334
9670,0.003548484732167334
9671,0.003548484732167334
9672,0.003548484732167334
9673,0.003548484732167334
9674,0.003548484732167334
9675,0.003548484732167334
9676,0.003548484732167334
9677,0.003548484732167334
9678,0.003548484732167334
9679,0.003548484732167334
9680,0.003548484732167334
9681,0.003548484732167334
9682,0.003548484732167334
9683,0.003548484732167334
9684,0.003548484732167334
9685,0.003548484732167334
9686,0.003548484732167334
9687,0.003548484732167334
9688,0.003548484732167334
9689,0.003548484732167334
9690,0.003548484732167334
9691,0.003548484732167334
9692,0.003548484732167334
9693,0.003548484732167334
9694,0.003548484732167334
9695,0.003548484732167334
9696,0.003548484732167334
9697,0.003548484732167334
9698,0.003548484732167334
9699,0.003548484732167334
9700,0.003548484732167334
9701,0.003548484732167334
9702,0.003548484732167334
9703,0.003548484732167334
9704,0.003548484732167334
9705,0.003548484732167334
9706,0.003548484732167334
9707,0.003548484732167334
9708,0.003548484732167334
9709,0.003548484732167334
9710,0.003548484732167334
9711,0.003548484732167334
9712,0.003548484732167334
9713,0.003548484732167334
9714,0.003548484732167334
9715,0.003548484732167334
9716,0.003548484732167334
9717,0.003548484732167334
9718,0.003548484732167334
9719,0.003548484732167334
9720,0.003548484732167334
9721,0.003548484732167334
9722,0.003548484732167334
9723,0.003548484732167334
9724,0.003548484732167334
9725,0.003548484732167334
9726,0.003548484732167334
9727,0.003548484732167334
9728,0.003548484732167334
9729,0.003548484732167334
9730,0.003548484732167334
9731,0.003548484732167334
9732,0.003548484732167334
9733,0.003548484732167334
9734,0.003548484732167334
9735,0.003548484732167334
9736,0.003548484732167334
9737,0.003548484732167334
9738,0.003548484732167334
9739,0.003548484732167334
9740,0.003548484732167334
9741,0.003548484732167334
9742,0.003548484732167334
9743,0.003548484732167334
9744,0.003548484732167334
9745,0.003548484732167334
9746,0.003548484732167334
9747,0.003548484732167334
9748,0.003548484732167334
9749,0.003548484732167334
9750,0.003548484732167334
9751,0.003548484732167334
9752,0.003548484732167334
9753,0.003548484732167334
9754,0.003548484732167334
9755,0.003548484732167334
9756,0.003548484732167334
9757,0.003548484732167334
9758,0.003548484732167334
9759,0.003548484732167334
9760,0.003548484732167334
9761,0.003548484732167334
9762,0.003548484732167334
9763,0.003548484732167334
9764,0.003548484732167334
9765,0.003548484732167334
9766,0.003548484732167334
9767,0.003548484732167334
9768,0.003548484732167334
9769,0.003548484732167334
9770,0.003548484732167334
9771,0.003548484732167334
9772,0.003548484732167334
9773,0.003548484732167334
9774,0.003548484732167334
9775,0.003548484732167334
9776,0.003548484732167334
9777,0.003548484732167334
9778,0.003548484732167334
9779,0.003548484732167334
9780,0.003548484732167334
9781,0.003548484732167334
9782,0.003548484732167334
9783,0.003548484732167334
9784,0.003548484732167334
9785,0.003548484732167334
9786,0.003548484732167334
9787,0.003548484732167334
9788,0.003548484732167334
9789,0.003548484732167334
9790,0.003548484732167334
9791,0.003548484732167334
9792,0.003548484732167334
9793,0.003548484732167334
9794,0.003548484732167334
9795,0.003548484732167334
9796,0.003548484732167334
9797,0.003548484732167334
9798,0.003548484732167334
9799,0.003548484732167334
9800,0.003548484732167334
9801,0.003548484732167334
9802,0.003548484732167334
9803,0.003548484732167334
9804,0.003548484732167334
9805,0.003548484732167334
9806,0.003548484732167334
9807,0.003548484732167334
9808,0.003548484732167334
9809,0.003548484732167334
9810,0.003548484732167334
9811,0.003548484732167334
9812,0.003548484732167334
9813,0.003548484732167334
9814,0.003548484732167334
9815,0.003548484732167334
9816,0.003548484732167334
9817,0.003548484732167334
9818,0.003548484732167334
9819,0.003548484732167334
9820,0.003548484732167334
9821,0.003548484732167334
9822,0.003548484732167334
9823,0.003548484732167334
9824,0.003548484732167334
9825,0.003548484732167334
9826,0.003548484732167334
9827,0.003548484732167334
9828,0.003548484732167334
9829,0.003548484732167334
9830,0.003548484732167334
9831,0.003548484732167334
9832,0.003548484732167334
9833,0.003548484732167334
9834,0.003548484732167334
9835,0.003548484732167334
9836,0.003548484732167334
9837,0.003548484732167334
9838,0.003548484732167334
9839,0.003548484732167334
9840,0.003548484732167334
9841,0.003548484732167334
9842,0.003548484732167334
9843,0.003548484732167334
9844,0.003548484732167334
9845,0.003548484732167334
9846,0.003548484732167334
9847,0.003548484732167334
9848,0.003548484732167334
9849,0.003548484732167334
9850,0.003548484732167334
9851,0.003548484732167334
9852,0.003548484732167334
9853,0.003548484732167334
9854,0.003548484732167334
9855,0.003548484732167334
9856,0.003548484732167334
9857,0.003548484732167334
9858,0.003548484732167334
9859,0.003548484732167334
9860,0.003548484732167334
9861,0.003548484732167334
9862,0.003548484732167334
9863,0.003548484732167334
9864,0.003548484732167334
9865,0.003548484732167334
9866,0.003548484732167334
9867,0.003548484732167334
9868,0.003548484732167334
9869,0.003548484732167334
9870,0.003548484732167334
9871,0.003548484732167334
9872,0.003548484732167334
9873,0.003548484732167334
9874,0.003548484732167334
9875,0.003548484732167334
9876,0.003548484732167334
9877,0.003548484732167334
9878,0.003548484732167334
9879,0.003548484732167334
9880,0.003548484732167334
9881,0.003548484732167334
9882,0.003548484732167334
9883,0.003548484732167334
9884,0.003548484732167334
9885,0.003548484732167334
9886,0.003548484732167334
9887,0.003548484732167334
9888,0.003548484732167334
9889,0.003548484732167334
9890,0.003548484732167334
9891,0.003548484732167334
9892,0.003548484732167334
9893,0.003548484732167334
9894,0.003548484732167334
9895,0.003548484732167334
9896,0.003548484732167334
9897,0.003548484732167334
9898,0.003548484732167334
9899,0.003548484732167334
9900,0.003548484732167334
9901,0.003548484732167334
9902,0.003548484732167334
9903,0.003548484732167334
9904,0.003548484732167334
9905,0.003548484732167334
9906,0.003548484732167334
9907,0.003548484732167334
9908,0.003548484732167334
9909,0.003548484732167334
9910,0.003548484732167334
9911,0.003548484732167334
9912,0.003548484732167334
9913,0.003548484732167334
9914,0.003548484732167334
9915,0.003548484732167334
9916,0.003548484732167334
9917,0.003548484732167334
9918,0.003548484732167334
9919,0.003548484732167334
9920,0.003548484732167334
9921,0.003548484732167334
9922,0.003548484732167334
9923,0.003548484732167334
9924,0.003548484732167334
9925,0.003548484732167334
9926,0.003548484732167334
9927,0.003548484732167334
9928,0.003548484732167334
9929,0.003548484732167334
9930,0.003548484732167334
9931,0.003548484732167334
9932,0.003548484732167334
9933,0.003548484732167334
9934,0.003548484732167334
9935,0.003548484732167334
9936,0.003548484732167334
9937,0.003548484732167334
9938,0.003548484732167334
9939,0.003548484732167334
9940,0.003548484732167334
9941,0.003548484732167334
9942,0.003548484732167334
9943,0.003548484732167334
9944,0.003548484732167334
9945,0.003548484732167334
9946,0.003548484732167334
9947,0.003548484732167334
9948,0.003548484732167334
9949,0.003548484732167334
9950,0.003548484732167334
9951,0.003548484732167334
9952,0.003548484732167334
9953,0.003548484732167334
9954,0.003548484732167334
9955,0.003548484732167334
9956,0.003548484732167334
9957,0.003548484732167334
9958,0.003548484732167334
9959,0.003548484732167334
9960,0.003548484732167334
9961,0.003548484732167334
9962,0.003548484732167334
9963,0.003548484732167334
9964,0.003548484732167334
9965,0.003548484732167334
9966,0.003548484732167334
9967,0.003548484732167334
9968,0.003548484732167334
9969,0.003548484732167334
9970,0.003548484732167334
9971,0.003548484732167334
9972,0.003548484732167334
9973,0.003548484732167334
9974,0.003548484732167334
9975,0.003548484732167334
9976,0.003548484732167334
9977,0.003548484732167334
9978,0.003548484732167334
9979,0.003548484732167334
9980,0.003548484732167334
9981,0.003548484732167334
9982,0.003548484732167334
9983,0.003548484732167334
9984,0.003548484732167334
9985,0.003548484732167334
9986,0.003548484732167334
9987,0.003548484732167334
9988,0.003548484732167334
9989,0.003548484732167334
9990,0.003548484732167334
9991,0.003548484732167334
9992,0.003548484732167334
9993,0.003548484732167334
9994,0.003548484732167334
9995,0.003548484732167334
9996,0.003548484732167334
9997,0.003548484732167334
9998,0.003548484732167334
9999,0.003548484732167334
10000,0.003548484732167334
10001,0.003548484732167334
10002,0.003548484732167334
10003,0.003548484732167334
10004,0.003548484732167334
10005,0.003548484732167334
10006,0.003548484732167334
10007,0.003548484732167334
10008,0.003548484732167334
10009,0.003548484732167334
10010,0.003548484732167334
10011,0.003548484732167334
10012,0.003548484732167334
10013,0.003548484732167334
10014,0.003548484732167334
10015,0.003548484732167334
10016,0.003548484732167334
10017,0.003548484732167334
10018,0.003548484732167334
10019,0.003548484732167334
10020,0.003548484732167334
10021,0.003548484732167334
10022,0.003548484732167334
10023,0.003548484732167334
10024,0.003548484732167334
10025,0.003548484732167334
10026,0.003548484732167334
10027,0.003548484732167334
10028,0.003548484732167334
10029,0.003548484732167334
10030,0.003548484732167334
10031,0.003548484732167334
10032,0.003548484732167334
10033,0.003548484732167334
10034,0.003548484732167334
10035,0.003548484732167334
10036,0.003548484732167334
10037,0.003548484732167334
10038,0.003548484732167334
10039,0.003548484732167334
10040,0.003548484732167334
10041,0.003548484732167334
10042,0.003548484732167334
10043,0.003548484732167334
10044,0.003548484732167334
10045,0.003548484732167334
10046,0.003548484732167334
10047,0.003548484732167334
10048,0.003548484732167334
10049,0.003548484732167334
10050,0.003548484732167334
10051,0.003548484732167334
10052,0.003548484732167334
10053,0.003548484732167334
10054,0.003548484732167334
10055,0.003548484732167334
10056,0.003548484732167334
10057,0.003548484732167334
10058,0.003548484732167334
10059,0.003548484732167334
10060,0.003548484732167334
10061,0.003548484732167334
10062,0.003548484732167334
10063,0.003548484732167334
10064,0.003548484732167334
10065,0.003548484732167334
10066,0.003548484732167334
10067,0.003548484732167334
10068,0.003548484732167334
10069,0.003548484732167334
10070,0.003548484732167334
10071,0.003548484732167334
10072,0.003548484732167334
10073,0.003548484732167334
10074,0.003548484732167334
10075,0.003548484732167334
10076,0.003548484732167334
10077,0.003548484732167334
10078,0.003548484732167334
10079,0.003548484732167334
10080,0.003548484732167334
10081,0.003548484732167334
10082,0.003548484732167334
10083,0.003548484732167334
10084,0.003548484732167334
10085,0.003548484732167334
10086,0.003548484732167334
10087,0.003548484732167334
10088,0.003548484732167334
10089,0.003548484732167334
10090,0.003548484732167334
10091,0.003548484732167334
10092,0.003548484732167334
10093,0.003548484732167334
10094,0.003548484732167334
10095,0.003548484732167334
10096,0.003548484732167334
10097,0.003548484732167334
10098,0.003548484732167334
10099,0.003548484732167334
10100,0.003548484732167334
10101,0.003548484732167334
10102,0.003548484732167334
10103,0.003548484732167334
10104,0.003548484732167334
10105,0.003548484732167334
10106,0.003548484732167334
10107,0.003548484732167334
10108,0.003548484732167334
10109,0.003548484732167334
10110,0.003548484732167334
10111,0.003548484732167334
10112,0.003548484732167334
10113,0.003548484732167334
10114,0.003548484732167334
10115,0.003548484732167334
10116,0.003548484732167334
10117,0.003548484732167334
10118,0.003548484732167334
10119,0.003548484732167334
10120,0.003548484732167334
10121,0.003548484732167334
10122,0.003548484732167334
10123,0.003548484732167334
10124,0.003548484732167334
10125,0.003548484732167334
10126,0.003548484732167334
10127,0.003548484732167334
10128,0.003548484732167334
10129,0.003548484732167334
10130,0.003548484732167334
10131,0.003548484732167334
10132,0.003548484732167334
10133,0.003548484732167334
10134,0.003548484732167334
10135,0.003548484732167334
10136,0.003548484732167334
10137,0.003548484732167334
10138,0.003548484732167334
10139,0.003548484732167334
10140,0.003548484732167334
10141,0.003548484732167334
10142,0.003548484732167334
10143,0.003548484732167334
10144,0.003548484732167334
10145,0.003548484732167334
10146,0.003548484732167334
10147,0.003548484732167334
10148,0.003548484732167334
10149,0.003548484732167334
10150,0.003548484732167334
10151,0.003548484732167334
10152,0.003548484732167334
10153,0.003548484732167334
10154,0.003548484732167334
10155,0.003548484732167334
10156,0.003548484732167334
10157,0.003548484732167334
10158,0.003548484732167334
10159,0.003548484732167334
10160,0.003548484732167334
10161,0.003548484732167334
10162,0.003548484732167334
10163,0.003548484732167334
10164,0.003548484732167334
10165,0.003548484732167334
10166,0.003548484732167334
10167,0.003548484732167334
10168,0.003548484732167334
10169,0.003548484732167334
10170,0.003548484732167334
10171,0.003548484732167334
10172,0.003548484732167334
10173,0.003548484732167334
10174,0.003548484732167334
10175,0.003548484732167334
10176,0.003548484732167334
10177,0.003548484732167334
10178,0.003548484732167334
10179,0.003548484732167334
10180,0.003548484732167334
10181,0.003548484732167334
10182,0.003548484732167334
10183,0.003548484732167334
10184,0.003548484732167334
10185,0.003548484732167334
10186,0.003548484732167334
10187,0.003548484732167334
10188,0.003548484732167334
10189,0.003548484732167334
10190,0.003548484732167334
10191,0.003548484732167334
10192,0.003548484732167334
10193,0.003548484732167334
10194,0.003548484732167334
10195,0.003548484732167334
10196,0.003548484732167334
10197,0.003548484732167334
10198,0.003548484732167334
10199,0.003548484732167334
10200,0.003548484732167334
10201,0.003548484732167334
10202,0.003548484732167334
10203,0.003548484732167334
10204,0.003548484732167334
10205,0.003548484732167334
10206,0.003548484732167334
10207,0.003548484732167334
10208,0.003548484732167334
10209,0.003548484732167334
10210,0.003548484732167334
10211,0.003548484732167334
10212,0.003548484732167334
10213,0.003548484732167334
10214,0.003548484732167334
10215,0.003548484732167334
10216,0.003548484732167334
10217,0.003548484732167334
10218,0.003548484732167334
10219,0.003548484732167334
10220,0.003548484732167334
10221,0.003548484732167334
10222,0.003548484732167334
10223,0.003548484732167334
10224,0.003548484732167334
10225,0.003548484732167334
10226,0.003548484732167334
10227,0.003548484732167334
10228,0.003548484732167334
10229,0.003548484732167334
10230,0.003548484732167334
10231,0.003548484732167334
10232,0.003548484732167334
10233,0.003548484732167334
10234,0.003548484732167334
10235,0.003548484732167334
10236,0.003548484732167334
10237,0.003548484732167334
10238,0.003548484732167334
10239,0.003548484732167334
10240,0.003548484732167334
10241,0.003548484732167334
10242,0.003548484732167334
10243,0.003548484732167334
10244,0.003548484732167334
10245,0.003548484732167334
10246,0.003548484732167334
10247,0.003548484732167334
10248,0.003548484732167334
10249,0.003548484732167334
10250,0.003548484732167334
10251,0.003548484732167334
10252,0.003548484732167334
10253,0.003548484732167334
10254,0.003548484732167334
10255,0.003548484732167334
10256,0.003548484732167334
10257,0.003548484732167334
10258,0.003548484732167334
10259,0.003548484732167334
10260,0.003548484732167334
10261,0.003548484732167334
10262,0.003548484732167334
10263,0.003548484732167334
10264,0.003548484732167334
10265,0.003548484732167334
10266,0.003548484732167334
10267,0.003548484732167334
10268,0.003548484732167334
10269,0.003548484732167334
10270,0.003548484732167334
10271,0.003548484732167334
10272,0.003548484732167334
10273,0.003548484732167334
10274,0.003548484732167334
10275,0.003548484732167334
10276,0.003548484732167334
10277,0.003548484732167334
10278,0.003548484732167334
10279,0.003548484732167334
10280,0.003548484732167334
10281,0.003548484732167334
10282,0.003548484732167334
10283,0.003548484732167334
10284,0.003548484732167334
10285,0.003548484732167334
10286,0.003548484732167334
10287,0.003548484732167334
10288,0.003548484732167334
10289,0.003548484732167334
10290,0.003548484732167334
10291,0.003548484732167334
10292,0.003548484732167334
10293,0.003548484732167334
10294,0.003548484732167334
10295,0.003548484732167334
10296,0.003548484732167334
10297,0.003548484732167334
10298,0.003548484732167334
10299,0.003548484732167334
10300,0.003548484732167334
10301,0.003548484732167334
10302,0.003548484732167334
10303,0.003548484732167334
10304,0.003548484732167334
10305,0.003548484732167334
10306,0.003548484732167334
10307,0.003548484732167334
10308,0.003548484732167334
10309,0.003548484732167334
10310,0.003548484732167334
10311,0.003548484732167334
10312,0.003548484732167334
10313,0.003548484732167334
10314,0.003548484732167334
10315,0.003548484732167334
10316,0.003548484732167334
10317,0.003548484732167334
10318,0.003548484732167334
10319,0.003548484732167334
10320,0.003548484732167334
10321,0.003548484732167334
10322,0.003548484732167334
10323,0.003548484732167334
10324,0.003548484732167334
10325,0.003548484732167334
10326,0.003548484732167334
10327,0.003548484732167334
10328,0.003548484732167334
10329,0.003548484732167334
10330,0.003548484732167334
10331,0.003548484732167334
10332,0.003548484732167334
10333,0.003548484732167334
10334,0.003548484732167334
10335,0.003548484732167334
10336,0.003548484732167334
10337,0.003548484732167334
10338,0.003548484732167334
10339,0.003548484732167334
10340,0.003548484732167334
10341,0.003548484732167334
10342,0.003548484732167334
10343,0.003548484732167334
10344,0.003548484732167334
10345,0.003548484732167334
10346,0.003548484732167334
10347,0.003548484732167334
10348,0.003548484732167334
10349,0.003548484732167334
10350,0.003548484732167334
10351,0.003548484732167334
10352,0.003548484732167334
10353,0.003548484732167334
10354,0.003548484732167334
10355,0.003548484732167334
10356,0.003548484732167334
10357,0.003548484732167334
10358,0.003548484732167334
10359,0.003548484732167334
10360,0.003548484732167334
10361,0.003548484732167334
10362,0.003548484732167334
10363,0.003548484732167334
10364,0.003548484732167334
10365,0.003548484732167334
10366,0.003548484732167334
10367,0.003548484732167334
10368,0.003548484732167334
10369,0.003548484732167334
10370,0.003548484732167334
10371,0.003548484732167334
10372,0.003548484732167334
10373,0.003548484732167334
10374,0.003548484732167334
10375,0.003548484732167334
10376,0.003548484732167334
10377,0.003548484732167334
10378,0.003548484732167334
10379,0.003548484732167334
10380,0.003548484732167334
10381,0.003548484732167334
10382,0.003548484732167334
10383,0.003548484732167334
10384,0.003548484732167334
10385,0.003548484732167334
10386,0.003548484732167334
10387,0.003548484732167334
10388,0.003548484732167334
10389,0.003548484732167334
10390,0.003548484732167334
10391,0.003548484732167334
10392,0.003548484732167334
10393,0.003548484732167334
10394,0.003548484732167334
10395,0.003548484732167334
10396,0.003548484732167334
10397,0.003548484732167334
10398,0.003548484732167334
10399,0.003548484732167334
10400,0.003548484732167334
10401,0.003548484732167334
10402,0.003548484732167334
10403,0.003548484732167334
10404,0.003548484732167334
10405,0.003548484732167334
10406,0.003548484732167334
10407,0.003548484732167334
10408,0.003548484732167334
10409,0.003548484732167334
10410,0.003548484732167334
10411,0.003548484732167334
10412,0.003548484732167334
10413,0.003548484732167334
10414,0.003548484732167334
10415,0.003548484732167334
10416,0.003548484732167334
10417,0.003548484732167334
10418,0.003548484732167334
10419,0.003548484732167334
10420,0.003548484732167334
10421,0.003548484732167334
10422,0.003548484732167334
10423,0.003548484732167334
10424,0.003548484732167334
10425,0.003548484732167334
10426,0.003548484732167334
10427,0.003548484732167334
10428,0.003548484732167334
10429,0.003548484732167334
10430,0.003548484732167334
10431,0.003548484732167334
10432,0.003548484732167334
10433,0.003548484732167334
10434,0.003548484732167334
10435,0.003548484732167334
10436,0.003548484732167334
10437,0.003548484732167334
10438,0.003548484732167334
10439,0.003548484732167334
10440,0.003548484732167334
10441,0.003548484732167334
10442,0.003548484732167334
10443,0.003548484732167334
10444,0.003548484732167334
10445,0.003548484732167334
10446,0.003548484732167334
10447,0.003548484732167334
10448,0.003548484732167334
10449,0.003548484732167334
10450,0.003548484732167334
10451,0.003548484732167334
10452,0.003548484732167334
10453,0.003548484732167334
10454,0.003548484732167334
10455,0.003548484732167334
10456,0.003548484732167334
10457,0.003548484732167334
10458,0.003548484732167334
10459,0.003548484732167334
10460,0.003548484732167334
10461,0.003548484732167334
10462,0.003548484732167334
10463,0.003548484732167334
10464,0.003548484732167334
10465,0.003548484732167334
10466,0.003548484732167334
10467,0.003548484732167334
10468,0.003548484732167334
10469,0.003548484732167334
10470,0.003548484732167334
10471,0.003548484732167334
10472,0.003548484732167334
10473,0.003548484732167334
10474,0.003548484732167334
10475,0.003548484732167334
10476,0.003548484732167334
10477,0.003548484732167334
10478,0.003548484732167334
10479,0.003548484732167334
10480,0.003548484732167334
10481,0.003548484732167334
10482,0.003548484732167334
10483,0.003548484732167334
10484,0.003548484732167334
10485,0.003548484732167334
10486,0.003548484732167334
10487,0.003548484732167334
10488,0.003548484732167334
10489,0.003548484732167334
10490,0.003548484732167334
10491,0.003548484732167334
10492,0.003548484732167334
10493,0.003548484732167334
10494,0.003548484732167334
10495,0.003548484732167334
10496,0.003548484732167334
10497,0.003548484732167334
10498,0.003548484732167334
10499,0.003548484732167334
10500,0.003548484732167334
10501,0.003548484732167334
10502,0.003548484732167334
10503,0.003548484732167334
10504,0.003548484732167334
10505,0.003548484732167334
10506,0.003548484732167334
10507,0.003548484732167334
10508,0.003548484732167334
10509,0.003548484732167334
10510,0.003548484732167334
10511,0.003548484732167334
10512,0.003548484732167334
10513,0.003548484732167334
10514,0.003548484732167334
10515,0.003548484732167334
10516,0.003548484732167334
10517,0.003548484732167334
10518,0.003548484732167334
10519,0.003548484732167334
10520,0.003548484732167334
10521,0.003548484732167334
10522,0.003548484732167334
10523,0.003548484732167334
10524,0.003548484732167334
10525,0.003548484732167334
10526,0.003548484732167334
10527,0.003548484732167334
10528,0.003548484732167334
10529,0.003548484732167334
10530,0.003548484732167334
10531,0.003548484732167334
10532,0.003548484732167334
10533,0.003548484732167334
10534,0.003548484732167334
10535,0.003548484732167334
10536,0.003548484732167334
10537,0.003548484732167334
10538,0.003548484732167334
10539,0.003548484732167334
10540,0.003548484732167334
10541,0.003548484732167334
10542,0.003548484732167334
10543,0.003548484732167334
10544,0.003548484732167334
10545,0.003548484732167334
10546,0.003548484732167334
10547,0.003548484732167334
10548,0.003548484732167334
10549,0.003548484732167334
10550,0.003548484732167334
10551,0.003548484732167334
10552,0.003548484732167334
10553,0.003548484732167334
10554,0.003548484732167334
10555,0.003548484732167334
10556,0.003548484732167334
10557,0.003548484732167334
10558,0.003548484732167334
10559,0.003548484732167334
10560,0.003548484732167334
10561,0.003548484732167334
10562,0.003548484732167334
10563,0.003548484732167334
10564,0.003548484732167334
10565,0.003548484732167334
10566,0.003548484732167334
10567,0.003548484732167334
10568,0.003548484732167334
10569,0.003548484732167334
10570,0.003548484732167334
10571,0.003548484732167334
10572,0.003548484732167334
10573,0.003548484732167334
10574,0.003548484732167334
10575,0.003548484732167334
10576,0.003548484732167334
10577,0.003548484732167334
10578,0.003548484732167334
10579,0.003548484732167334
10580,0.003548484732167334
10581,0.003548484732167334
10582,0.003548484732167334
10583,0.003548484732167334
10584,0.003548484732167334
10585,0.003548484732167334
10586,0.003548484732167334
10587,0.003548484732167334
10588,0.003548484732167334
10589,0.003548484732167334
10590,0.003548484732167334
10591,0.003548484732167334
10592,0.003548484732167334
10593,0.003548484732167334
10594,0.003548484732167334
10595,0.003548484732167334
10596,0.003548484732167334
10597,0.003548484732167334
10598,0.003548484732167334
10599,0.003548484732167334
10600,0.003548484732167334
10601,0.003548484732167334
10602,0.003548484732167334
10603,0.003548484732167334
10604,0.003548484732167334
10605,0.003548484732167334
10606,0.003548484732167334
10607,0.003548484732167334
10608,0.003548484732167334
10609,0.003548484732167334
10610,0.003548484732167334
10611,0.003548484732167334
10612,0.003548484732167334
10613,0.003548484732167334
10614,0.003548484732167334
10615,0.003548484732167334
10616,0.003548484732167334
10617,0.003548484732167334
10618,0.003548484732167334
10619,0.003548484732167334
10620,0.003548484732167334
10621,0.003548484732167334
10622,0.003548484732167334
10623,0.003548484732167334
10624,0.003548484732167334
10625,0.003548484732167334
10626,0.003548484732167334
10627,0.003548484732167334
10628,0.003548484732167334
10629,0.003548484732167334
10630,0.003548484732167334
10631,0.003548484732167334
10632,0.003548484732167334
10633,0.003548484732167334
10634,0.003548484732167334
10635,0.003548484732167334
10636,0.003548484732167334
10637,0.003548484732167334
10638,0.003548484732167334
10639,0.003548484732167334
10640,0.003548484732167334
10641,0.003548484732167334
10642,0.003548484732167334
10643,0.003548484732167334
10644,0.003548484732167334
10645,0.003548484732167334
10646,0.003548484732167334
10647,0.003548484732167334
10648,0.003548484732167334
10649,0.003548484732167334
10650,0.003548484732167334
10651,0.003548484732167334
10652,0.003548484732167334
10653,0.003548484732167334
10654,0.003548484732167334
10655,0.003548484732167334
10656,0.003548484732167334
10657,0.003548484732167334
10658,0.003548484732167334
10659,0.003548484732167334
10660,0.003548484732167334
10661,0.003548484732167334
10662,0.003548484732167334
10663,0.003548484732167334
10664,0.003548484732167334
10665,0.003548484732167334
10666,0.003548484732167334
10667,0.003548484732167334
10668,0.003548484732167334
10669,0.003548484732167334
10670,0.003548484732167334
10671,0.003548484732167334
10672,0.003548484732167334
10673,0.003548484732167334
10674,0.003548484732167334
10675,0.003548484732167334
10676,0.003548484732167334
10677,0.003548484732167334
10678,0.003548484732167334
10679,0.003548484732167334
10680,0.003548484732167334
10681,0.003548484732167334
10682,0.003548484732167334
10683,0.003548484732167334
10684,0.003548484732167334
10685,0.003548484732167334
10686,0.003548484732167334
10687,0.003548484732167334
10688,0.003548484732167334
10689,0.003548484732167334
10690,0.003548484732167334
10691,0.003548484732167334
10692,0.003548484732167334
10693,0.003548484732167334
10694,0.003548484732167334
10695,0.003548484732167334
10696,0.003548484732167334
10697,0.003548484732167334
10698,0.003548484732167334
10699,0.003548484732167334
10700,0.003548484732167334
10701,0.003548484732167334
10702,0.003548484732167334
10703,0.003548484732167334
10704,0.003548484732167334
10705,0.003548484732167334
10706,0.003548484732167334
10707,0.003548484732167334
10708,0.003548484732167334
10709,0.003548484732167334
10710,0.003548484732167334
10711,0.003548484732167334
10712,0.003548484732167334
10713,0.003548484732167334
10714,0.003548484732167334
10715,0.003548484732167334
10716,0.003548484732167334
10717,0.003548484732167334
10718,0.003548484732167334
10719,0.003548484732167334
10720,0.003548484732167334
10721,0.003548484732167334
10722,0.003548484732167334
10723,0.003548484732167334
10724,0.003548484732167334
10725,0.003548484732167334
10726,0.003548484732167334
10727,0.003548484732167334
10728,0.003548484732167334
10729,0.003548484732167334
10730,0.003548484732167334
10731,0.003548484732167334
10732,0.003548484732167334
10733,0.003548484732167334
10734,0.003548484732167334
10735,0.003548484732167334
10736,0.003548484732167334
10737,0.003548484732167334
10738,0.003548484732167334
10739,0.003548484732167334
10740,0.003548484732167334
10741,0.003548484732167334
10742,0.003548484732167334
10743,0.003548484732167334
10744,0.003548484732167334
10745,0.003548484732167334
10746,0.003548484732167334
10747,0.003548484732167334
10748,0.003548484732167334
10749,0.003548484732167334
10750,0.003548484732167334
10751,0.003548484732167334
10752,0.003548484732167334
10753,0.003548484732167334
10754,0.003548484732167334
10755,0.003548484732167334
10756,0.003548484732167334
10757,0.003548484732167334
10758,0.003548484732167334
10759,0.003548484732167334
10760,0.003548484732167334
10761,0.003548484732167334
10762,0.003548484732167334
10763,0.003548484732167334
10764,0.003548484732167334
10765,0.003548484732167334
10766,0.003548484732167334
10767,0.003548484732167334
10768,0.003548484732167334
10769,0.003548484732167334
10770,0.003548484732167334
10771,0.003548484732167334
10772,0.003548484732167334
10773,0.003548484732167334
10774,0.003548484732167334
10775,0.003548484732167334
10776,0.003548484732167334
10777,0.003548484732167334
10778,0.003548484732167334
10779,0.003548484732167334
10780,0.003548484732167334
10781,0.003548484732167334
10782,0.003548484732167334
10783,0.003548484732167334
10784,0.003548484732167334
10785,0.003548484732167334
10786,0.003548484732167334
10787,0.003548484732167334
10788,0.003548484732167334
10789,0.003548484732167334
10790,0.003548484732167334
10791,0.003548484732167334
10792,0.003548484732167334
10793,0.003548484732167334
10794,0.003548484732167334
10795,0.003548484732167334
10796,0.003548484732167334
10797,0.003548484732167334
10798,0.003548484732167334
10799,0.003548484732167334
10800,0.003548484732167334
10801,0.003548484732167334
10802,0.003548484732167334
10803,0.003548484732167334
10804,0.003548484732167334
10805,0.003548484732167334
10806,0.003548484732167334
10807,0.003548484732167334
10808,0.003548484732167334
10809,0.003548484732167334
10810,0.003548484732167334
10811,0.003548484732167334
10812,0.003548484732167334
10813,0.003548484732167334
10814,0.003548484732167334
10815,0.003548484732167334
10816,0.003548484732167334
10817,0.003548484732167334
10818,0.003548484732167334
10819,0.003548484732167334
10820,0.003548484732167334
10821,0.003548484732167334
10822,0.003548484732167334
10823,0.003548484732167334
10824,0.003548484732167334
10825,0.003548484732167334
10826,0.003548484732167334
10827,0.003548484732167334
10828,0.003548484732167334
10829,0.003548484732167334
10830,0.003548484732167334
10831,0.003548484732167334
10832,0.003548484732167334
10833,0.003548484732167334
10834,0.003548484732167334
10835,0.003548484732167334
10836,0.003548484732167334
10837,0.003548484732167334
10838,0.003548484732167334
10839,0.003548484732167334
10840,0.003548484732167334
10841,0.003548484732167334
10842,0.003548484732167334
10843,0.003548484732167334
10844,0.003548484732167334
10845,0.003548484732167334
10846,0.003548484732167334
10847,0.003548484732167334
10848,0.003548484732167334
10849,0.003548484732167334
10850,0.003548484732167334
10851,0.003548484732167334
10852,0.003548484732167334
10853,0.003548484732167334
10854,0.003548484732167334
10855,0.003548484732167334
10856,0.003548484732167334
10857,0.003548484732167334
10858,0.003548484732167334
10859,0.003548484732167334
10860,0.003548484732167334
10861,0.003548484732167334
10862,0.003548484732167334
10863,0.003548484732167334
10864,0.003548484732167334
10865,0.003548484732167334
10866,0.003548484732167334
10867,0.003548484732167334
10868,0.003548484732167334
10869,0.003548484732167334
10870,0.003548484732167334
10871,0.003548484732167334
10872,0.003548484732167334
10873,0.003548484732167334
10874,0.003548484732167334
10875,0.003548484732167334
10876,0.003548484732167334
10877,0.003548484732167334
10878,0.003548484732167334
10879,0.003548484732167334
10880,0.003548484732167334
10881,0.003548484732167334
10882,0.003548484732167334
10883,0.003548484732167334
10884,0.003548484732167334
10885,0.003548484732167334
10886,0.003548484732167334
10887,0.003548484732167334
10888,0.003548484732167334
10889,0.003548484732167334
10890,0.003548484732167334
10891,0.003548484732167334
10892,0.003548484732167334
10893,0.003548484732167334
10894,0.003548484732167334
10895,0.003548484732167334
10896,0.003548484732167334
10897,0.003548484732167334
10898,0.003548484732167334
10899,0.003548484732167334
10900,0.003548484732167334
10901,0.003548484732167334
10902,0.003548484732167334
10903,0.003548484732167334
10904,0.003548484732167334
10905,0.003548484732167334
10906,0.003548484732167334
10907,0.003548484732167334
10908,0.003548484732167334
10909,0.003548484732167334
10910,0.003548484732167334
10911,0.003548484732167334
10912,0.003548484732167334
10913,0.003548484732167334
10914,0.003548484732167334
10915,0.003548484732167334
10916,0.003548484732167334
10917,0.003548484732167334
10918,0.003548484732167334
10919,0.003548484732167334
10920,0.003548484732167334
10921,0.003548484732167334
10922,0.003548484732167334
10923,0.003548484732167334
10924,0.003548484732167334
10925,0.003548484732167334
10926,0.003548484732167334
10927,0.003548484732167334
10928,0.003548484732167334
10929,0.003548484732167334
10930,0.003548484732167334
10931,0.003548484732167334
10932,0.003548484732167334
10933,0.003548484732167334
10934,0.003548484732167334
10935,0.003548484732167334
10936,0.003548484732167334
10937,0.003548484732167334
10938,0.003548484732167334
10939,0.003548484732167334
10940,0.003548484732167334
10941,0.003548484732167334
10942,0.003548484732167334
10943,0.003548484732167334
10944,0.003548484732167334
10945,0.003548484732167334
10946,0.003548484732167334
10947,0.003548484732167334
10948,0.003548484732167334
10949,0.003548484732167334
10950,0.003548484732167334
10951,0.003548484732167334
10952,0.003548484732167334
10953,0.003548484732167334
10954,0.003548484732167334
10955,0.003548484732167334
10956,0.003548484732167334
10957,0.003548484732167334
10958,0.003548484732167334
10959,0.003548484732167334
10960,0.003548484732167334
10961,0.003548484732167334
10962,0.003548484732167334
10963,0.003548484732167334
10964,0.003548484732167334
10965,0.003548484732167334
10966,0.003548484732167334
10967,0.003548484732167334
10968,0.003548484732167334
10969,0.003548484732167334
10970,0.003548484732167334
10971,0.003548484732167334
10972,0.003548484732167334
10973,0.003548484732167334
10974,0.003548484732167334
10975,0.003548484732167334
10976,0.003548484732167334
10977,0.003548484732167334
10978,0.003548484732167334
10979,0.003548484732167334
10980,0.003548484732167334
10981,0.003548484732167334
10982,0.003548484732167334
10983,0.003548484732167334
10984,0.003548484732167334
10985,0.003548484732167334
10986,0.003548484732167334
10987,0.003548484732167334
10988,0.003548484732167334
10989,0.003548484732167334
10990,0.003548484732167334
10991,0.003548484732167334
10992,0.003548484732167334
10993,0.003548484732167334
10994,0.003548484732167334
10995,0.003548484732167334
10996,0.003548484732167334
10997,0.003548484732167334
10998,0.003548484732167334
10999,0.003548484732167334
11000,0.003548484732167334
11001,0.003548484732167334
11002,0.003548484732167334
11003,0.003548484732167334
11004,0.003548484732167334
11005,0.003548484732167334
11006,0.003548484732167334
11007,0.003548484732167334
11008,0.003548484732167334
11009,0.003548484732167334
11010,0.003548484732167334
11011,0.003548484732167334
11012,0.003548484732167334
11013,0.003548484732167334
11014,0.003548484732167334
11015,0.003548484732167334
11016,0.003548484732167334
11017,0.003548484732167334
11018,0.003548484732167334
11019,0.003548484732167334
11020,0.003548484732167334
11021,0.003548484732167334
11022,0.003548484732167334
11023,0.003548484732167334
11024,0.003548484732167334
11025,0.003548484732167334
11026,0.003548484732167334
11027,0.003548484732167334
11028,0.003548484732167334
11029,0.003548484732167334
11030,0.003548484732167334
11031,0.003548484732167334
11032,0.003548484732167334
11033,0.003548484732167334
11034,0.003548484732167334
11035,0.003548484732167334
11036,0.003548484732167334
11037,0.003548484732167334
11038,0.003548484732167334
11039,0.003548484732167334
11040,0.003548484732167334
11041,0.003548484732167334
11042,0.003548484732167334
11043,0.003548484732167334
11044,0.003548484732167334
11045,0.003548484732167334
11046,0.003548484732167334
11047,0.003548484732167334
11048,0.003548484732167334
11049,0.003548484732167334
11050,0.003548484732167334
11051,0.003548484732167334
11052,0.003548484732167334
11053,0.003548484732167334
11054,0.003548484732167334
11055,0.003548484732167334
11056,0.003548484732167334
11057,0.003548484732167334
11058,0.003548484732167334
11059,0.003548484732167334
11060,0.003548484732167334
11061,0.003548484732167334
11062,0.003548484732167334
11063,0.003548484732167334
11064,0.003548484732167334
11065,0.003548484732167334
11066,0.003548484732167334
11067,0.003548484732167334
11068,0.003548484732167334
11069,0.003548484732167334
11070,0.003548484732167334
11071,0.003548484732167334
11072,0.003548484732167334
11073,0.003548484732167334
11074,0.003548484732167334
11075,0.003548484732167334
11076,0.003548484732167334
11077,0.003548484732167334
11078,0.003548484732167334
11079,0.003548484732167334
11080,0.003548484732167334
11081,0.003548484732167334
11082,0.003548484732167334
11083,0.003548484732167334
11084,0.003548484732167334
11085,0.003548484732167334
11086,0.003548484732167334
11087,0.003548484732167334
11088,0.003548484732167334
11089,0.003548484732167334
11090,0.003548484732167334
11091,0.003548484732167334
11092,0.003548484732167334
11093,0.003548484732167334
11094,0.003548484732167334
11095,0.003548484732167334
11096,0.003548484732167334
11097,0.003548484732167334
11098,0.003548484732167334
11099,0.003548484732167334
11100,0.003548484732167334
11101,0.003548484732167334
11102,0.003548484732167334
11103,0.003548484732167334
11104,0.003548484732167334
11105,0.003548484732167334
11106,0.003548484732167334
11107,0.003548484732167334
11108,0.003548484732167334
11109,0.003548484732167334
11110,0.003548484732167334
11111,0.003548484732167334
11112,0.003548484732167334
11113,0.003548484732167334
11114,0.003548484732167334
11115,0.003548484732167334
11116,0.003548484732167334
11117,0.003548484732167334
11118,0.003548484732167334
11119,0.003548484732167334
11120,0.003548484732167334
11121,0.003548484732167334
11122,0.003548484732167334
11123,0.003548484732167334
11124,0.003548484732167334
11125,0.003548484732167334
11126,0.003548484732167334
11127,0.003548484732167334
11128,0.003548484732167334
11129,0.003548484732167334
11130,0.003548484732167334
11131,0.003548484732167334
11132,0.003548484732167334
11133,0.003548484732167334
11134,0.003548484732167334
11135,0.003548484732167334
11136,0.003548484732167334
11137,0.003548484732167334
11138,0.003548484732167334
11139,0.003548484732167334
11140,0.003548484732167334
11141,0.003548484732167334
11142,0.003548484732167334
11143,0.003548484732167334
11144,0.003548484732167334
11145,0.003548484732167334
11146,0.003548484732167334
11147,0.003548484732167334
11148,0.003548484732167334
11149,0.003548484732167334
11150,0.003548484732167334
11151,0.003548484732167334
11152,0.003548484732167334
11153,0.003548484732167334
11154,0.003548484732167334
11155,0.003548484732167334
11156,0.003548484732167334
11157,0.003548484732167334
11158,0.003548484732167334
11159,0.003548484732167334
11160,0.003548484732167334
11161,0.003548484732167334
11162,0.003548484732167334
11163,0.003548484732167334
11164,0.003548484732167334
11165,0.003548484732167334
11166,0.003548484732167334
11167,0.003548484732167334
11168,0.003548484732167334
11169,0.003548484732167334
11170,0.003548484732167334
11171,0.003548484732167334
11172,0.003548484732167334
11173,0.003548484732167334
11174,0.003548484732167334
11175,0.003548484732167334
11176,0.003548484732167334
11177,0.003548484732167334
11178,0.003548484732167334
11179,0.003548484732167334
11180,0.003548484732167334
11181,0.003548484732167334
11182,0.003548484732167334
11183,0.003548484732167334
11184,0.003548484732167334
11185,0.003548484732167334
11186,0.003548484732167334
11187,0.003548484732167334
11188,0.003548484732167334
11189,0.003548484732167334
11190,0.003548484732167334
11191,0.003548484732167334
11192,0.003548484732167334
11193,0.003548484732167334
11194,0.003548484732167334
11195,0.003548484732167334
11196,0.003548484732167334
11197,0.003548484732167334
11198,0.003548484732167334
11199,0.003548484732167334
11200,0.003548484732167334
11201,0.003548484732167334
11202,0.003548484732167334
11203,0.003548484732167334
11204,0.003548484732167334
11205,0.003548484732167334
11206,0.003548484732167334
11207,0.003548484732167334
11208,0.003548484732167334
11209,0.003548484732167334
11210,0.003548484732167334
11211,0.003548484732167334
11212,0.003548484732167334
11213,0.003548484732167334
11214,0.003548484732167334
11215,0.003548484732167334
11216,0.003548484732167334
11217,0.003548484732167334
11218,0.003548484732167334
11219,0.003548484732167334
11220,0.003548484732167334
11221,0.003548484732167334
11222,0.003548484732167334
11223,0.003548484732167334
11224,0.003548484732167334
11225,0.003548484732167334
11226,0.003548484732167334
11227,0.003548484732167334
11228,0.003548484732167334
11229,0.003548484732167334
11230,0.003548484732167334
11231,0.003548484732167334
11232,0.003548484732167334
11233,0.003548484732167334
11234,0.003548484732167334
11235,0.003548484732167334
11236,0.003548484732167334
11237,0.003548484732167334
11238,0.003548484732167334
11239,0.003548484732167334
11240,0.003548484732167334
11241,0.003548484732167334
11242,0.003548484732167334
11243,0.003548484732167334
11244,0.003548484732167334
11245,0.003548484732167334
11246,0.003548484732167334
11247,0.003548484732167334
11248,0.003548484732167334
11249,0.003548484732167334
11250,0.003548484732167334
11251,0.003548484732167334
11252,0.003548484732167334
11253,0.003548484732167334
11254,0.003548484732167334
11255,0.003548484732167334
11256,0.003548484732167334
11257,0.003548484732167334
11258,0.003548484732167334
11259,0.003548484732167334
11260,0.003548484732167334
11261,0.003548484732167334
11262,0.003548484732167334
11263,0.003548484732167334
11264,0.003548484732167334
11265,0.003548484732167334
11266,0.003548484732167334
11267,0.003548484732167334
11268,0.003548484732167334
11269,0.003548484732167334
11270,0.003548484732167334
11271,0.003548484732167334
11272,0.003548484732167334
11273,0.003548484732167334
11274,0.003548484732167334
11275,0.003548484732167334
11276,0.003548484732167334
11277,0.003548484732167334
11278,0.003548484732167334
11279,0.003548484732167334
11280,0.003548484732167334
11281,0.003548484732167334
11282,0.003548484732167334
11283,0.003548484732167334
11284,0.003548484732167334
11285,0.003548484732167334
11286,0.003548484732167334
11287,0.003548484732167334
11288,0.003548484732167334
11289,0.003548484732167334
11290,0.003548484732167334
11291,0.003548484732167334
11292,0.003548484732167334
11293,0.003548484732167334
11294,0.003548484732167334
11295,0.003548484732167334
11296,0.003548484732167334
11297,0.003548484732167334
11298,0.003548484732167334
11299,0.003548484732167334
11300,0.003548484732167334
11301,0.003548484732167334
11302,0.003548484732167334
11303,0.003548484732167334
11304,0.003548484732167334
11305,0.003548484732167334
11306,0.003548484732167334
11307,0.003548484732167334
11308,0.003548484732167334
11309,0.003548484732167334
11310,0.003548484732167334
11311,0.003548484732167334
11312,0.003548484732167334
11313,0.003548484732167334
11314,0.003548484732167334
11315,0.003548484732167334
11316,0.003548484732167334
11317,0.003548484732167334
11318,0.003548484732167334
11319,0.003548484732167334
11320,0.003548484732167334
11321,0.003548484732167334
11322,0.003548484732167334
11323,0.003548484732167334
11324,0.003548484732167334
11325,0.003548484732167334
11326,0.003548484732167334
11327,0.003548484732167334
11328,0.003548484732167334
11329,0.003548484732167334
11330,0.003548484732167334
11331,0.003548484732167334
11332,0.003548484732167334
11333,0.003548484732167334
11334,0.003548484732167334
11335,0.003548484732167334
11336,0.003548484732167334
11337,0.003548484732167334
11338,0.003548484732167334
11339,0.003548484732167334
11340,0.003548484732167334
11341,0.003548484732167334
11342,0.003548484732167334
11343,0.003548484732167334
11344,0.003548484732167334
11345,0.003548484732167334
11346,0.003548484732167334
11347,0.003548484732167334
11348,0.003548484732167334
11349,0.003548484732167334
11350,0.003548484732167334
11351,0.003548484732167334
11352,0.003548484732167334
11353,0.003548484732167334
11354,0.003548484732167334
11355,0.003548484732167334
11356,0.003548484732167334
11357,0.003548484732167334
11358,0.003548484732167334
11359,0.003548484732167334
11360,0.003548484732167334
11361,0.003548484732167334
11362,0.003548484732167334
11363,0.003548484732167334
11364,0.003548484732167334
11365,0.003548484732167334
11366,0.003548484732167334
11367,0.003548484732167334
11368,0.003548484732167334
11369,0.003548484732167334
11370,0.003548484732167334
11371,0.003548484732167334
11372,0.003548484732167334
11373,0.003548484732167334
11374,0.003548484732167334
11375,0.003548484732167334
11376,0.003548484732167334
11377,0.003548484732167334
11378,0.003548484732167334
11379,0.003548484732167334
11380,0.003548484732167334
11381,0.003548484732167334
11382,0.003548484732167334
11383,0.003548484732167334
11384,0.003548484732167334
11385,0.003548484732167334
11386,0.003548484732167334
11387,0.003548484732167334
11388,0.003548484732167334
11389,0.003548484732167334
11390,0.003548484732167334
11391,0.003548484732167334
11392,0.003548484732167334
11393,0.003548484732167334
11394,0.003548484732167334
11395,0.003548484732167334
11396,0.003548484732167334
11397,0.003548484732167334
11398,0.003548484732167334
11399,0.003548484732167334
11400,0.003548484732167334
11401,0.003548484732167334
11402,0.003548484732167334
11403,0.003548484732167334
11404,0.003548484732167334
11405,0.003548484732167334
11406,0.003548484732167334
11407,0.003548484732167334
11408,0.003548484732167334
11409,0.003548484732167334
11410,0.003548484732167334
11411,0.003548484732167334
11412,0.003548484732167334
11413,0.003548484732167334
11414,0.003548484732167334
11415,0.003548484732167334
11416,0.003548484732167334
11417,0.003548484732167334
11418,0.003548484732167334
11419,0.003548484732167334
11420,0.003548484732167334
11421,0.003548484732167334
11422,0.003548484732167334
11423,0.003548484732167334
11424,0.003548484732167334
11425,0.003548484732167334
11426,0.003548484732167334
11427,0.003548484732167334
11428,0.003548484732167334
11429,0.003548484732167334
11430,0.003548484732167334
11431,0.003548484732167334
11432,0.003548484732167334
11433,0.003548484732167334
11434,0.003548484732167334
11435,0.003548484732167334
11436,0.003548484732167334
11437,0.003548484732167334
11438,0.003548484732167334
11439,0.003548484732167334
11440,0.003548484732167334
11441,0.003548484732167334
11442,0.003548484732167334
11443,0.003548484732167334
11444,0.003548484732167334
11445,0.003548484732167334
11446,0.003548484732167334
11447,0.003548484732167334
11448,0.003548484732167334
11449,0.003548484732167334
11450,0.003548484732167334
11451,0.003548484732167334
11452,0.003548484732167334
11453,0.003548484732167334
11454,0.003548484732167334
11455,0.003548484732167334
11456,0.003548484732167334
11457,0.003548484732167334
11458,0.003548484732167334
11459,0.003548484732167334
11460,0.003548484732167334
11461,0.003548484732167334
11462,0.003548484732167334
11463,0.003548484732167334
11464,0.003548484732167334
11465,0.003548484732167334
11466,0.003548484732167334
11467,0.003548484732167334
11468,0.003548484732167334
11469,0.003548484732167334
11470,0.003548484732167334
11471,0.003548484732167334
11472,0.003548484732167334
11473,0.003548484732167334
11474,0.003548484732167334
11475,0.003548484732167334
11476,0.003548484732167334
11477,0.003548484732167334
11478,0.003548484732167334
11479,0.003548484732167334
11480,0.003548484732167334
11481,0.003548484732167334
11482,0.003548484732167334
11483,0.003548484732167334
11484,0.003548484732167334
11485,0.003548484732167334
11486,0.003548484732167334
11487,0.003548484732167334
11488,0.003548484732167334
11489,0.003548484732167334
11490,0.003548484732167334
11491,0.003548484732167334
11492,0.003548484732167334
11493,0.003548484732167334
11494,0.003548484732167334
11495,0.003548484732167334
11496,0.003548484732167334
11497,0.003548484732167334
11498,0.003548484732167334
11499,0.003548484732167334
11500,0.003548484732167334
11501,0.003548484732167334
11502,0.003548484732167334
11503,0.003548484732167334
11504,0.003548484732167334
11505,0.003548484732167334
11506,0.003548484732167334
11507,0.003548484732167334
11508,0.003548484732167334
11509,0.003548484732167334
11510,0.003548484732167334
11511,0.003548484732167334
11512,0.003548484732167334
11513,0.003548484732167334
11514,0.003548484732167334
11515,0.003548484732167334
11516,0.003548484732167334
11517,0.003548484732167334
11518,0.003548484732167334
11519,0.003548484732167334
11520,0.003548484732167334
11521,0.003548484732167334
11522,0.003548484732167334
11523,0.003548484732167334
11524,0.003548484732167334
11525,0.003548484732167334
11526,0.003548484732167334
11527,0.003548484732167334
11528,0.003548484732167334
11529,0.003548484732167334
11530,0.003548484732167334
11531,0.003548484732167334
11532,0.003548484732167334
11533,0.003548484732167334
11534,0.003548484732167334
11535,0.003548484732167334
11536,0.003548484732167334
11537,0.003548484732167334
11538,0.003548484732167334
11539,0.003548484732167334
11540,0.003548484732167334
11541,0.003548484732167334
11542,0.003548484732167334
11543,0.003548484732167334
11544,0.003548484732167334
11545,0.003548484732167334
11546,0.003548484732167334
11547,0.003548484732167334
11548,0.003548484732167334
11549,0.003548484732167334
11550,0.003548484732167334
11551,0.003548484732167334
11552,0.003548484732167334
11553,0.003548484732167334
11554,0.003548484732167334
11555,0.003548484732167334
11556,0.003548484732167334
11557,0.003548484732167334
11558,0.003548484732167334
11559,0.003548484732167334
11560,0.003548484732167334
11561,0.003548484732167334
11562,0.003548484732167334
11563,0.003548484732167334
11564,0.003548484732167334
11565,0.003548484732167334
11566,0.003548484732167334
11567,0.003548484732167334
11568,0.003548484732167334
11569,0.003548484732167334
11570,0.003548484732167334
11571,0.003548484732167334
11572,0.003548484732167334
11573,0.003548484732167334
11574,0.003548484732167334
11575,0.003548484732167334
11576,0.003548484732167334
11577,0.003548484732167334
11578,0.003548484732167334
11579,0.003548484732167334
11580,0.003548484732167334
11581,0.003548484732167334
11582,0.003548484732167334
11583,0.003548484732167334
11584,0.003548484732167334
11585,0.003548484732167334
11586,0.003548484732167334
11587,0.003548484732167334
11588,0.003548484732167334
11589,0.003548484732167334
11590,0.003548484732167334
11591,0.003548484732167334
11592,0.003548484732167334
11593,0.003548484732167334
11594,0.003548484732167334
11595,0.003548484732167334
11596,0.003548484732167334
11597,0.003548484732167334
11598,0.003548484732167334
11599,0.003548484732167334
11600,0.003548484732167334
11601,0.003548484732167334
11602,0.003548484732167334
11603,0.003548484732167334
11604,0.003548484732167334
11605,0.003548484732167334
11606,0.003548484732167334
11607,0.003548484732167334
11608,0.003548484732167334
11609,0.003548484732167334
11610,0.003548484732167334
11611,0.003548484732167334
11612,0.003548484732167334
11613,0.003548484732167334
11614,0.003548484732167334
11615,0.003548484732167334
11616,0.003548484732167334
11617,0.003548484732167334
11618,0.003548484732167334
11619,0.003548484732167334
11620,0.003548484732167334
11621,0.003548484732167334
11622,0.003548484732167334
11623,0.003548484732167334
11624,0.003548484732167334
11625,0.003548484732167334
11626,0.003548484732167334
11627,0.003548484732167334
11628,0.003548484732167334
11629,0.003548484732167334
11630,0.003548484732167334
11631,0.003548484732167334
11632,0.003548484732167334
11633,0.003548484732167334
11634,0.003548484732167334
11635,0.003548484732167334
11636,0.003548484732167334
11637,0.003548484732167334
11638,0.003548484732167334
11639,0.003548484732167334
11640,0.003548484732167334
11641,0.003548484732167334
11642,0.003548484732167334
11643,0.003548484732167334
11644,0.003548484732167334
11645,0.003548484732167334
11646,0.003548484732167334
11647,0.003548484732167334
11648,0.003548484732167334
11649,0.003548484732167334
11650,0.003548484732167334
11651,0.003548484732167334
11652,0.003548484732167334
11653,0.003548484732167334
11654,0.003548484732167334
11655,0.003548484732167334
11656,0.003548484732167334
11657,0.003548484732167334
11658,0.003548484732167334
11659,0.003548484732167334
11660,0.003548484732167334
11661,0.003548484732167334
11662,0.003548484732167334
11663,0.003548484732167334
11664,0.003548484732167334
11665,0.003548484732167334
11666,0.003548484732167334
11667,0.003548484732167334
11668,0.003548484732167334
11669,0.003548484732167334
11670,0.003548484732167334
11671,0.003548484732167334
11672,0.003548484732167334
11673,0.003548484732167334
11674,0.003548484732167334
11675,0.003548484732167334
11676,0.003548484732167334
11677,0.003548484732167334
11678,0.003548484732167334
11679,0.003548484732167334
11680,0.003548484732167334
11681,0.003548484732167334
11682,0.003548484732167334
11683,0.003548484732167334
11684,0.003548484732167334
11685,0.003548484732167334
11686,0.003548484732167334
11687,0.003548484732167334
11688,0.003548484732167334
11689,0.003548484732167334
11690,0.003548484732167334
11691,0.003548484732167334
11692,0.003548484732167334
11693,0.003548484732167334
11694,0.003548484732167334
11695,0.003548484732167334
11696,0.003548484732167334
11697,0.003548484732167334
11698,0.003548484732167334
11699,0.003548484732167334
11700,0.003548484732167334
11701,0.003548484732167334
11702,0.003548484732167334
11703,0.003548484732167334
11704,0.003548484732167334
11705,0.003548484732167334
11706,0.003548484732167334
11707,0.003548484732167334
11708,0.003548484732167334
11709,0.003548484732167334
11710,0.003548484732167334
11711,0.003548484732167334
11712,0.003548484732167334
11713,0.003548484732167334
11714,0.003548484732167334
11715,0.003548484732167334
11716,0.003548484732167334
11717,0.003548484732167334
11718,0.003548484732167334
11719,0.003548484732167334
11720,0.003548484732167334
11721,0.003548484732167334
11722,0.003548484732167334
11723,0.003548484732167334
11724,0.003548484732167334
11725,0.003548484732167334
11726,0.003548484732167334
11727,0.003548484732167334
11728,0.003548484732167334
11729,0.003548484732167334
11730,0.003548484732167334
11731,0.003548484732167334
11732,0.003548484732167334
11733,0.003548484732167334
11734,0.003548484732167334
11735,0.003548484732167334
11736,0.003548484732167334
11737,0.003548484732167334
11738,0.003548484732167334
11739,0.003548484732167334
11740,0.003548484732167334
11741,0.003548484732167334
11742,0.003548484732167334
11743,0.003548484732167334
11744,0.003548484732167334
11745,0.003548484732167334
11746,0.003548484732167334
11747,0.003548484732167334
11748,0.003548484732167334
11749,0.003548484732167334
11750,0.003548484732167334
11751,0.003548484732167334
11752,0.003548484732167334
11753,0.003548484732167334
11754,0.003548484732167334
11755,0.003548484732167334
11756,0.003548484732167334
11757,0.003548484732167334
11758,0.003548484732167334
11759,0.003548484732167334
11760,0.003548484732167334
11761,0.003548484732167334
11762,0.003548484732167334
11763,0.003548484732167334
11764,0.003548484732167334
11765,0.003548484732167334
11766,0.003548484732167334
11767,0.003548484732167334
11768,0.003548484732167334
11769,0.003548484732167334
11770,0.003548484732167334
11771,0.003548484732167334
11772,0.003548484732167334
11773,0.003548484732167334
11774,0.003548484732167334
11775,0.003548484732167334
11776,0.003548484732167334
11777,0.003548484732167334
11778,0.003548484732167334
11779,0.003548484732167334
11780,0.003548484732167334
11781,0.003548484732167334
11782,0.003548484732167334
11783,0.003548484732167334
11784,0.003548484732167334
11785,0.003548484732167334
11786,0.003548484732167334
11787,0.003548484732167334
11788,0.003548484732167334
11789,0.003548484732167334
11790,0.003548484732167334
11791,0.003548484732167334
11792,0.003548484732167334
11793,0.003548484732167334
11794,0.003548484732167334
11795,0.003548484732167334
11796,0.003548484732167334
11797,0.003548484732167334
11798,0.003548484732167334
11799,0.003548484732167334
11800,0.003548484732167334
11801,0.003548484732167334
11802,0.003548484732167334
11803,0.003548484732167334
11804,0.003548484732167334
11805,0.003548484732167334
11806,0.003548484732167334
11807,0.003548484732167334
11808,0.003548484732167334
11809,0.003548484732167334
11810,0.003548484732167334
11811,0.003548484732167334
11812,0.003548484732167334
11813,0.003548484732167334
11814,0.003548484732167334
11815,0.003548484732167334
11816,0.003548484732167334
11817,0.003548484732167334
11818,0.003548484732167334
11819,0.003548484732167334
11820,0.003548484732167334
11821,0.003548484732167334
11822,0.003548484732167334
11823,0.003548484732167334
11824,0.003548484732167334
11825,0.003548484732167334
11826,0.003548484732167334
11827,0.003548484732167334
11828,0.003548484732167334
11829,0.003548484732167334
11830,0.003548484732167334
11831,0.003548484732167334
11832,0.003548484732167334
11833,0.003548484732167334
11834,0.003548484732167334
11835,0.003548484732167334
11836,0.003548484732167334
11837,0.003548484732167334
11838,0.003548484732167334
11839,0.003548484732167334
11840,0.003548484732167334
11841,0.003548484732167334
11842,0.003548484732167334
11843,0.003548484732167334
11844,0.003548484732167334
11845,0.003548484732167334
11846,0.003548484732167334
11847,0.003548484732167334
11848,0.003548484732167334
11849,0.003548484732167334
11850,0.003548484732167334
11851,0.003548484732167334
11852,0.003548484732167334
11853,0.003548484732167334
11854,0.003548484732167334
11855,0.003548484732167334
11856,0.003548484732167334
11857,0.003548484732167334
11858,0.003548484732167334
11859,0.003548484732167334
11860,0.003548484732167334
11861,0.003548484732167334
11862,0.003548484732167334
11863,0.003548484732167334
11864,0.003548484732167334
11865,0.003548484732167334
11866,0.003548484732167334
11867,0.003548484732167334
11868,0.003548484732167334
11869,0.003548484732167334
11870,0.003548484732167334
11871,0.003548484732167334
11872,0.003548484732167334
11873,0.003548484732167334
11874,0.003548484732167334
11875,0.003548484732167334
11876,0.003548484732167334
11877,0.003548484732167334
11878,0.003548484732167334
11879,0.003548484732167334
11880,0.003548484732167334
11881,0.003548484732167334
11882,0.003548484732167334
11883,0.003548484732167334
11884,0.003548484732167334
11885,0.003548484732167334
11886,0.003548484732167334
11887,0.003548484732167334
11888,0.003548484732167334
11889,0.003548484732167334
11890,0.003548484732167334
11891,0.003548484732167334
11892,0.003548484732167334
11893,0.003548484732167334
11894,0.003548484732167334
11895,0.003548484732167334
11896,0.003548484732167334
11897,0.003548484732167334
11898,0.003548484732167334
11899,0.003548484732167334
11900,0.003548484732167334
11901,0.003548484732167334
11902,0.003548484732167334
11903,0.003548484732167334
11904,0.003548484732167334
11905,0.003548484732167334
11906,0.003548484732167334
11907,0.003548484732167334
11908,0.003548484732167334
11909,0.003548484732167334
11910,0.003548484732167334
11911,0.003548484732167334
11912,0.003548484732167334
11913,0.003548484732167334
11914,0.003548484732167334
11915,0.003548484732167334
11916,0.003548484732167334
11917,0.003548484732167334
11918,0.003548484732167334
11919,0.003548484732167334
11920,0.003548484732167334
11921,0.003548484732167334
11922,0.003548484732167334
11923,0.003548484732167334
11924,0.003548484732167334
11925,0.003548484732167334
11926,0.003548484732167334
11927,0.003548484732167334
11928,0.003548484732167334
11929,0.003548484732167334
11930,0.003548484732167334
11931,0.003548484732167334
11932,0.003548484732167334
11933,0.003548484732167334
11934,0.003548484732167334
11935,0.003548484732167334
11936,0.003548484732167334
11937,0.003548484732167334
11938,0.003548484732167334
11939,0.003548484732167334
11940,0.003548484732167334
11941,0.003548484732167334
11942,0.003548484732167334
11943,0.003548484732167334
11944,0.003548484732167334
11945,0.003548484732167334
11946,0.003548484732167334
11947,0.003548484732167334
11948,0.003548484732167334
11949,0.003548484732167334
11950,0.003548484732167334
11951,0.003548484732167334
11952,0.003548484732167334
11953,0.003548484732167334
11954,0.003548484732167334
11955,0.003548484732167334
11956,0.003548484732167334
11957,0.003548484732167334
11958,0.003548484732167334
11959,0.003548484732167334
11960,0.003548484732167334
11961,0.003548484732167334
11962,0.003548484732167334
11963,0.003548484732167334
11964,0.003548484732167334
11965,0.003548484732167334
11966,0.003548484732167334
11967,0.003548484732167334
11968,0.003548484732167334
11969,0.003548484732167334
11970,0.003548484732167334
11971,0.003548484732167334
11972,0.003548484732167334
11973,0.003548484732167334
11974,0.003548484732167334
11975,0.003548484732167334
11976,0.003548484732167334
11977,0.003548484732167334
11978,0.003548484732167334
11979,0.003548484732167334
11980,0.003548484732167334
11981,0.003548484732167334
11982,0.003548484732167334
11983,0.003548484732167334
11984,0.003548484732167334
11985,0.003548484732167334
11986,0.003548484732167334
11987,0.003548484732167334
11988,0.003548484732167334
11989,0.003548484732167334
11990,0.003548484732167334
11991,0.003548484732167334
11992,0.003548484732167334
11993,0.003548484732167334
11994,0.003548484732167334
11995,0.003548484732167334
11996,0.003548484732167334
11997,0.003548484732167334
11998,0.003548484732167334
11999,0.003548484732167334
12000,0.003548484732167334
12001,0.003548484732167334
12002,0.003548484732167334
12003,0.003548484732167334
12004,0.003548484732167334
12005,0.003548484732167334
12006,0.003548484732167334
12007,0.003548484732167334
12008,0.003548484732167334
12009,0.003548484732167334
12010,0.003548484732167334
12011,0.003548484732167334
12012,0.003548484732167334
12013,0.003548484732167334
12014,0.003548484732167334
12015,0.003548484732167334
12016,0.003548484732167334
12017,0.003548484732167334
12018,0.003548484732167334
12019,0.003548484732167334
12020,0.003548484732167334
12021,0.003548484732167334
12022,0.003548484732167334
12023,0.003548484732167334
12024,0.003548484732167334
12025,0.003548484732167334
12026,0.003548484732167334
12027,0.003548484732167334
12028,0.003548484732167334
12029,0.003548484732167334
12030,0.003548484732167334
12031,0.003548484732167334
12032,0.003548484732167334
12033,0.003548484732167334
12034,0.003548484732167334
12035,0.003548484732167334
12036,0.003548484732167334
12037,0.003548484732167334
12038,0.003548484732167334
12039,0.003548484732167334
12040,0.003548484732167334
12041,0.003548484732167334
12042,0.003548484732167334
12043,0.003548484732167334
12044,0.003548484732167334
12045,0.003548484732167334
12046,0.003548484732167334
12047,0.003548484732167334
12048,0.003548484732167334
12049,0.003548484732167334
12050,0.003548484732167334
12051,0.003548484732167334
12052,0.003548484732167334
12053,0.003548484732167334
12054,0.003548484732167334
12055,0.003548484732167334
12056,0.003548484732167334
12057,0.003548484732167334
12058,0.003548484732167334
12059,0.003548484732167334
12060,0.003548484732167334
12061,0.003548484732167334
12062,0.003548484732167334
12063,0.003548484732167334
12064,0.003548484732167334
12065,0.003548484732167334
12066,0.003548484732167334
12067,0.003548484732167334
12068,0.003548484732167334
12069,0.003548484732167334
12070,0.003548484732167334
12071,0.003548484732167334
12072,0.003548484732167334
12073,0.003548484732167334
12074,0.003548484732167334
12075,0.003548484732167334
12076,0.003548484732167334
12077,0.003548484732167334
12078,0.003548484732167334
12079,0.003548484732167334
12080,0.003548484732167334
12081,0.003548484732167334
12082,0.003548484732167334
12083,0.003548484732167334
12084,0.003548484732167334
12085,0.003548484732167334
12086,0.003548484732167334
12087,0.003548484732167334
12088,0.003548484732167334
12089,0.003548484732167334
12090,0.003548484732167334
12091,0.003548484732167334
12092,0.003548484732167334
12093,0.003548484732167334
12094,0.003548484732167334
12095,0.003548484732167334
12096,0.003548484732167334
12097,0.003548484732167334
12098,0.003548484732167334
12099,0.003548484732167334
12100,0.003548484732167334
12101,0.003548484732167334
12102,0.003548484732167334
12103,0.003548484732167334
12104,0.003548484732167334
12105,0.003548484732167334
12106,0.003548484732167334
12107,0.003548484732167334
12108,0.003548484732167334
12109,0.003548484732167334
12110,0.003548484732167334
12111,0.003548484732167334
12112,0.003548484732167334
12113,0.003548484732167334
12114,0.003548484732167334
12115,0.003548484732167334
12116,0.003548484732167334
12117,0.003548484732167334
12118,0.003548484732167334
12119,0.003548484732167334
12120,0.003548484732167334
12121,0.003548484732167334
12122,0.003548484732167334
12123,0.003548484732167334
12124,0.003548484732167334
12125,0.003548484732167334
12126,0.003548484732167334
12127,0.003548484732167334
12128,0.003548484732167334
12129,0.003548484732167334
12130,0.003548484732167334
12131,0.003548484732167334
12132,0.003548484732167334
12133,0.003548484732167334
12134,0.003548484732167334
12135,0.003548484732167334
12136,0.003548484732167334
12137,0.003548484732167334
12138,0.003548484732167334
12139,0.003548484732167334
12140,0.003548484732167334
12141,0.003548484732167334
12142,0.003548484732167334
12143,0.003548484732167334
12144,0.003548484732167334
12145,0.003548484732167334
12146,0.003548484732167334
12147,0.003548484732167334
12148,0.003548484732167334
12149,0.003548484732167334
12150,0.003548484732167334
12151,0.003548484732167334
12152,0.003548484732167334
12153,0.003548484732167334
12154,0.003548484732167334
12155,0.003548484732167334
12156,0.003548484732167334
12157,0.003548484732167334
12158,0.003548484732167334
12159,0.003548484732167334
12160,0.003548484732167334
12161,0.003548484732167334
12162,0.003548484732167334
12163,0.003548484732167334
12164,0.003548484732167334
12165,0.003548484732167334
12166,0.003548484732167334
12167,0.003548484732167334
12168,0.003548484732167334
12169,0.003548484732167334
12170,0.003548484732167334
12171,0.003548484732167334
12172,0.003548484732167334
12173,0.003548484732167334
12174,0.003548484732167334
12175,0.003548484732167334
12176,0.003548484732167334
12177,0.003548484732167334
12178,0.003548484732167334
12179,0.003548484732167334
12180,0.003548484732167334
12181,0.003548484732167334
12182,0.003548484732167334
12183,0.003548484732167334
12184,0.003548484732167334
12185,0.003548484732167334
12186,0.003548484732167334
12187,0.003548484732167334
12188,0.003548484732167334
12189,0.003548484732167334
12190,0.003548484732167334
12191,0.003548484732167334
12192,0.003548484732167334
12193,0.003548484732167334
12194,0.003548484732167334
12195,0.003548484732167334
12196,0.003548484732167334
12197,0.003548484732167334
12198,0.003548484732167334
12199,0.003548484732167334
12200,0.003548484732167334
12201,0.003548484732167334
12202,0.003548484732167334
12203,0.003548484732167334
12204,0.003548484732167334
12205,0.003548484732167334
12206,0.003548484732167334
12207,0.003548484732167334
12208,0.003548484732167334
12209,0.003548484732167334
12210,0.003548484732167334
12211,0.003548484732167334
12212,0.003548484732167334
12213,0.003548484732167334
12214,0.003548484732167334
12215,0.003548484732167334
12216,0.003548484732167334
12217,0.003548484732167334
12218,0.003548484732167334
12219,0.003548484732167334
12220,0.003548484732167334
12221,0.003548484732167334
12222,0.003548484732167334
12223,0.003548484732167334
12224,0.003548484732167334
12225,0.003548484732167334
12226,0.003548484732167334
12227,0.003548484732167334
12228,0.003548484732167334
12229,0.003548484732167334
12230,0.003548484732167334
12231,0.003548484732167334
12232,0.003548484732167334
12233,0.003548484732167334
12234,0.003548484732167334
12235,0.003548484732167334
12236,0.003548484732167334
12237,0.003548484732167334
12238,0.003548484732167334
12239,0.003548484732167334
12240,0.003548484732167334
12241,0.003548484732167334
12242,0.003548484732167334
12243,0.003548484732167334
12244,0.003548484732167334
12245,0.003548484732167334
12246,0.003548484732167334
12247,0.003548484732167334
12248,0.003548484732167334
12249,0.003548484732167334
12250,0.003548484732167334
12251,0.003548484732167334
12252,0.003548484732167334
12253,0.003548484732167334
12254,0.003548484732167334
12255,0.003548484732167334
12256,0.003548484732167334
12257,0.003548484732167334
12258,0.003548484732167334
12259,0.003548484732167334
12260,0.003548484732167334
12261,0.003548484732167334
12262,0.003548484732167334
12263,0.003548484732167334
12264,0.003548484732167334
12265,0.003548484732167334
12266,0.003548484732167334
12267,0.003548484732167334
12268,0.003548484732167334
12269,0.003548484732167334
12270,0.003548484732167334
12271,0.003548484732167334
12272,0.003548484732167334
12273,0.003548484732167334
12274,0.003548484732167334
12275,0.003548484732167334
12276,0.003548484732167334
12277,0.003548484732167334
12278,0.003548484732167334
12279,0.003548484732167334
12280,0.003548484732167334
12281,0.003548484732167334
12282,0.003548484732167334
12283,0.003548484732167334
12284,0.003548484732167334
12285,0.003548484732167334
12286,0.003548484732167334
12287,0.003548484732167334
12288,0.003548484732167334
12289,0.003548484732167334
12290,0.003548484732167334
12291,0.003548484732167334
12292,0.003548484732167334
12293,0.003548484732167334
12294,0.003548484732167334
12295,0.003548484732167334
12296,0.003548484732167334
12297,0.003548484732167334
12298,0.003548484732167334
12299,0.003548484732167334
12300,0.003548484732167334
12301,0.003548484732167334
12302,0.003548484732167334
12303,0.003548484732167334
12304,0.003548484732167334
12305,0.003548484732167334
12306,0.003548484732167334
12307,0.003548484732167334
12308,0.003548484732167334
12309,0.003548484732167334
12310,0.003548484732167334
12311,0.003548484732167334
12312,0.003548484732167334
12313,0.003548484732167334
12314,0.003548484732167334
12315,0.003548484732167334
12316,0.003548484732167334
12317,0.003548484732167334
12318,0.003548484732167334
12319,0.003548484732167334
12320,0.003548484732167334
12321,0.003548484732167334
12322,0.003548484732167334
12323,0.003548484732167334
12324,0.003548484732167334
12325,0.003548484732167334
12326,0.003548484732167334
12327,0.003548484732167334
12328,0.003548484732167334
12329,0.003548484732167334
12330,0.003548484732167334
12331,0.003548484732167334
12332,0.003548484732167334
12333,0.003548484732167334
12334,0.003548484732167334
12335,0.003548484732167334
12336,0.003548484732167334
12337,0.003548484732167334
12338,0.003548484732167334
12339,0.003548484732167334
12340,0.003548484732167334
12341,0.003548484732167334
12342,0.003548484732167334
12343,0.003548484732167334
12344,0.003548484732167334
12345,0.003548484732167334
12346,0.003548484732167334
12347,0.003548484732167334
12348,0.003548484732167334
12349,0.003548484732167334
12350,0.003548484732167334
12351,0.003548484732167334
12352,0.003548484732167334
12353,0.003548484732167334
12354,0.003548484732167334
12355,0.003548484732167334
12356,0.003548484732167334
12357,0.003548484732167334
12358,0.003548484732167334
12359,0.003548484732167334
12360,0.003548484732167334
12361,0.003548484732167334
12362,0.003548484732167334
12363,0.003548484732167334
12364,0.003548484732167334
12365,0.003548484732167334
12366,0.003548484732167334
12367,0.003548484732167334
12368,0.003548484732167334
12369,0.003548484732167334
12370,0.003548484732167334
12371,0.003548484732167334
12372,0.003548484732167334
12373,0.003548484732167334
12374,0.003548484732167334
12375,0.003548484732167334
12376,0.003548484732167334
12377,0.003548484732167334
12378,0.003548484732167334
12379,0.003548484732167334
12380,0.003548484732167334
12381,0.003548484732167334
12382,0.003548484732167334
12383,0.003548484732167334
12384,0.003548484732167334
12385,0.003548484732167334
12386,0.003548484732167334
12387,0.003548484732167334
12388,0.003548484732167334
12389,0.003548484732167334
12390,0.003548484732167334
12391,0.003548484732167334
12392,0.003548484732167334
12393,0.003548484732167334
12394,0.003548484732167334
12395,0.003548484732167334
12396,0.003548484732167334
12397,0.003548484732167334
12398,0.003548484732167334
12399,0.003548484732167334
12400,0.003548484732167334
12401,0.003548484732167334
12402,0.003548484732167334
12403,0.003548484732167334
12404,0.003548484732167334
12405,0.003548484732167334
12406,0.003548484732167334
12407,0.003548484732167334
12408,0.003548484732167334
12409,0.003548484732167334
12410,0.003548484732167334
12411,0.003548484732167334
12412,0.003548484732167334
12413,0.003548484732167334
12414,0.003548484732167334
12415,0.003548484732167334
12416,0.003548484732167334
12417,0.003548484732167334
12418,0.003548484732167334
12419,0.003548484732167334
12420,0.003548484732167334
12421,0.003548484732167334
12422,0.003548484732167334
12423,0.003548484732167334
12424,0.003548484732167334
12425,0.003548484732167334
12426,0.003548484732167334
12427,0.003548484732167334
12428,0.003548484732167334
12429,0.003548484732167334
12430,0.003548484732167334
12431,0.003548484732167334
12432,0.003548484732167334
12433,0.003548484732167334
12434,0.003548484732167334
12435,0.003548484732167334
12436,0.003548484732167334
12437,0.003548484732167334
12438,0.003548484732167334
12439,0.003548484732167334
12440,0.003548484732167334
12441,0.003548484732167334
12442,0.003548484732167334
12443,0.003548484732167334
12444,0.003548484732167334
12445,0.003548484732167334
12446,0.003548484732167334
12447,0.003548484732167334
12448,0.003548484732167334
12449,0.003548484732167334
12450,0.003548484732167334
12451,0.003548484732167334
12452,0.003548484732167334
12453,0.003548484732167334
12454,0.003548484732167334
12455,0.003548484732167334
12456,0.003548484732167334
12457,0.003548484732167334
12458,0.003548484732167334
12459,0.003548484732167334
12460,0.003548484732167334
12461,0.003548484732167334
12462,0.003548484732167334
12463,0.003548484732167334
12464,0.003548484732167334
12465,0.003548484732167334
12466,0.003548484732167334
12467,0.003548484732167334
12468,0.003548484732167334
12469,0.003548484732167334
12470,0.003548484732167334
12471,0.003548484732167334
12472,0.003548484732167334
12473,0.003548484732167334
12474,0.003548484732167334
12475,0.003548484732167334
12476,0.003548484732167334
12477,0.003548484732167334
12478,0.003548484732167334
12479,0.003548484732167334
12480,0.003548484732167334
12481,0.003548484732167334
12482,0.003548484732167334
12483,0.003548484732167334
12484,0.003548484732167334
12485,0.003548484732167334
12486,0.003548484732167334
12487,0.003548484732167334
12488,0.003548484732167334
12489,0.003548484732167334
12490,0.003548484732167334
12491,0.003548484732167334
12492,0.003548484732167334
12493,0.003548484732167334
12494,0.003548484732167334
12495,0.003548484732167334
12496,0.003548484732167334
12497,0.003548484732167334
12498,0.003548484732167334
12499,0.003548484732167334
12500,0.003548484732167334
12501,0.003548484732167334
12502,0.003548484732167334
12503,0.003548484732167334
12504,0.003548484732167334
12505,0.003548484732167334
12506,0.003548484732167334
12507,0.003548484732167334
12508,0.003548484732167334
12509,0.003548484732167334
12510,0.003548484732167334
12511,0.003548484732167334
12512,0.003548484732167334
12513,0.003548484732167334
12514,0.003548484732167334
12515,0.003548484732167334
12516,0.003548484732167334
12517,0.003548484732167334
12518,0.003548484732167334
12519,0.003548484732167334
12520,0.003548484732167334
12521,0.003548484732167334
12522,0.003548484732167334
12523,0.003548484732167334
12524,0.003548484732167334
12525,0.003548484732167334
12526,0.003548484732167334
12527,0.003548484732167334
12528,0.003548484732167334
12529,0.003548484732167334
12530,0.003548484732167334
12531,0.003548484732167334
12532,0.003548484732167334
12533,0.003548484732167334
12534,0.003548484732167334
12535,0.003548484732167334
12536,0.003548484732167334
12537,0.003548484732167334
12538,0.003548484732167334
12539,0.003548484732167334
12540,0.003548484732167334
12541,0.003548484732167334
12542,0.003548484732167334
12543,0.003548484732167334
12544,0.003548484732167334
12545,0.003548484732167334
12546,0.003548484732167334
12547,0.003548484732167334
12548,0.003548484732167334
12549,0.003548484732167334
12550,0.003548484732167334
12551,0.003548484732167334
12552,0.003548484732167334
12553,0.003548484732167334
12554,0.003548484732167334
12555,0.003548484732167334
12556,0.003548484732167334
12557,0.003548484732167334
12558,0.003548484732167334
12559,0.003548484732167334
12560,0.003548484732167334
12561,0.003548484732167334
12562,0.003548484732167334
12563,0.003548484732167334
12564,0.003548484732167334
12565,0.003548484732167334
12566,0.003548484732167334
12567,0.003548484732167334
12568,0.003548484732167334
12569,0.003548484732167334
12570,0.003548484732167334
12571,0.003548484732167334
12572,0.003548484732167334
12573,0.003548484732167334
12574,0.003548484732167334
12575,0.003548484732167334
12576,0.003548484732167334
12577,0.003548484732167334
12578,0.003548484732167334
12579,0.003548484732167334
12580,0.003548484732167334
12581,0.003548484732167334
12582,0.003548484732167334
12583,0.003548484732167334
12584,0.003548484732167334
12585,0.003548484732167334
12586,0.003548484732167334
12587,0.003548484732167334
12588,0.003548484732167334
12589,0.003548484732167334
12590,0.003548484732167334
12591,0.003548484732167334
12592,0.003548484732167334
12593,0.003548484732167334
12594,0.003548484732167334
12595,0.003548484732167334
12596,0.003548484732167334
12597,0.003548484732167334
12598,0.003548484732167334
12599,0.003548484732167334
12600,0.003548484732167334
12601,0.003548484732167334
12602,0.003548484732167334
12603,0.003548484732167334
12604,0.003548484732167334
12605,0.003548484732167334
12606,0.003548484732167334
12607,0.003548484732167334
12608,0.003548484732167334
12609,0.003548484732167334
12610,0.003548484732167334
12611,0.003548484732167334
12612,0.003548484732167334
12613,0.003548484732167334
12614,0.003548484732167334
12615,0.003548484732167334
12616,0.003548484732167334
12617,0.003548484732167334
12618,0.003548484732167334
12619,0.003548484732167334
12620,0.003548484732167334
12621,0.003548484732167334
12622,0.003548484732167334
12623,0.003548484732167334
12624,0.003548484732167334
12625,0.003548484732167334
12626,0.003548484732167334
12627,0.003548484732167334
12628,0.003548484732167334
12629,0.003548484732167334
12630,0.003548484732167334
12631,0.003548484732167334
12632,0.003548484732167334
12633,0.003548484732167334
12634,0.003548484732167334
12635,0.003548484732167334
12636,0.003548484732167334
12637,0.003548484732167334
12638,0.003548484732167334
12639,0.003548484732167334
12640,0.003548484732167334
12641,0.003548484732167334
12642,0.003548484732167334
12643,0.003548484732167334
12644,0.003548484732167334
12645,0.003548484732167334
12646,0.003548484732167334
12647,0.003548484732167334
12648,0.003548484732167334
12649,0.003548484732167334
12650,0.003548484732167334
12651,0.003548484732167334
12652,0.003548484732167334
12653,0.003548484732167334
12654,0.003548484732167334
12655,0.003548484732167334
12656,0.003548484732167334
12657,0.003548484732167334
12658,0.003548484732167334
12659,0.003548484732167334
12660,0.003548484732167334
12661,0.003548484732167334
12662,0.003548484732167334
12663,0.003548484732167334
12664,0.003548484732167334
12665,0.003548484732167334
12666,0.003548484732167334
12667,0.003548484732167334
12668,0.003548484732167334
12669,0.003548484732167334
12670,0.003548484732167334
12671,0.003548484732167334
12672,0.003548484732167334
12673,0.003548484732167334
12674,0.003548484732167334
12675,0.003548484732167334
12676,0.003548484732167334
12677,0.003548484732167334
12678,0.003548484732167334
12679,0.003548484732167334
12680,0.003548484732167334
12681,0.003548484732167334
12682,0.003548484732167334
12683,0.003548484732167334
12684,0.003548484732167334
12685,0.003548484732167334
12686,0.003548484732167334
12687,0.003548484732167334
12688,0.003548484732167334
12689,0.003548484732167334
12690,0.003548484732167334
12691,0.003548484732167334
12692,0.003548484732167334
12693,0.003548484732167334
12694,0.003548484732167334
12695,0.003548484732167334
12696,0.003548484732167334
12697,0.003548484732167334
12698,0.003548484732167334
12699,0.003548484732167334
12700,0.003548484732167334
12701,0.003548484732167334
12702,0.003548484732167334
12703,0.003548484732167334
12704,0.003548484732167334
12705,0.003548484732167334
12706,0.003548484732167334
12707,0.003548484732167334
12708,0.003548484732167334
12709,0.003548484732167334
12710,0.003548484732167334
12711,0.003548484732167334
12712,0.003548484732167334
12713,0.003548484732167334
12714,0.003548484732167334
12715,0.003548484732167334
12716,0.003548484732167334
12717,0.003548484732167334
12718,0.003548484732167334
12719,0.003548484732167334
12720,0.003548484732167334
12721,0.003548484732167334
12722,0.003548484732167334
12723,0.003548484732167334
12724,0.003548484732167334
12725,0.003548484732167334
12726,0.003548484732167334
12727,0.003548484732167334
12728,0.003548484732167334
12729,0.003548484732167334
12730,0.003548484732167334
12731,0.003548484732167334
12732,0.003548484732167334
12733,0.003548484732167334
12734,0.003548484732167334
12735,0.003548484732167334
12736,0.003548484732167334
12737,0.003548484732167334
12738,0.003548484732167334
12739,0.003548484732167334
12740,0.003548484732167334
12741,0.003548484732167334
12742,0.003548484732167334
12743,0.003548484732167334
12744,0.003548484732167334
12745,0.003548484732167334
12746,0.003548484732167334
12747,0.003548484732167334
12748,0.0033572514193008804
12749,0.0033572514193008804
12750,0.0033572514193008804
12751,0.0033572514193008804
12752,0.0033572514193008804
12753,0.0033572514193008804
12754,0.0033572514193008804
12755,0.0033572514193008804
12756,0.0033572514193008804
12757,0.0033572514193008804
12758,0.0033572514193008804
12759,0.0033572514193008804
12760,0.0033572514193008804
12761,0.0033572514193008804
12762,0.0033572514193008804
12763,0.0033572514193008804
12764,0.0033572514193008804
12765,0.0033572514193008804
12766,0.0033572514193008804
12767,0.0033572514193008804
12768,0.0033572514193008804
12769,0.0033572514193008804
12770,0.0033572514193008804
12771,0.0033572514193008804
12772,0.0033572514193008804
12773,0.0033572514193008804
12774,0.0033572514193008804
12775,0.0033572514193008804
12776,0.0033572514193008804
12777,0.0033572514193008804
12778,0.0033572514193008804
12779,0.0033572514193008804
12780,0.0033572514193008804
12781,0.0033572514193008804
12782,0.0033572514193008804
12783,0.0033572514193008804
12784,0.0033572514193008804
12785,0.0033572514193008804
12786,0.0033572514193008804
12787,0.0033572514193008804
12788,0.0033572514193008804
12789,0.0033572514193008804
12790,0.0033572514193008804
12791,0.0033572514193008804
12792,0.0033572514193008804
12793,0.0033572514193008804
12794,0.0033572514193008804
12795,0.0033572514193008804
12796,0.0033572514193008804
12797,0.0033572514193008804
12798,0.0033572514193008804
12799,0.0033572514193008804
12800,0.0033572514193008804
12801,0.0033572514193008804
12802,0.0033572514193008804
12803,0.0033572514193008804
12804,0.0033572514193008804
12805,0.0033572514193008804
12806,0.0033572514193008804
12807,0.0033572514193008804
12808,0.0033572514193008804
12809,0.0033572514193008804
12810,0.0033572514193008804
12811,0.0033398938736269807
12812,0.0033398938736269807
12813,0.0033398938736269807
12814,0.0033398938736269807
12815,0.0033398938736269807
12816,0.0033398938736269807
12817,0.0033398938736269807
12818,0.0033398938736269807
12819,0.0033398938736269807
12820,0.0033398938736269807
12821,0.0033398938736269807
12822,0.0033398938736269807
12823,0.0033398938736269807
12824,0.0033398938736269807
12825,0.0033398938736269807
12826,0.0033398938736269807
12827,0.0033398938736269807
12828,0.0033398938736269807
12829,0.0033398938736269807
12830,0.0033398938736269807
12831,0.0033398938736269807
12832,0.0033398938736269807
12833,0.0033398938736269807
12834,0.0033398938736269807
12835,0.0033398938736269807
12836,0.0033398938736269807
12837,0.0033398938736269807
12838,0.0033398938736269807
12839,0.0033398938736269807
12840,0.0033398938736269807
12841,0.0033398938736269807
12842,0.0033398938736269807
12843,0.0033398938736269807
12844,0.0033398938736269807
12845,0.0033398938736269807
12846,0.0033398938736269807
12847,0.0033398938736269807
12848,0.0033398938736269807
12849,0.0033398938736269807
12850,0.0033398938736269807
12851,0.0033398938736269807
12852,0.0033398938736269807
12853,0.0033398938736269807
12854,0.0033398938736269807
12855,0.0033398938736269807
12856,0.0033398938736269807
12857,0.0033398938736269807
12858,0.0033398938736269807
12859,0.0033398938736269807
12860,0.0033398938736269807
12861,0.0033398938736269807
12862,0.0033398938736269807
12863,0.0033398938736269807
12864,0.0033398938736269807
12865,0.0033398938736269807
12866,0.0033398938736269807
12867,0.0033398938736269807
12868,0.0033398938736269807
12869,0.0033398938736269807
12870,0.0033398938736269807
12871,0.0033398938736269807
12872,0.0033398938736269807
12873,0.0033398938736269807
12874,0.0033398938736269807
12875,0.0033398938736269807
12876,0.0033398938736269807
12877,0.0033398938736269807
12878,0.0033398938736269807
12879,0.0033398938736269807
12880,0.0033398938736269807
12881,0.0033398938736269807
12882,0.0033398938736269807
12883,0.0033398938736269807
12884,0.0033398938736269807
12885,0.0033398938736269807
12886,0.0033398938736269807
12887,0.0033398938736269807
12888,0.0033398938736269807
12889,0.0033398938736269807
12890,0.0033398938736269807
12891,0.0033398938736269807
12892,0.0033398938736269807
12893,0.0033398938736269807
12894,0.0033398938736269807
12895,0.0033398938736269807
12896,0.0033398938736269807
12897,0.0033398938736269807
12898,0.0033398938736269807
12899,0.0033398938736269807
12900,0.0033398938736269807
12901,0.0033398938736269807
12902,0.0033398938736269807
12903,0.0033398938736269807
12904,0.0033398938736269807
12905,0.0033398938736269807
12906,0.0033398938736269807
12907,0.0033398938736269807
12908,0.0033398938736269807
12909,0.0033398938736269807
12910,0.0033398938736269807
12911,0.0033398938736269807
12912,0.0033398938736269807
12913,0.0033398938736269807
12914,0.0033398938736269807
12915,0.0033398938736269807
12916,0.0033398938736269807
12917,0.0033398938736269807
12918,0.0033398938736269807
12919,0.0033398938736269807
12920,0.0033398938736269807
12921,0.0033398938736269807
12922,0.0033398938736269807
12923,0.0033398938736269807
12924,0.0033398938736269807
12925,0.0033398938736269807
12926,0.0033398938736269807
12927,0.0033398938736269807
12928,0.0033398938736269807
12929,0.0033398938736269807
12930,0.0033398938736269807
12931,0.0033398938736269807
12932,0.0033398938736269807
12933,0.0033398938736269807
12934,0.0033398938736269807
12935,0.0033398938736269807
12936,0.0033398938736269807
12937,0.0033398938736269807
12938,0.0033398938736269807
12939,0.0033398938736269807
12940,0.0033398938736269807
12941,0.0033398938736269807
12942,0.0033398938736269807
12943,0.0033398938736269807
12944,0.0033398938736269807
12945,0.0033398938736269807
12946,0.0033398938736269807
12947,0.0033398938736269807
12948,0.0033398938736269807
12949,0.0033398938736269807
12950,0.0033398938736269807
12951,0.0033398938736269807
12952,0.0033398938736269807
12953,0.0033398938736269807
12954,0.0033398938736269807
12955,0.0033398938736269807
12956,0.0033398938736269807
12957,0.0033398938736269807
12958,0.0033398938736269807
12959,0.0033398938736269807
12960,0.0033398938736269807
12961,0.0033398938736269807
12962,0.0033398938736269807
12963,0.0033398938736269807
12964,0.0033398938736269807
12965,0.0033398938736269807
12966,0.0033398938736269807
12967,0.0033398938736269807
12968,0.0033398938736269807
12969,0.0033398938736269807
12970,0.0033398938736269807
12971,0.0033398938736269807
12972,0.0033398938736269807
12973,0.0033398938736269807
12974,0.0033398938736269807
12975,0.0033398938736269807
12976,0.0033398938736269807
12977,0.0033398938736269807
12978,0.0033398938736269807
12979,0.0033398938736269807
12980,0.0033398938736269807
12981,0.0033398938736269807
12982,0.0033398938736269807
12983,0.0033398938736269807
12984,0.0033398938736269807
12985,0.0033398938736269807
12986,0.0033398938736269807
12987,0.0033398938736269807
12988,0.0033398938736269807
12989,0.0033398938736269807
12990,0.0033398938736269807
12991,0.0033398938736269807
12992,0.0033398938736269807
12993,0.0033398938736269807
12994,0.0033398938736269807
12995,0.0033398938736269807
12996,0.0033398938736269807
12997,0.0033398938736269807
12998,0.0033398938736269807
12999,0.0033398938736269807
13000,0.0033398938736269807
13001,0.0033398938736269807
13002,0.0033398938736269807
13003,0.0033398938736269807
13004,0.0033398938736269807
13005,0.0033398938736269807
13006,0.0033398938736269807
13007,0.0033398938736269807
13008,0.0033398938736269807
13009,0.0033398938736269807
13010,0.0033398938736269807
13011,0.0033398938736269807
13012,0.0033398938736269807
13013,0.0033398938736269807
13014,0.0033398938736269807
13015,0.0033398938736269807
13016,0.0033398938736269807
13017,0.0033398938736269807
13018,0.0033398938736269807
13019,0.0033398938736269807
13020,0.0033398938736269807
13021,0.0033398938736269807
13022,0.0033398938736269807
13023,0.0033398938736269807
13024,0.0033398938736269807
13025,0.0033398938736269807
13026,0.0033398938736269807
13027,0.0033398938736269807
13028,0.0033398938736269807
13029,0.0033398938736269807
13030,0.0033398938736269807
13031,0.0033398938736269807
13032,0.0033398938736269807
13033,0.0033398938736269807
13034,0.0033398938736269807
13035,0.0033398938736269807
13036,0.0033398938736269807
13037,0.0033398938736269807
13038,0.0033398938736269807
13039,0.0033398938736269807
13040,0.0033398938736269807
13041,0.0033398938736269807
13042,0.0033398938736269807
13043,0.0033398938736269807
13044,0.0033398938736269807
13045,0.0033398938736269807
13046,0.0033398938736269807
13047,0.0033398938736269807
13048,0.0033398938736269807
13049,0.0033398938736269807
13050,0.0033398938736269807
13051,0.0033398938736269807
13052,0.0033398938736269807
13053,0.0033398938736269807
13054,0.0033398938736269807
13055,0.0033398938736269807
13056,0.0033398938736269807
13057,0.0033398938736269807
13058,0.0033398938736269807
13059,0.0033398938736269807
13060,0.0033398938736269807
13061,0.0033398938736269807
13062,0.0033398938736269807
13063,0.0033398938736269807
13064,0.0033398938736269807
13065,0.0033398938736269807
13066,0.0033398938736269807
13067,0.0033398938736269807
13068,0.0033398938736269807
13069,0.0033398938736269807
13070,0.0033398938736269807
13071,0.0033398938736269807
13072,0.0033398938736269807
13073,0.0033398938736269807
13074,0.0033398938736269807
13075,0.0033398938736269807
13076,0.0033398938736269807
13077,0.0033398938736269807
13078,0.0033398938736269807
13079,0.0033398938736269807
13080,0.0033398938736269807
13081,0.0033398938736269807
13082,0.0033398938736269807
13083,0.0033398938736269807
13084,0.0033398938736269807
13085,0.0033398938736269807
13086,0.0033398938736269807
13087,0.0033398938736269807
13088,0.0033398938736269807
13089,0.0033398938736269807
13090,0.0033398938736269807
13091,0.0033398938736269807
13092,0.0033398938736269807
13093,0.0033398938736269807
13094,0.0033398938736269807
13095,0.0033398938736269807
13096,0.0033398938736269807
13097,0.0033398938736269807
13098,0.0033398938736269807
13099,0.0033398938736269807
13100,0.0033398938736269807
13101,0.0033398938736269807
13102,0.0033398938736269807
13103,0.0033398938736269807
13104,0.0033398938736269807
13105,0.0033398938736269807
13106,0.0033398938736269807
13107,0.0033398938736269807
13108,0.0033398938736269807
13109,0.0033398938736269807
13110,0.0033398938736269807
13111,0.0033398938736269807
13112,0.0033398938736269807
13113,0.0033398938736269807
13114,0.0033398938736269807
13115,0.0033398938736269807
13116,0.0033398938736269807
13117,0.0033398938736269807
13118,0.0033398938736269807
13119,0.0033398938736269807
13120,0.0033398938736269807
13121,0.0033398938736269807
13122,0.0033398938736269807
13123,0.0033398938736269807
13124,0.0033398938736269807
13125,0.0033398938736269807
13126,0.0033398938736269807
13127,0.0033398938736269807
13128,0.0033398938736269807
13129,0.0033398938736269807
13130,0.0033398938736269807
13131,0.0033398938736269807
13132,0.0033398938736269807
13133,0.0033398938736269807
13134,0.0033398938736269807
13135,0.0033398938736269807
13136,0.0033398938736269807
13137,0.0033398938736269807
13138,0.0033398938736269807
13139,0.0033398938736269807
13140,0.0033398938736269807
13141,0.0033398938736269807
13142,0.0033398938736269807
13143,0.0033398938736269807
13144,0.0033398938736269807
13145,0.0033398938736269807
13146,0.0033398938736269807
13147,0.0033398938736269807
13148,0.0033398938736269807
13149,0.0033398938736269807
13150,0.0033398938736269807
13151,0.0033398938736269807
13152,0.0033398938736269807
13153,0.0033398938736269807
13154,0.0033398938736269807
13155,0.0033398938736269807
13156,0.0033398938736269807
13157,0.0033398938736269807
13158,0.0033398938736269807
13159,0.0033398938736269807
13160,0.0033398938736269807
13161,0.0033398938736269807
13162,0.0033398938736269807
13163,0.0033398938736269807
13164,0.0033398938736269807
13165,0.0033398938736269807
13166,0.0033398938736269807
13167,0.0033398938736269807
13168,0.0033398938736269807
13169,0.0033398938736269807
13170,0.0033398938736269807
13171,0.0033398938736269807
13172,0.0033398938736269807
13173,0.0033398938736269807
13174,0.0033398938736269807
13175,0.0033398938736269807
13176,0.0033398938736269807
13177,0.0033398938736269807
13178,0.0033398938736269807
13179,0.0033398938736269807
13180,0.0033398938736269807
13181,0.0033398938736269807
13182,0.0033398938736269807
13183,0.0033398938736269807
13184,0.0033398938736269807
13185,0.0033398938736269807
13186,0.0033398938736269807
13187,0.0033398938736269807
13188,0.0033398938736269807
13189,0.0033398938736269807
13190,0.0033398938736269807
13191,0.0033398938736269807
13192,0.0033398938736269807
13193,0.0033398938736269807
13194,0.0033398938736269807
13195,0.0033398938736269807
13196,0.0033398938736269807
13197,0.0033398938736269807
13198,0.0033398938736269807
13199,0.0033398938736269807
13200,0.0033398938736269807
13201,0.0033398938736269807
13202,0.0033398938736269807
13203,0.0033398938736269807
13204,0.0033398938736269807
13205,0.0033398938736269807
13206,0.0033398938736269807
13207,0.0033398938736269807
13208,0.0033398938736269807
13209,0.0033398938736269807
13210,0.0033398938736269807
13211,0.0033398938736269807
13212,0.0033398938736269807
13213,0.0033398938736269807
13214,0.0033398938736269807
13215,0.0033398938736269807
13216,0.0033398938736269807
13217,0.0033398938736269807
13218,0.0033398938736269807
13219,0.0033398938736269807
13220,0.0033398938736269807
13221,0.0033398938736269807
13222,0.0033398938736269807
13223,0.0033398938736269807
13224,0.0033398938736269807
13225,0.0033398938736269807
13226,0.0033398938736269807
13227,0.0033398938736269807
13228,0.0033398938736269807
13229,0.0033398938736269807
13230,0.0033398938736269807
13231,0.0033398938736269807
13232,0.0033398938736269807
13233,0.0033398938736269807
13234,0.0033398938736269807
13235,0.0033398938736269807
13236,0.0033398938736269807
13237,0.0033398938736269807
13238,0.0033398938736269807
13239,0.0033398938736269807
13240,0.0033398938736269807
13241,0.0033398938736269807
13242,0.0033398938736269807
13243,0.0033398938736269807
13244,0.0033398938736269807
13245,0.0033398938736269807
13246,0.0033398938736269807
13247,0.0033398938736269807
13248,0.0033398938736269807
13249,0.0033398938736269807
13250,0.0033398938736269807
13251,0.0033398938736269807
13252,0.0033398938736269807
13253,0.0033398938736269807
13254,0.0033398938736269807
13255,0.0033398938736269807
13256,0.0033398938736269807
13257,0.0033398938736269807
13258,0.0033398938736269807
13259,0.0033398938736269807
13260,0.0033398938736269807
13261,0.0033398938736269807
13262,0.0033398938736269807
13263,0.0033398938736269807
13264,0.0033398938736269807
13265,0.0033398938736269807
13266,0.0033398938736269807
13267,0.0033398938736269807
13268,0.0033398938736269807
13269,0.0033398938736269807
13270,0.0033398938736269807
13271,0.0033398938736269807
13272,0.0033398938736269807
13273,0.0033398938736269807
13274,0.0033398938736269807
13275,0.0033398938736269807
13276,0.0033398938736269807
13277,0.0033398938736269807
13278,0.0033398938736269807
13279,0.0033398938736269807
13280,0.0033398938736269807
13281,0.0033398938736269807
13282,0.0033398938736269807
13283,0.0033398938736269807
13284,0.0033398938736269807
13285,0.0033398938736269807
13286,0.0033398938736269807
13287,0.0033398938736269807
13288,0.0033398938736269807
13289,0.0033398938736269807
13290,0.0033398938736269807
13291,0.0033398938736269807
13292,0.0033398938736269807
13293,0.0033398938736269807
13294,0.0033398938736269807
13295,0.0033398938736269807
13296,0.0033398938736269807
13297,0.0033398938736269807
13298,0.0033398938736269807
13299,0.0033398938736269807
13300,0.0033398938736269807
13301,0.0033398938736269807
13302,0.0033398938736269807
13303,0.0033398938736269807
13304,0.0033398938736269807
13305,0.0033398938736269807
13306,0.0033398938736269807
13307,0.0033398938736269807
13308,0.0033398938736269807
13309,0.0033398938736269807
13310,0.0033398938736269807
13311,0.0033398938736269807
13312,0.0033398938736269807
13313,0.0033398938736269807
13314,0.0033398938736269807
13315,0.0033398938736269807
13316,0.0033398938736269807
13317,0.0033398938736269807
13318,0.0033398938736269807
13319,0.0033398938736269807
13320,0.0033398938736269807
13321,0.0033398938736269807
13322,0.0033398938736269807
13323,0.0033398938736269807
13324,0.0033398938736269807
13325,0.0033398938736269807
13326,0.0033398938736269807
13327,0.0033398938736269807
13328,0.0033398938736269807
13329,0.0033398938736269807
13330,0.0033398938736269807
13331,0.0033398938736269807
13332,0.0033398938736269807
13333,0.0033398938736269807
13334,0.0033398938736269807
13335,0.0033398938736269807
13336,0.0033398938736269807
13337,0.0033398938736269807
13338,0.0033398938736269807
13339,0.0033398938736269807
13340,0.0033398938736269807
13341,0.0033398938736269807
13342,0.0033398938736269807
13343,0.0033398938736269807
13344,0.0033398938736269807
13345,0.0033398938736269807
13346,0.0033398938736269807
13347,0.0033398938736269807
13348,0.0033398938736269807
13349,0.0033398938736269807
13350,0.0033398938736269807
13351,0.0033398938736269807
13352,0.0033398938736269807
13353,0.0033398938736269807
13354,0.0033398938736269807
13355,0.0033398938736269807
13356,0.0033398938736269807
13357,0.0033398938736269807
13358,0.0033398938736269807
13359,0.0033398938736269807
13360,0.0033398938736269807
13361,0.0033398938736269807
13362,0.0033398938736269807
13363,0.0033398938736269807
13364,0.0033398938736269807
13365,0.0033398938736269807
13366,0.0033398938736269807
13367,0.0033398938736269807
13368,0.0033398938736269807
13369,0.0033398938736269807
13370,0.0033398938736269807
13371,0.0033398938736269807
13372,0.0033398938736269807
13373,0.0033398938736269807
13374,0.0033398938736269807
13375,0.0033398938736269807
13376,0.0033398938736269807
13377,0.0033398938736269807
13378,0.0033398938736269807
13379,0.0033398938736269807
13380,0.0033398938736269807
13381,0.0033398938736269807
13382,0.0033398938736269807
13383,0.0033398938736269807
13384,0.0033398938736269807
13385,0.0033398938736269807
13386,0.0033398938736269807
13387,0.0033398938736269807
13388,0.0033398938736269807
13389,0.0033398938736269807
13390,0.0033398938736269807
13391,0.0033398938736269807
13392,0.0033398938736269807
13393,0.0033398938736269807
13394,0.0033398938736269807
13395,0.0033398938736269807
13396,0.0033398938736269807
13397,0.0033398938736269807
13398,0.0033398938736269807
13399,0.0033398938736269807
13400,0.0033398938736269807
13401,0.0033398938736269807
13402,0.0033398938736269807
13403,0.0033398938736269807
13404,0.0033398938736269807
13405,0.0033398938736269807
13406,0.0033398938736269807
13407,0.0033398938736269807
13408,0.0033398938736269807
13409,0.0033398938736269807
13410,0.0033398938736269807
13411,0.0033398938736269807
13412,0.0033398938736269807
13413,0.0033398938736269807
13414,0.0033398938736269807
13415,0.0033398938736269807
13416,0.0033398938736269807
13417,0.0033398938736269807
13418,0.0033398938736269807
13419,0.0033398938736269807
13420,0.0033398938736269807
13421,0.0033398938736269807
13422,0.0033398938736269807
13423,0.0033398938736269807
13424,0.0033398938736269807
13425,0.0033398938736269807
13426,0.0033398938736269807
13427,0.0033398938736269807
13428,0.0033398938736269807
13429,0.0033398938736269807
13430,0.0033398938736269807
13431,0.0033398938736269807
13432,0.0033398938736269807
13433,0.0033398938736269807
13434,0.0033398938736269807
13435,0.0033398938736269807
13436,0.0033398938736269807
13437,0.0033398938736269807
13438,0.0033398938736269807
13439,0.0033398938736269807
13440,0.0033398938736269807
13441,0.0033398938736269807
13442,0.0033398938736269807
13443,0.0033398938736269807
13444,0.0033398938736269807
13445,0.0033398938736269807
13446,0.0033398938736269807
13447,0.0033398938736269807
13448,0.0033398938736269807
13449,0.0033398938736269807
13450,0.0033398938736269807
13451,0.0033398938736269807
13452,0.0033398938736269807
13453,0.0033398938736269807
13454,0.0033398938736269807
13455,0.0033398938736269807
13456,0.0033398938736269807
13457,0.0033398938736269807
13458,0.0033398938736269807
13459,0.0033398938736269807
13460,0.0033398938736269807
13461,0.0033398938736269807
13462,0.0033398938736269807
13463,0.0033398938736269807
13464,0.0033398938736269807
13465,0.0033398938736269807
13466,0.0033398938736269807
13467,0.0033398938736269807
13468,0.0033398938736269807
13469,0.0033398938736269807
13470,0.0033398938736269807
13471,0.0033398938736269807
13472,0.0033398938736269807
13473,0.0033398938736269807
13474,0.0033398938736269807
13475,0.0033398938736269807
13476,0.0033398938736269807
13477,0.0033398938736269807
13478,0.0033398938736269807
13479,0.0033398938736269807
13480,0.0033398938736269807
13481,0.0033398938736269807
13482,0.0033398938736269807
13483,0.0033398938736269807
13484,0.0033398938736269807
13485,0.0033398938736269807
13486,0.0033398938736269807
13487,0.0033398938736269807
13488,0.0033398938736269807
13489,0.0033398938736269807
13490,0.0033398938736269807
13491,0.0033398938736269807
13492,0.0033398938736269807
13493,0.0033398938736269807
13494,0.0033398938736269807
13495,0.0033398938736269807
13496,0.0033398938736269807
13497,0.0033398938736269807
13498,0.0033398938736269807
13499,0.0033398938736269807
13500,0.0033398938736269807
13501,0.0033398938736269807
13502,0.0033398938736269807
13503,0.0033398938736269807
13504,0.0033398938736269807
13505,0.0033398938736269807
13506,0.0033398938736269807
13507,0.0033398938736269807
13508,0.0033398938736269807
13509,0.0033398938736269807
13510,0.0033398938736269807
13511,0.0033398938736269807
13512,0.0033398938736269807
13513,0.0033398938736269807
13514,0.0033398938736269807
13515,0.0033398938736269807
13516,0.0033398938736269807
13517,0.0033398938736269807
13518,0.0033398938736269807
13519,0.0033398938736269807
13520,0.0033398938736269807
13521,0.0033398938736269807
13522,0.0033398938736269807
13523,0.0033398938736269807
13524,0.0033398938736269807
13525,0.0033398938736269807
13526,0.0033398938736269807
13527,0.0033398938736269807
13528,0.0033398938736269807
13529,0.0033398938736269807
13530,0.0033398938736269807
13531,0.0033398938736269807
13532,0.0033398938736269807
13533,0.0033398938736269807
13534,0.0033398938736269807
13535,0.0033398938736269807
13536,0.0033398938736269807
13537,0.0033398938736269807
13538,0.0033398938736269807
13539,0.0033398938736269807
13540,0.0033398938736269807
13541,0.0033398938736269807
13542,0.0033398938736269807
13543,0.0033398938736269807
13544,0.0033398938736269807
13545,0.0033398938736269807
13546,0.0033398938736269807
13547,0.0033398938736269807
13548,0.0033398938736269807
13549,0.0033398938736269807
13550,0.0033398938736269807
13551,0.0033398938736269807
13552,0.0033398938736269807
13553,0.0033398938736269807
13554,0.0033398938736269807
13555,0.0033398938736269807
13556,0.0033398938736269807
13557,0.0033398938736269807
13558,0.0033398938736269807
13559,0.0033398938736269807
13560,0.0033398938736269807
13561,0.0033398938736269807
13562,0.0033398938736269807
13563,0.0033398938736269807
13564,0.0033398938736269807
13565,0.0033398938736269807
13566,0.0033398938736269807
13567,0.0033398938736269807
13568,0.0033398938736269807
13569,0.0033398938736269807
13570,0.0033398938736269807
13571,0.0033398938736269807
13572,0.0033398938736269807
13573,0.0033398938736269807
13574,0.0033398938736269807
13575,0.0033398938736269807
13576,0.0033398938736269807
13577,0.0033398938736269807
13578,0.0033398938736269807
13579,0.0033398938736269807
13580,0.0033398938736269807
13581,0.0033398938736269807
13582,0.0033398938736269807
13583,0.0033398938736269807
13584,0.0033398938736269807
13585,0.0033398938736269807
13586,0.0033398938736269807
13587,0.0033398938736269807
13588,0.0033398938736269807
13589,0.0033398938736269807
13590,0.0033398938736269807
13591,0.0033398938736269807
13592,0.0033398938736269807
13593,0.0033398938736269807
13594,0.0033398938736269807
13595,0.0033398938736269807
13596,0.0033398938736269807
13597,0.0033398938736269807
13598,0.0033398938736269807
13599,0.0033398938736269807
13600,0.0033398938736269807
13601,0.0033398938736269807
13602,0.0033398938736269807
13603,0.0033398938736269807
13604,0.0033398938736269807
13605,0.0033398938736269807
13606,0.0033398938736269807
13607,0.0033398938736269807
13608,0.0033398938736269807
13609,0.0033398938736269807
13610,0.0033398938736269807
13611,0.0033398938736269807
13612,0.0033398938736269807
13613,0.0033398938736269807
13614,0.0033398938736269807
13615,0.0033398938736269807
13616,0.0033398938736269807
13617,0.0033398938736269807
13618,0.0033398938736269807
13619,0.0033398938736269807
13620,0.0033398938736269807
13621,0.0033398938736269807
13622,0.0033398938736269807
13623,0.0033398938736269807
13624,0.0033398938736269807
13625,0.0033398938736269807
13626,0.0033398938736269807
13627,0.0033398938736269807
13628,0.0033398938736269807
13629,0.0033398938736269807
13630,0.0033398938736269807
13631,0.0033398938736269807
13632,0.0033398938736269807
13633,0.0033398938736269807
13634,0.0033398938736269807
13635,0.0033398938736269807
13636,0.0033398938736269807
13637,0.0033398938736269807
13638,0.0033398938736269807
13639,0.0033398938736269807
13640,0.0033398938736269807
13641,0.0033398938736269807
13642,0.0033398938736269807
13643,0.0033398938736269807
13644,0.0033398938736269807
13645,0.0033398938736269807
13646,0.0033398938736269807
13647,0.0033398938736269807
13648,0.0033398938736269807
13649,0.0033398938736269807
13650,0.0033398938736269807
13651,0.0033398938736269807
13652,0.0033398938736269807
13653,0.0033398938736269807
13654,0.0033398938736269807
13655,0.0033398938736269807
13656,0.0033398938736269807
13657,0.0033398938736269807
13658,0.0033398938736269807
13659,0.0033398938736269807
13660,0.0033398938736269807
13661,0.0033398938736269807
13662,0.0033398938736269807
13663,0.0033398938736269807
13664,0.0033398938736269807
13665,0.0033398938736269807
13666,0.0033398938736269807
13667,0.0033398938736269807
13668,0.0033398938736269807
13669,0.0033398938736269807
13670,0.0033398938736269807
13671,0.0033398938736269807
13672,0.0033398938736269807
13673,0.0033398938736269807
13674,0.0033398938736269807
13675,0.0033398938736269807
13676,0.0033398938736269807
13677,0.0033398938736269807
13678,0.0033398938736269807
13679,0.0033398938736269807
13680,0.0033398938736269807
13681,0.0033398938736269807
13682,0.0033398938736269807
13683,0.0033398938736269807
13684,0.0033398938736269807
13685,0.0033398938736269807
13686,0.0033398938736269807
13687,0.0033398938736269807
13688,0.0033398938736269807
13689,0.0033398938736269807
13690,0.0033398938736269807
13691,0.0033398938736269807
13692,0.0033398938736269807
13693,0.0033398938736269807
13694,0.0033398938736269807
13695,0.0033398938736269807
13696,0.0033398938736269807
13697,0.0033398938736269807
13698,0.0033398938736269807
13699,0.0033398938736269807
13700,0.0033398938736269807
13701,0.0033398938736269807
13702,0.0033398938736269807
13703,0.0033398938736269807
13704,0.0033398938736269807
13705,0.0033398938736269807
13706,0.0033398938736269807
13707,0.0033398938736269807
13708,0.0033398938736269807
13709,0.0033398938736269807
13710,0.0033398938736269807
13711,0.0033398938736269807
13712,0.0033398938736269807
13713,0.0033398938736269807
13714,0.0033398938736269807
13715,0.0033398938736269807
13716,0.0033398938736269807
13717,0.0033398938736269807
13718,0.0033398938736269807
13719,0.0033398938736269807
13720,0.0033398938736269807
13721,0.0033398938736269807
13722,0.0033398938736269807
13723,0.0033398938736269807
13724,0.0033398938736269807
13725,0.0033398938736269807
13726,0.0033398938736269807
13727,0.0033398938736269807
13728,0.0033398938736269807
13729,0.0033398938736269807
13730,0.0033398938736269807
13731,0.0033398938736269807
13732,0.0033398938736269807
13733,0.0033398938736269807
13734,0.0033398938736269807
13735,0.0033398938736269807
13736,0.0033398938736269807
13737,0.0033398938736269807
13738,0.0033398938736269807
13739,0.0033398938736269807
13740,0.0033398938736269807
13741,0.0033398938736269807
13742,0.0033398938736269807
13743,0.0033398938736269807
13744,0.0033398938736269807
13745,0.0033398938736269807
13746,0.0033398938736269807
13747,0.0033398938736269807
13748,0.0033398938736269807
13749,0.0033398938736269807
13750,0.0033398938736269807
13751,0.0033398938736269807
13752,0.0033398938736269807
13753,0.0033398938736269807
13754,0.0033398938736269807
13755,0.0033398938736269807
13756,0.0033398938736269807
13757,0.0033398938736269807
13758,0.0033398938736269807
13759,0.0033398938736269807
13760,0.0033398938736269807
13761,0.0033398938736269807
13762,0.0033398938736269807
13763,0.0033398938736269807
13764,0.0033398938736269807
13765,0.0033398938736269807
13766,0.0033398938736269807
13767,0.0033398938736269807
13768,0.0033398938736269807
13769,0.0033398938736269807
13770,0.0033398938736269807
13771,0.0033398938736269807
13772,0.0033398938736269807
13773,0.0033398938736269807
13774,0.0033398938736269807
13775,0.0033398938736269807
13776,0.0033398938736269807
13777,0.0033398938736269807
13778,0.0033398938736269807
13779,0.0033398938736269807
13780,0.0033398938736269807
13781,0.0033398938736269807
13782,0.0033398938736269807
13783,0.0033398938736269807
13784,0.0033398938736269807
13785,0.0033398938736269807
13786,0.0033398938736269807
13787,0.0033398938736269807
13788,0.0033398938736269807
13789,0.0033398938736269807
13790,0.0033398938736269807
13791,0.0033398938736269807
13792,0.0033398938736269807
13793,0.0033398938736269807
13794,0.0033398938736269807
13795,0.0033398938736269807
13796,0.0033398938736269807
13797,0.0033398938736269807
13798,0.0033398938736269807
13799,0.0033398938736269807
13800,0.0033398938736269807
13801,0.0033398938736269807
13802,0.0033398938736269807
13803,0.0033398938736269807
13804,0.0033398938736269807
13805,0.0033398938736269807
13806,0.0033398938736269807
13807,0.0033398938736269807
13808,0.0033398938736269807
13809,0.0033398938736269807
13810,0.0033398938736269807
13811,0.0033398938736269807
13812,0.0033398938736269807
13813,0.0033398938736269807
13814,0.0033398938736269807
13815,0.0033398938736269807
13816,0.0033398938736269807
13817,0.0033398938736269807
13818,0.0033398938736269807
13819,0.0033398938736269807
13820,0.0033398938736269807
13821,0.0033398938736269807
13822,0.0033398938736269807
13823,0.0033398938736269807
13824,0.0033398938736269807
13825,0.0033398938736269807
13826,0.0033398938736269807
13827,0.0033398938736269807
13828,0.0033398938736269807
13829,0.0033398938736269807
13830,0.0033398938736269807
13831,0.0033398938736269807
13832,0.0033398938736269807
13833,0.0033398938736269807
13834,0.0033398938736269807
13835,0.0033398938736269807
13836,0.0033398938736269807
13837,0.0033398938736269807
13838,0.0033398938736269807
13839,0.0033398938736269807
13840,0.0033398938736269807
13841,0.0033398938736269807
13842,0.0033398938736269807
13843,0.0033398938736269807
13844,0.0033398938736269807
13845,0.0033398938736269807
13846,0.0033398938736269807
13847,0.0033398938736269807
13848,0.0033398938736269807
13849,0.0033398938736269807
13850,0.0033398938736269807
13851,0.0033398938736269807
13852,0.0033398938736269807
13853,0.0033398938736269807
13854,0.0033398938736269807
13855,0.0033398938736269807
13856,0.0033398938736269807
13857,0.0033398938736269807
13858,0.0033398938736269807
13859,0.0033398938736269807
13860,0.0033398938736269807
13861,0.0033398938736269807
13862,0.0033398938736269807
13863,0.0033398938736269807
13864,0.0033398938736269807
13865,0.0033398938736269807
13866,0.0033398938736269807
13867,0.0033398938736269807
13868,0.0033398938736269807
13869,0.0033398938736269807
13870,0.0033398938736269807
13871,0.0033398938736269807
13872,0.0033398938736269807
13873,0.0033398938736269807
13874,0.0033398938736269807
13875,0.0033398938736269807
13876,0.0033398938736269807
13877,0.0033398938736269807
13878,0.0033398938736269807
13879,0.0033398938736269807
13880,0.0033398938736269807
13881,0.0033398938736269807
13882,0.0033398938736269807
13883,0.0033398938736269807
13884,0.0033398938736269807
13885,0.0033398938736269807
13886,0.0033398938736269807
13887,0.0033398938736269807
13888,0.0033398938736269807
13889,0.0033398938736269807
13890,0.0033398938736269807
13891,0.0033398938736269807
13892,0.0033398938736269807
13893,0.0033398938736269807
13894,0.0033398938736269807
13895,0.0033398938736269807
13896,0.0033398938736269807
13897,0.0033398938736269807
13898,0.0033398938736269807
13899,0.0033398938736269807
13900,0.0033398938736269807
13901,0.0033398938736269807
13902,0.0033398938736269807
13903,0.0033398938736269807
13904,0.0033398938736269807
13905,0.0033398938736269807
13906,0.0033398938736269807
13907,0.0033398938736269807
13908,0.0033398938736269807
13909,0.0033398938736269807
13910,0.0033398938736269807
13911,0.0033398938736269807
13912,0.0033398938736269807
13913,0.0033398938736269807
13914,0.0033398938736269807
13915,0.0033398938736269807
13916,0.0033398938736269807
13917,0.0033398938736269807
13918,0.0033398938736269807
13919,0.0033398938736269807
13920,0.0033398938736269807
13921,0.0033398938736269807
13922,0.0033398938736269807
13923,0.0033398938736269807
13924,0.0033398938736269807
13925,0.0033398938736269807
13926,0.0033398938736269807
13927,0.0033398938736269807
13928,0.0033398938736269807
13929,0.0033398938736269807
13930,0.0033398938736269807
13931,0.0033398938736269807
13932,0.0033398938736269807
13933,0.0033398938736269807
13934,0.0033398938736269807
13935,0.0033398938736269807
13936,0.0033398938736269807
13937,0.0033398938736269807
13938,0.0033398938736269807
13939,0.0033398938736269807
13940,0.0033398938736269807
13941,0.0033398938736269807
13942,0.0033398938736269807
13943,0.0033398938736269807
13944,0.0033398938736269807
13945,0.0033398938736269807
13946,0.0033398938736269807
13947,0.0033398938736269807
13948,0.0033398938736269807
13949,0.0033398938736269807
13950,0.0033398938736269807
13951,0.0033398938736269807
13952,0.0033398938736269807
13953,0.0033398938736269807
13954,0.0033398938736269807
13955,0.0033398938736269807
13956,0.0033398938736269807
13957,0.0033398938736269807
13958,0.0033398938736269807
13959,0.0033398938736269807
13960,0.0033398938736269807
13961,0.0033398938736269807
13962,0.0033398938736269807
13963,0.0033398938736269807
13964,0.0033398938736269807
13965,0.0033398938736269807
13966,0.0033398938736269807
13967,0.0033398938736269807
13968,0.0033398938736269807
13969,0.0033398938736269807
13970,0.0033398938736269807
13971,0.0033398938736269807
13972,0.0033398938736269807
13973,0.0033398938736269807
13974,0.0033398938736269807
13975,0.0033398938736269807
13976,0.0033398938736269807
13977,0.0033398938736269807
13978,0.0033398938736269807
13979,0.0033398938736269807
13980,0.0033398938736269807
13981,0.0033398938736269807
13982,0.0033398938736269807
13983,0.0033398938736269807
13984,0.0033398938736269807
13985,0.0033398938736269807
13986,0.0033398938736269807
13987,0.0033398938736269807
13988,0.0033398938736269807
13989,0.0033398938736269807
13990,0.0033398938736269807
13991,0.0033398938736269807
13992,0.0033398938736269807
13993,0.0033398938736269807
13994,0.0033398938736269807
13995,0.0033398938736269807
13996,0.0033398938736269807
13997,0.0033398938736269807
13998,0.0033398938736269807
13999,0.0033398938736269807
14000,0.0033398938736269807
14001,0.0033398938736269807
14002,0.0033398938736269807
14003,0.0033398938736269807
14004,0.0033398938736269807
14005,0.0033398938736269807
14006,0.0033398938736269807
14007,0.0033398938736269807
14008,0.0033398938736269807
14009,0.0033398938736269807
14010,0.0033398938736269807
14011,0.0033398938736269807
14012,0.0033398938736269807
14013,0.0033398938736269807
14014,0.0033398938736269807
14015,0.0033398938736269807
14016,0.0033398938736269807
14017,0.0033398938736269807
14018,0.0033398938736269807
14019,0.0033398938736269807
14020,0.0033398938736269807
14021,0.0033398938736269807
14022,0.0033398938736269807
14023,0.0033398938736269807
14024,0.0033398938736269807
14025,0.0033398938736269807
14026,0.0033398938736269807
14027,0.0033398938736269807
14028,0.0033398938736269807
14029,0.0033398938736269807
14030,0.0033398938736269807
14031,0.0033398938736269807
14032,0.0033398938736269807
14033,0.0033398938736269807
14034,0.0033398938736269807
14035,0.0033398938736269807
14036,0.0033398938736269807
14037,0.0033398938736269807
14038,0.0033398938736269807
14039,0.0033398938736269807
14040,0.0033398938736269807
14041,0.0033398938736269807
14042,0.0033398938736269807
14043,0.0033398938736269807
14044,0.0033398938736269807
14045,0.0033398938736269807
14046,0.0033398938736269807
14047,0.0033398938736269807
14048,0.0033398938736269807
14049,0.0033398938736269807
14050,0.0033398938736269807
14051,0.0033398938736269807
14052,0.0033398938736269807
14053,0.0033398938736269807
14054,0.0033398938736269807
14055,0.0033398938736269807
14056,0.0033398938736269807
14057,0.0033398938736269807
14058,0.0033398938736269807
14059,0.0033398938736269807
14060,0.0033398938736269807
14061,0.0033398938736269807
14062,0.0033398938736269807
14063,0.0033398938736269807
14064,0.0033398938736269807
14065,0.0033398938736269807
14066,0.0033398938736269807
14067,0.0033398938736269807
14068,0.0033398938736269807
14069,0.0033398938736269807
14070,0.0033398938736269807
14071,0.0033398938736269807
14072,0.0033398938736269807
14073,0.0033398938736269807
14074,0.0033398938736269807
14075,0.0033398938736269807
14076,0.0033398938736269807
14077,0.0033398938736269807
14078,0.0033398938736269807
14079,0.0033398938736269807
14080,0.0033398938736269807
14081,0.0033398938736269807
14082,0.0033398938736269807
14083,0.0033398938736269807
14084,0.0033398938736269807
14085,0.0033398938736269807
14086,0.0033398938736269807
14087,0.0033398938736269807
14088,0.0033398938736269807
14089,0.0033398938736269807
14090,0.0033398938736269807
14091,0.0033398938736269807
14092,0.0033398938736269807
14093,0.0033398938736269807
14094,0.0033398938736269807
14095,0.0033398938736269807
14096,0.0033398938736269807
14097,0.0033398938736269807
14098,0.0033398938736269807
14099,0.0033398938736269807
14100,0.0033398938736269807
14101,0.0033398938736269807
14102,0.0033398938736269807
14103,0.0033398938736269807
14104,0.0033398938736269807
14105,0.0033398938736269807
14106,0.0033398938736269807
14107,0.0033398938736269807
14108,0.0033398938736269807
14109,0.0033398938736269807
14110,0.0033398938736269807
14111,0.0033398938736269807
14112,0.0033398938736269807
14113,0.0033398938736269807
14114,0.0033398938736269807
14115,0.0033398938736269807
14116,0.0033398938736269807
14117,0.0033398938736269807
14118,0.0033398938736269807
14119,0.0033398938736269807
14120,0.0033398938736269807
14121,0.0033398938736269807
14122,0.0033398938736269807
14123,0.0033398938736269807
14124,0.0033398938736269807
14125,0.0033398938736269807
14126,0.0033398938736269807
14127,0.0033398938736269807
14128,0.0033398938736269807
14129,0.0033398938736269807
14130,0.0033398938736269807
14131,0.0033398938736269807
14132,0.0033398938736269807
14133,0.0033398938736269807
14134,0.0033398938736269807
14135,0.0033398938736269807
14136,0.0033398938736269807
14137,0.0033398938736269807
14138,0.0033398938736269807
14139,0.0033398938736269807
14140,0.0033398938736269807
14141,0.0033398938736269807
14142,0.0033398938736269807
14143,0.0033398938736269807
14144,0.0033398938736269807
14145,0.0033398938736269807
14146,0.0033398938736269807
14147,0.0033398938736269807
14148,0.0033398938736269807
14149,0.0033398938736269807
14150,0.0033398938736269807
14151,0.0033398938736269807
14152,0.0033398938736269807
14153,0.0033398938736269807
14154,0.0033398938736269807
14155,0.0033398938736269807
14156,0.0033398938736269807
14157,0.0033398938736269807
14158,0.0033398938736269807
14159,0.0033398938736269807
14160,0.0033398938736269807
14161,0.0033398938736269807
14162,0.0033398938736269807
14163,0.0033398938736269807
14164,0.0033398938736269807
14165,0.0033398938736269807
14166,0.0033398938736269807
14167,0.0033398938736269807
14168,0.0033398938736269807
14169,0.0033398938736269807
14170,0.0033398938736269807
14171,0.0033398938736269807
14172,0.0033398938736269807
14173,0.0033398938736269807
14174,0.0033398938736269807
14175,0.0033398938736269807
14176,0.0033398938736269807
14177,0.0033398938736269807
14178,0.0033398938736269807
14179,0.0033398938736269807
14180,0.0033398938736269807
14181,0.0033398938736269807
14182,0.0033398938736269807
14183,0.0033398938736269807
14184,0.0033398938736269807
14185,0.0033398938736269807
14186,0.0033398938736269807
14187,0.0033398938736269807
14188,0.0033398938736269807
14189,0.0033398938736269807
14190,0.0033398938736269807
14191,0.0033398938736269807
14192,0.0033398938736269807
14193,0.0033398938736269807
14194,0.0033398938736269807
14195,0.0033398938736269807
14196,0.0033398938736269807
14197,0.0033398938736269807
14198,0.0033398938736269807
14199,0.0033398938736269807
14200,0.0033398938736269807
14201,0.0033398938736269807
14202,0.0033398938736269807
14203,0.0033398938736269807
14204,0.0033398938736269807
14205,0.0033398938736269807
14206,0.0033398938736269807
14207,0.0033398938736269807
14208,0.0033398938736269807
14209,0.0033398938736269807
14210,0.0033398938736269807
14211,0.0033398938736269807
14212,0.0033398938736269807
14213,0.0033398938736269807
14214,0.0033398938736269807
14215,0.0033398938736269807
14216,0.0033398938736269807
14217,0.0033398938736269807
14218,0.0033398938736269807
14219,0.0033398938736269807
14220,0.0033398938736269807
14221,0.0033398938736269807
14222,0.0033398938736269807
14223,0.0033398938736269807
14224,0.0033398938736269807
14225,0.0033398938736269807
14226,0.0033398938736269807
14227,0.0033398938736269807
14228,0.0033398938736269807
14229,0.0033398938736269807
14230,0.0033398938736269807
14231,0.0033398938736269807
14232,0.0033398938736269807
14233,0.0033398938736269807
14234,0.0033398938736269807
14235,0.0033398938736269807
14236,0.0033398938736269807
14237,0.0033398938736269807
14238,0.0033398938736269807
14239,0.0033398938736269807
14240,0.0033398938736269807
14241,0.0033398938736269807
14242,0.0033398938736269807
14243,0.0033398938736269807
14244,0.0033398938736269807
14245,0.0033398938736269807
14246,0.0033398938736269807
14247,0.0033398938736269807
14248,0.0033398938736269807
14249,0.0033398938736269807
14250,0.0033398938736269807
14251,0.0033398938736269807
14252,0.0033398938736269807
14253,0.0033398938736269807
14254,0.0033398938736269807
14255,0.0033398938736269807
14256,0.0033398938736269807
14257,0.0033398938736269807
14258,0.0033398938736269807
14259,0.0033398938736269807
14260,0.0033398938736269807
14261,0.0033398938736269807
14262,0.0033398938736269807
14263,0.0033398938736269807
14264,0.0033398938736269807
14265,0.0033398938736269807
14266,0.0033398938736269807
14267,0.0033398938736269807
14268,0.0033398938736269807
14269,0.0033398938736269807
14270,0.0033398938736269807
14271,0.0033398938736269807
14272,0.0033398938736269807
14273,0.0033398938736269807
14274,0.0033398938736269807
14275,0.0033398938736269807
14276,0.0033398938736269807
14277,0.0033398938736269807
14278,0.0033398938736269807
14279,0.0033398938736269807
14280,0.0033398938736269807
14281,0.0033398938736269807
14282,0.0033398938736269807
14283,0.0033398938736269807
14284,0.0033398938736269807
14285,0.0033398938736269807
14286,0.0033398938736269807
14287,0.0033398938736269807
14288,0.0033398938736269807
14289,0.0033398938736269807
14290,0.0033398938736269807
14291,0.0033398938736269807
14292,0.0033398938736269807
14293,0.0033398938736269807
14294,0.0033398938736269807
14295,0.0033398938736269807
14296,0.0033398938736269807
14297,0.0033398938736269807
14298,0.0033398938736269807
14299,0.0033398938736269807
14300,0.0033398938736269807
14301,0.0033398938736269807
14302,0.0033398938736269807
14303,0.0033398938736269807
14304,0.0033398938736269807
14305,0.0033398938736269807
14306,0.0033398938736269807
14307,0.0033398938736269807
14308,0.0033398938736269807
14309,0.0033398938736269807
14310,0.0033398938736269807
14311,0.0033398938736269807
14312,0.0033398938736269807
14313,0.0033398938736269807
14314,0.0033398938736269807
14315,0.0033398938736269807
14316,0.0033398938736269807
14317,0.0033398938736269807
14318,0.0033398938736269807
14319,0.0033398938736269807
14320,0.0033398938736269807
14321,0.0033398938736269807
14322,0.0033398938736269807
14323,0.0033398938736269807
14324,0.0033398938736269807
14325,0.0033398938736269807
14326,0.0033398938736269807
14327,0.0033398938736269807
14328,0.0033398938736269807
14329,0.0033398938736269807
14330,0.0033398938736269807
14331,0.0033398938736269807
14332,0.0033398938736269807
14333,0.0033398938736269807
14334,0.0033398938736269807
14335,0.0033398938736269807
14336,0.0033398938736269807
14337,0.0033398938736269807
14338,0.0033398938736269807
14339,0.0033398938736269807
14340,0.0033398938736269807
14341,0.0033398938736269807
14342,0.0033398938736269807
14343,0.0033398938736269807
14344,0.0033398938736269807
14345,0.0033398938736269807
14346,0.0033398938736269807
14347,0.0033398938736269807
14348,0.0033398938736269807
14349,0.0033398938736269807
14350,0.0033398938736269807
14351,0.0033398938736269807
14352,0.0033398938736269807
14353,0.0033398938736269807
14354,0.0033398938736269807
14355,0.0033398938736269807
14356,0.0033398938736269807
14357,0.0033398938736269807
14358,0.0033398938736269807
14359,0.0033398938736269807
14360,0.0033398938736269807
14361,0.0033398938736269807
14362,0.0033398938736269807
14363,0.0033398938736269807
14364,0.0033398938736269807
14365,0.0033398938736269807
14366,0.0033398938736269807
14367,0.0033398938736269807
14368,0.0033398938736269807
14369,0.0033398938736269807
14370,0.0033398938736269807
14371,0.0033398938736269807
14372,0.0033398938736269807
14373,0.0033398938736269807
14374,0.0033398938736269807
14375,0.0033398938736269807
14376,0.0033398938736269807
14377,0.0033398938736269807
14378,0.0033398938736269807
14379,0.0033398938736269807
14380,0.0033398938736269807
14381,0.0033398938736269807
14382,0.0033398938736269807
14383,0.0033398938736269807
14384,0.0033398938736269807
14385,0.0033398938736269807
14386,0.0033398938736269807
14387,0.0033398938736269807
14388,0.0033398938736269807
14389,0.0033398938736269807
14390,0.0033398938736269807
14391,0.0033398938736269807
14392,0.0033398938736269807
14393,0.0033398938736269807
14394,0.0033398938736269807
14395,0.0033398938736269807
14396,0.0033398938736269807
14397,0.0033398938736269807
14398,0.0033398938736269807
14399,0.0033398938736269807
14400,0.0033398938736269807
14401,0.0033398938736269807
14402,0.0033398938736269807
14403,0.0033398938736269807
14404,0.0033398938736269807
14405,0.0033398938736269807
14406,0.0033398938736269807
14407,0.0033398938736269807
14408,0.0033398938736269807
14409,0.0033398938736269807
14410,0.0033398938736269807
14411,0.0033398938736269807
14412,0.0033398938736269807
14413,0.0033398938736269807
14414,0.0033398938736269807
14415,0.0033398938736269807
14416,0.0033398938736269807
14417,0.0033398938736269807
14418,0.0033398938736269807
14419,0.0033398938736269807
14420,0.0033398938736269807
14421,0.0033398938736269807
14422,0.0033398938736269807
14423,0.0033398938736269807
14424,0.0033398938736269807
14425,0.0033398938736269807
14426,0.0033398938736269807
14427,0.0033398938736269807
14428,0.0033398938736269807
14429,0.0033398938736269807
14430,0.0033398938736269807
14431,0.0033398938736269807
14432,0.0033398938736269807
14433,0.0033398938736269807
14434,0.0033398938736269807
14435,0.0033398938736269807
14436,0.0033398938736269807
14437,0.0033398938736269807
14438,0.0033398938736269807
14439,0.0033398938736269807
14440,0.0033398938736269807
14441,0.0033398938736269807
14442,0.0033398938736269807
14443,0.0033398938736269807
14444,0.0033398938736269807
14445,0.0033398938736269807
14446,0.0033398938736269807
14447,0.0033398938736269807
14448,0.0033398938736269807
14449,0.0033398938736269807
14450,0.0033398938736269807
14451,0.0033398938736269807
14452,0.0033398938736269807
14453,0.0033398938736269807
14454,0.0033398938736269807
14455,0.0033398938736269807
14456,0.0033398938736269807
14457,0.0033398938736269807
14458,0.0033398938736269807
14459,0.0033398938736269807
14460,0.0033398938736269807
14461,0.0033398938736269807
14462,0.0033398938736269807
14463,0.0033398938736269807
14464,0.0033398938736269807
14465,0.0033398938736269807
14466,0.0033398938736269807
14467,0.0033398938736269807
14468,0.0033398938736269807
14469,0.0033398938736269807
14470,0.0033398938736269807
14471,0.0033398938736269807
14472,0.0033398938736269807
14473,0.0033398938736269807
14474,0.0033398938736269807
14475,0.0033398938736269807
14476,0.0033398938736269807
14477,0.0033398938736269807
14478,0.0033398938736269807
14479,0.0033398938736269807
14480,0.0033398938736269807
14481,0.0033398938736269807
14482,0.0033398938736269807
14483,0.0033398938736269807
14484,0.0033398938736269807
14485,0.0033398938736269807
14486,0.0033398938736269807
14487,0.0033398938736269807
14488,0.0033398938736269807
14489,0.0033398938736269807
14490,0.0033398938736269807
14491,0.0033398938736269807
14492,0.0033398938736269807
14493,0.0033398938736269807
14494,0.0033398938736269807
14495,0.0033398938736269807
14496,0.0033398938736269807
14497,0.0033398938736269807
14498,0.0033398938736269807
14499,0.0033398938736269807
14500,0.0033398938736269807
14501,0.0033398938736269807
14502,0.0033398938736269807
14503,0.0033398938736269807
14504,0.0033398938736269807
14505,0.0033398938736269807
14506,0.0033398938736269807
14507,0.0033398938736269807
14508,0.0033398938736269807
14509,0.0033398938736269807
14510,0.0033398938736269807
14511,0.0033398938736269807
14512,0.0033398938736269807
14513,0.0033398938736269807
14514,0.0033398938736269807
14515,0.0033398938736269807
14516,0.0033398938736269807
14517,0.0033398938736269807
14518,0.0033398938736269807
14519,0.0033398938736269807
14520,0.0033398938736269807
14521,0.0033398938736269807
14522,0.0033398938736269807
14523,0.0033398938736269807
14524,0.0033398938736269807
14525,0.0033398938736269807
14526,0.0033398938736269807
14527,0.0033398938736269807
14528,0.0033398938736269807
14529,0.0033398938736269807
14530,0.0033398938736269807
14531,0.0033398938736269807
14532,0.0033398938736269807
14533,0.0033398938736269807
14534,0.0033398938736269807
14535,0.0033398938736269807
14536,0.0033398938736269807
14537,0.0033398938736269807
14538,0.0033398938736269807
14539,0.0033398938736269807
14540,0.0033398938736269807
14541,0.0033398938736269807
14542,0.0033398938736269807
14543,0.0033398938736269807
14544,0.0033398938736269807
14545,0.0033398938736269807
14546,0.0033398938736269807
14547,0.0033398938736269807
14548,0.0033398938736269807
14549,0.0033398938736269807
14550,0.0033398938736269807
14551,0.0033398938736269807
14552,0.0033398938736269807
14553,0.0033398938736269807
14554,0.0033398938736269807
14555,0.0033398938736269807
14556,0.0033398938736269807
14557,0.0033398938736269807
14558,0.0033398938736269807
14559,0.0033398938736269807
14560,0.0033398938736269807
14561,0.0033398938736269807
14562,0.0033398938736269807
14563,0.0033398938736269807
14564,0.0033398938736269807
14565,0.0033398938736269807
14566,0.0033398938736269807
14567,0.0033398938736269807
14568,0.0033398938736269807
14569,0.0033398938736269807
14570,0.0033398938736269807
14571,0.0033398938736269807
14572,0.0033398938736269807
14573,0.0033398938736269807
14574,0.0033398938736269807
14575,0.0033398938736269807
14576,0.0033398938736269807
14577,0.0033398938736269807
14578,0.0033398938736269807
14579,0.0033398938736269807
14580,0.0033398938736269807
14581,0.0033398938736269807
14582,0.0033398938736269807
14583,0.0033398938736269807
14584,0.0033398938736269807
14585,0.0033398938736269807
14586,0.0033398938736269807
14587,0.0033398938736269807
14588,0.0033398938736269807
14589,0.0033398938736269807
14590,0.0033398938736269807
14591,0.0033398938736269807
14592,0.0033398938736269807
14593,0.0033398938736269807
14594,0.0033398938736269807
14595,0.0033398938736269807
14596,0.0033398938736269807
14597,0.0033398938736269807
14598,0.0033398938736269807
14599,0.0033398938736269807
14600,0.0033398938736269807
14601,0.0033398938736269807
14602,0.0033398938736269807
14603,0.0033398938736269807
14604,0.0033398938736269807
14605,0.0033398938736269807
14606,0.0033398938736269807
14607,0.0033398938736269807
14608,0.0033398938736269807
14609,0.0033398938736269807
14610,0.0033398938736269807
14611,0.0033398938736269807
14612,0.0033398938736269807
14613,0.0033398938736269807
14614,0.0033398938736269807
14615,0.0033398938736269807
14616,0.0033398938736269807
14617,0.0033398938736269807
14618,0.0033398938736269807
14619,0.0033398938736269807
14620,0.0033398938736269807
14621,0.0033398938736269807
14622,0.0033398938736269807
14623,0.0033398938736269807
14624,0.0033398938736269807
14625,0.0033398938736269807
14626,0.0033398938736269807
14627,0.0033398938736269807
14628,0.0033398938736269807
14629,0.0033398938736269807
14630,0.0033398938736269807
14631,0.0033398938736269807
14632,0.0033398938736269807
14633,0.0033398938736269807
14634,0.0033398938736269807
14635,0.0033398938736269807
14636,0.0033398938736269807
14637,0.0033398938736269807
14638,0.0033398938736269807
14639,0.0033398938736269807
14640,0.0033398938736269807
14641,0.0033398938736269807
14642,0.0033398938736269807
14643,0.0033398938736269807
14644,0.0033398938736269807
14645,0.0033398938736269807
14646,0.0033398938736269807
14647,0.0033398938736269807
14648,0.0033398938736269807
14649,0.0033398938736269807
14650,0.0033398938736269807
14651,0.0033398938736269807
14652,0.0033398938736269807
14653,0.0033398938736269807
14654,0.0033398938736269807
14655,0.0033398938736269807
14656,0.0033398938736269807
14657,0.0033398938736269807
14658,0.0033398938736269807
14659,0.0033398938736269807
14660,0.0033398938736269807
14661,0.0033398938736269807
14662,0.0033398938736269807
14663,0.0033398938736269807
14664,0.0033398938736269807
14665,0.0033398938736269807
14666,0.0033398938736269807
14667,0.0033398938736269807
14668,0.0033398938736269807
14669,0.0033398938736269807
14670,0.0033398938736269807
14671,0.0033398938736269807
14672,0.0033398938736269807
14673,0.0033398938736269807
14674,0.0033398938736269807
14675,0.0033398938736269807
14676,0.0033398938736269807
14677,0.0033398938736269807
14678,0.0033398938736269807
14679,0.0033398938736269807
14680,0.0033398938736269807
14681,0.0033398938736269807
14682,0.0033398938736269807
14683,0.0033398938736269807
14684,0.0033398938736269807
14685,0.0033398938736269807
14686,0.0033398938736269807
14687,0.0033398938736269807
14688,0.0033398938736269807
14689,0.0033398938736269807
14690,0.0033398938736269807
14691,0.0033398938736269807
14692,0.0033398938736269807
14693,0.0033398938736269807
14694,0.0033398938736269807
14695,0.0033398938736269807
14696,0.0033398938736269807
14697,0.0033398938736269807
14698,0.0033398938736269807
14699,0.0033398938736269807
14700,0.0033398938736269807
14701,0.0033398938736269807
14702,0.0033398938736269807
14703,0.0033398938736269807
14704,0.0033398938736269807
14705,0.0033398938736269807
14706,0.0033398938736269807
14707,0.0033398938736269807
14708,0.0033398938736269807
14709,0.0033398938736269807
14710,0.0033398938736269807
14711,0.0033398938736269807
14712,0.0033398938736269807
14713,0.0033398938736269807
14714,0.0033398938736269807
14715,0.0033398938736269807
14716,0.0033398938736269807
14717,0.0033398938736269807
14718,0.0033398938736269807
14719,0.0033398938736269807
14720,0.0033398938736269807
14721,0.0033398938736269807
14722,0.0033398938736269807
14723,0.0033398938736269807
14724,0.0033398938736269807
14725,0.0033398938736269807
14726,0.0033398938736269807
14727,0.0033398938736269807
14728,0.0033398938736269807
14729,0.0033398938736269807
14730,0.0033398938736269807
14731,0.0033398938736269807
14732,0.0033398938736269807
14733,0.0033398938736269807
14734,0.0033398938736269807
14735,0.0033398938736269807
14736,0.0033398938736269807
14737,0.0033398938736269807
14738,0.0033398938736269807
14739,0.0033398938736269807
14740,0.0033398938736269807
14741,0.0033398938736269807
14742,0.0033398938736269807
14743,0.0033398938736269807
14744,0.0033398938736269807
14745,0.0033398938736269807
14746,0.0033398938736269807
14747,0.0033398938736269807
14748,0.0033398938736269807
14749,0.0033398938736269807
14750,0.0033398938736269807
14751,0.0033398938736269807
14752,0.0033398938736269807
14753,0.0033398938736269807
14754,0.0033398938736269807
14755,0.0033398938736269807
14756,0.0033398938736269807
14757,0.0033398938736269807
14758,0.0033398938736269807
14759,0.0033398938736269807
14760,0.0033398938736269807
14761,0.0033398938736269807
14762,0.0033398938736269807
14763,0.0033398938736269807
14764,0.0033398938736269807
14765,0.0033398938736269807
14766,0.0033398938736269807
14767,0.0033398938736269807
14768,0.0033398938736269807
14769,0.0033398938736269807
14770,0.0033398938736269807
14771,0.0033398938736269807
14772,0.0033398938736269807
14773,0.0033398938736269807
14774,0.0033398938736269807
14775,0.0033398938736269807
14776,0.0033398938736269807
14777,0.0033398938736269807
14778,0.0033398938736269807
14779,0.0033398938736269807
14780,0.0033398938736269807
14781,0.0033398938736269807
14782,0.0033398938736269807
14783,0.0033398938736269807
14784,0.0033398938736269807
14785,0.0033398938736269807
14786,0.0033398938736269807
14787,0.0033398938736269807
14788,0.0033398938736269807
14789,0.0033398938736269807
14790,0.0033398938736269807
14791,0.0033398938736269807
14792,0.0033398938736269807
14793,0.0033398938736269807
14794,0.0033398938736269807
14795,0.0033398938736269807
14796,0.0033398938736269807
14797,0.0033398938736269807
14798,0.0033398938736269807
14799,0.0033398938736269807
14800,0.0033398938736269807
14801,0.0033398938736269807
14802,0.0033398938736269807
14803,0.0033398938736269807
14804,0.0033398938736269807
14805,0.0033398938736269807
14806,0.0033398938736269807
14807,0.0033398938736269807
14808,0.0033398938736269807
14809,0.0033398938736269807
14810,0.0033398938736269807
14811,0.0033398938736269807
14812,0.0033398938736269807
14813,0.0033398938736269807
14814,0.0033398938736269807
14815,0.0033398938736269807
14816,0.0033398938736269807
14817,0.0033398938736269807
14818,0.0033398938736269807
14819,0.0033398938736269807
14820,0.0033398938736269807
14821,0.0033398938736269807
14822,0.0033398938736269807
14823,0.0033398938736269807
14824,0.0033398938736269807
14825,0.0033398938736269807
14826,0.0033398938736269807
14827,0.0033398938736269807
14828,0.0033398938736269807
14829,0.0033398938736269807
14830,0.0033398938736269807
14831,0.0033398938736269807
14832,0.0033398938736269807
14833,0.0033398938736269807
14834,0.0033398938736269807
14835,0.0033398938736269807
14836,0.0033398938736269807
14837,0.0033398938736269807
14838,0.0033398938736269807
14839,0.0033398938736269807
14840,0.0033398938736269807
14841,0.0033398938736269807
14842,0.0033398938736269807
14843,0.0033398938736269807
14844,0.0033398938736269807
14845,0.0033398938736269807
14846,0.0033398938736269807
14847,0.0033398938736269807
14848,0.0033398938736269807
14849,0.0033398938736269807
14850,0.0033398938736269807
14851,0.0033398938736269807
14852,0.0033398938736269807
14853,0.0033398938736269807
14854,0.0033398938736269807
14855,0.0033398938736269807
14856,0.0033398938736269807
14857,0.0033398938736269807
14858,0.0033398938736269807
14859,0.0033398938736269807
14860,0.0033398938736269807
14861,0.0033398938736269807
14862,0.0033398938736269807
14863,0.0033398938736269807
14864,0.0033398938736269807
14865,0.0033398938736269807
14866,0.0033398938736269807
14867,0.0033398938736269807
14868,0.0033398938736269807
14869,0.0033398938736269807
14870,0.0033398938736269807
14871,0.0033398938736269807
14872,0.0033398938736269807
14873,0.0033398938736269807
14874,0.0033398938736269807
14875,0.0033398938736269807
14876,0.0033398938736269807
14877,0.0033398938736269807
14878,0.0033398938736269807
14879,0.0033398938736269807
14880,0.0033398938736269807
14881,0.0033398938736269807
14882,0.0033398938736269807
14883,0.0033398938736269807
14884,0.0033398938736269807
14885,0.0033398938736269807
14886,0.0033398938736269807
14887,0.0033398938736269807
14888,0.0033398938736269807
14889,0.0033398938736269807
14890,0.0033398938736269807
14891,0.0033398938736269807
14892,0.0033398938736269807
14893,0.0033398938736269807
14894,0.0033398938736269807
14895,0.0033398938736269807
14896,0.0033398938736269807
14897,0.0033398938736269807
14898,0.0033398938736269807
14899,0.0033398938736269807
14900,0.0033398938736269807
14901,0.0033398938736269807
14902,0.0033398938736269807
14903,0.0033398938736269807
14904,0.0033398938736269807
14905,0.0033398938736269807
14906,0.0033398938736269807
14907,0.0033398938736269807
14908,0.0033398938736269807
14909,0.0033398938736269807
14910,0.0033398938736269807
14911,0.0033398938736269807
14912,0.0033398938736269807
14913,0.0033398938736269807
14914,0.0033398938736269807
14915,0.0033398938736269807
14916,0.0033398938736269807
14917,0.0033398938736269807
14918,0.0033398938736269807
14919,0.0033398938736269807
14920,0.0033398938736269807
14921,0.0033398938736269807
14922,0.0033398938736269807
14923,0.0033398938736269807
14924,0.0033398938736269807
14925,0.0033398938736269807
14926,0.0033398938736269807
14927,0.0033398938736269807
14928,0.0033398938736269807
14929,0.0033398938736269807
14930,0.0033398938736269807
14931,0.0033398938736269807
14932,0.0033398938736269807
14933,0.0033398938736269807
14934,0.0033398938736269807
14935,0.0033398938736269807
14936,0.0033398938736269807
14937,0.0033398938736269807
14938,0.0033398938736269807
14939,0.0033398938736269807
14940,0.0033398938736269807
14941,0.0033398938736269807
14942,0.0033398938736269807
14943,0.0033398938736269807
14944,0.0033398938736269807
14945,0.0033398938736269807
14946,0.0033398938736269807
14947,0.0033398938736269807
14948,0.0033398938736269807
14949,0.0033398938736269807
14950,0.0033398938736269807
14951,0.0033398938736269807
14952,0.0033398938736269807
14953,0.0033398938736269807
14954,0.0033398938736269807
14955,0.0033398938736269807
14956,0.0033398938736269807
14957,0.0033398938736269807
14958,0.0033398938736269807
14959,0.0033398938736269807
14960,0.0033398938736269807
14961,0.0033398938736269807
14962,0.0033398938736269807
14963,0.0033398938736269807
14964,0.0033398938736269807
14965,0.0033398938736269807
14966,0.0033398938736269807
14967,0.0033398938736269807
14968,0.0033398938736269807
14969,0.0033398938736269807
14970,0.0033398938736269807
14971,0.0033398938736269807
14972,0.0033398938736269807
14973,0.0033398938736269807
14974,0.0033398938736269807
14975,0.0033398938736269807
14976,0.0033398938736269807
14977,0.0033398938736269807
14978,0.0033398938736269807
14979,0.0033398938736269807
14980,0.0033398938736269807
14981,0.0033398938736269807
14982,0.0033398938736269807
14983,0.0033398938736269807
14984,0.0033398938736269807
14985,0.0033398938736269807
14986,0.0033398938736269807
14987,0.0033398938736269807
14988,0.0033398938736269807
14989,0.0033398938736269807
14990,0.0033398938736269807
14991,0.0033398938736269807
14992,0.0033398938736269807
14993,0.0033398938736269807
14994,0.0033398938736269807
14995,0.0033398938736269807
14996,0.0033398938736269807
14997,0.0033398938736269807
14998,0.0033398938736269807
14999,0.0033398938736269807
15000,0.0033398938736269807
15001,0.0033398938736269807
15002,0.0033398938736269807
15003,0.0033398938736269807
15004,0.0033398938736269807
15005,0.0033398938736269807
15006,0.0033398938736269807
15007,0.0033398938736269807
15008,0.0033398938736269807
15009,0.0033398938736269807
15010,0.0033398938736269807
15011,0.0033398938736269807
15012,0.0033398938736269807
15013,0.0033398938736269807
15014,0.0033398938736269807
15015,0.0033398938736269807
15016,0.0033398938736269807
15017,0.0033398938736269807
15018,0.0033398938736269807
15019,0.0033398938736269807
15020,0.0033398938736269807
15021,0.0033398938736269807
15022,0.0033398938736269807
15023,0.0033398938736269807
15024,0.0033398938736269807
15025,0.0033398938736269807
15026,0.0033398938736269807
15027,0.0033398938736269807
15028,0.0033398938736269807
15029,0.0033398938736269807
15030,0.0033398938736269807
15031,0.0033398938736269807
15032,0.0033398938736269807
15033,0.0033398938736269807
15034,0.0033398938736269807
15035,0.0033398938736269807
15036,0.0033398938736269807
15037,0.0033398938736269807
15038,0.0033398938736269807
15039,0.0033398938736269807
15040,0.0033398938736269807
15041,0.0033398938736269807
15042,0.0033398938736269807
15043,0.0033398938736269807
15044,0.0033398938736269807
15045,0.0033398938736269807
15046,0.0033398938736269807
15047,0.0033398938736269807
15048,0.0033398938736269807
15049,0.0033398938736269807
15050,0.0033398938736269807
15051,0.0033398938736269807
15052,0.0033398938736269807
15053,0.0033398938736269807
15054,0.0033398938736269807
15055,0.0033398938736269807
15056,0.0033398938736269807
15057,0.0033398938736269807
15058,0.0033398938736269807
15059,0.0033398938736269807
15060,0.0033398938736269807
15061,0.0033398938736269807
15062,0.0033398938736269807
15063,0.0033398938736269807
15064,0.0033398938736269807
15065,0.0033398938736269807
15066,0.0033398938736269807
15067,0.0033398938736269807
15068,0.0033398938736269807
15069,0.0033398938736269807
15070,0.0033398938736269807
15071,0.0033398938736269807
15072,0.0033398938736269807
15073,0.0033398938736269807
15074,0.0033398938736269807
15075,0.0033398938736269807
15076,0.0033398938736269807
15077,0.0033398938736269807
15078,0.0033398938736269807
15079,0.0033398938736269807
15080,0.0033398938736269807
15081,0.0033398938736269807
15082,0.0033398938736269807
15083,0.0033398938736269807
15084,0.0033398938736269807
15085,0.0033398938736269807
15086,0.0033398938736269807
15087,0.0033398938736269807
15088,0.0033398938736269807
15089,0.0033398938736269807
15090,0.0033398938736269807
15091,0.0033398938736269807
15092,0.0033398938736269807
15093,0.0033398938736269807
15094,0.0033398938736269807
15095,0.0033398938736269807
15096,0.0033398938736269807
15097,0.0033398938736269807
15098,0.0033398938736269807
15099,0.0033398938736269807
15100,0.0033398938736269807
15101,0.0033398938736269807
15102,0.0033398938736269807
15103,0.0033398938736269807
15104,0.0033398938736269807
15105,0.0033398938736269807
15106,0.0033398938736269807
15107,0.0033398938736269807
15108,0.0033398938736269807
15109,0.0033398938736269807
15110,0.0033398938736269807
15111,0.0033398938736269807
15112,0.0033398938736269807
15113,0.0033398938736269807
15114,0.0033398938736269807
15115,0.0033398938736269807
15116,0.0033398938736269807
15117,0.0033398938736269807
15118,0.0033398938736269807
15119,0.0033398938736269807
15120,0.0033398938736269807
15121,0.0033398938736269807
15122,0.0033398938736269807
15123,0.0033398938736269807
15124,0.0033398938736269807
15125,0.0033398938736269807
15126,0.0033398938736269807
15127,0.0033398938736269807
15128,0.0033398938736269807
15129,0.0033398938736269807
15130,0.0033398938736269807
15131,0.0033398938736269807
15132,0.0033398938736269807
15133,0.0033398938736269807
15134,0.0033398938736269807
15135,0.0033398938736269807
15136,0.0033398938736269807
15137,0.0033398938736269807
15138,0.0033398938736269807
15139,0.0033398938736269807
15140,0.0033398938736269807
15141,0.0033398938736269807
15142,0.0033398938736269807
15143,0.0033398938736269807
15144,0.0033398938736269807
15145,0.0033398938736269807
15146,0.0033398938736269807
15147,0.0033398938736269807
15148,0.0033398938736269807
15149,0.0033398938736269807
15150,0.0033398938736269807
15151,0.0033398938736269807
15152,0.0033398938736269807
15153,0.0033398938736269807
15154,0.0033398938736269807
15155,0.0033398938736269807
15156,0.0033398938736269807
15157,0.0033398938736269807
15158,0.0033398938736269807
15159,0.0033398938736269807
15160,0.0033398938736269807
15161,0.0033398938736269807
15162,0.0033398938736269807
15163,0.0033398938736269807
15164,0.0033398938736269807
15165,0.0033398938736269807
15166,0.0033398938736269807
15167,0.0033398938736269807
15168,0.0033398938736269807
15169,0.0033398938736269807
15170,0.0033398938736269807
15171,0.0033398938736269807
15172,0.0033398938736269807
15173,0.0033398938736269807
15174,0.0033398938736269807
15175,0.0033398938736269807
15176,0.0033398938736269807
15177,0.0033398938736269807
15178,0.0033398938736269807
15179,0.0033398938736269807
15180,0.0033398938736269807
15181,0.0033398938736269807
15182,0.0033398938736269807
15183,0.0033398938736269807
15184,0.0033398938736269807
15185,0.0033398938736269807
15186,0.0033398938736269807
15187,0.0033398938736269807
15188,0.0033398938736269807
15189,0.0033398938736269807
15190,0.0033398938736269807
15191,0.0033398938736269807
15192,0.0033398938736269807
15193,0.0033398938736269807
15194,0.0033398938736269807
15195,0.0033398938736269807
15196,0.0033398938736269807
15197,0.0033398938736269807
15198,0.0033398938736269807
15199,0.0033398938736269807
15200,0.0033398938736269807
15201,0.0033398938736269807
15202,0.0033398938736269807
15203,0.0033398938736269807
15204,0.0033398938736269807
15205,0.0033398938736269807
15206,0.0033398938736269807
15207,0.0033398938736269807
15208,0.0033398938736269807
15209,0.0033398938736269807
15210,0.0033398938736269807
15211,0.0033398938736269807
15212,0.0033398938736269807
15213,0.0033398938736269807
15214,0.0033398938736269807
15215,0.0033398938736269807
15216,0.0033398938736269807
15217,0.0033398938736269807
15218,0.0033398938736269807
15219,0.0033398938736269807
15220,0.0033398938736269807
15221,0.0033398938736269807
15222,0.0033398938736269807
15223,0.0033398938736269807
15224,0.0033398938736269807
15225,0.0033398938736269807
15226,0.0033398938736269807
15227,0.0033398938736269807
15228,0.0033398938736269807
15229,0.0033398938736269807
15230,0.0033398938736269807
15231,0.0033398938736269807
15232,0.0033398938736269807
15233,0.0033398938736269807
15234,0.0033398938736269807
15235,0.0033398938736269807
15236,0.0033398938736269807
15237,0.0033398938736269807
15238,0.0033398938736269807
15239,0.0033398938736269807
15240,0.0033398938736269807
15241,0.0033398938736269807
15242,0.0033398938736269807
15243,0.0033398938736269807
15244,0.0033398938736269807
15245,0.0033398938736269807
15246,0.0033398938736269807
15247,0.0033398938736269807
15248,0.0033398938736269807
15249,0.0033398938736269807
15250,0.0033398938736269807
15251,0.0033398938736269807
15252,0.0033398938736269807
15253,0.0033398938736269807
15254,0.0033398938736269807
15255,0.0033398938736269807
15256,0.0033398938736269807
15257,0.0033398938736269807
15258,0.0033398938736269807
15259,0.0033398938736269807
15260,0.0033398938736269807
15261,0.0033398938736269807
15262,0.0033398938736269807
15263,0.0033398938736269807
15264,0.0033398938736269807
15265,0.0033398938736269807
15266,0.0033398938736269807
15267,0.0033398938736269807
15268,0.0033398938736269807
15269,0.0033398938736269807
15270,0.0033398938736269807
15271,0.0033398938736269807
15272,0.0033398938736269807
15273,0.0033398938736269807
15274,0.0033398938736269807
15275,0.0033398938736269807
15276,0.0033398938736269807
15277,0.0033398938736269807
15278,0.0033398938736269807
15279,0.0033398938736269807
15280,0.0033398938736269807
15281,0.0033398938736269807
15282,0.0033398938736269807
15283,0.0033398938736269807
15284,0.0033398938736269807
15285,0.0033398938736269807
15286,0.0033398938736269807
15287,0.0033398938736269807
15288,0.0033398938736269807
15289,0.0033398938736269807
15290,0.0033398938736269807
15291,0.0033398938736269807
15292,0.0033398938736269807
15293,0.0033398938736269807
15294,0.0033398938736269807
15295,0.0033398938736269807
15296,0.0033398938736269807
15297,0.0033398938736269807
15298,0.0033398938736269807
15299,0.0033398938736269807
15300,0.0033398938736269807
15301,0.0033398938736269807
15302,0.0033398938736269807
15303,0.0033398938736269807
15304,0.0033398938736269807
15305,0.0033398938736269807
15306,0.0033398938736269807
15307,0.0033398938736269807
15308,0.0033398938736269807
15309,0.0033398938736269807
15310,0.0033398938736269807
15311,0.0033398938736269807
15312,0.0033398938736269807
15313,0.0033398938736269807
15314,0.0033398938736269807
15315,0.0033398938736269807
15316,0.0033398938736269807
15317,0.0033398938736269807
15318,0.0033398938736269807
15319,0.0033398938736269807
15320,0.0033398938736269807
15321,0.0033398938736269807
15322,0.0033398938736269807
15323,0.0033398938736269807
15324,0.0033398938736269807
15325,0.0033398938736269807
15326,0.0033398938736269807
15327,0.0033398938736269807
15328,0.0033398938736269807
15329,0.0033398938736269807
15330,0.0033398938736269807
15331,0.0033398938736269807
15332,0.0033398938736269807
15333,0.0033398938736269807
15334,0.0033398938736269807
15335,0.0033398938736269807
15336,0.0033398938736269807
15337,0.0033398938736269807
15338,0.0033398938736269807
15339,0.0033398938736269807
15340,0.0033398938736269807
15341,0.0033398938736269807
15342,0.0033398938736269807
15343,0.0033398938736269807
15344,0.0033398938736269807
15345,0.0033398938736269807
15346,0.0033398938736269807
15347,0.0033398938736269807
15348,0.0033398938736269807
15349,0.0033398938736269807
15350,0.0033398938736269807
15351,0.0033398938736269807
15352,0.0033398938736269807
15353,0.0033398938736269807
15354,0.0033398938736269807
15355,0.0033398938736269807
15356,0.0033398938736269807
15357,0.0033398938736269807
15358,0.0033398938736269807
15359,0.0033398938736269807
15360,0.0033398938736269807
15361,0.0033398938736269807
15362,0.0033398938736269807
15363,0.0033398938736269807
15364,0.0033398938736269807
15365,0.0033398938736269807
15366,0.0033398938736269807
15367,0.0033398938736269807
15368,0.0033398938736269807
15369,0.0033398938736269807
15370,0.0033398938736269807
15371,0.0033398938736269807
15372,0.0033398938736269807
15373,0.0033398938736269807
15374,0.0033398938736269807
15375,0.0033398938736269807
15376,0.0033398938736269807
15377,0.0033398938736269807
15378,0.0033398938736269807
15379,0.0033398938736269807
15380,0.0033398938736269807
15381,0.0033398938736269807
15382,0.0033398938736269807
15383,0.0033398938736269807
15384,0.0033398938736269807
15385,0.0033398938736269807
15386,0.0033398938736269807
15387,0.0033398938736269807
15388,0.0033398938736269807
15389,0.0033398938736269807
15390,0.0033398938736269807
15391,0.0033398938736269807
15392,0.0033398938736269807
15393,0.0033398938736269807
15394,0.0033398938736269807
15395,0.0033398938736269807
15396,0.0033398938736269807
15397,0.0033398938736269807
15398,0.0033398938736269807
15399,0.0033398938736269807
15400,0.0033398938736269807
15401,0.0033398938736269807
15402,0.0033398938736269807
15403,0.0033398938736269807
15404,0.0033398938736269807
15405,0.0033398938736269807
15406,0.0033398938736269807
15407,0.0033398938736269807
15408,0.0033398938736269807
15409,0.0033398938736269807
15410,0.0033398938736269807
15411,0.0033398938736269807
15412,0.0033398938736269807
15413,0.0033398938736269807
15414,0.0033398938736269807
15415,0.0033398938736269807
15416,0.0033398938736269807
15417,0.0033398938736269807
15418,0.0033398938736269807
15419,0.0033398938736269807
15420,0.0033398938736269807
15421,0.0033398938736269807
15422,0.0033398938736269807
15423,0.0033398938736269807
15424,0.0033398938736269807
15425,0.0033398938736269807
15426,0.0033398938736269807
15427,0.0033398938736269807
15428,0.0033398938736269807
15429,0.0033398938736269807
15430,0.0033398938736269807
15431,0.0033398938736269807
15432,0.0033398938736269807
15433,0.0033398938736269807
15434,0.0033398938736269807
15435,0.0033398938736269807
15436,0.0033398938736269807
15437,0.0033398938736269807
15438,0.0033398938736269807
15439,0.0033398938736269807
15440,0.0033398938736269807
15441,0.0033398938736269807
15442,0.0033398938736269807
15443,0.0033398938736269807
15444,0.0033398938736269807
15445,0.0033398938736269807
15446,0.0033398938736269807
15447,0.0033398938736269807
15448,0.0033398938736269807
15449,0.0033398938736269807
15450,0.0033398938736269807
15451,0.0033398938736269807
15452,0.0033398938736269807
15453,0.0033398938736269807
15454,0.0033398938736269807
15455,0.0033398938736269807
15456,0.0033398938736269807
15457,0.0033398938736269807
15458,0.0033398938736269807
15459,0.0033398938736269807
15460,0.0033398938736269807
15461,0.0033398938736269807
15462,0.0033398938736269807
15463,0.0033398938736269807
15464,0.0033398938736269807
15465,0.0033398938736269807
15466,0.0033398938736269807
15467,0.0033398938736269807
15468,0.0033398938736269807
15469,0.0033398938736269807
15470,0.0033398938736269807
15471,0.0033398938736269807
15472,0.0033398938736269807
15473,0.0033398938736269807
15474,0.0033398938736269807
15475,0.0033398938736269807
15476,0.0033398938736269807
15477,0.0033398938736269807
15478,0.0033398938736269807
15479,0.0033398938736269807
15480,0.0033398938736269807
15481,0.0033398938736269807
15482,0.0033398938736269807
15483,0.0033398938736269807
15484,0.0033398938736269807
15485,0.0033398938736269807
15486,0.0033398938736269807
15487,0.0033398938736269807
15488,0.0033398938736269807
15489,0.0033398938736269807
15490,0.0033398938736269807
15491,0.0033398938736269807
15492,0.0033398938736269807
15493,0.0033398938736269807
15494,0.0033398938736269807
15495,0.0033398938736269807
15496,0.0033398938736269807
15497,0.0033398938736269807
15498,0.0033398938736269807
15499,0.0033398938736269807
15500,0.0033398938736269807
15501,0.0033398938736269807
15502,0.0033398938736269807
15503,0.0033398938736269807
15504,0.0033398938736269807
15505,0.0033398938736269807
15506,0.0033398938736269807
15507,0.0033398938736269807
15508,0.0033398938736269807
15509,0.0033398938736269807
15510,0.0033398938736269807
15511,0.0033398938736269807
15512,0.0033398938736269807
15513,0.0033398938736269807
15514,0.0033398938736269807
15515,0.0033398938736269807
15516,0.0033398938736269807
15517,0.0033398938736269807
15518,0.0033398938736269807
15519,0.0033398938736269807
15520,0.0033398938736269807
15521,0.0033398938736269807
15522,0.0033398938736269807
15523,0.0033398938736269807
15524,0.0033398938736269807
15525,0.0033398938736269807
15526,0.0033398938736269807
15527,0.0033398938736269807
15528,0.0033398938736269807
15529,0.0033398938736269807
15530,0.0033398938736269807
15531,0.0033398938736269807
15532,0.0033398938736269807
15533,0.0033398938736269807
15534,0.0033398938736269807
15535,0.0033398938736269807
15536,0.0033398938736269807
15537,0.0033398938736269807
15538,0.0033398938736269807
15539,0.0033398938736269807
15540,0.0033398938736269807
15541,0.0033398938736269807
15542,0.0033398938736269807
15543,0.0033398938736269807
15544,0.0033398938736269807
15545,0.0033398938736269807
15546,0.0033398938736269807
15547,0.0033398938736269807
15548,0.0033398938736269807
15549,0.0033398938736269807
15550,0.0033398938736269807
15551,0.0033398938736269807
15552,0.0033398938736269807
15553,0.0033398938736269807
15554,0.0033398938736269807
15555,0.0033398938736269807
15556,0.0033398938736269807
15557,0.0033398938736269807
15558,0.0033398938736269807
15559,0.0033398938736269807
15560,0.0033398938736269807
15561,0.0033398938736269807
15562,0.0033398938736269807
15563,0.0033398938736269807
15564,0.0033398938736269807
15565,0.0033398938736269807
15566,0.0033398938736269807
15567,0.0033398938736269807
15568,0.0033398938736269807
15569,0.0033398938736269807
15570,0.0033398938736269807
15571,0.0033398938736269807
15572,0.0033398938736269807
15573,0.0033398938736269807
15574,0.0033398938736269807
15575,0.0033398938736269807
15576,0.0033398938736269807
15577,0.0033398938736269807
15578,0.0033398938736269807
15579,0.0033398938736269807
15580,0.0033398938736269807
15581,0.0033398938736269807
15582,0.0033398938736269807
15583,0.0033398938736269807
15584,0.0033398938736269807
15585,0.0033398938736269807
15586,0.0033398938736269807
15587,0.0033398938736269807
15588,0.0033398938736269807
15589,0.0033398938736269807
15590,0.0033398938736269807
15591,0.0033398938736269807
15592,0.0033398938736269807
15593,0.0033398938736269807
15594,0.0033398938736269807
15595,0.0033398938736269807
15596,0.0033398938736269807
15597,0.0033398938736269807
15598,0.0033398938736269807
15599,0.0033398938736269807
15600,0.0033398938736269807
15601,0.0033398938736269807
15602,0.0033398938736269807
15603,0.0033398938736269807
15604,0.0033398938736269807
15605,0.0033398938736269807
15606,0.0033398938736269807
15607,0.0033398938736269807
15608,0.0033398938736269807
15609,0.0033398938736269807
15610,0.0033398938736269807
15611,0.0033398938736269807
15612,0.0033398938736269807
15613,0.0033398938736269807
15614,0.0033398938736269807
15615,0.0033398938736269807
15616,0.0033398938736269807
15617,0.0033398938736269807
15618,0.0033398938736269807
15619,0.0033398938736269807
15620,0.0033398938736269807
15621,0.0033398938736269807
15622,0.0033398938736269807
15623,0.0033398938736269807
15624,0.0033398938736269807
15625,0.0033398938736269807
15626,0.0033398938736269807
15627,0.0033398938736269807
15628,0.0033398938736269807
15629,0.0033398938736269807
15630,0.0033398938736269807
15631,0.0033398938736269807
15632,0.0033398938736269807
15633,0.0033398938736269807
15634,0.0033398938736269807
15635,0.0033398938736269807
15636,0.0033398938736269807
15637,0.0033398938736269807
15638,0.0033398938736269807
15639,0.0033398938736269807
15640,0.0033398938736269807
15641,0.0033398938736269807
15642,0.0033398938736269807
15643,0.0033398938736269807
15644,0.0033398938736269807
15645,0.0033398938736269807
15646,0.0033398938736269807
15647,0.0033398938736269807
15648,0.0033398938736269807
15649,0.0033398938736269807
15650,0.0033398938736269807
15651,0.0033398938736269807
15652,0.0033398938736269807
15653,0.0033398938736269807
15654,0.0033398938736269807
15655,0.0033398938736269807
15656,0.0033398938736269807
15657,0.0033398938736269807
15658,0.0033398938736269807
15659,0.0033398938736269807
15660,0.0033398938736269807
15661,0.0033398938736269807
15662,0.0033398938736269807
15663,0.0033398938736269807
15664,0.0033398938736269807
15665,0.0033398938736269807
15666,0.0033398938736269807
15667,0.0033398938736269807
15668,0.0033398938736269807
15669,0.0033398938736269807
15670,0.0033398938736269807
15671,0.0033398938736269807
15672,0.0033398938736269807
15673,0.0033398938736269807
15674,0.0033398938736269807
15675,0.0033398938736269807
15676,0.0033398938736269807
15677,0.0033398938736269807
15678,0.0033398938736269807
15679,0.0033398938736269807
15680,0.0033398938736269807
15681,0.0033398938736269807
15682,0.0033398938736269807
15683,0.0033398938736269807
15684,0.0033398938736269807
15685,0.0033398938736269807
15686,0.0033398938736269807
15687,0.0033398938736269807
15688,0.0033398938736269807
15689,0.0033398938736269807
15690,0.0033398938736269807
15691,0.0033398938736269807
15692,0.0033398938736269807
15693,0.0033398938736269807
15694,0.0033398938736269807
15695,0.0033398938736269807
15696,0.0033398938736269807
15697,0.0033398938736269807
15698,0.0033398938736269807
15699,0.0033398938736269807
15700,0.0033398938736269807
15701,0.0033398938736269807
15702,0.0033398938736269807
15703,0.0033398938736269807
15704,0.0033398938736269807
15705,0.0033398938736269807
15706,0.0033398938736269807
15707,0.0033398938736269807
15708,0.0033398938736269807
15709,0.0033398938736269807
15710,0.0033398938736269807
15711,0.0033398938736269807
15712,0.0033398938736269807
15713,0.0033398938736269807
15714,0.0033398938736269807
15715,0.0033398938736269807
15716,0.0033398938736269807
15717,0.0033398938736269807
15718,0.0033398938736269807
15719,0.0033398938736269807
15720,0.0033398938736269807
15721,0.0033398938736269807
15722,0.0033398938736269807
15723,0.0033398938736269807
15724,0.0033398938736269807
15725,0.0033398938736269807
15726,0.0033398938736269807
15727,0.0033398938736269807
15728,0.0033398938736269807
15729,0.0033398938736269807
15730,0.0033398938736269807
15731,0.0033398938736269807
15732,0.0033398938736269807
15733,0.0033398938736269807
15734,0.0033398938736269807
15735,0.0033398938736269807
15736,0.0033398938736269807
15737,0.0033398938736269807
15738,0.0033398938736269807
15739,0.0033398938736269807
15740,0.0033398938736269807
15741,0.0033398938736269807
15742,0.0033398938736269807
15743,0.0033398938736269807
15744,0.0033398938736269807
15745,0.0033398938736269807
15746,0.0033398938736269807
15747,0.0033398938736269807
15748,0.0033398938736269807
15749,0.0033398938736269807
15750,0.0033398938736269807
15751,0.0033398938736269807
15752,0.0033398938736269807
15753,0.0033398938736269807
15754,0.0033398938736269807
15755,0.0033398938736269807
15756,0.0033398938736269807
15757,0.0033398938736269807
15758,0.0033398938736269807
15759,0.0033398938736269807
15760,0.0033398938736269807
15761,0.0033398938736269807
15762,0.0033398938736269807
15763,0.0033398938736269807
15764,0.0033398938736269807
15765,0.0033398938736269807
15766,0.0033398938736269807
15767,0.0033398938736269807
15768,0.0033398938736269807
15769,0.0033398938736269807
15770,0.0033398938736269807
15771,0.0033398938736269807
15772,0.0033398938736269807
15773,0.0033398938736269807
15774,0.0033398938736269807
15775,0.0033398938736269807
15776,0.0033398938736269807
15777,0.0033398938736269807
15778,0.0033398938736269807
15779,0.0033398938736269807
15780,0.0033398938736269807
15781,0.0033398938736269807
15782,0.0033398938736269807
15783,0.0033398938736269807
15784,0.0033398938736269807
15785,0.0033398938736269807
15786,0.0033398938736269807
15787,0.0033398938736269807
15788,0.0033398938736269807
15789,0.0033398938736269807
15790,0.0033398938736269807
15791,0.0033398938736269807
15792,0.0033398938736269807
15793,0.0033398938736269807
15794,0.0033398938736269807
15795,0.0033398938736269807
15796,0.0033398938736269807
15797,0.0033398938736269807
15798,0.0033398938736269807
15799,0.0033398938736269807
15800,0.0033398938736269807
15801,0.0033398938736269807
15802,0.0033398938736269807
15803,0.0033398938736269807
15804,0.0033398938736269807
15805,0.0033398938736269807
15806,0.0033398938736269807
15807,0.0033398938736269807
15808,0.0033398938736269807
15809,0.0033398938736269807
15810,0.0033398938736269807
15811,0.0033398938736269807
15812,0.0033398938736269807
15813,0.0033398938736269807
15814,0.0033398938736269807
15815,0.0033398938736269807
15816,0.0033398938736269807
15817,0.0033398938736269807
15818,0.0033398938736269807
15819,0.0033398938736269807
15820,0.0033398938736269807
15821,0.0033398938736269807
15822,0.0033398938736269807
15823,0.0033398938736269807
15824,0.0033398938736269807
15825,0.0033398938736269807
15826,0.0033398938736269807
15827,0.0033398938736269807
15828,0.0033398938736269807
15829,0.0033398938736269807
15830,0.0033398938736269807
15831,0.0033398938736269807
15832,0.0033398938736269807
15833,0.0033398938736269807
15834,0.0033398938736269807
15835,0.0033398938736269807
15836,0.0033398938736269807
15837,0.0033398938736269807
15838,0.0033398938736269807
15839,0.0033398938736269807
15840,0.0033398938736269807
15841,0.0033398938736269807
15842,0.0033398938736269807
15843,0.0033398938736269807
15844,0.0033398938736269807
15845,0.0033398938736269807
15846,0.0033398938736269807
15847,0.0033398938736269807
15848,0.0033398938736269807
15849,0.0033398938736269807
15850,0.0033398938736269807
15851,0.0033398938736269807
15852,0.0033398938736269807
15853,0.0033398938736269807
15854,0.0033398938736269807
15855,0.0033398938736269807
15856,0.0033398938736269807
15857,0.0033398938736269807
15858,0.0033398938736269807
15859,0.0033398938736269807
15860,0.0033398938736269807
15861,0.0033398938736269807
15862,0.0033398938736269807
15863,0.0033398938736269807
15864,0.0033398938736269807
15865,0.0033398938736269807
15866,0.0033398938736269807
15867,0.0033398938736269807
15868,0.0033398938736269807
15869,0.0033398938736269807
15870,0.0033398938736269807
15871,0.0033398938736269807
15872,0.0033398938736269807
15873,0.0033398938736269807
15874,0.0033398938736269807
15875,0.0033398938736269807
15876,0.0033398938736269807
15877,0.0033398938736269807
15878,0.0033398938736269807
15879,0.0033398938736269807
15880,0.0033398938736269807
15881,0.0033398938736269807
15882,0.0033398938736269807
15883,0.0033398938736269807
15884,0.0033398938736269807
15885,0.0033398938736269807
15886,0.0033398938736269807
15887,0.0033398938736269807
15888,0.0033398938736269807
15889,0.0033398938736269807
15890,0.0033398938736269807
15891,0.0033398938736269807
15892,0.0033398938736269807
15893,0.0033398938736269807
15894,0.0033398938736269807
15895,0.0033398938736269807
15896,0.0033398938736269807
15897,0.0033398938736269807
15898,0.0033398938736269807
15899,0.0033398938736269807
15900,0.0033398938736269807
15901,0.0033398938736269807
15902,0.0033398938736269807
15903,0.0033398938736269807
15904,0.0033398938736269807
15905,0.0033398938736269807
15906,0.0033398938736269807
15907,0.0033398938736269807
15908,0.0033398938736269807
15909,0.0033398938736269807
15910,0.0033398938736269807
15911,0.0033398938736269807
15912,0.0033398938736269807
15913,0.0033398938736269807
15914,0.0033398938736269807
15915,0.0033398938736269807
15916,0.0033398938736269807
15917,0.0033398938736269807
15918,0.0033398938736269807
15919,0.0033398938736269807
15920,0.0033398938736269807
15921,0.0033398938736269807
15922,0.0033398938736269807
15923,0.0033398938736269807
15924,0.0033398938736269807
15925,0.0033398938736269807
15926,0.0033398938736269807
15927,0.0033398938736269807
15928,0.0033398938736269807
15929,0.0033398938736269807
15930,0.0033398938736269807
15931,0.0033398938736269807
15932,0.0033398938736269807
15933,0.0033398938736269807
15934,0.0033398938736269807
15935,0.0033398938736269807
15936,0.0033398938736269807
15937,0.0033398938736269807
15938,0.0033398938736269807
15939,0.0033398938736269807
15940,0.0033398938736269807
15941,0.0033398938736269807
15942,0.0033398938736269807
15943,0.0033398938736269807
15944,0.0033398938736269807
15945,0.0033398938736269807
15946,0.0033398938736269807
15947,0.0033398938736269807
15948,0.0033398938736269807
15949,0.0033398938736269807
15950,0.0033398938736269807
15951,0.0033398938736269807
15952,0.0033398938736269807
15953,0.0033398938736269807
15954,0.0033398938736269807
15955,0.0033398938736269807
15956,0.0033398938736269807
15957,0.0033398938736269807
15958,0.0033398938736269807
15959,0.0033398938736269807
15960,0.0033398938736269807
15961,0.0033398938736269807
15962,0.0033398938736269807
15963,0.0033398938736269807
15964,0.0033398938736269807
15965,0.0033398938736269807
15966,0.0033398938736269807
15967,0.0033398938736269807
15968,0.0033398938736269807
15969,0.0033398938736269807
15970,0.0033398938736269807
15971,0.0033398938736269807
15972,0.0033398938736269807
15973,0.0033398938736269807
15974,0.0033398938736269807
15975,0.0033398938736269807
15976,0.0033398938736269807
15977,0.0033398938736269807
15978,0.0033398938736269807
15979,0.0033398938736269807
15980,0.0033398938736269807
15981,0.0033398938736269807
15982,0.0033398938736269807
15983,0.0033398938736269807
15984,0.0033398938736269807
15985,0.0033398938736269807
15986,0.0033398938736269807
15987,0.0033398938736269807
15988,0.0033398938736269807
15989,0.0033398938736269807
15990,0.0033398938736269807
15991,0.0033398938736269807
15992,0.0033398938736269807
15993,0.0033398938736269807
15994,0.0033398938736269807
15995,0.0033398938736269807
15996,0.0033398938736269807
15997,0.0033398938736269807
15998,0.0033398938736269807
15999,0.0033398938736269807
16000,0.0033398938736269807
16001,0.0033398938736269807
16002,0.0033398938736269807
16003,0.0033398938736269807
16004,0.0033398938736269807
16005,0.0033398938736269807
16006,0.0033398938736269807
16007,0.0033398938736269807
16008,0.0033398938736269807
16009,0.0033398938736269807
16010,0.0033398938736269807
16011,0.0033398938736269807
16012,0.0033398938736269807
16013,0.0033398938736269807
16014,0.0033398938736269807
16015,0.0033398938736269807
16016,0.0033398938736269807
16017,0.0033398938736269807
16018,0.0033398938736269807
16019,0.0033398938736269807
16020,0.0033398938736269807
16021,0.0033398938736269807
16022,0.0033398938736269807
16023,0.0033398938736269807
16024,0.0033398938736269807
16025,0.0033398938736269807
16026,0.0033398938736269807
16027,0.0033398938736269807
16028,0.0033398938736269807
16029,0.0033398938736269807
16030,0.0033398938736269807
16031,0.0033398938736269807
16032,0.0033398938736269807
16033,0.0033398938736269807
16034,0.0033398938736269807
16035,0.0033398938736269807
16036,0.0033398938736269807
16037,0.0033398938736269807
16038,0.0033398938736269807
16039,0.0033398938736269807
16040,0.0033398938736269807
16041,0.0033398938736269807
16042,0.0033398938736269807
16043,0.0033398938736269807
16044,0.0033398938736269807
16045,0.0033398938736269807
16046,0.0033398938736269807
16047,0.0033398938736269807
16048,0.0033398938736269807
16049,0.0033398938736269807
16050,0.0033398938736269807
16051,0.0033398938736269807
16052,0.0033398938736269807
16053,0.0033398938736269807
16054,0.0033398938736269807
16055,0.0033398938736269807
16056,0.0033398938736269807
16057,0.0033398938736269807
16058,0.0033398938736269807
16059,0.0033398938736269807
16060,0.0033398938736269807
16061,0.0033398938736269807
16062,0.0033398938736269807
16063,0.0033398938736269807
16064,0.0033398938736269807
16065,0.0033398938736269807
16066,0.0033398938736269807
16067,0.0033398938736269807
16068,0.0033398938736269807
16069,0.0033398938736269807
16070,0.0033398938736269807
16071,0.0033398938736269807
16072,0.0033398938736269807
16073,0.0033398938736269807
16074,0.0033398938736269807
16075,0.0033398938736269807
16076,0.0033398938736269807
16077,0.0033398938736269807
16078,0.0033398938736269807
16079,0.0033398938736269807
16080,0.0033398938736269807
16081,0.0033398938736269807
16082,0.0033398938736269807
16083,0.0033398938736269807
16084,0.0033398938736269807
16085,0.0033398938736269807
16086,0.0033398938736269807
16087,0.0033398938736269807
16088,0.0033398938736269807
16089,0.0033398938736269807
16090,0.0033398938736269807
16091,0.0033398938736269807
16092,0.0033398938736269807
16093,0.0033398938736269807
16094,0.0033398938736269807
16095,0.0033398938736269807
16096,0.0033398938736269807
16097,0.0033398938736269807
16098,0.0033398938736269807
16099,0.0033398938736269807
16100,0.0033398938736269807
16101,0.0033398938736269807
16102,0.0033398938736269807
16103,0.0033398938736269807
16104,0.0033398938736269807
16105,0.0033398938736269807
16106,0.0033398938736269807
16107,0.0033398938736269807
16108,0.0033398938736269807
16109,0.0033398938736269807
16110,0.0033398938736269807
16111,0.0033398938736269807
16112,0.0033398938736269807
16113,0.0033398938736269807
16114,0.0033398938736269807
16115,0.0033398938736269807
16116,0.0033398938736269807
16117,0.0033398938736269807
16118,0.0033398938736269807
16119,0.0033398938736269807
16120,0.0033398938736269807
16121,0.0033398938736269807
16122,0.0033398938736269807
16123,0.0033398938736269807
16124,0.0033398938736269807
16125,0.0033398938736269807
16126,0.0033398938736269807
16127,0.0033398938736269807
16128,0.0033398938736269807
16129,0.0033398938736269807
16130,0.0033398938736269807
16131,0.0033398938736269807
16132,0.0033398938736269807
16133,0.0033398938736269807
16134,0.0033398938736269807
16135,0.0033398938736269807
16136,0.0033398938736269807
16137,0.0033398938736269807
16138,0.0033398938736269807
16139,0.0033398938736269807
16140,0.0033398938736269807
16141,0.0033398938736269807
16142,0.0033398938736269807
16143,0.0033398938736269807
16144,0.0033398938736269807
16145,0.0033398938736269807
16146,0.0033398938736269807
16147,0.0033398938736269807
16148,0.0033398938736269807
16149,0.0033398938736269807
16150,0.0033398938736269807
16151,0.0033398938736269807
16152,0.0033398938736269807
16153,0.0033398938736269807
16154,0.0033398938736269807
16155,0.0033398938736269807
16156,0.0033398938736269807
16157,0.0033398938736269807
16158,0.0033398938736269807
16159,0.0033398938736269807
16160,0.0033398938736269807
16161,0.0033398938736269807
16162,0.0033398938736269807
16163,0.0033398938736269807
16164,0.0033398938736269807
16165,0.0033398938736269807
16166,0.0033398938736269807
16167,0.0033398938736269807
16168,0.0033398938736269807
16169,0.0033398938736269807
16170,0.0033398938736269807
16171,0.0033398938736269807
16172,0.0033398938736269807
16173,0.0033398938736269807
16174,0.0033398938736269807
16175,0.0033398938736269807
16176,0.0033398938736269807
16177,0.0033398938736269807
16178,0.0033398938736269807
16179,0.0033398938736269807
16180,0.0033398938736269807
16181,0.0033398938736269807
16182,0.0033398938736269807
16183,0.0033398938736269807
16184,0.0033398938736269807
16185,0.0033398938736269807
16186,0.0033398938736269807
16187,0.0033398938736269807
16188,0.0033398938736269807
16189,0.0033398938736269807
16190,0.0033398938736269807
16191,0.0033398938736269807
16192,0.0033398938736269807
16193,0.0033398938736269807
16194,0.0033398938736269807
16195,0.0033398938736269807
16196,0.0033398938736269807
16197,0.0033398938736269807
16198,0.0033398938736269807
16199,0.0033398938736269807
16200,0.0033398938736269807
16201,0.0033398938736269807
16202,0.0033398938736269807
16203,0.0033398938736269807
16204,0.0033398938736269807
16205,0.0033398938736269807
16206,0.0033398938736269807
16207,0.0033398938736269807
16208,0.0033398938736269807
16209,0.0033398938736269807
16210,0.0033398938736269807
16211,0.0033398938736269807
16212,0.0033398938736269807
16213,0.0033398938736269807
16214,0.0033398938736269807
16215,0.0033398938736269807
16216,0.0033398938736269807
16217,0.0033398938736269807
16218,0.0033398938736269807
16219,0.0033398938736269807
16220,0.0033398938736269807
16221,0.0033398938736269807
16222,0.0033398938736269807
16223,0.0033398938736269807
16224,0.0033398938736269807
16225,0.0033398938736269807
16226,0.0033398938736269807
16227,0.0033398938736269807
16228,0.0033398938736269807
16229,0.0033398938736269807
16230,0.0033398938736269807
16231,0.0033398938736269807
16232,0.0033398938736269807
16233,0.0033398938736269807
16234,0.0033398938736269807
16235,0.0033398938736269807
16236,0.0033398938736269807
16237,0.0033398938736269807
16238,0.0033398938736269807
16239,0.0033398938736269807
16240,0.0033398938736269807
16241,0.0033398938736269807
16242,0.0033398938736269807
16243,0.0033398938736269807
16244,0.0033398938736269807
16245,0.0033398938736269807
16246,0.0033398938736269807
16247,0.0033398938736269807
16248,0.0033398938736269807
16249,0.0033398938736269807
16250,0.0033398938736269807
16251,0.0033398938736269807
16252,0.0033398938736269807
16253,0.0033398938736269807
16254,0.0033398938736269807
16255,0.0033398938736269807
16256,0.0033398938736269807
16257,0.0033398938736269807
16258,0.0033398938736269807
16259,0.0033398938736269807
16260,0.0033398938736269807
16261,0.0033398938736269807
16262,0.0033398938736269807
16263,0.0033398938736269807
16264,0.0033398938736269807
16265,0.0033398938736269807
16266,0.0033398938736269807
16267,0.0033398938736269807
16268,0.0033398938736269807
16269,0.0033398938736269807
16270,0.0033398938736269807
16271,0.0033398938736269807
16272,0.0033398938736269807
16273,0.0033398938736269807
16274,0.0033398938736269807
16275,0.0033398938736269807
16276,0.0033398938736269807
16277,0.0033398938736269807
16278,0.0033398938736269807
16279,0.0033398938736269807
16280,0.0033398938736269807
16281,0.0033398938736269807
16282,0.0033398938736269807
16283,0.0033398938736269807
16284,0.0033398938736269807
16285,0.0033398938736269807
16286,0.0033398938736269807
16287,0.0033398938736269807
16288,0.0033398938736269807
16289,0.0033398938736269807
16290,0.0033398938736269807
16291,0.0033398938736269807
16292,0.0033398938736269807
16293,0.0033398938736269807
16294,0.0033398938736269807
16295,0.0033398938736269807
16296,0.0033398938736269807
16297,0.0033398938736269807
16298,0.0033398938736269807
16299,0.0033398938736269807
16300,0.0033398938736269807
16301,0.0033398938736269807
16302,0.0033398938736269807
16303,0.0033398938736269807
16304,0.0033398938736269807
16305,0.0033398938736269807
16306,0.0033398938736269807
16307,0.0033398938736269807
16308,0.0033398938736269807
16309,0.0033398938736269807
16310,0.0033398938736269807
16311,0.0033398938736269807
16312,0.0033398938736269807
16313,0.0033398938736269807
16314,0.0033398938736269807
16315,0.0033398938736269807
16316,0.0033398938736269807
16317,0.0033398938736269807
16318,0.0033398938736269807
16319,0.0033398938736269807
16320,0.0033398938736269807
16321,0.0033398938736269807
16322,0.0033398938736269807
16323,0.0033398938736269807
16324,0.0033398938736269807
16325,0.0033398938736269807
16326,0.0033398938736269807
16327,0.0033398938736269807
16328,0.0033398938736269807
16329,0.0033398938736269807
16330,0.0033398938736269807
16331,0.0033398938736269807
16332,0.0033398938736269807
16333,0.0033398938736269807
16334,0.0033398938736269807
16335,0.0033398938736269807
16336,0.0033398938736269807
16337,0.0033398938736269807
16338,0.0033398938736269807
16339,0.0033398938736269807
16340,0.0033398938736269807
16341,0.0033398938736269807
16342,0.0033398938736269807
16343,0.0033398938736269807
16344,0.0033398938736269807
16345,0.0033398938736269807
16346,0.0033398938736269807
16347,0.0033398938736269807
16348,0.0033398938736269807
16349,0.0033398938736269807
16350,0.0033398938736269807
16351,0.0033398938736269807
16352,0.0033398938736269807
16353,0.0033398938736269807
16354,0.0033398938736269807
16355,0.0033398938736269807
16356,0.0033398938736269807
16357,0.0033398938736269807
16358,0.0033398938736269807
16359,0.0033398938736269807
16360,0.0033398938736269807
16361,0.0033398938736269807
16362,0.0033398938736269807
16363,0.0033398938736269807
16364,0.0033398938736269807
16365,0.0033398938736269807
16366,0.0033398938736269807
16367,0.0033398938736269807
16368,0.0033398938736269807
16369,0.0033398938736269807
16370,0.0033398938736269807
16371,0.0033398938736269807
16372,0.0033398938736269807
16373,0.0033398938736269807
16374,0.0033398938736269807
16375,0.0033398938736269807
16376,0.0033398938736269807
16377,0.0033398938736269807
16378,0.0033398938736269807
16379,0.0033398938736269807
16380,0.0033398938736269807
16381,0.0033398938736269807
16382,0.0033398938736269807
16383,0.0033398938736269807
16384,0.0033398938736269807
16385,0.0033398938736269807
16386,0.0033398938736269807
16387,0.0033398938736269807
16388,0.0033398938736269807
16389,0.0033398938736269807
16390,0.0033398938736269807
16391,0.0033398938736269807
16392,0.0033398938736269807
16393,0.0033398938736269807
16394,0.0033398938736269807
16395,0.0033398938736269807
16396,0.0033398938736269807
16397,0.0033398938736269807
16398,0.0033398938736269807
16399,0.0033398938736269807
16400,0.0033398938736269807
16401,0.0033398938736269807
16402,0.0033398938736269807
16403,0.0033398938736269807
16404,0.0033398938736269807
16405,0.0033398938736269807
16406,0.0033398938736269807
16407,0.0033398938736269807
16408,0.0033398938736269807
16409,0.0033398938736269807
16410,0.0033398938736269807
16411,0.0033398938736269807
16412,0.0033398938736269807
16413,0.0033398938736269807
16414,0.0033398938736269807
16415,0.0033398938736269807
16416,0.0033398938736269807
16417,0.0033398938736269807
16418,0.0033398938736269807
16419,0.0033398938736269807
16420,0.0033398938736269807
16421,0.0033398938736269807
16422,0.0033398938736269807
16423,0.0033398938736269807
16424,0.0033398938736269807
16425,0.0033398938736269807
16426,0.0033398938736269807
16427,0.0033398938736269807
16428,0.0033398938736269807
16429,0.0033398938736269807
16430,0.0033398938736269807
16431,0.0033398938736269807
16432,0.0033398938736269807
16433,0.0033398938736269807
16434,0.0033398938736269807
16435,0.0033398938736269807
16436,0.0033398938736269807
16437,0.0033398938736269807
16438,0.0033398938736269807
16439,0.0033398938736269807
16440,0.0033398938736269807
16441,0.0033398938736269807
16442,0.0033398938736269807
16443,0.0033398938736269807
16444,0.0033398938736269807
16445,0.0033398938736269807
16446,0.0033398938736269807
16447,0.0033398938736269807
16448,0.0033398938736269807
16449,0.0033398938736269807
16450,0.0033398938736269807
16451,0.0033398938736269807
16452,0.0033398938736269807
16453,0.0033398938736269807
16454,0.0033398938736269807
16455,0.0033398938736269807
16456,0.0033398938736269807
16457,0.0033398938736269807
16458,0.0033398938736269807
16459,0.0033398938736269807
16460,0.0033398938736269807
16461,0.0033398938736269807
16462,0.0033398938736269807
16463,0.0033398938736269807
16464,0.0033398938736269807
16465,0.0033398938736269807
16466,0.0033398938736269807
16467,0.0033398938736269807
16468,0.0033398938736269807
16469,0.0033398938736269807
16470,0.0033398938736269807
16471,0.0033398938736269807
16472,0.0033398938736269807
16473,0.0033398938736269807
16474,0.0033398938736269807
16475,0.0033398938736269807
16476,0.0033398938736269807
16477,0.0033398938736269807
16478,0.0033398938736269807
16479,0.0033398938736269807
16480,0.0033398938736269807
16481,0.0033398938736269807
16482,0.0033398938736269807
16483,0.0033398938736269807
16484,0.0033398938736269807
16485,0.0033398938736269807
16486,0.0033398938736269807
16487,0.0033398938736269807
16488,0.0033398938736269807
16489,0.0033398938736269807
16490,0.0033398938736269807
16491,0.0033398938736269807
16492,0.0033398938736269807
16493,0.0033398938736269807
16494,0.0033398938736269807
16495,0.0033398938736269807
16496,0.0033398938736269807
16497,0.0033398938736269807
16498,0.0033398938736269807
16499,0.0033398938736269807
16500,0.0033398938736269807
16501,0.0033398938736269807
16502,0.0033398938736269807
16503,0.0033398938736269807
16504,0.0033398938736269807
16505,0.0033398938736269807
16506,0.0033398938736269807
16507,0.0033398938736269807
16508,0.0033398938736269807
16509,0.0033398938736269807
16510,0.0033398938736269807
16511,0.0033398938736269807
16512,0.0033398938736269807
16513,0.0033398938736269807
16514,0.0033398938736269807
16515,0.0033398938736269807
16516,0.0033398938736269807
16517,0.0033398938736269807
16518,0.0033398938736269807
16519,0.0033398938736269807
16520,0.0033398938736269807
16521,0.0033398938736269807
16522,0.0033398938736269807
16523,0.0033398938736269807
16524,0.0033398938736269807
16525,0.0033398938736269807
16526,0.0033398938736269807
16527,0.0033398938736269807
16528,0.0033398938736269807
16529,0.0033398938736269807
16530,0.0033398938736269807
16531,0.0033398938736269807
16532,0.0033398938736269807
16533,0.0033398938736269807
16534,0.0033398938736269807
16535,0.0033398938736269807
16536,0.0033398938736269807
16537,0.0033398938736269807
16538,0.0033398938736269807
16539,0.0033398938736269807
16540,0.0033398938736269807
16541,0.0033398938736269807
16542,0.0033398938736269807
16543,0.0033398938736269807
16544,0.0033398938736269807
16545,0.0033398938736269807
16546,0.0033398938736269807
16547,0.0033398938736269807
16548,0.0033398938736269807
16549,0.0033398938736269807
16550,0.0033398938736269807
16551,0.0033398938736269807
16552,0.0033398938736269807
16553,0.0033398938736269807
16554,0.0033398938736269807
16555,0.0033398938736269807
16556,0.0033398938736269807
16557,0.0033398938736269807
16558,0.0033398938736269807
16559,0.0033398938736269807
16560,0.0033398938736269807
16561,0.0033398938736269807
16562,0.0033398938736269807
16563,0.0033398938736269807
16564,0.0033398938736269807
16565,0.0033398938736269807
16566,0.0033398938736269807
16567,0.0033398938736269807
16568,0.0033398938736269807
16569,0.0033398938736269807
16570,0.0033398938736269807
16571,0.0033398938736269807
16572,0.0033398938736269807
16573,0.0033398938736269807
16574,0.0033398938736269807
16575,0.0033398938736269807
16576,0.0033398938736269807
16577,0.0033398938736269807
16578,0.0033398938736269807
16579,0.0033398938736269807
16580,0.0033398938736269807
16581,0.0033398938736269807
16582,0.0033398938736269807
16583,0.0033398938736269807
16584,0.0033398938736269807
16585,0.0033398938736269807
16586,0.0033398938736269807
16587,0.0033398938736269807
16588,0.0033398938736269807
16589,0.0033398938736269807
16590,0.0033398938736269807
16591,0.0033398938736269807
16592,0.0033398938736269807
16593,0.0033398938736269807
16594,0.0033398938736269807
16595,0.0033398938736269807
16596,0.0033398938736269807
16597,0.0033398938736269807
16598,0.0033398938736269807
16599,0.0033398938736269807
16600,0.0033398938736269807
16601,0.0033398938736269807
16602,0.0033398938736269807
16603,0.0033398938736269807
16604,0.0033398938736269807
16605,0.0033398938736269807
16606,0.0033398938736269807
16607,0.0033398938736269807
16608,0.0033398938736269807
16609,0.0033398938736269807
16610,0.0033398938736269807
16611,0.0033398938736269807
16612,0.0033398938736269807
16613,0.0033398938736269807
16614,0.0033398938736269807
16615,0.0033398938736269807
16616,0.0033398938736269807
16617,0.0033398938736269807
16618,0.0033398938736269807
16619,0.0033398938736269807
16620,0.0033398938736269807
16621,0.0033398938736269807
16622,0.0033398938736269807
16623,0.0033398938736269807
16624,0.0033398938736269807
16625,0.0033398938736269807
16626,0.0033398938736269807
16627,0.0033398938736269807
16628,0.0033398938736269807
16629,0.0033398938736269807
16630,0.0033398938736269807
16631,0.0033398938736269807
16632,0.0033398938736269807
16633,0.0033398938736269807
16634,0.0033398938736269807
16635,0.0033398938736269807
16636,0.0033398938736269807
16637,0.0033398938736269807
16638,0.0033398938736269807
16639,0.0033398938736269807
16640,0.0033398938736269807
16641,0.0033398938736269807
16642,0.0033398938736269807
16643,0.0033398938736269807
16644,0.0033398938736269807
16645,0.0033398938736269807
16646,0.0033398938736269807
16647,0.0033398938736269807
16648,0.0033398938736269807
16649,0.0033398938736269807
16650,0.0033398938736269807
16651,0.0033398938736269807
16652,0.0033398938736269807
16653,0.0033398938736269807
16654,0.0033398938736269807
16655,0.0033398938736269807
16656,0.0033398938736269807
16657,0.0033398938736269807
16658,0.0033398938736269807
16659,0.0033398938736269807
16660,0.0033398938736269807
16661,0.0033398938736269807
16662,0.0033398938736269807
16663,0.0033398938736269807
16664,0.0033398938736269807
16665,0.0033398938736269807
16666,0.0033398938736269807
16667,0.0033398938736269807
16668,0.0033398938736269807
16669,0.0033398938736269807
16670,0.0033398938736269807
16671,0.0033398938736269807
16672,0.0033398938736269807
16673,0.0033398938736269807
16674,0.0033398938736269807
16675,0.0033398938736269807
16676,0.0033398938736269807
16677,0.0033398938736269807
16678,0.0033398938736269807
16679,0.0033398938736269807
16680,0.0033398938736269807
16681,0.0033398938736269807
16682,0.0033398938736269807
16683,0.0033398938736269807
16684,0.0033398938736269807
16685,0.0033398938736269807
16686,0.0033398938736269807
16687,0.0033398938736269807
16688,0.0033398938736269807
16689,0.0033398938736269807
16690,0.0033398938736269807
16691,0.0033398938736269807
16692,0.0033398938736269807
16693,0.0033398938736269807
16694,0.0033398938736269807
16695,0.0033398938736269807
16696,0.0033398938736269807
16697,0.0033398938736269807
16698,0.0033398938736269807
16699,0.0033398938736269807
16700,0.0033398938736269807
16701,0.0033398938736269807
16702,0.0033398938736269807
16703,0.0033398938736269807
16704,0.0033398938736269807
16705,0.0033398938736269807
16706,0.0033398938736269807
16707,0.0033398938736269807
16708,0.0033398938736269807
16709,0.0033398938736269807
16710,0.0033398938736269807
16711,0.0033398938736269807
16712,0.0033398938736269807
16713,0.0033398938736269807
16714,0.0033398938736269807
16715,0.0033398938736269807
16716,0.0033398938736269807
16717,0.0033398938736269807
16718,0.0033398938736269807
16719,0.0033398938736269807
16720,0.0033398938736269807
16721,0.0033398938736269807
16722,0.0033398938736269807
16723,0.0033398938736269807
16724,0.0033398938736269807
16725,0.0033398938736269807
16726,0.0033398938736269807
16727,0.0033398938736269807
16728,0.0033398938736269807
16729,0.0033398938736269807
16730,0.0033398938736269807
16731,0.0033398938736269807
16732,0.0033398938736269807
16733,0.0033398938736269807
16734,0.0033398938736269807
16735,0.0033398938736269807
16736,0.0033398938736269807
16737,0.0033398938736269807
16738,0.0033398938736269807
16739,0.0033398938736269807
16740,0.0033398938736269807
16741,0.0033398938736269807
16742,0.0033398938736269807
16743,0.0033398938736269807
16744,0.0033398938736269807
16745,0.0033398938736269807
16746,0.0033398938736269807
16747,0.0033398938736269807
16748,0.0033398938736269807
16749,0.0033398938736269807
16750,0.0033398938736269807
16751,0.0033398938736269807
16752,0.0033398938736269807
16753,0.0033398938736269807
16754,0.0033398938736269807
16755,0.0033398938736269807
16756,0.0033398938736269807
16757,0.0033398938736269807
16758,0.0033398938736269807
16759,0.0033398938736269807
16760,0.0033398938736269807
16761,0.0033398938736269807
16762,0.0033398938736269807
16763,0.0033398938736269807
16764,0.0033398938736269807
16765,0.0033398938736269807
16766,0.0033398938736269807
16767,0.0033398938736269807
16768,0.0033398938736269807
16769,0.0033398938736269807
16770,0.0033398938736269807
16771,0.0033398938736269807
16772,0.0033398938736269807
16773,0.0033398938736269807
16774,0.0033398938736269807
16775,0.0033398938736269807
16776,0.0033398938736269807
16777,0.0033398938736269807
16778,0.0033398938736269807
16779,0.0033398938736269807
16780,0.0033398938736269807
16781,0.0033398938736269807
16782,0.0033398938736269807
16783,0.0033398938736269807
16784,0.0033398938736269807
16785,0.0033398938736269807
16786,0.0033398938736269807
16787,0.0033398938736269807
16788,0.0033398938736269807
16789,0.0033398938736269807
16790,0.0033398938736269807
16791,0.0033398938736269807
16792,0.0033398938736269807
16793,0.0033398938736269807
16794,0.0033398938736269807
16795,0.0033398938736269807
16796,0.0033398938736269807
16797,0.0033398938736269807
16798,0.0033398938736269807
16799,0.0033398938736269807
16800,0.0033398938736269807
16801,0.0033398938736269807
16802,0.0033398938736269807
16803,0.0033398938736269807
16804,0.0033398938736269807
16805,0.0033398938736269807
16806,0.0033398938736269807
16807,0.0033398938736269807
16808,0.0033398938736269807
16809,0.0033398938736269807
16810,0.0033398938736269807
16811,0.0033398938736269807
16812,0.0033398938736269807
16813,0.0033398938736269807
16814,0.0033398938736269807
16815,0.0033398938736269807
16816,0.0033398938736269807
16817,0.0033398938736269807
16818,0.0033398938736269807
16819,0.0033398938736269807
16820,0.0033398938736269807
16821,0.0033398938736269807
16822,0.0033398938736269807
16823,0.0033398938736269807
16824,0.0033398938736269807
16825,0.0033398938736269807
16826,0.0033398938736269807
16827,0.0033398938736269807
16828,0.0033398938736269807
16829,0.0033398938736269807
16830,0.0033398938736269807
16831,0.0033398938736269807
16832,0.0033398938736269807
16833,0.0033398938736269807
16834,0.0033398938736269807
16835,0.0033398938736269807
16836,0.0033398938736269807
16837,0.0033398938736269807
16838,0.0033398938736269807
16839,0.0033398938736269807
16840,0.0033398938736269807
16841,0.0033398938736269807
16842,0.0033398938736269807
16843,0.0033398938736269807
16844,0.0033398938736269807
16845,0.0033398938736269807
16846,0.0033398938736269807
16847,0.0033398938736269807
16848,0.0033398938736269807
16849,0.0033398938736269807
16850,0.0033398938736269807
16851,0.0033398938736269807
16852,0.0033398938736269807
16853,0.0033398938736269807
16854,0.0033398938736269807
16855,0.0033398938736269807
16856,0.0033398938736269807
16857,0.0033398938736269807
16858,0.0033398938736269807
16859,0.0033398938736269807
16860,0.0033398938736269807
16861,0.0033398938736269807
16862,0.0033398938736269807
16863,0.0033398938736269807
16864,0.0033398938736269807
16865,0.0033398938736269807
16866,0.0033398938736269807
16867,0.0033398938736269807
16868,0.0033398938736269807
16869,0.0033398938736269807
16870,0.0033398938736269807
16871,0.0033398938736269807
16872,0.0033398938736269807
16873,0.0033398938736269807
16874,0.0033398938736269807
16875,0.0033398938736269807
16876,0.0033398938736269807
16877,0.0033398938736269807
16878,0.0033398938736269807
16879,0.0033398938736269807
16880,0.0033398938736269807
16881,0.0033398938736269807
16882,0.0033398938736269807
16883,0.0033398938736269807
16884,0.0033398938736269807
16885,0.0033398938736269807
16886,0.0033398938736269807
16887,0.0033398938736269807
16888,0.0033398938736269807
16889,0.0033398938736269807
16890,0.0033398938736269807
16891,0.0033398938736269807
16892,0.0033398938736269807
16893,0.0033398938736269807
16894,0.0033398938736269807
16895,0.0033398938736269807
16896,0.0033398938736269807
16897,0.0033398938736269807
16898,0.0033398938736269807
16899,0.0033398938736269807
16900,0.0033398938736269807
16901,0.0033398938736269807
16902,0.0033398938736269807
16903,0.0033398938736269807
16904,0.0033398938736269807
16905,0.0033398938736269807
16906,0.0033398938736269807
16907,0.0033398938736269807
16908,0.0033398938736269807
16909,0.0033398938736269807
16910,0.0033398938736269807
16911,0.0033398938736269807
16912,0.0033398938736269807
16913,0.0033398938736269807
16914,0.0033398938736269807
16915,0.0033398938736269807
16916,0.0033398938736269807
16917,0.0033398938736269807
16918,0.0033398938736269807
16919,0.0033398938736269807
16920,0.0033398938736269807
16921,0.0033398938736269807
16922,0.0033398938736269807
16923,0.0033398938736269807
16924,0.0033398938736269807
16925,0.0033398938736269807
16926,0.0033398938736269807
16927,0.0033398938736269807
16928,0.0033398938736269807
16929,0.0033398938736269807
16930,0.0033398938736269807
16931,0.0033398938736269807
16932,0.0033398938736269807
16933,0.0033398938736269807
16934,0.0033398938736269807
16935,0.0033398938736269807
16936,0.0033398938736269807
16937,0.0033398938736269807
16938,0.0033398938736269807
16939,0.0033398938736269807
16940,0.0033398938736269807
16941,0.0033398938736269807
16942,0.0033398938736269807
16943,0.0033398938736269807
16944,0.0033398938736269807
16945,0.0033398938736269807
16946,0.0033398938736269807
16947,0.0033398938736269807
16948,0.0033398938736269807
16949,0.0033398938736269807
16950,0.0033398938736269807
16951,0.0033398938736269807
16952,0.0033398938736269807
16953,0.0033398938736269807
16954,0.0033398938736269807
16955,0.0033398938736269807
16956,0.0033398938736269807
16957,0.0033398938736269807
16958,0.0033398938736269807
16959,0.0033398938736269807
16960,0.0033398938736269807
16961,0.0033398938736269807
16962,0.0033398938736269807
16963,0.0033398938736269807
16964,0.0033398938736269807
16965,0.0033398938736269807
16966,0.0033398938736269807
16967,0.0033398938736269807
16968,0.0033398938736269807
16969,0.0033398938736269807
16970,0.0033398938736269807
16971,0.0033398938736269807
16972,0.0033398938736269807
16973,0.0033398938736269807
16974,0.0033398938736269807
16975,0.0033398938736269807
16976,0.0033398938736269807
16977,0.0033398938736269807
16978,0.0033398938736269807
16979,0.0033398938736269807
16980,0.0033398938736269807
16981,0.0033398938736269807
16982,0.0033398938736269807
16983,0.0033398938736269807
16984,0.0033398938736269807
16985,0.0033398938736269807
16986,0.0033398938736269807
16987,0.0033398938736269807
16988,0.0033398938736269807
16989,0.0033398938736269807
16990,0.0033398938736269807
16991,0.0033398938736269807
16992,0.0033398938736269807
16993,0.0033398938736269807
16994,0.0033398938736269807
16995,0.0033398938736269807
16996,0.0033398938736269807
16997,0.0033398938736269807
16998,0.0033398938736269807
16999,0.0033398938736269807
17000,0.0033398938736269807
17001,0.0033398938736269807
17002,0.0033398938736269807
17003,0.0033398938736269807
17004,0.0033398938736269807
17005,0.0033398938736269807
17006,0.0033398938736269807
17007,0.0033398938736269807
17008,0.0033398938736269807
17009,0.0033398938736269807
17010,0.0033398938736269807
17011,0.0033398938736269807
17012,0.0033398938736269807
17013,0.0033398938736269807
17014,0.0033398938736269807
17015,0.0033398938736269807
17016,0.0033398938736269807
17017,0.0033398938736269807
17018,0.0033398938736269807
17019,0.0033398938736269807
17020,0.0033398938736269807
17021,0.0033398938736269807
17022,0.0033398938736269807
17023,0.0033398938736269807
17024,0.0033398938736269807
17025,0.0033398938736269807
17026,0.0033398938736269807
17027,0.0033398938736269807
17028,0.0033398938736269807
17029,0.0033398938736269807
17030,0.0033398938736269807
17031,0.0033398938736269807
17032,0.0033398938736269807
17033,0.0033398938736269807
17034,0.0033398938736269807
17035,0.0033398938736269807
17036,0.0033398938736269807
17037,0.0033398938736269807
17038,0.0033398938736269807
17039,0.0033398938736269807
17040,0.0033398938736269807
17041,0.0033398938736269807
17042,0.0033398938736269807
17043,0.0033398938736269807
17044,0.0033398938736269807
17045,0.0033398938736269807
17046,0.0033398938736269807
17047,0.0033398938736269807
17048,0.0033398938736269807
17049,0.0033398938736269807
17050,0.0033398938736269807
17051,0.0033398938736269807
17052,0.0033398938736269807
17053,0.0033398938736269807
